# Armadura R6 - motor de modelagem proprio (Python)
mtllib armor.mtl
o under_torso
v 1.080000 1.020000 0.000000
v 1.080000 1.020000 0.356033
v 1.074605 1.020000 0.481197
v 1.045577 1.020000 0.539149
v 0.987430 1.020000 0.585097
v 0.902478 1.020000 0.600000
v 0.462844 1.020000 0.600000
v 0.000000 1.020000 0.600000
v -0.462844 1.020000 0.600000
v -0.902478 1.020000 0.600000
v -0.987430 1.020000 0.585097
v -1.045577 1.020000 0.539149
v -1.074605 1.020000 0.481197
v -1.080000 1.020000 0.356033
v -1.080000 1.020000 0.000000
v -1.080000 1.020000 -0.356033
v -1.074605 1.020000 -0.481197
v -1.045577 1.020000 -0.539149
v -0.987430 1.020000 -0.585097
v -0.902478 1.020000 -0.600000
v -0.462844 1.020000 -0.600000
v -0.000000 1.020000 -0.600000
v 0.462844 1.020000 -0.600000
v 0.902478 1.020000 -0.600000
v 0.987430 1.020000 -0.585097
v 1.045577 1.020000 -0.539149
v 1.074605 1.020000 -0.481197
v 1.080000 1.020000 -0.356033
v 1.080000 3.020000 0.000000
v 1.080000 3.020000 0.356033
v 1.074605 3.020000 0.481197
v 1.045577 3.020000 0.539149
v 0.987430 3.020000 0.585097
v 0.902478 3.020000 0.600000
v 0.462844 3.020000 0.600000
v 0.000000 3.020000 0.600000
v -0.462844 3.020000 0.600000
v -0.902478 3.020000 0.600000
v -0.987430 3.020000 0.585097
v -1.045577 3.020000 0.539149
v -1.074605 3.020000 0.481197
v -1.080000 3.020000 0.356033
v -1.080000 3.020000 0.000000
v -1.080000 3.020000 -0.356033
v -1.074605 3.020000 -0.481197
v -1.045577 3.020000 -0.539149
v -0.987430 3.020000 -0.585097
v -0.902478 3.020000 -0.600000
v -0.462844 3.020000 -0.600000
v -0.000000 3.020000 -0.600000
v 0.462844 3.020000 -0.600000
v 0.902478 3.020000 -0.600000
v 0.987430 3.020000 -0.585097
v 1.045577 3.020000 -0.539149
v 1.074605 3.020000 -0.481197
v 1.080000 3.020000 -0.356033
v 0.000000 1.020000 0.000000
v 0.000000 3.020000 0.000000
vn 0.832050 -0.554700 0.000000
vn 0.831912 -0.554779 0.011945
vn 0.813179 -0.562316 0.150135
vn 0.677818 -0.562924 0.472948
vn 0.399284 -0.565240 0.721856
vn 0.096068 -0.555988 0.825620
vn 0.000000 -0.554700 0.832050
vn 0.000000 -0.554700 0.832050
vn 0.000000 -0.554700 0.832050
vn -0.048034 -0.555988 0.829801
vn -0.272892 -0.565240 0.778482
vn -0.600670 -0.562924 0.567726
vn -0.783665 -0.562316 0.263948
vn -0.831654 -0.554779 0.023890
vn -0.832050 -0.554700 0.000000
vn -0.831912 -0.554779 -0.011945
vn -0.813179 -0.562316 -0.150135
vn -0.677818 -0.562924 -0.472948
vn -0.399284 -0.565240 -0.721856
vn -0.096068 -0.555988 -0.825620
vn 0.000000 -0.554700 -0.832050
vn 0.000000 -0.554700 -0.832050
vn 0.000000 -0.554700 -0.832050
vn 0.048034 -0.555988 -0.829801
vn 0.272892 -0.565240 -0.778482
vn 0.600670 -0.562924 -0.567726
vn 0.783665 -0.562316 -0.263948
vn 0.831654 -0.554779 -0.023890
vn 0.832050 0.554700 0.000000
vn 0.831654 0.554779 0.023890
vn 0.783665 0.562316 0.263948
vn 0.600670 0.562924 0.567726
vn 0.272892 0.565240 0.778482
vn 0.048034 0.555988 0.829801
vn 0.000000 0.554700 0.832050
vn 0.000000 0.554700 0.832050
vn 0.000000 0.554700 0.832050
vn -0.096068 0.555988 0.825620
vn -0.399284 0.565240 0.721856
vn -0.677818 0.562924 0.472948
vn -0.813179 0.562316 0.150135
vn -0.831912 0.554779 0.011945
vn -0.832050 0.554700 0.000000
vn -0.831654 0.554779 -0.023890
vn -0.783665 0.562316 -0.263948
vn -0.600670 0.562924 -0.567726
vn -0.272892 0.565240 -0.778482
vn -0.048034 0.555988 -0.829801
vn 0.000000 0.554700 -0.832050
vn 0.000000 0.554700 -0.832050
vn 0.000000 0.554700 -0.832050
vn 0.096068 0.555988 -0.825620
vn 0.399284 0.565240 -0.721856
vn 0.677818 0.562924 -0.472948
vn 0.813179 0.562316 -0.150135
vn 0.831912 0.554779 -0.011945
vn 0.000000 -1.000000 0.000000
vn 0.000000 1.000000 0.000000
usemtl mail
f 29 30 2
f 29 2 1
f 30 31 3
f 30 3 2
f 31 32 4
f 31 4 3
f 32 33 5
f 32 5 4
f 33 34 6
f 33 6 5
f 34 35 7
f 34 7 6
f 35 36 8
f 35 8 7
f 36 37 9
f 36 9 8
f 37 38 10
f 37 10 9
f 38 39 11
f 38 11 10
f 39 40 12
f 39 12 11
f 40 41 13
f 40 13 12
f 41 42 14
f 41 14 13
f 42 43 15
f 42 15 14
f 43 44 16
f 43 16 15
f 44 45 17
f 44 17 16
f 45 46 18
f 45 18 17
f 46 47 19
f 46 19 18
f 47 48 20
f 47 20 19
f 48 49 21
f 48 21 20
f 49 50 22
f 49 22 21
f 50 51 23
f 50 23 22
f 51 52 24
f 51 24 23
f 52 53 25
f 52 25 24
f 53 54 26
f 53 26 25
f 54 55 27
f 54 27 26
f 55 56 28
f 55 28 27
f 56 29 1
f 56 1 28
f 1 2 57
f 2 3 57
f 3 4 57
f 4 5 57
f 5 6 57
f 6 7 57
f 7 8 57
f 8 9 57
f 9 10 57
f 10 11 57
f 11 12 57
f 12 13 57
f 13 14 57
f 14 15 57
f 15 16 57
f 16 17 57
f 17 18 57
f 18 19 57
f 19 20 57
f 20 21 57
f 21 22 57
f 22 23 57
f 23 24 57
f 24 25 57
f 25 26 57
f 26 27 57
f 27 28 57
f 28 1 57
f 30 29 58
f 31 30 58
f 32 31 58
f 33 32 58
f 34 33 58
f 35 34 58
f 36 35 58
f 37 36 58
f 38 37 58
f 39 38 58
f 40 39 58
f 41 40 58
f 42 41 58
f 43 42 58
f 44 43 58
f 45 44 58
f 46 45 58
f 47 46 58
f 48 47 58
f 49 48 58
f 50 49 58
f 51 50 58
f 52 51 58
f 53 52 58
f 54 53 58
f 55 54 58
f 56 55 58
f 29 56 58
o under_arm_R
v 2.080000 1.020000 0.000000
v 2.079956 1.020000 0.463250
v 2.064127 1.020000 0.519645
v 2.019645 1.020000 0.564127
v 1.963250 1.020000 0.579956
v 1.500000 1.020000 0.580000
v 1.036750 1.020000 0.579956
v 0.980355 1.020000 0.564127
v 0.935873 1.020000 0.519645
v 0.920044 1.020000 0.463250
v 0.920000 1.020000 0.000000
v 0.920044 1.020000 -0.463250
v 0.935873 1.020000 -0.519645
v 0.980355 1.020000 -0.564127
v 1.036750 1.020000 -0.579956
v 1.500000 1.020000 -0.580000
v 1.963250 1.020000 -0.579956
v 2.019645 1.020000 -0.564127
v 2.064127 1.020000 -0.519645
v 2.079956 1.020000 -0.463250
v 2.080000 3.000000 0.000000
v 2.079956 3.000000 0.463250
v 2.064127 3.000000 0.519645
v 2.019645 3.000000 0.564127
v 1.963250 3.000000 0.579956
v 1.500000 3.000000 0.580000
v 1.036750 3.000000 0.579956
v 0.980355 3.000000 0.564127
v 0.935873 3.000000 0.519645
v 0.920044 3.000000 0.463250
v 0.920000 3.000000 0.000000
v 0.920044 3.000000 -0.463250
v 0.935873 3.000000 -0.519645
v 0.980355 3.000000 -0.564127
v 1.036750 3.000000 -0.579956
v 1.500000 3.000000 -0.580000
v 1.963250 3.000000 -0.579956
v 2.019645 3.000000 -0.564127
v 2.064127 3.000000 -0.519645
v 2.079956 3.000000 -0.463250
v 1.500000 1.020000 0.000000
v 1.500000 3.000000 0.000000
vn 0.832050 -0.554700 -0.000026
vn 0.826472 -0.557901 0.075435
vn 0.745011 -0.565968 0.353043
vn 0.476671 -0.565968 0.672655
vn 0.150790 -0.557901 0.816094
vn 0.000026 -0.554700 0.832050
vn -0.075435 -0.557901 0.826472
vn -0.353043 -0.565968 0.745011
vn -0.672655 -0.565968 0.476671
vn -0.816094 -0.557901 0.150790
vn -0.832050 -0.554700 0.000026
vn -0.826472 -0.557901 -0.075435
vn -0.745011 -0.565968 -0.353043
vn -0.476671 -0.565968 -0.672655
vn -0.150790 -0.557901 -0.816094
vn -0.000026 -0.554700 -0.832050
vn 0.075435 -0.557901 -0.826472
vn 0.353043 -0.565968 -0.745011
vn 0.672655 -0.565968 -0.476671
vn 0.816094 -0.557901 -0.150790
vn 0.832050 0.554700 0.000026
vn 0.816094 0.557901 0.150790
vn 0.672655 0.565968 0.476671
vn 0.353043 0.565968 0.745011
vn 0.075435 0.557901 0.826472
vn -0.000026 0.554700 0.832050
vn -0.150790 0.557901 0.816094
vn -0.476671 0.565968 0.672655
vn -0.745011 0.565968 0.353043
vn -0.826472 0.557901 0.075435
vn -0.832050 0.554700 -0.000026
vn -0.816094 0.557901 -0.150790
vn -0.672655 0.565968 -0.476671
vn -0.353043 0.565968 -0.745011
vn -0.075435 0.557901 -0.826472
vn 0.000026 0.554700 -0.832050
vn 0.150790 0.557901 -0.816094
vn 0.476671 0.565968 -0.672655
vn 0.745011 0.565968 -0.353043
vn 0.826472 0.557901 -0.075435
vn 0.000000 -1.000000 0.000000
vn 0.000000 1.000000 0.000000
usemtl mail
f 79 80 60
f 79 60 59
f 80 81 61
f 80 61 60
f 81 82 62
f 81 62 61
f 82 83 63
f 82 63 62
f 83 84 64
f 83 64 63
f 84 85 65
f 84 65 64
f 85 86 66
f 85 66 65
f 86 87 67
f 86 67 66
f 87 88 68
f 87 68 67
f 88 89 69
f 88 69 68
f 89 90 70
f 89 70 69
f 90 91 71
f 90 71 70
f 91 92 72
f 91 72 71
f 92 93 73
f 92 73 72
f 93 94 74
f 93 74 73
f 94 95 75
f 94 75 74
f 95 96 76
f 95 76 75
f 96 97 77
f 96 77 76
f 97 98 78
f 97 78 77
f 98 79 59
f 98 59 78
f 59 60 99
f 60 61 99
f 61 62 99
f 62 63 99
f 63 64 99
f 64 65 99
f 65 66 99
f 66 67 99
f 67 68 99
f 68 69 99
f 69 70 99
f 70 71 99
f 71 72 99
f 72 73 99
f 73 74 99
f 74 75 99
f 75 76 99
f 76 77 99
f 77 78 99
f 78 59 99
f 80 79 100
f 81 80 100
f 82 81 100
f 83 82 100
f 84 83 100
f 85 84 100
f 86 85 100
f 87 86 100
f 88 87 100
f 89 88 100
f 90 89 100
f 91 90 100
f 92 91 100
f 93 92 100
f 94 93 100
f 95 94 100
f 96 95 100
f 97 96 100
f 98 97 100
f 79 98 100
o under_leg_R
v 1.080000 0.020000 0.000000
v 1.079956 0.020000 0.463250
v 1.064127 0.020000 0.519645
v 1.019645 0.020000 0.564127
v 0.963250 0.020000 0.579956
v 0.500000 0.020000 0.580000
v 0.036750 0.020000 0.579956
v -0.019645 0.020000 0.564127
v -0.064127 0.020000 0.519645
v -0.079956 0.020000 0.463250
v -0.080000 0.020000 0.000000
v -0.079956 0.020000 -0.463250
v -0.064127 0.020000 -0.519645
v -0.019645 0.020000 -0.564127
v 0.036750 0.020000 -0.579956
v 0.500000 0.020000 -0.580000
v 0.963250 0.020000 -0.579956
v 1.019645 0.020000 -0.564127
v 1.064127 0.020000 -0.519645
v 1.079956 0.020000 -0.463250
v 1.080000 1.980000 0.000000
v 1.079956 1.980000 0.463250
v 1.064127 1.980000 0.519645
v 1.019645 1.980000 0.564127
v 0.963250 1.980000 0.579956
v 0.500000 1.980000 0.580000
v 0.036750 1.980000 0.579956
v -0.019645 1.980000 0.564127
v -0.064127 1.980000 0.519645
v -0.079956 1.980000 0.463250
v -0.080000 1.980000 0.000000
v -0.079956 1.980000 -0.463250
v -0.064127 1.980000 -0.519645
v -0.019645 1.980000 -0.564127
v 0.036750 1.980000 -0.579956
v 0.500000 1.980000 -0.580000
v 0.963250 1.980000 -0.579956
v 1.019645 1.980000 -0.564127
v 1.064127 1.980000 -0.519645
v 1.079956 1.980000 -0.463250
v 0.500000 0.020000 0.000000
v 0.500000 1.980000 0.000000
vn 0.832050 -0.554700 -0.000026
vn 0.826472 -0.557901 0.075435
vn 0.745011 -0.565968 0.353043
vn 0.476671 -0.565968 0.672655
vn 0.150790 -0.557901 0.816094
vn 0.000026 -0.554700 0.832050
vn -0.075435 -0.557901 0.826472
vn -0.353043 -0.565968 0.745011
vn -0.672655 -0.565968 0.476671
vn -0.816094 -0.557901 0.150790
vn -0.832050 -0.554700 0.000026
vn -0.826472 -0.557901 -0.075435
vn -0.745011 -0.565968 -0.353043
vn -0.476671 -0.565968 -0.672655
vn -0.150790 -0.557901 -0.816094
vn -0.000026 -0.554700 -0.832050
vn 0.075435 -0.557901 -0.826472
vn 0.353043 -0.565968 -0.745011
vn 0.672655 -0.565968 -0.476671
vn 0.816094 -0.557901 -0.150790
vn 0.832050 0.554700 0.000026
vn 0.816094 0.557901 0.150790
vn 0.672655 0.565968 0.476671
vn 0.353043 0.565968 0.745011
vn 0.075435 0.557901 0.826472
vn -0.000026 0.554700 0.832050
vn -0.150790 0.557901 0.816094
vn -0.476671 0.565968 0.672655
vn -0.745011 0.565968 0.353043
vn -0.826472 0.557901 0.075435
vn -0.832050 0.554700 -0.000026
vn -0.816094 0.557901 -0.150790
vn -0.672655 0.565968 -0.476671
vn -0.353043 0.565968 -0.745011
vn -0.075435 0.557901 -0.826472
vn 0.000026 0.554700 -0.832050
vn 0.150790 0.557901 -0.816094
vn 0.476671 0.565968 -0.672655
vn 0.745011 0.565968 -0.353043
vn 0.826472 0.557901 -0.075435
vn 0.000000 -1.000000 0.000000
vn 0.000000 1.000000 0.000000
usemtl mail
f 121 122 102
f 121 102 101
f 122 123 103
f 122 103 102
f 123 124 104
f 123 104 103
f 124 125 105
f 124 105 104
f 125 126 106
f 125 106 105
f 126 127 107
f 126 107 106
f 127 128 108
f 127 108 107
f 128 129 109
f 128 109 108
f 129 130 110
f 129 110 109
f 130 131 111
f 130 111 110
f 131 132 112
f 131 112 111
f 132 133 113
f 132 113 112
f 133 134 114
f 133 114 113
f 134 135 115
f 134 115 114
f 135 136 116
f 135 116 115
f 136 137 117
f 136 117 116
f 137 138 118
f 137 118 117
f 138 139 119
f 138 119 118
f 139 140 120
f 139 120 119
f 140 121 101
f 140 101 120
f 101 102 141
f 102 103 141
f 103 104 141
f 104 105 141
f 105 106 141
f 106 107 141
f 107 108 141
f 108 109 141
f 109 110 141
f 110 111 141
f 111 112 141
f 112 113 141
f 113 114 141
f 114 115 141
f 115 116 141
f 116 117 141
f 117 118 141
f 118 119 141
f 119 120 141
f 120 101 141
f 122 121 142
f 123 122 142
f 124 123 142
f 125 124 142
f 126 125 142
f 127 126 142
f 128 127 142
f 129 128 142
f 130 129 142
f 131 130 142
f 132 131 142
f 133 132 142
f 134 133 142
f 135 134 142
f 136 135 142
f 137 136 142
f 138 137 142
f 139 138 142
f 140 139 142
f 121 140 142
o under_arm_L
v -0.920000 1.020000 0.000000
v -0.920044 1.020000 0.463250
v -0.935873 1.020000 0.519645
v -0.980355 1.020000 0.564127
v -1.036750 1.020000 0.579956
v -1.500000 1.020000 0.580000
v -1.963250 1.020000 0.579956
v -2.019645 1.020000 0.564127
v -2.064127 1.020000 0.519645
v -2.079956 1.020000 0.463250
v -2.080000 1.020000 0.000000
v -2.079956 1.020000 -0.463250
v -2.064127 1.020000 -0.519645
v -2.019645 1.020000 -0.564127
v -1.963250 1.020000 -0.579956
v -1.500000 1.020000 -0.580000
v -1.036750 1.020000 -0.579956
v -0.980355 1.020000 -0.564127
v -0.935873 1.020000 -0.519645
v -0.920044 1.020000 -0.463250
v -0.920000 3.000000 0.000000
v -0.920044 3.000000 0.463250
v -0.935873 3.000000 0.519645
v -0.980355 3.000000 0.564127
v -1.036750 3.000000 0.579956
v -1.500000 3.000000 0.580000
v -1.963250 3.000000 0.579956
v -2.019645 3.000000 0.564127
v -2.064127 3.000000 0.519645
v -2.079956 3.000000 0.463250
v -2.080000 3.000000 0.000000
v -2.079956 3.000000 -0.463250
v -2.064127 3.000000 -0.519645
v -2.019645 3.000000 -0.564127
v -1.963250 3.000000 -0.579956
v -1.500000 3.000000 -0.580000
v -1.036750 3.000000 -0.579956
v -0.980355 3.000000 -0.564127
v -0.935873 3.000000 -0.519645
v -0.920044 3.000000 -0.463250
v -1.500000 1.020000 0.000000
v -1.500000 3.000000 0.000000
vn 0.832050 -0.554700 -0.000026
vn 0.826472 -0.557901 0.075435
vn 0.745011 -0.565968 0.353043
vn 0.476671 -0.565968 0.672655
vn 0.150790 -0.557901 0.816094
vn 0.000026 -0.554700 0.832050
vn -0.075435 -0.557901 0.826472
vn -0.353043 -0.565968 0.745011
vn -0.672655 -0.565968 0.476671
vn -0.816094 -0.557901 0.150790
vn -0.832050 -0.554700 0.000026
vn -0.826472 -0.557901 -0.075435
vn -0.745011 -0.565968 -0.353043
vn -0.476671 -0.565968 -0.672655
vn -0.150790 -0.557901 -0.816094
vn -0.000026 -0.554700 -0.832050
vn 0.075435 -0.557901 -0.826472
vn 0.353043 -0.565968 -0.745011
vn 0.672655 -0.565968 -0.476671
vn 0.816094 -0.557901 -0.150790
vn 0.832050 0.554700 0.000026
vn 0.816094 0.557901 0.150790
vn 0.672655 0.565968 0.476671
vn 0.353043 0.565968 0.745011
vn 0.075435 0.557901 0.826472
vn -0.000026 0.554700 0.832050
vn -0.150790 0.557901 0.816094
vn -0.476671 0.565968 0.672655
vn -0.745011 0.565968 0.353043
vn -0.826472 0.557901 0.075435
vn -0.832050 0.554700 -0.000026
vn -0.816094 0.557901 -0.150790
vn -0.672655 0.565968 -0.476671
vn -0.353043 0.565968 -0.745011
vn -0.075435 0.557901 -0.826472
vn 0.000026 0.554700 -0.832050
vn 0.150790 0.557901 -0.816094
vn 0.476671 0.565968 -0.672655
vn 0.745011 0.565968 -0.353043
vn 0.826472 0.557901 -0.075435
vn 0.000000 -1.000000 0.000000
vn 0.000000 1.000000 0.000000
usemtl mail
f 163 164 144
f 163 144 143
f 164 165 145
f 164 145 144
f 165 166 146
f 165 146 145
f 166 167 147
f 166 147 146
f 167 168 148
f 167 148 147
f 168 169 149
f 168 149 148
f 169 170 150
f 169 150 149
f 170 171 151
f 170 151 150
f 171 172 152
f 171 152 151
f 172 173 153
f 172 153 152
f 173 174 154
f 173 154 153
f 174 175 155
f 174 155 154
f 175 176 156
f 175 156 155
f 176 177 157
f 176 157 156
f 177 178 158
f 177 158 157
f 178 179 159
f 178 159 158
f 179 180 160
f 179 160 159
f 180 181 161
f 180 161 160
f 181 182 162
f 181 162 161
f 182 163 143
f 182 143 162
f 143 144 183
f 144 145 183
f 145 146 183
f 146 147 183
f 147 148 183
f 148 149 183
f 149 150 183
f 150 151 183
f 151 152 183
f 152 153 183
f 153 154 183
f 154 155 183
f 155 156 183
f 156 157 183
f 157 158 183
f 158 159 183
f 159 160 183
f 160 161 183
f 161 162 183
f 162 143 183
f 164 163 184
f 165 164 184
f 166 165 184
f 167 166 184
f 168 167 184
f 169 168 184
f 170 169 184
f 171 170 184
f 172 171 184
f 173 172 184
f 174 173 184
f 175 174 184
f 176 175 184
f 177 176 184
f 178 177 184
f 179 178 184
f 180 179 184
f 181 180 184
f 182 181 184
f 163 182 184
o under_leg_L
v 0.080000 0.020000 0.000000
v 0.079956 0.020000 0.463250
v 0.064127 0.020000 0.519645
v 0.019645 0.020000 0.564127
v -0.036750 0.020000 0.579956
v -0.500000 0.020000 0.580000
v -0.963250 0.020000 0.579956
v -1.019645 0.020000 0.564127
v -1.064127 0.020000 0.519645
v -1.079956 0.020000 0.463250
v -1.080000 0.020000 0.000000
v -1.079956 0.020000 -0.463250
v -1.064127 0.020000 -0.519645
v -1.019645 0.020000 -0.564127
v -0.963250 0.020000 -0.579956
v -0.500000 0.020000 -0.580000
v -0.036750 0.020000 -0.579956
v 0.019645 0.020000 -0.564127
v 0.064127 0.020000 -0.519645
v 0.079956 0.020000 -0.463250
v 0.080000 1.980000 0.000000
v 0.079956 1.980000 0.463250
v 0.064127 1.980000 0.519645
v 0.019645 1.980000 0.564127
v -0.036750 1.980000 0.579956
v -0.500000 1.980000 0.580000
v -0.963250 1.980000 0.579956
v -1.019645 1.980000 0.564127
v -1.064127 1.980000 0.519645
v -1.079956 1.980000 0.463250
v -1.080000 1.980000 0.000000
v -1.079956 1.980000 -0.463250
v -1.064127 1.980000 -0.519645
v -1.019645 1.980000 -0.564127
v -0.963250 1.980000 -0.579956
v -0.500000 1.980000 -0.580000
v -0.036750 1.980000 -0.579956
v 0.019645 1.980000 -0.564127
v 0.064127 1.980000 -0.519645
v 0.079956 1.980000 -0.463250
v -0.500000 0.020000 0.000000
v -0.500000 1.980000 0.000000
vn 0.832050 -0.554700 -0.000026
vn 0.826472 -0.557901 0.075435
vn 0.745011 -0.565968 0.353043
vn 0.476671 -0.565968 0.672655
vn 0.150790 -0.557901 0.816094
vn 0.000026 -0.554700 0.832050
vn -0.075435 -0.557901 0.826472
vn -0.353043 -0.565968 0.745011
vn -0.672655 -0.565968 0.476671
vn -0.816094 -0.557901 0.150790
vn -0.832050 -0.554700 0.000026
vn -0.826472 -0.557901 -0.075435
vn -0.745011 -0.565968 -0.353043
vn -0.476671 -0.565968 -0.672655
vn -0.150790 -0.557901 -0.816094
vn -0.000026 -0.554700 -0.832050
vn 0.075435 -0.557901 -0.826472
vn 0.353043 -0.565968 -0.745011
vn 0.672655 -0.565968 -0.476671
vn 0.816094 -0.557901 -0.150790
vn 0.832050 0.554700 0.000026
vn 0.816094 0.557901 0.150790
vn 0.672655 0.565968 0.476671
vn 0.353043 0.565968 0.745011
vn 0.075435 0.557901 0.826472
vn -0.000026 0.554700 0.832050
vn -0.150790 0.557901 0.816094
vn -0.476671 0.565968 0.672655
vn -0.745011 0.565968 0.353043
vn -0.826472 0.557901 0.075435
vn -0.832050 0.554700 -0.000026
vn -0.816094 0.557901 -0.150790
vn -0.672655 0.565968 -0.476671
vn -0.353043 0.565968 -0.745011
vn -0.075435 0.557901 -0.826472
vn 0.000026 0.554700 -0.832050
vn 0.150790 0.557901 -0.816094
vn 0.476671 0.565968 -0.672655
vn 0.745011 0.565968 -0.353043
vn 0.826472 0.557901 -0.075435
vn 0.000000 -1.000000 0.000000
vn 0.000000 1.000000 0.000000
usemtl mail
f 205 206 186
f 205 186 185
f 206 207 187
f 206 187 186
f 207 208 188
f 207 188 187
f 208 209 189
f 208 189 188
f 209 210 190
f 209 190 189
f 210 211 191
f 210 191 190
f 211 212 192
f 211 192 191
f 212 213 193
f 212 193 192
f 213 214 194
f 213 194 193
f 214 215 195
f 214 195 194
f 215 216 196
f 215 196 195
f 216 217 197
f 216 197 196
f 217 218 198
f 217 198 197
f 218 219 199
f 218 199 198
f 219 220 200
f 219 200 199
f 220 221 201
f 220 201 200
f 221 222 202
f 221 202 201
f 222 223 203
f 222 203 202
f 223 224 204
f 223 204 203
f 224 205 185
f 224 185 204
f 185 186 225
f 186 187 225
f 187 188 225
f 188 189 225
f 189 190 225
f 190 191 225
f 191 192 225
f 192 193 225
f 193 194 225
f 194 195 225
f 195 196 225
f 196 197 225
f 197 198 225
f 198 199 225
f 199 200 225
f 200 201 225
f 201 202 225
f 202 203 225
f 203 204 225
f 204 185 225
f 206 205 226
f 207 206 226
f 208 207 226
f 209 208 226
f 210 209 226
f 211 210 226
f 212 211 226
f 213 212 226
f 214 213 226
f 215 214 226
f 216 215 226
f 217 216 226
f 218 217 226
f 219 218 226
f 220 219 226
f 221 220 226
f 222 221 226
f 223 222 226
f 224 223 226
f 205 224 226
o cuirass_breast
v -0.800000 1.880000 0.500000
v -0.736000 1.880000 0.500000
v -0.672000 1.880000 0.500000
v -0.608000 1.880000 0.500000
v -0.544000 1.880000 0.500000
v -0.480000 1.880000 0.500000
v -0.416000 1.880000 0.500000
v -0.352000 1.880000 0.500000
v -0.288000 1.880000 0.500000
v -0.224000 1.880000 0.500000
v -0.160000 1.880000 0.500000
v -0.096000 1.880000 0.500000
v -0.032000 1.880000 0.500000
v 0.032000 1.880000 0.500000
v 0.096000 1.880000 0.500000
v 0.160000 1.880000 0.500000
v 0.224000 1.880000 0.500000
v 0.288000 1.880000 0.500000
v 0.352000 1.880000 0.500000
v 0.416000 1.880000 0.500000
v 0.480000 1.880000 0.500000
v 0.544000 1.880000 0.500000
v 0.608000 1.880000 0.500000
v 0.672000 1.880000 0.500000
v 0.736000 1.880000 0.500000
v 0.800000 1.880000 0.500000
v -0.808000 1.916800 0.500000
v -0.743360 1.916800 0.501906
v -0.678720 1.916800 0.503653
v -0.614080 1.916800 0.505242
v -0.549440 1.916800 0.506672
v -0.484800 1.916800 0.507942
v -0.420160 1.916800 0.509054
v -0.355520 1.916800 0.510007
v -0.290880 1.916800 0.510802
v -0.226240 1.916800 0.511437
v -0.161600 1.916800 0.511914
v -0.096960 1.916800 0.512231
v -0.032320 1.916800 0.512390
v 0.032320 1.916800 0.512390
v 0.096960 1.916800 0.512231
v 0.161600 1.916800 0.511914
v 0.226240 1.916800 0.511437
v 0.290880 1.916800 0.510802
v 0.355520 1.916800 0.510007
v 0.420160 1.916800 0.509054
v 0.484800 1.916800 0.507942
v 0.549440 1.916800 0.506672
v 0.614080 1.916800 0.505242
v 0.678720 1.916800 0.503653
v 0.743360 1.916800 0.501906
v 0.808000 1.916800 0.500000
v -0.816000 1.953600 0.500000
v -0.750720 1.953600 0.504338
v -0.685440 1.953600 0.508314
v -0.620160 1.953600 0.511929
v -0.554880 1.953600 0.515182
v -0.489600 1.953600 0.518074
v -0.424320 1.953600 0.520605
v -0.359040 1.953600 0.522774
v -0.293760 1.953600 0.524581
v -0.228480 1.953600 0.526027
v -0.163200 1.953600 0.527111
v -0.097920 1.953600 0.527834
v -0.032640 1.953600 0.528196
v 0.032640 1.953600 0.528196
v 0.097920 1.953600 0.527834
v 0.163200 1.953600 0.527111
v 0.228480 1.953600 0.526027
v 0.293760 1.953600 0.524581
v 0.359040 1.953600 0.522774
v 0.424320 1.953600 0.520605
v 0.489600 1.953600 0.518074
v 0.554880 1.953600 0.515182
v 0.620160 1.953600 0.511929
v 0.685440 1.953600 0.508314
v 0.750720 1.953600 0.504338
v 0.816000 1.953600 0.500000
v -0.824000 1.990400 0.500000
v -0.758080 1.990400 0.506945
v -0.692160 1.990400 0.513311
v -0.626240 1.990400 0.519099
v -0.560320 1.990400 0.524308
v -0.494400 1.990400 0.528938
v -0.428480 1.990400 0.532989
v -0.362560 1.990400 0.536462
v -0.296640 1.990400 0.539355
v -0.230720 1.990400 0.541670
v -0.164800 1.990400 0.543407
v -0.098880 1.990400 0.544564
v -0.032960 1.990400 0.545143
v 0.032960 1.990400 0.545143
v 0.098880 1.990400 0.544564
v 0.164800 1.990400 0.543407
v 0.230720 1.990400 0.541670
v 0.296640 1.990400 0.539355
v 0.362560 1.990400 0.536462
v 0.428480 1.990400 0.532989
v 0.494400 1.990400 0.528938
v 0.560320 1.990400 0.524308
v 0.626240 1.990400 0.519099
v 0.692160 1.990400 0.513311
v 0.758080 1.990400 0.506945
v 0.824000 1.990400 0.500000
v -0.832000 2.027200 0.500000
v -0.765440 2.027200 0.509591
v -0.698880 2.027200 0.518383
v -0.632320 2.027200 0.526376
v -0.565760 2.027200 0.533569
v -0.499200 2.027200 0.539963
v -0.432640 2.027200 0.545558
v -0.366080 2.027200 0.550354
v -0.299520 2.027200 0.554350
v -0.232960 2.027200 0.557547
v -0.166400 2.027200 0.559945
v -0.099840 2.027200 0.561543
v -0.033280 2.027200 0.562343
v 0.033280 2.027200 0.562343
v 0.099840 2.027200 0.561543
v 0.166400 2.027200 0.559945
v 0.232960 2.027200 0.557547
v 0.299520 2.027200 0.554350
v 0.366080 2.027200 0.550354
v 0.432640 2.027200 0.545558
v 0.499200 2.027200 0.539963
v 0.565760 2.027200 0.533569
v 0.632320 2.027200 0.526376
v 0.698880 2.027200 0.518383
v 0.765440 2.027200 0.509591
v 0.832000 2.027200 0.500000
v -0.840000 2.064000 0.500000
v -0.772800 2.064000 0.512177
v -0.705600 2.064000 0.523339
v -0.638400 2.064000 0.533487
v -0.571200 2.064000 0.542620
v -0.504000 2.064000 0.550738
v -0.436800 2.064000 0.557841
v -0.369600 2.064000 0.563930
v -0.302400 2.064000 0.569004
v -0.235200 2.064000 0.573063
v -0.168000 2.064000 0.576107
v -0.100800 2.064000 0.578137
v -0.033600 2.064000 0.579151
v 0.033600 2.064000 0.579151
v 0.100800 2.064000 0.578137
v 0.168000 2.064000 0.576107
v 0.235200 2.064000 0.573063
v 0.302400 2.064000 0.569004
v 0.369600 2.064000 0.563930
v 0.436800 2.064000 0.557841
v 0.504000 2.064000 0.550738
v 0.571200 2.064000 0.542620
v 0.638400 2.064000 0.533487
v 0.705600 2.064000 0.523339
v 0.772800 2.064000 0.512177
v 0.840000 2.064000 0.500000
v -0.848000 2.100800 0.500000
v -0.780160 2.100800 0.514621
v -0.712320 2.100800 0.528023
v -0.644480 2.100800 0.540207
v -0.576640 2.100800 0.551172
v -0.508800 2.100800 0.560919
v -0.440960 2.100800 0.569448
v -0.373120 2.100800 0.576758
v -0.305280 2.100800 0.582850
v -0.237440 2.100800 0.587724
v -0.169600 2.100800 0.591379
v -0.101760 2.100800 0.593816
v -0.033920 2.100800 0.595034
v 0.033920 2.100800 0.595034
v 0.101760 2.100800 0.593816
v 0.169600 2.100800 0.591379
v 0.237440 2.100800 0.587724
v 0.305280 2.100800 0.582850
v 0.373120 2.100800 0.576758
v 0.440960 2.100800 0.569448
v 0.508800 2.100800 0.560919
v 0.576640 2.100800 0.551172
v 0.644480 2.100800 0.540207
v 0.712320 2.100800 0.528023
v 0.780160 2.100800 0.514621
v 0.848000 2.100800 0.500000
v -0.856000 2.137600 0.500000
v -0.787520 2.137600 0.516851
v -0.719040 2.137600 0.532297
v -0.650560 2.137600 0.546339
v -0.582080 2.137600 0.558978
v -0.513600 2.137600 0.570211
v -0.445120 2.137600 0.580041
v -0.376640 2.137600 0.588466
v -0.308160 2.137600 0.595487
v -0.239680 2.137600 0.601104
v -0.171200 2.137600 0.605317
v -0.102720 2.137600 0.608125
v -0.034240 2.137600 0.609530
v 0.034240 2.137600 0.609530
v 0.102720 2.137600 0.608125
v 0.171200 2.137600 0.605317
v 0.239680 2.137600 0.601104
v 0.308160 2.137600 0.595487
v 0.376640 2.137600 0.588466
v 0.445120 2.137600 0.580041
v 0.513600 2.137600 0.570211
v 0.582080 2.137600 0.558978
v 0.650560 2.137600 0.546339
v 0.719040 2.137600 0.532297
v 0.787520 2.137600 0.516851
v 0.856000 2.137600 0.500000
v -0.864000 2.174400 0.500000
v -0.794880 2.174400 0.518806
v -0.725760 2.174400 0.536066
v -0.656640 2.174400 0.551915
v -0.587520 2.174400 0.565873
v -0.518400 2.174400 0.578371
v -0.449280 2.174400 0.589511
v -0.380160 2.174400 0.598807
v -0.311040 2.174400 0.606578
v -0.241920 2.174400 0.613015
v -0.172800 2.174400 0.617731
v -0.103680 2.174400 0.620923
v -0.034560 2.174400 0.622650
v 0.034560 2.174400 0.622650
v 0.103680 2.174400 0.620923
v 0.172800 2.174400 0.617731
v 0.241920 2.174400 0.613015
v 0.311040 2.174400 0.606578
v 0.380160 2.174400 0.598807
v 0.449280 2.174400 0.589511
v 0.518400 2.174400 0.578371
v 0.587520 2.174400 0.565873
v 0.656640 2.174400 0.551915
v 0.725760 2.174400 0.536066
v 0.794880 2.174400 0.518806
v 0.864000 2.174400 0.500000
v -0.872000 2.211200 0.500000
v -0.802240 2.211200 0.520435
v -0.732480 2.211200 0.539340
v -0.662720 2.211200 0.557802
v -0.592960 2.211200 0.571944
v -0.523200 2.211200 0.585249
v -0.453440 2.211200 0.598543
v -0.383680 2.211200 0.607890
v -0.313920 2.211200 0.615882
v -0.244160 2.211200 0.624059
v -0.174400 2.211200 0.629283
v -0.104640 2.211200 0.633154
v -0.034880 2.211200 0.636151
v 0.034880 2.211200 0.636151
v 0.104640 2.211200 0.633154
v 0.174400 2.211200 0.629283
v 0.244160 2.211200 0.624059
v 0.313920 2.211200 0.615882
v 0.383680 2.211200 0.607890
v 0.453440 2.211200 0.598543
v 0.523200 2.211200 0.585249
v 0.592960 2.211200 0.571944
v 0.662720 2.211200 0.557802
v 0.732480 2.211200 0.539340
v 0.802240 2.211200 0.520435
v 0.872000 2.211200 0.500000
v -0.880000 2.248000 0.500000
v -0.809600 2.248000 0.521695
v -0.739200 2.248000 0.542009
v -0.668800 2.248000 0.563627
v -0.598400 2.248000 0.576974
v -0.528000 2.248000 0.590651
v -0.457600 2.248000 0.606697
v -0.387200 2.248000 0.615397
v -0.316800 2.248000 0.623145
v -0.246400 2.248000 0.633749
v -0.176000 2.248000 0.639456
v -0.105600 2.248000 0.644221
v -0.035200 2.248000 0.649224
v 0.035200 2.248000 0.649224
v 0.105600 2.248000 0.644221
v 0.176000 2.248000 0.639456
v 0.246400 2.248000 0.633749
v 0.316800 2.248000 0.623145
v 0.387200 2.248000 0.615397
v 0.457600 2.248000 0.606697
v 0.528000 2.248000 0.590651
v 0.598400 2.248000 0.576974
v 0.668800 2.248000 0.563627
v 0.739200 2.248000 0.542009
v 0.809600 2.248000 0.521695
v 0.880000 2.248000 0.500000
v -0.888000 2.284800 0.500000
v -0.816960 2.284800 0.522553
v -0.745920 2.284800 0.543961
v -0.674880 2.284800 0.568824
v -0.603840 2.284800 0.580725
v -0.532800 2.284800 0.594412
v -0.461760 2.284800 0.613382
v -0.390720 2.284800 0.620977
v -0.319680 2.284800 0.628158
v -0.248640 2.284800 0.641460
v -0.177600 2.284800 0.647584
v -0.106560 2.284800 0.653314
v -0.035520 2.284800 0.660674
v 0.035520 2.284800 0.660674
v 0.106560 2.284800 0.653314
v 0.177600 2.284800 0.647584
v 0.248640 2.284800 0.641460
v 0.319680 2.284800 0.628158
v 0.390720 2.284800 0.620977
v 0.461760 2.284800 0.613382
v 0.532800 2.284800 0.594412
v 0.603840 2.284800 0.580725
v 0.674880 2.284800 0.568824
v 0.745920 2.284800 0.543961
v 0.816960 2.284800 0.522553
v 0.888000 2.284800 0.500000
v -0.896000 2.321600 0.500000
v -0.824320 2.321600 0.522989
v -0.752640 2.321600 0.545101
v -0.680960 2.321600 0.572857
v -0.609280 2.321600 0.582993
v -0.537600 2.321600 0.596409
v -0.465920 2.321600 0.618057
v -0.394240 2.321600 0.624334
v -0.322560 2.321600 0.630772
v -0.250880 2.321600 0.646631
v -0.179200 2.321600 0.653067
v -0.107520 2.321600 0.659691
v -0.035840 2.321600 0.669371
v 0.035840 2.321600 0.669371
v 0.107520 2.321600 0.659691
v 0.179200 2.321600 0.653067
v 0.250880 2.321600 0.646631
v 0.322560 2.321600 0.630772
v 0.394240 2.321600 0.624334
v 0.465920 2.321600 0.618057
v 0.537600 2.321600 0.596409
v 0.609280 2.321600 0.582993
v 0.680960 2.321600 0.572857
v 0.752640 2.321600 0.545101
v 0.824320 2.321600 0.522989
v 0.896000 2.321600 0.500000
v -0.904000 2.358400 0.500000
v -0.831680 2.358400 0.522989
v -0.759360 2.358400 0.545357
v -0.687040 2.358400 0.575219
v -0.614720 2.358400 0.583616
v -0.542400 2.358400 0.596564
v -0.470080 2.358400 0.620230
v -0.397760 2.358400 0.625230
v -0.325440 2.358400 0.630900
v -0.253120 2.358400 0.648766
v -0.180800 2.358400 0.655370
v -0.108480 2.358400 0.662678
v -0.036160 2.358400 0.674260
v 0.036160 2.358400 0.674260
v 0.108480 2.358400 0.662678
v 0.180800 2.358400 0.655370
v 0.253120 2.358400 0.648766
v 0.325440 2.358400 0.630900
v 0.397760 2.358400 0.625230
v 0.470080 2.358400 0.620230
v 0.542400 2.358400 0.596564
v 0.614720 2.358400 0.583616
v 0.687040 2.358400 0.575219
v 0.759360 2.358400 0.545357
v 0.831680 2.358400 0.522989
v 0.904000 2.358400 0.500000
v -0.912000 2.395200 0.500000
v -0.839040 2.395200 0.522556
v -0.766080 2.395200 0.544677
v -0.693120 2.395200 0.575434
v -0.620160 2.395200 0.582468
v -0.547200 2.395200 0.594848
v -0.474240 2.395200 0.619464
v -0.401280 2.395200 0.623485
v -0.328320 2.395200 0.628515
v -0.255360 2.395200 0.647434
v -0.182400 2.395200 0.654030
v -0.109440 2.395200 0.661674
v -0.036480 2.395200 0.674354
v 0.036480 2.395200 0.674354
v 0.109440 2.395200 0.661674
v 0.182400 2.395200 0.654030
v 0.255360 2.395200 0.647434
v 0.328320 2.395200 0.628515
v 0.401280 2.395200 0.623485
v 0.474240 2.395200 0.619464
v 0.547200 2.395200 0.594848
v 0.620160 2.395200 0.582468
v 0.693120 2.395200 0.575434
v 0.766080 2.395200 0.544677
v 0.839040 2.395200 0.522556
v 0.912000 2.395200 0.500000
v -0.920000 2.432000 0.500000
v -0.846400 2.432000 0.521698
v -0.772800 2.432000 0.543055
v -0.699200 2.432000 0.573274
v -0.625600 2.432000 0.579518
v -0.552000 2.432000 0.591287
v -0.478400 2.432000 0.615573
v -0.404800 2.432000 0.619058
v -0.331200 2.432000 0.623666
v -0.257600 2.432000 0.642467
v -0.184000 2.432000 0.648864
v -0.110400 2.432000 0.656422
v -0.036800 2.432000 0.669190
v 0.036800 2.432000 0.669190
v 0.110400 2.432000 0.656422
v 0.184000 2.432000 0.648864
v 0.257600 2.432000 0.642467
v 0.331200 2.432000 0.623666
v 0.404800 2.432000 0.619058
v 0.478400 2.432000 0.615573
v 0.552000 2.432000 0.591287
v 0.625600 2.432000 0.579518
v 0.699200 2.432000 0.573274
v 0.772800 2.432000 0.543055
v 0.846400 2.432000 0.521698
v 0.920000 2.432000 0.500000
v -0.928000 2.468800 0.500000
v -0.853760 2.468800 0.520439
v -0.779520 2.468800 0.540641
v -0.705280 2.468800 0.569811
v -0.631040 2.468800 0.575111
v -0.556800 2.468800 0.586041
v -0.482560 2.468800 0.609592
v -0.408320 2.468800 0.612447
v -0.334080 2.468800 0.616531
v -0.259840 2.468800 0.634913
v -0.185600 2.468800 0.640994
v -0.111360 2.468800 0.648342
v -0.037120 2.468800 0.661006
v 0.037120 2.468800 0.661006
v 0.111360 2.468800 0.648342
v 0.185600 2.468800 0.640994
v 0.259840 2.468800 0.634913
v 0.334080 2.468800 0.616531
v 0.408320 2.468800 0.612447
v 0.482560 2.468800 0.609592
v 0.556800 2.468800 0.586041
v 0.631040 2.468800 0.575111
v 0.705280 2.468800 0.569811
v 0.779520 2.468800 0.540641
v 0.853760 2.468800 0.520439
v 0.928000 2.468800 0.500000
v -0.936000 2.505600 0.500000
v -0.861120 2.505600 0.518811
v -0.786240 2.505600 0.537520
v -0.711360 2.505600 0.565333
v -0.636480 2.505600 0.569412
v -0.561600 2.505600 0.579256
v -0.486720 2.505600 0.601857
v -0.411840 2.505600 0.603898
v -0.336960 2.505600 0.607303
v -0.262080 2.505600 0.625142
v -0.187200 2.505600 0.630817
v -0.112320 2.505600 0.637893
v -0.037440 2.505600 0.650421
v 0.037440 2.505600 0.650421
v 0.112320 2.505600 0.637893
v 0.187200 2.505600 0.630817
v 0.262080 2.505600 0.625142
v 0.336960 2.505600 0.607303
v 0.411840 2.505600 0.603898
v 0.486720 2.505600 0.601857
v 0.561600 2.505600 0.579256
v 0.636480 2.505600 0.569412
v 0.711360 2.505600 0.565333
v 0.786240 2.505600 0.537520
v 0.861120 2.505600 0.518811
v 0.936000 2.505600 0.500000
v -0.944000 2.542400 0.500000
v -0.868480 2.542400 0.516855
v -0.792960 2.542400 0.533773
v -0.717440 2.542400 0.559956
v -0.641920 2.542400 0.562569
v -0.566400 2.542400 0.571109
v -0.490880 2.542400 0.592569
v -0.415360 2.542400 0.593633
v -0.339840 2.542400 0.596224
v -0.264320 2.542400 0.613411
v -0.188800 2.542400 0.618596
v -0.113280 2.542400 0.625347
v -0.037760 2.542400 0.637712
v 0.037760 2.542400 0.637712
v 0.113280 2.542400 0.625347
v 0.188800 2.542400 0.618596
v 0.264320 2.542400 0.613411
v 0.339840 2.542400 0.596224
v 0.415360 2.542400 0.593633
v 0.490880 2.542400 0.592569
v 0.566400 2.542400 0.571109
v 0.641920 2.542400 0.562569
v 0.717440 2.542400 0.559956
v 0.792960 2.542400 0.533773
v 0.868480 2.542400 0.516855
v 0.944000 2.542400 0.500000
v -0.952000 2.579200 0.500000
v -0.875840 2.579200 0.514625
v -0.799680 2.579200 0.529498
v -0.723520 2.579200 0.553823
v -0.647360 2.579200 0.554763
v -0.571200 2.579200 0.561817
v -0.495040 2.579200 0.581977
v -0.418880 2.579200 0.581925
v -0.342720 2.579200 0.583586
v -0.266560 2.579200 0.600030
v -0.190400 2.579200 0.604658
v -0.114240 2.579200 0.611037
v -0.038080 2.579200 0.623217
v 0.038080 2.579200 0.623217
v 0.114240 2.579200 0.611037
v 0.190400 2.579200 0.604658
v 0.266560 2.579200 0.600030
v 0.342720 2.579200 0.583586
v 0.418880 2.579200 0.581925
v 0.495040 2.579200 0.581977
v 0.571200 2.579200 0.561817
v 0.647360 2.579200 0.554763
v 0.723520 2.579200 0.553823
v 0.799680 2.579200 0.529498
v 0.875840 2.579200 0.514625
v 0.952000 2.579200 0.500000
v -0.960000 2.616000 0.500000
v -0.883200 2.616000 0.512182
v -0.806400 2.616000 0.524815
v -0.729600 2.616000 0.547104
v -0.652800 2.616000 0.546211
v -0.576000 2.616000 0.551636
v -0.499200 2.616000 0.570370
v -0.422400 2.616000 0.569096
v -0.345600 2.616000 0.569740
v -0.268800 2.616000 0.585369
v -0.192000 2.616000 0.589386
v -0.115200 2.616000 0.595358
v -0.038400 2.616000 0.607334
v 0.038400 2.616000 0.607334
v 0.115200 2.616000 0.595358
v 0.192000 2.616000 0.589386
v 0.268800 2.616000 0.585369
v 0.345600 2.616000 0.569740
v 0.422400 2.616000 0.569096
v 0.499200 2.616000 0.570370
v 0.576000 2.616000 0.551636
v 0.652800 2.616000 0.546211
v 0.729600 2.616000 0.547104
v 0.806400 2.616000 0.524815
v 0.883200 2.616000 0.512182
v 0.960000 2.616000 0.500000
v -0.968000 2.652800 0.500000
v -0.890560 2.652800 0.509596
v -0.813120 2.652800 0.519859
v -0.735680 2.652800 0.539992
v -0.658240 2.652800 0.537160
v -0.580800 2.652800 0.540861
v -0.503360 2.652800 0.558087
v -0.425920 2.652800 0.555520
v -0.348480 2.652800 0.555086
v -0.271040 2.652800 0.569853
v -0.193600 2.652800 0.573224
v -0.116160 2.652800 0.578765
v -0.038720 2.652800 0.590525
v 0.038720 2.652800 0.590525
v 0.116160 2.652800 0.578765
v 0.193600 2.652800 0.573224
v 0.271040 2.652800 0.569853
v 0.348480 2.652800 0.555086
v 0.425920 2.652800 0.555520
v 0.503360 2.652800 0.558087
v 0.580800 2.652800 0.540861
v 0.658240 2.652800 0.537160
v 0.735680 2.652800 0.539992
v 0.813120 2.652800 0.519859
v 0.890560 2.652800 0.509596
v 0.968000 2.652800 0.500000
v -0.976000 2.689600 0.500000
v -0.897920 2.689600 0.506950
v -0.819840 2.689600 0.514787
v -0.741760 2.689600 0.532715
v -0.663680 2.689600 0.527899
v -0.585600 2.689600 0.529835
v -0.507520 2.689600 0.545518
v -0.429440 2.689600 0.541628
v -0.351360 2.689600 0.540091
v -0.273280 2.689600 0.553977
v -0.195200 2.689600 0.556686
v -0.117120 2.689600 0.561786
v -0.039040 2.689600 0.573325
v 0.039040 2.689600 0.573325
v 0.117120 2.689600 0.561786
v 0.195200 2.689600 0.556686
v 0.273280 2.689600 0.553977
v 0.351360 2.689600 0.540091
v 0.429440 2.689600 0.541628
v 0.507520 2.689600 0.545518
v 0.585600 2.689600 0.529835
v 0.663680 2.689600 0.527899
v 0.741760 2.689600 0.532715
v 0.819840 2.689600 0.514787
v 0.897920 2.689600 0.506950
v 0.976000 2.689600 0.500000
v -0.984000 2.726400 0.500000
v -0.905280 2.726400 0.504341
v -0.826560 2.726400 0.509407
v -0.747840 2.726400 0.522015
v -0.669120 2.726400 0.517842
v -0.590400 2.726400 0.518739
v -0.511680 2.726400 0.529885
v -0.432960 2.726400 0.526601
v -0.354240 2.726400 0.525126
v -0.275520 2.726400 0.535143
v -0.196800 2.726400 0.536948
v -0.118080 2.726400 0.540591
v -0.039360 2.726400 0.549072
v 0.039360 2.726400 0.549072
v 0.118080 2.726400 0.540591
v 0.196800 2.726400 0.536948
v 0.275520 2.726400 0.535143
v 0.354240 2.726400 0.525126
v 0.432960 2.726400 0.526601
v 0.511680 2.726400 0.529885
v 0.590400 2.726400 0.518739
v 0.669120 2.726400 0.517842
v 0.747840 2.726400 0.522015
v 0.826560 2.726400 0.509407
v 0.905280 2.726400 0.504341
v 0.984000 2.726400 0.500000
v -0.992000 2.763200 0.500000
v -0.912640 2.763200 0.501907
v -0.833280 2.763200 0.504036
v -0.753920 2.763200 0.508772
v -0.674560 2.763200 0.507603
v -0.595200 2.763200 0.508175
v -0.515840 2.763200 0.512302
v -0.436480 2.763200 0.511347
v -0.357120 2.763200 0.510992
v -0.277760 2.763200 0.514628
v -0.198400 2.763200 0.515356
v -0.119040 2.763200 0.516696
v -0.039680 2.763200 0.519697
v 0.039680 2.763200 0.519697
v 0.119040 2.763200 0.516696
v 0.198400 2.763200 0.515356
v 0.277760 2.763200 0.514628
v 0.357120 2.763200 0.510992
v 0.436480 2.763200 0.511347
v 0.515840 2.763200 0.512302
v 0.595200 2.763200 0.508175
v 0.674560 2.763200 0.507603
v 0.753920 2.763200 0.508772
v 0.833280 2.763200 0.504036
v 0.912640 2.763200 0.501907
v 0.992000 2.763200 0.500000
v -1.000000 2.800000 0.500000
v -0.920000 2.800000 0.500000
v -0.840000 2.800000 0.500000
v -0.760000 2.800000 0.500000
v -0.680000 2.800000 0.500000
v -0.600000 2.800000 0.500000
v -0.520000 2.800000 0.500000
v -0.440000 2.800000 0.500000
v -0.360000 2.800000 0.500000
v -0.280000 2.800000 0.500000
v -0.200000 2.800000 0.500000
v -0.120000 2.800000 0.500000
v -0.040000 2.800000 0.500000
v 0.040000 2.800000 0.500000
v 0.120000 2.800000 0.500000
v 0.200000 2.800000 0.500000
v 0.280000 2.800000 0.500000
v 0.360000 2.800000 0.500000
v 0.440000 2.800000 0.500000
v 0.520000 2.800000 0.500000
v 0.600000 2.800000 0.500000
v 0.680000 2.800000 0.500000
v 0.760000 2.800000 0.500000
v 0.840000 2.800000 0.500000
v 0.920000 2.800000 0.500000
v 1.000000 2.800000 0.500000
v -0.800000 1.880000 0.440000
v -0.736000 1.883104 0.440080
v -0.672000 1.885928 0.440294
v -0.608000 1.888461 0.440600
v -0.544000 1.890703 0.440962
v -0.480000 1.892658 0.441350
v -0.416000 1.894335 0.441738
v -0.352000 1.895745 0.442103
v -0.288000 1.896898 0.442429
v -0.224000 1.897807 0.442703
v -0.160000 1.898480 0.442917
v -0.096000 1.898924 0.443063
v -0.032000 1.899145 0.443136
v 0.032000 1.899145 0.443136
v 0.096000 1.898924 0.443063
v 0.160000 1.898480 0.442917
v 0.224000 1.897807 0.442703
v 0.288000 1.896898 0.442429
v 0.352000 1.895745 0.442103
v 0.416000 1.894335 0.441738
v 0.480000 1.892658 0.441350
v 0.544000 1.890703 0.440962
v 0.608000 1.888461 0.440600
v 0.672000 1.885928 0.440294
v 0.736000 1.883104 0.440080
v 0.800000 1.880000 0.440000
v -0.806231 1.917184 0.440027
v -0.741669 1.920666 0.442055
v -0.677183 1.923810 0.444084
v -0.612699 1.926619 0.446067
v -0.548214 1.929093 0.447957
v -0.483727 1.931239 0.449716
v -0.419238 1.933070 0.451310
v -0.354746 1.934602 0.452714
v -0.290251 1.935850 0.453910
v -0.225754 1.936829 0.454881
v -0.161254 1.937552 0.455618
v -0.096753 1.938029 0.456113
v -0.032251 1.938265 0.456361
v 0.032251 1.938265 0.456361
v 0.096753 1.938029 0.456113
v 0.161254 1.937552 0.455618
v 0.225754 1.936829 0.454881
v 0.290251 1.935850 0.453910
v 0.354746 1.934602 0.452714
v 0.419238 1.933070 0.451310
v 0.483727 1.931239 0.449716
v 0.548214 1.929093 0.447957
v 0.612699 1.926619 0.446067
v 0.677183 1.923810 0.444084
v 0.741669 1.920666 0.442055
v 0.806231 1.917184 0.440027
v -0.812022 1.954465 0.440138
v -0.746919 1.958446 0.444655
v -0.681992 1.962012 0.449007
v -0.617067 1.965180 0.453138
v -0.552141 1.967950 0.456988
v -0.487209 1.970334 0.460505
v -0.422270 1.972354 0.463648
v -0.357323 1.974032 0.466386
v -0.292367 1.975390 0.468695
v -0.227405 1.976451 0.470559
v -0.162437 1.977230 0.471966
v -0.097464 1.977742 0.472907
v -0.032488 1.977995 0.473379
v 0.032488 1.977995 0.473379
v 0.097464 1.977742 0.472907
v 0.162437 1.977230 0.471966
v 0.227405 1.976451 0.470559
v 0.292367 1.975390 0.468695
v 0.357323 1.974032 0.466386
v 0.422270 1.972354 0.463648
v 0.487209 1.970334 0.460505
v 0.552141 1.967950 0.456988
v 0.617067 1.965180 0.453138
v 0.681992 1.962012 0.449007
v 0.746919 1.958446 0.444655
v 0.812022 1.954465 0.440138
v -0.817715 1.991766 0.440346
v -0.752078 1.995844 0.447495
v -0.686716 1.999474 0.454252
v -0.621359 2.002694 0.460575
v -0.555999 2.005505 0.466401
v -0.490630 2.007921 0.471677
v -0.425248 2.009965 0.476361
v -0.359854 2.011660 0.480420
v -0.294446 2.013030 0.483830
v -0.229027 2.014098 0.486575
v -0.163598 2.014883 0.488642
v -0.098162 2.015398 0.490024
v -0.032721 2.015653 0.490717
v 0.032721 2.015653 0.490717
v 0.098162 2.015398 0.490024
v 0.163598 2.014883 0.488642
v 0.229027 2.014098 0.486575
v 0.294446 2.013030 0.483830
v 0.359854 2.011660 0.480420
v 0.425248 2.009965 0.476361
v 0.490630 2.007921 0.471677
v 0.555999 2.005505 0.466401
v 0.621359 2.002694 0.460575
v 0.686716 1.999474 0.454252
v 0.752078 1.995844 0.447495
v 0.817715 1.991766 0.440346
v -0.823447 2.029059 0.440642
v -0.757271 2.033039 0.450437
v -0.691466 2.036565 0.459584
v -0.625669 2.039697 0.468070
v -0.559867 2.042436 0.475836
v -0.494055 2.044793 0.482832
v -0.428227 2.046790 0.489018
v -0.362382 2.048449 0.494365
v -0.296521 2.049793 0.498847
v -0.230644 2.050841 0.502450
v -0.164755 2.051612 0.505160
v -0.098857 2.052118 0.506971
v -0.032953 2.052369 0.507878
v 0.032953 2.052369 0.507878
v 0.098857 2.052118 0.506971
v 0.164755 2.051612 0.505160
v 0.230644 2.050841 0.502450
v 0.296521 2.049793 0.498847
v 0.362382 2.048449 0.494365
v 0.428227 2.046790 0.489018
v 0.494055 2.044793 0.482832
v 0.559867 2.042436 0.475836
v 0.625669 2.039697 0.468070
v 0.691466 2.036565 0.459584
v 0.757271 2.033039 0.450437
v 0.823447 2.029059 0.440642
v -0.829310 2.066324 0.441006
v -0.762587 2.070062 0.453364
v -0.696319 2.073361 0.464805
v -0.630061 2.076302 0.475357
v -0.563800 2.078883 0.484968
v -0.497528 2.081114 0.493596
v -0.431241 2.083012 0.501205
v -0.364936 2.084595 0.507768
v -0.298612 2.085881 0.513264
v -0.232273 2.086887 0.517677
v -0.165919 2.087629 0.520995
v -0.099556 2.088116 0.523211
v -0.033186 2.088358 0.524320
v 0.033186 2.088358 0.524320
v 0.099556 2.088116 0.523211
v 0.165919 2.087629 0.520995
v 0.232273 2.086887 0.517677
v 0.298612 2.085881 0.513264
v 0.364936 2.084595 0.507768
v 0.431241 2.083012 0.501205
v 0.497528 2.081114 0.493596
v 0.563800 2.078883 0.484968
v 0.630061 2.076302 0.475357
v 0.696319 2.073361 0.464805
v 0.762587 2.070062 0.453364
v 0.829310 2.066324 0.441006
v -0.835372 2.103545 0.441408
v -0.768087 2.106926 0.456168
v -0.701330 2.109900 0.469744
v -0.634585 2.112563 0.482209
v -0.567840 2.114913 0.493524
v -0.501086 2.116958 0.503653
v -0.434320 2.118707 0.512569
v -0.367538 2.120173 0.520247
v -0.300740 2.121371 0.526670
v -0.233926 2.122312 0.531823
v -0.167100 2.123008 0.535696
v -0.100264 2.123467 0.538282
v -0.033422 2.123695 0.539576
v 0.033422 2.123695 0.539576
v 0.100264 2.123467 0.538282
v 0.167100 2.123008 0.535696
v 0.233926 2.122312 0.531823
v 0.300740 2.121371 0.526670
v 0.367538 2.120173 0.520247
v 0.434320 2.118707 0.512569
v 0.501086 2.116958 0.503653
v 0.567840 2.114913 0.493524
v 0.634585 2.112563 0.482209
v 0.701330 2.109900 0.469744
v 0.768087 2.106926 0.456168
v 0.835372 2.103545 0.441408
v -0.841683 2.140712 0.441816
v -0.773819 2.143644 0.458750
v -0.706542 2.146226 0.474251
v -0.639284 2.148671 0.488458
v -0.572023 2.150612 0.501275
v -0.504761 2.152381 0.512736
v -0.437497 2.154053 0.522847
v -0.370214 2.155282 0.531492
v -0.302922 2.156311 0.538721
v -0.235622 2.157275 0.544567
v -0.168310 2.157913 0.548934
v -0.100989 2.158367 0.551861
v -0.033664 2.158681 0.553358
v 0.033664 2.158681 0.553358
v 0.100989 2.158367 0.551861
v 0.168310 2.157913 0.548934
v 0.235622 2.157275 0.544567
v 0.302922 2.156311 0.538721
v 0.370214 2.155282 0.531492
v 0.437497 2.154053 0.522847
v 0.504761 2.152381 0.512736
v 0.572023 2.150612 0.501275
v 0.639284 2.148671 0.488458
v 0.706542 2.146226 0.474251
v 0.773819 2.143644 0.458750
v 0.841683 2.140712 0.441816
v -0.848274 2.177819 0.442199
v -0.779805 2.180229 0.461024
v -0.711912 2.182462 0.478246
v -0.644209 2.185433 0.494263
v -0.576463 2.186214 0.508096
v -0.508531 2.187480 0.520652
v -0.440799 2.189781 0.532139
v -0.373069 2.190237 0.541370
v -0.305138 2.190773 0.549158
v -0.237319 2.192467 0.555985
v -0.169544 2.193078 0.560805
v -0.101661 2.193754 0.564166
v -0.033855 2.194812 0.566233
v 0.033855 2.194812 0.566233
v 0.101661 2.193754 0.564166
v 0.169544 2.193078 0.560805
v 0.237319 2.192467 0.555985
v 0.305138 2.190773 0.549158
v 0.373069 2.190237 0.541370
v 0.440799 2.189781 0.532139
v 0.508531 2.187480 0.520652
v 0.576463 2.186214 0.508096
v 0.644209 2.185433 0.494263
v 0.711912 2.182462 0.478246
v 0.779805 2.180229 0.461024
v 0.848274 2.177819 0.442199
v -0.855164 2.214860 0.442527
v -0.786025 2.216700 0.462930
v -0.717078 2.218656 0.481832
v -0.649313 2.222545 0.500430
v -0.581555 2.221630 0.513969
v -0.512158 2.222304 0.527329
v -0.444113 2.225675 0.541067
v -0.376477 2.224953 0.549934
v -0.307192 2.224793 0.557830
v -0.238645 2.227711 0.566640
v -0.170659 2.228303 0.571894
v -0.101828 2.229354 0.576036
v -0.033668 2.231582 0.579732
v 0.033668 2.231582 0.579732
v 0.101828 2.229354 0.576036
v 0.170659 2.228303 0.571894
v 0.238645 2.227711 0.566640
v 0.307192 2.224793 0.557830
v 0.376477 2.224953 0.549934
v 0.444113 2.225675 0.541067
v 0.512158 2.222304 0.527329
v 0.581555 2.221630 0.513969
v 0.649313 2.222545 0.500430
v 0.717078 2.218656 0.481832
v 0.786025 2.216700 0.462930
v 0.855164 2.214860 0.442527
v -0.862366 2.251833 0.442778
v -0.792507 2.253068 0.464405
v -0.722181 2.254695 0.484865
v -0.654581 2.258924 0.506369
v -0.587207 2.256611 0.518660
v -0.515742 2.256828 0.532584
v -0.447453 2.260788 0.548960
v -0.380358 2.259069 0.556825
v -0.309162 2.258372 0.564544
v -0.239689 2.262105 0.575818
v -0.171684 2.262618 0.581424
v -0.101596 2.263913 0.586508
v -0.033179 2.266971 0.592338
v 0.033179 2.266971 0.592338
v 0.101596 2.263913 0.586508
v 0.171684 2.262618 0.581424
v 0.239689 2.262105 0.575818
v 0.309162 2.258372 0.564544
v 0.380358 2.259069 0.556825
v 0.447453 2.260788 0.548960
v 0.515742 2.256828 0.532584
v 0.587207 2.256611 0.518660
v 0.654581 2.258924 0.506369
v 0.722181 2.254695 0.484865
v 0.792507 2.253068 0.464405
v 0.862366 2.251833 0.442778
v -0.869884 2.288738 0.442936
v -0.799276 2.289342 0.465399
v -0.727426 2.290562 0.487174
v -0.660045 2.294441 0.511492
v -0.593265 2.291165 0.522008
v -0.519433 2.291092 0.536259
v -0.450893 2.294999 0.555263
v -0.384566 2.292574 0.561802
v -0.311173 2.291581 0.569152
v -0.240643 2.295524 0.582970
v -0.172697 2.295880 0.588820
v -0.101175 2.297226 0.594862
v -0.032526 2.300646 0.602881
v 0.032526 2.300646 0.602881
v 0.101175 2.297226 0.594862
v 0.172697 2.295880 0.588820
v 0.240643 2.295524 0.582970
v 0.311173 2.291581 0.569152
v 0.384566 2.292574 0.561802
v 0.450893 2.294999 0.555263
v 0.519433 2.291092 0.536259
v 0.593265 2.291165 0.522008
v 0.660045 2.294441 0.511492
v 0.727426 2.290562 0.487174
v 0.799276 2.289342 0.465399
v 0.869884 2.288738 0.442936
v -0.877717 2.325575 0.442992
v -0.806353 2.325532 0.465877
v -0.732987 2.326260 0.488603
v -0.665748 2.329114 0.515305
v -0.599572 2.325357 0.523903
v -0.523370 2.325157 0.538229
v -0.454521 2.328334 0.559536
v -0.388950 2.325552 0.564698
v -0.313350 2.324527 0.571556
v -0.241713 2.328010 0.587683
v -0.173789 2.328119 0.593668
v -0.100796 2.329298 0.600568
v -0.031865 2.332501 0.610504
v 0.031865 2.332501 0.610504
v 0.100796 2.329298 0.600568
v 0.173789 2.328119 0.593668
v 0.241713 2.328010 0.587683
v 0.313350 2.324527 0.571556
v 0.388950 2.325552 0.564698
v 0.454521 2.328334 0.559536
v 0.523370 2.325157 0.538229
v 0.599572 2.325357 0.523903
v 0.665748 2.329114 0.515305
v 0.732987 2.326260 0.488603
v 0.806353 2.325532 0.465877
v 0.877717 2.325575 0.442992
v -0.885862 2.362343 0.442943
v -0.813753 2.361649 0.465822
v -0.739015 2.361791 0.489014
v -0.671741 2.362953 0.517381
v -0.605961 2.359271 0.524265
v -0.527677 2.359087 0.538403
v -0.458425 2.360842 0.561424
v -0.393346 2.358132 0.565393
v -0.315805 2.357338 0.571688
v -0.243114 2.359654 0.589620
v -0.175056 2.359431 0.595655
v -0.100714 2.360205 0.603210
v -0.031382 2.362481 0.614590
v 0.031382 2.362481 0.614590
v 0.100714 2.360205 0.603210
v 0.175056 2.359431 0.595655
v 0.243114 2.359654 0.589620
v 0.315805 2.357338 0.571688
v 0.393346 2.358132 0.565393
v 0.458425 2.360842 0.561424
v 0.527677 2.359087 0.538403
v 0.605961 2.359271 0.524265
v 0.671741 2.362953 0.517381
v 0.739015 2.361791 0.489014
v 0.813753 2.361649 0.465822
v 0.885862 2.362343 0.442943
v -0.894315 2.399045 0.442795
v -0.821490 2.397704 0.465234
v -0.745649 2.397167 0.488297
v -0.678079 2.396150 0.517357
v -0.612252 2.393060 0.523030
v -0.532465 2.392955 0.536728
v -0.462695 2.392782 0.560635
v -0.397577 2.390547 0.563780
v -0.318637 2.390159 0.569517
v -0.245053 2.390783 0.588491
v -0.176593 2.390192 0.594522
v -0.101190 2.390380 0.602439
v -0.031298 2.391137 0.614717
v 0.031298 2.391137 0.614717
v 0.101190 2.390380 0.602439
v 0.176593 2.390192 0.594522
v 0.245053 2.390783 0.588491
v 0.318637 2.390159 0.569517
v 0.397577 2.390547 0.563780
v 0.462695 2.392782 0.560635
v 0.532465 2.392955 0.536728
v 0.612252 2.393060 0.523030
v 0.678079 2.396150 0.517357
v 0.745649 2.397167 0.488297
v 0.821490 2.397704 0.465234
v 0.894315 2.399045 0.442795
v -0.903065 2.435681 0.442557
v -0.829563 2.433712 0.464134
v -0.752961 2.432518 0.486432
v -0.684782 2.429936 0.515068
v -0.618336 2.427141 0.520158
v -0.537777 2.426907 0.533220
v -0.467345 2.425390 0.556972
v -0.401540 2.423420 0.559764
v -0.321879 2.423186 0.565054
v -0.247600 2.422670 0.584047
v -0.178420 2.421816 0.589998
v -0.102317 2.421608 0.597884
v -0.031697 2.421375 0.610360
v 0.031697 2.421375 0.610360
v 0.102317 2.421608 0.597884
v 0.178420 2.421816 0.589998
v 0.247600 2.422670 0.584047
v 0.321879 2.423186 0.565054
v 0.401540 2.423420 0.559764
v 0.467345 2.425390 0.556972
v 0.537777 2.426907 0.533220
v 0.618336 2.427141 0.520158
v 0.684782 2.429936 0.515068
v 0.752961 2.432518 0.486432
v 0.829563 2.433712 0.464134
v 0.903065 2.435681 0.442557
v -0.912100 2.472256 0.442248
v -0.837921 2.469698 0.462574
v -0.760590 2.467976 0.483712
v -0.691743 2.464745 0.511499
v -0.624567 2.461625 0.515894
v -0.543341 2.461081 0.528082
v -0.472192 2.459108 0.551294
v -0.405574 2.456960 0.553691
v -0.325292 2.456575 0.558450
v -0.250319 2.455776 0.577122
v -0.180345 2.454781 0.582892
v -0.103578 2.454467 0.590601
v -0.032177 2.454064 0.603054
v 0.032177 2.454064 0.603054
v 0.103578 2.454467 0.590601
v 0.180345 2.454781 0.582892
v 0.250319 2.455776 0.577122
v 0.325292 2.456575 0.558450
v 0.405574 2.456960 0.553691
v 0.472192 2.459108 0.551294
v 0.543341 2.461081 0.528082
v 0.624567 2.461625 0.515894
v 0.691743 2.464745 0.511499
v 0.760590 2.467976 0.483712
v 0.837921 2.469698 0.462574
v 0.912100 2.472256 0.442248
v -0.921402 2.508773 0.441889
v -0.846538 2.505682 0.460609
v -0.768451 2.503504 0.480256
v -0.698921 2.499834 0.506920
v -0.630992 2.496352 0.510383
v -0.549077 2.495506 0.521452
v -0.477186 2.493277 0.543915
v -0.409725 2.490939 0.545755
v -0.328809 2.490383 0.549840
v -0.253116 2.489467 0.568051
v -0.182324 2.488384 0.573547
v -0.104874 2.488022 0.581011
v -0.032669 2.487591 0.593387
v 0.032669 2.487591 0.593387
v 0.104874 2.488022 0.581011
v 0.182324 2.488384 0.573547
v 0.253116 2.489467 0.568051
v 0.328809 2.490383 0.549840
v 0.409725 2.490939 0.545755
v 0.477186 2.493277 0.543915
v 0.549077 2.495506 0.521452
v 0.630992 2.496352 0.510383
v 0.698921 2.499834 0.506920
v 0.768451 2.503504 0.480256
v 0.846538 2.505682 0.460609
v 0.921402 2.508773 0.441889
v -0.930945 2.545238 0.441506
v -0.855388 2.541689 0.458305
v -0.776520 2.539123 0.476162
v -0.706287 2.535094 0.501456
v -0.637577 2.531337 0.503757
v -0.554953 2.530238 0.513480
v -0.482296 2.527821 0.535004
v -0.413969 2.525363 0.536119
v -0.332398 2.524668 0.539389
v -0.255968 2.523670 0.557024
v -0.184340 2.522534 0.562156
v -0.106189 2.522141 0.569318
v -0.033165 2.521694 0.581586
v 0.033165 2.521694 0.581586
v 0.106189 2.522141 0.569318
v 0.184340 2.522534 0.562156
v 0.255968 2.523670 0.557024
v 0.332398 2.524668 0.539389
v 0.413969 2.525363 0.536119
v 0.482296 2.527821 0.535004
v 0.554953 2.530238 0.513480
v 0.637577 2.531337 0.503757
v 0.706287 2.535094 0.501456
v 0.776520 2.539123 0.476162
v 0.855388 2.541689 0.458305
v 0.930945 2.545238 0.441506
v -0.940694 2.581658 0.441126
v -0.864436 2.577741 0.455737
v -0.784766 2.574870 0.471543
v -0.713804 2.570576 0.495247
v -0.644285 2.566633 0.496175
v -0.560933 2.565335 0.504351
v -0.487487 2.562796 0.524759
v -0.418278 2.560277 0.524990
v -0.336032 2.559476 0.527317
v -0.258847 2.558426 0.544272
v -0.186375 2.557268 0.548956
v -0.107505 2.556854 0.555763
v -0.033656 2.556403 0.567893
v 0.033656 2.556403 0.567893
v 0.107505 2.556854 0.555763
v 0.186375 2.557268 0.548956
v 0.258847 2.558426 0.544272
v 0.336032 2.559476 0.527317
v 0.418278 2.560277 0.524990
v 0.487487 2.562796 0.524759
v 0.560933 2.565335 0.504351
v 0.644285 2.566633 0.496175
v 0.713804 2.570576 0.495247
v 0.784766 2.574870 0.471543
v 0.864436 2.577741 0.455737
v 0.940694 2.581658 0.441126
v -0.950606 2.618042 0.440775
v -0.873637 2.613868 0.452987
v -0.793148 2.610786 0.466530
v -0.721430 2.606328 0.488454
v -0.651077 2.602290 0.487824
v -0.566980 2.600847 0.494285
v -0.492726 2.598247 0.513423
v -0.422632 2.595719 0.512628
v -0.339685 2.594842 0.513906
v -0.261730 2.593766 0.530091
v -0.188414 2.592608 0.534251
v -0.108809 2.592183 0.540660
v -0.034135 2.591737 0.552625
v 0.034135 2.591737 0.552625
v 0.108809 2.592183 0.540660
v 0.188414 2.592608 0.534251
v 0.261730 2.593766 0.530091
v 0.339685 2.594842 0.513906
v 0.422632 2.595719 0.512628
v 0.492726 2.598247 0.513423
v 0.566980 2.600847 0.494285
v 0.651077 2.602290 0.487824
v 0.721430 2.606328 0.488454
v 0.793148 2.610786 0.466530
v 0.873637 2.613868 0.452987
v 0.950606 2.618042 0.440775
v -0.960624 2.654403 0.440477
v -0.882937 2.650098 0.450143
v -0.801621 2.646916 0.461266
v -0.729120 2.642403 0.481265
v -0.657913 2.638359 0.478925
v -0.573056 2.636833 0.483545
v -0.497984 2.634228 0.501287
v -0.427008 2.631733 0.499351
v -0.343336 2.630810 0.499499
v -0.264598 2.629728 0.514843
v -0.190447 2.628587 0.518418
v -0.110087 2.628158 0.524397
v -0.034593 2.627722 0.536174
v 0.034593 2.627722 0.536174
v 0.110087 2.628158 0.524397
v 0.190447 2.628587 0.518418
v 0.264598 2.629728 0.514843
v 0.343336 2.630810 0.499499
v 0.427008 2.631733 0.499351
v 0.497984 2.634228 0.501287
v 0.573056 2.636833 0.483545
v 0.657913 2.638359 0.478925
v 0.729120 2.642403 0.481265
v 0.801621 2.646916 0.461266
v 0.882937 2.650098 0.450143
v 0.960624 2.654403 0.440477
v -0.970682 2.690756 0.440247
v -0.892272 2.686471 0.447298
v -0.810131 2.683017 0.455945
v -0.736867 2.676175 0.474442
v -0.664749 2.674222 0.469913
v -0.579129 2.673206 0.472482
v -0.503288 2.668603 0.489471
v -0.431377 2.667508 0.485877
v -0.346968 2.667334 0.484549
v -0.267526 2.664412 0.499825
v -0.192509 2.663195 0.502876
v -0.111464 2.662214 0.508701
v -0.035184 2.660242 0.521141
v 0.035184 2.660242 0.521141
v 0.111464 2.662214 0.508701
v 0.192509 2.663195 0.502876
v 0.267526 2.664412 0.499825
v 0.346968 2.667334 0.484549
v 0.431377 2.667508 0.485877
v 0.503288 2.668603 0.489471
v 0.579129 2.673206 0.472482
v 0.664749 2.674222 0.469913
v 0.736867 2.676175 0.474442
v 0.810131 2.683017 0.455945
v 0.892272 2.686471 0.447298
v 0.970682 2.690756 0.440247
v -0.980696 2.727118 0.440095
v -0.901707 2.723018 0.444543
v -0.819918 2.718970 0.450241
v -0.744779 2.708321 0.464886
v -0.670322 2.710288 0.460059
v -0.585997 2.710035 0.461182
v -0.508946 2.702002 0.475138
v -0.434635 2.703443 0.471192
v -0.351212 2.704573 0.469319
v -0.271548 2.698361 0.482246
v -0.194989 2.697096 0.484622
v -0.114145 2.695199 0.489493
v -0.036750 2.691114 0.500615
v 0.036750 2.691114 0.500615
v 0.114145 2.695199 0.489493
v 0.194989 2.697096 0.484622
v 0.271548 2.698361 0.482246
v 0.351212 2.704573 0.469319
v 0.434635 2.703443 0.471192
v 0.508946 2.702002 0.475138
v 0.585997 2.710035 0.461182
v 0.670322 2.710288 0.460059
v 0.744779 2.708321 0.464886
v 0.819918 2.718970 0.450241
v 0.901707 2.723018 0.444543
v 0.980696 2.727118 0.440095
v -0.990558 2.763513 0.440018
v -0.911117 2.759972 0.442014
v -0.830706 2.756063 0.444518
v -0.752627 2.746206 0.451244
v -0.674779 2.749034 0.449299
v -0.593477 2.748613 0.450001
v -0.514728 2.740739 0.456676
v -0.436946 2.742767 0.454935
v -0.355946 2.743901 0.454193
v -0.276271 2.737429 0.460465
v -0.197701 2.736307 0.461725
v -0.117603 2.734261 0.464156
v -0.038736 2.729925 0.469778
v 0.038736 2.729925 0.469778
v 0.117603 2.734261 0.464156
v 0.197701 2.736307 0.461725
v 0.276271 2.737429 0.460465
v 0.355946 2.743901 0.454193
v 0.436946 2.742767 0.454935
v 0.514728 2.740739 0.456676
v 0.593477 2.748613 0.450001
v 0.674779 2.749034 0.449299
v 0.752627 2.746206 0.451244
v 0.830706 2.756063 0.444518
v 0.911117 2.759972 0.442014
v 0.990558 2.763513 0.440018
v -1.000000 2.800000 0.440000
v -0.920000 2.796894 0.440080
v -0.840000 2.793459 0.440358
v -0.760000 2.786087 0.441635
v -0.680000 2.787861 0.441241
v -0.600000 2.786988 0.441428
v -0.520000 2.780977 0.443096
v -0.440000 2.782321 0.442664
v -0.360000 2.782827 0.442510
v -0.280000 2.777837 0.444243
v -0.200000 2.776894 0.444628
v -0.120000 2.775210 0.445361
v -0.040000 2.771686 0.447101
v 0.040000 2.771686 0.447101
v 0.120000 2.775210 0.445361
v 0.200000 2.776894 0.444628
v 0.280000 2.777837 0.444243
v 0.360000 2.782827 0.442510
v 0.440000 2.782321 0.442664
v 0.520000 2.780977 0.443096
v 0.600000 2.786988 0.441428
v 0.680000 2.787861 0.441241
v 0.760000 2.786087 0.441635
v 0.840000 2.793459 0.440358
v 0.920000 2.796894 0.440080
v 1.000000 2.800000 0.440000
vn -0.591487 -0.733774 -0.334245
vn 0.015061 -0.997650 -0.066837
vn 0.003628 -0.782814 0.622246
vn 0.003199 -0.807574 0.589757
vn 0.002779 -0.828389 0.560146
vn 0.002374 -0.845680 0.533685
vn 0.001988 -0.859846 0.510549
vn 0.001621 -0.871249 0.490839
vn 0.001273 -0.880199 0.474603
vn 0.000940 -0.886953 0.461858
vn 0.000620 -0.891713 0.452601
vn 0.000308 -0.894622 0.446823
vn 0.000000 -0.895772 0.444514
vn -0.000309 -0.895197 0.445670
vn -0.000623 -0.892880 0.450294
vn -0.000947 -0.888749 0.458394
vn -0.001283 -0.882677 0.469978
vn -0.001637 -0.874483 0.485054
vn -0.002009 -0.863928 0.503611
vn -0.002400 -0.850719 0.525615
vn -0.002809 -0.834512 0.550983
vn -0.003231 -0.814917 0.579568
vn -0.003659 -0.791520 0.611133
vn -0.014738 -0.996431 -0.083112
vn -0.018100 -0.669237 -0.742828
vn 0.624239 -0.425998 -0.654867
vn -0.979363 -0.197526 -0.042797
vn -0.038137 -0.093233 0.994914
vn -0.026213 -0.117999 0.992668
vn -0.023505 -0.164486 0.986099
vn -0.020809 -0.205392 0.978459
vn -0.018146 -0.240854 0.970392
vn -0.015530 -0.271095 0.962427
vn -0.012965 -0.296374 0.954984
vn -0.010451 -0.316956 0.948383
vn -0.007983 -0.333083 0.942864
vn -0.005553 -0.344962 0.938600
vn -0.003151 -0.352753 0.935711
vn -0.000766 -0.356565 0.934270
vn 0.001614 -0.356450 0.934313
vn 0.004002 -0.352403 0.935840
vn 0.006408 -0.344363 0.938815
vn 0.008844 -0.332214 0.943162
vn 0.011319 -0.315787 0.948762
vn 0.013842 -0.294868 0.955438
vn 0.016417 -0.269208 0.962942
vn 0.019043 -0.238540 0.970946
vn 0.021716 -0.202607 0.979019
vn 0.024420 -0.161197 0.986620
vn 0.036284 -0.141746 0.989238
vn -0.019641 0.038584 -0.999062
vn 0.665089 -0.114628 -0.737914
vn -0.745979 -0.163353 0.645624
vn -0.063105 -0.080439 0.994760
vn -0.057212 -0.139745 0.988533
vn -0.051265 -0.192448 0.979967
vn -0.045351 -0.238548 0.970071
vn -0.039528 -0.278253 0.959694
vn -0.033827 -0.311890 0.949516
vn -0.028261 -0.339835 0.940060
vn -0.022828 -0.362465 0.931718
vn -0.017515 -0.380123 0.924770
vn -0.012301 -0.393099 0.919414
vn -0.007161 -0.401614 0.915781
vn -0.002064 -0.405820 0.913951
vn 0.003017 -0.405791 0.913961
vn 0.008116 -0.401527 0.915811
vn 0.013261 -0.392948 0.919465
vn 0.018481 -0.379901 0.924842
vn 0.023802 -0.362161 0.931812
vn 0.029244 -0.339435 0.940175
vn 0.034820 -0.311377 0.949648
vn 0.040533 -0.277610 0.959838
vn 0.046368 -0.237757 0.970217
vn 0.052292 -0.191494 0.980100
vn 0.058247 -0.138621 0.988631
vn 0.074279 -0.103183 0.991885
vn 0.978203 -0.191218 -0.080967
vn -0.770172 -0.168825 0.615088
vn -0.099461 -0.089718 0.990988
vn -0.090183 -0.150186 0.984536
vn -0.080816 -0.203858 0.975659
vn -0.071501 -0.250740 0.965410
vn -0.062331 -0.291058 0.954673
vn -0.053361 -0.325164 0.944151
vn -0.044610 -0.353460 0.934385
vn -0.036074 -0.376348 0.925776
vn -0.027731 -0.394192 0.918610
vn -0.019549 -0.407298 0.913086
vn -0.011486 -0.415902 0.909337
vn -0.003496 -0.420162 0.907442
vn 0.004471 -0.420160 0.907439
vn 0.012462 -0.415895 0.909327
vn 0.020528 -0.407287 0.913069
vn 0.028715 -0.394175 0.918586
vn 0.037063 -0.376324 0.925746
vn 0.045606 -0.353426 0.934350
vn 0.054364 -0.325118 0.944110
vn 0.063342 -0.290998 0.954624
vn 0.072519 -0.250663 0.965354
vn 0.081841 -0.203763 0.975594
vn 0.091213 -0.150072 0.984458
vn 0.100494 -0.089589 0.990896
vn 0.762296 -0.166883 0.625344
vn -0.792542 -0.173852 0.584510
vn -0.135367 -0.095874 0.986146
vn -0.122833 -0.154683 0.980299
vn -0.110172 -0.206952 0.972128
vn -0.097568 -0.252678 0.962618
vn -0.085142 -0.292068 0.952600
vn -0.072966 -0.325444 0.942742
vn -0.061068 -0.353178 0.933561
vn -0.049444 -0.375643 0.925445
vn -0.038068 -0.393179 0.918673
vn -0.026899 -0.406075 0.913444
vn -0.015884 -0.414551 0.909887
vn -0.004963 -0.418759 0.908084
vn 0.005926 -0.418775 0.908071
vn 0.016847 -0.414600 0.909848
vn 0.027863 -0.406159 0.913377
vn 0.039033 -0.393303 0.918580
vn 0.050410 -0.375810 0.925325
vn 0.062035 -0.353396 0.933415
vn 0.073934 -0.325721 0.942571
vn 0.086110 -0.292413 0.952407
vn 0.098536 -0.253100 0.962409
vn 0.111139 -0.207458 0.971910
vn 0.123800 -0.155280 0.980083
vn 0.136335 -0.096560 0.985946
vn 0.785244 -0.172667 0.594624
vn -0.812397 -0.178264 0.555187
vn -0.169320 -0.099295 0.980546
vn -0.153848 -0.154378 0.975960
vn -0.138211 -0.203497 0.969271
vn -0.122610 -0.246635 0.961321
vn -0.107184 -0.283948 0.952830
vn -0.092014 -0.315691 0.944390
vn -0.077138 -0.342169 0.936467
vn -0.062555 -0.363690 0.929417
vn -0.048242 -0.380540 0.923505
vn -0.034155 -0.392962 0.918920
vn -0.020238 -0.401146 0.915790
vn -0.006425 -0.405221 0.914196
vn 0.007352 -0.405254 0.914174
vn 0.021164 -0.401247 0.915726
vn 0.035079 -0.393134 0.918812
vn 0.049162 -0.380791 0.923353
vn 0.063470 -0.364030 0.929222
vn 0.078046 -0.342610 0.936230
vn 0.092914 -0.316249 0.944115
vn 0.108075 -0.284639 0.952523
vn 0.123492 -0.247476 0.960992
vn 0.139083 -0.204502 0.968935
vn 0.154713 -0.155555 0.975636
vn 0.170181 -0.100642 0.980260
vn 0.805888 -0.177764 0.564752
vn -0.829388 -0.181967 0.528208
vn -0.200241 -0.100175 0.974612
vn -0.182272 -0.149862 0.971760
vn -0.164096 -0.194383 0.967103
vn -0.145908 -0.233701 0.961299
vn -0.127846 -0.267910 0.954924
vn -0.109999 -0.297183 0.948463
vn -0.092410 -0.321735 0.942309
vn -0.075087 -0.341790 0.936772
vn -0.058014 -0.357560 0.932087
vn -0.041152 -0.369228 0.928427
vn -0.024450 -0.376940 0.925915
vn -0.007849 -0.380796 0.924626
vn 0.008717 -0.380847 0.924597
vn 0.025316 -0.377096 0.925828
vn 0.042011 -0.369494 0.928283
vn 0.058864 -0.357944 0.931886
vn 0.075926 -0.342306 0.936516
vn 0.093234 -0.322399 0.942001
vn 0.110807 -0.298014 0.948108
vn 0.128635 -0.268928 0.954532
vn 0.146678 -0.234926 0.960883
vn 0.164848 -0.195830 0.966683
vn 0.183011 -0.151541 0.971361
vn 0.200972 -0.102081 0.974264
vn 0.823770 -0.182096 0.536884
vn -0.843398 -0.184924 0.504462
vn -0.227398 -0.098781 0.968779
vn -0.207745 -0.142673 0.967722
vn -0.186766 -0.182101 0.965379
vn -0.166748 -0.215099 0.962251
vn -0.146942 -0.245618 0.958165
vn -0.126143 -0.272440 0.953868
vn -0.106320 -0.293228 0.950112
vn -0.087080 -0.311399 0.946281
vn -0.067114 -0.326964 0.942651
vn -0.047800 -0.337854 0.939984
vn -0.028746 -0.345901 0.937830
vn -0.009188 -0.350622 0.936472
vn 0.010329 -0.350095 0.936657
vn 0.029294 -0.345300 0.938035
vn 0.048473 -0.337956 0.939913
vn 0.068237 -0.326806 0.942625
vn 0.087300 -0.311683 0.946167
vn 0.106918 -0.294810 0.949556
vn 0.127468 -0.273347 0.953432
vn 0.147159 -0.246390 0.957933
vn 0.167122 -0.217442 0.961660
vn 0.188103 -0.183917 0.964776
vn 0.208024 -0.143893 0.967482
vn 0.227942 -0.101063 0.968416
vn 0.838703 -0.185621 0.511978
vn -0.854460 -0.187137 0.484642
vn -0.250560 -0.095733 0.963356
vn -0.232371 -0.138047 0.962781
vn -0.203848 -0.176625 0.962938
vn -0.183216 -0.194661 0.963607
vn -0.166330 -0.221871 0.960785
vn -0.138716 -0.251098 0.957971
vn -0.116800 -0.261241 0.958181
vn -0.100514 -0.276910 0.955624
vn -0.076019 -0.299910 0.950934
vn -0.054675 -0.312023 0.948500
vn -0.035653 -0.325999 0.944697
vn -0.011058 -0.339032 0.940710
vn 0.014589 -0.335443 0.941947
vn 0.034455 -0.321206 0.946382
vn 0.054533 -0.310813 0.948905
vn 0.079568 -0.296263 0.951786
vn 0.096906 -0.275088 0.956523
vn 0.116468 -0.266630 0.956736
vn 0.144311 -0.251289 0.957094
vn 0.163216 -0.219909 0.961769
vn 0.181633 -0.201153 0.962573
vn 0.210005 -0.178762 0.961219
vn 0.230266 -0.134974 0.963722
vn 0.250648 -0.097883 0.963117
vn 0.850679 -0.188337 0.490790
vn -0.862684 -0.188633 0.469249
vn -0.269765 -0.090699 0.958645
vn -0.259563 -0.131124 0.956783
vn -0.216566 -0.173981 0.960640
vn -0.190479 -0.174691 0.966023
vn -0.187964 -0.193586 0.962909
vn -0.149608 -0.229387 0.961769
vn -0.119410 -0.227881 0.966339
vn -0.116855 -0.235810 0.964748
vn -0.089234 -0.270101 0.958688
vn -0.063208 -0.286594 0.955965
vn -0.049790 -0.307727 0.950171
vn -0.017440 -0.334967 0.942068
vn 0.024714 -0.332077 0.942928
vn 0.045966 -0.303867 0.951605
vn 0.061869 -0.285726 0.956312
vn 0.096381 -0.267451 0.958739
vn 0.107366 -0.234258 0.966228
vn 0.117948 -0.232656 0.965381
vn 0.161615 -0.230603 0.959533
vn 0.179763 -0.191980 0.964795
vn 0.186279 -0.180202 0.965830
vn 0.229902 -0.177493 0.956891
vn 0.253835 -0.128876 0.958623
vn 0.269233 -0.093199 0.958555
vn 0.859786 -0.190271 0.473883
vn -0.868202 -0.189454 0.458620
vn -0.284534 -0.083741 0.955001
vn -0.286895 -0.119789 0.950443
vn -0.227422 -0.161671 0.960282
vn -0.188237 -0.147114 0.971043
vn -0.209267 -0.158412 0.964942
vn -0.160875 -0.196481 0.967220
vn -0.114218 -0.184663 0.976142
vn -0.133483 -0.185563 0.973524
vn -0.107542 -0.226687 0.968012
vn -0.072998 -0.245562 0.966628
vn -0.069894 -0.270997 0.960039
vn -0.029355 -0.308471 0.950781
vn 0.039061 -0.306862 0.950952
vn 0.064271 -0.268941 0.961010
vn 0.070805 -0.245361 0.966843
vn 0.116889 -0.225935 0.967104
vn 0.120124 -0.184797 0.975408
vn 0.111986 -0.187957 0.975772
vn 0.176854 -0.198931 0.963924
vn 0.197837 -0.157833 0.967445
vn 0.182308 -0.150788 0.971610
vn 0.245104 -0.166365 0.955116
vn 0.278984 -0.119380 0.952847
vn 0.283574 -0.086645 0.955028
vn 0.866155 -0.191461 0.461648
vn -0.871136 -0.189640 0.452944
vn -0.294428 -0.075023 0.952724
vn -0.311108 -0.103936 0.944674
vn -0.235919 -0.138229 0.961891
vn -0.178747 -0.111399 0.977568
vn -0.227654 -0.116744 0.966718
vn -0.171450 -0.151233 0.973516
vn -0.103391 -0.131005 0.985976
vn -0.148099 -0.126808 0.980809
vn -0.128028 -0.168466 0.977358
vn -0.082766 -0.186596 0.978944
vn -0.092616 -0.212618 0.972736
vn -0.044736 -0.254539 0.966027
vn 0.055185 -0.254386 0.965527
vn 0.086270 -0.212559 0.973332
vn 0.080172 -0.187145 0.979055
vn 0.137835 -0.169807 0.975791
vn 0.133494 -0.126964 0.982883
vn 0.100814 -0.132645 0.986023
vn 0.188434 -0.154815 0.969807
vn 0.215273 -0.117359 0.969476
vn 0.172161 -0.113208 0.978542
vn 0.254674 -0.143766 0.956281
vn 0.302644 -0.105510 0.947246
vn 0.293263 -0.078289 0.952821
vn 0.869913 -0.191952 0.454320
vn -0.871570 -0.189232 0.452280
vn -0.299109 -0.064718 0.952022
vn -0.329399 -0.083666 0.940476
vn -0.241391 -0.104014 0.964837
vn -0.164568 -0.068579 0.983979
vn -0.240868 -0.069471 0.968068
vn -0.179967 -0.094327 0.979140
vn -0.089429 -0.068279 0.993650
vn -0.158645 -0.061071 0.985445
vn -0.147225 -0.096301 0.984404
vn -0.091005 -0.110164 0.989738
vn -0.114117 -0.132479 0.984595
vn -0.060978 -0.171720 0.983257
vn 0.070372 -0.173394 0.982335
vn 0.108183 -0.134740 0.984958
vn 0.088487 -0.111552 0.989811
vn 0.155817 -0.099877 0.982724
vn 0.145401 -0.062324 0.987408
vn 0.086948 -0.068089 0.993883
vn 0.195096 -0.098834 0.975792
vn 0.229671 -0.071488 0.970639
vn 0.158431 -0.068497 0.984991
vn 0.258168 -0.110012 0.959816
vn 0.321779 -0.087381 0.942774
vn 0.297945 -0.068300 0.952136
vn 0.871158 -0.191786 0.451997
vn -0.869542 -0.188259 0.456569
vn -0.298315 -0.053002 0.952995
vn -0.339351 -0.059020 0.938807
vn -0.243544 -0.059471 0.968065
vn -0.148449 -0.019976 0.988718
vn -0.246928 -0.017598 0.968874
vn -0.185306 -0.026910 0.982312
vn -0.075052 0.001482 0.997179
vn -0.163297 0.009646 0.986530
vn -0.161684 -0.011966 0.986770
vn -0.096083 -0.017901 0.995212
vn -0.130120 -0.031784 0.990989
vn -0.075075 -0.059662 0.995391
vn 0.081481 -0.063449 0.994653
vn 0.125818 -0.036601 0.991378
vn 0.094150 -0.020154 0.995354
vn 0.167490 -0.017678 0.985715
vn 0.153935 0.007103 0.988055
vn 0.073131 0.003594 0.997316
vn 0.195815 -0.031924 0.980121
vn 0.238927 -0.021260 0.970805
vn 0.143914 -0.018031 0.989426
vn 0.255387 -0.065377 0.964626
vn 0.333805 -0.065057 0.940394
vn 0.297349 -0.056853 0.953075
vn 0.869945 -0.190995 0.454660
vn -0.865046 -0.186745 0.465642
vn -0.291880 -0.040171 0.955611
vn -0.339007 -0.031089 0.940270
vn -0.241950 -0.007422 0.970260
vn -0.133283 0.032177 0.990556
vn -0.244464 0.036735 0.968962
vn -0.186322 0.047068 0.981361
vn -0.063007 0.074825 0.995204
vn -0.160948 0.081965 0.983554
vn -0.168234 0.078934 0.982582
vn -0.096582 0.083630 0.991805
vn -0.136631 0.081325 0.987278
vn -0.083643 0.071977 0.993893
vn 0.085566 0.067121 0.994069
vn 0.134921 0.075181 0.988000
vn 0.095628 0.080979 0.992118
vn 0.170158 0.072422 0.982752
vn 0.157296 0.078496 0.984427
vn 0.062007 0.077955 0.995027
vn 0.190162 0.042439 0.980835
vn 0.241146 0.031844 0.969966
vn 0.131251 0.034978 0.990732
vn 0.246592 -0.012406 0.969040
vn 0.336457 -0.038693 0.940903
vn 0.291264 -0.044134 0.955624
vn 0.866283 -0.189604 0.462174
vn -0.858044 -0.184701 0.479213
vn -0.280050 -0.027110 0.959602
vn -0.329200 -0.007020 0.944234
vn -0.234331 0.036847 0.971458
vn -0.120725 0.081357 0.989347
vn -0.235166 0.085856 0.968156
vn -0.181010 0.111350 0.977157
vn -0.054355 0.142824 0.988254
vn -0.153745 0.147231 0.977080
vn -0.165610 0.155954 0.973782
vn -0.092959 0.169569 0.981124
vn -0.134367 0.173188 0.975680
vn -0.084713 0.176815 0.980592
vn 0.083837 0.175844 0.980842
vn 0.134120 0.171986 0.975926
vn 0.092562 0.168633 0.981323
vn 0.164968 0.154015 0.974200
vn 0.153597 0.145844 0.977311
vn 0.053933 0.142096 0.988383
vn 0.180519 0.108930 0.977521
vn 0.234733 0.083515 0.968466
vn 0.120305 0.079822 0.989523
vn 0.234308 0.033600 0.971582
vn 0.328539 -0.010608 0.944431
vn 0.279627 -0.030466 0.959625
vn 0.860143 -0.187626 0.474290
vn -0.848493 -0.182137 0.496876
vn -0.263528 -0.013829 0.964553
vn -0.314239 0.014924 0.949227
vn -0.220664 0.068834 0.972918
vn -0.107336 0.120343 0.986913
vn -0.222550 0.129508 0.966281
vn -0.170509 0.161594 0.972016
vn -0.045651 0.197383 0.979263
vn -0.144881 0.204123 0.968165
vn -0.158276 0.216544 0.963357
vn -0.087659 0.233248 0.968458
vn -0.129558 0.238478 0.962467
vn -0.082549 0.244541 0.966119
vn 0.081173 0.244353 0.966283
vn 0.129396 0.238255 0.962544
vn 0.087234 0.232733 0.968621
vn 0.157142 0.215655 0.963742
vn 0.145127 0.203264 0.968309
vn 0.045207 0.196108 0.979540
vn 0.169293 0.159863 0.972514
vn 0.222397 0.127868 0.966535
vn 0.107040 0.118207 0.987203
vn 0.219946 0.066174 0.973265
vn 0.313692 0.012377 0.949444
vn 0.263032 -0.016817 0.964640
vn 0.851481 -0.185072 0.490640
vn -0.836367 -0.179062 0.518099
vn -0.242712 -0.000581 0.970098
vn -0.295378 0.035766 0.954711
vn -0.203148 0.096914 0.974340
vn -0.091060 0.154583 0.983774
vn -0.207145 0.168780 0.963641
vn -0.157238 0.205088 0.966030
vn -0.035236 0.244163 0.969094
vn -0.134466 0.253781 0.957869
vn -0.149237 0.268167 0.951743
vn -0.081421 0.286403 0.954643
vn -0.124033 0.292446 0.948204
vn -0.079815 0.299032 0.950899
vn 0.078337 0.298904 0.951062
vn 0.123771 0.292283 0.948289
vn 0.080893 0.286008 0.954807
vn 0.147992 0.267502 0.952124
vn 0.134614 0.253079 0.958034
vn 0.034684 0.243134 0.969372
vn 0.155900 0.203722 0.966536
vn 0.206877 0.167400 0.963939
vn 0.090655 0.152770 0.984095
vn 0.202350 0.094658 0.974728
vn 0.294683 0.033555 0.955006
vn 0.242105 -0.003198 0.970245
vn 0.840264 -0.181951 0.510736
vn -0.821700 -0.175498 0.542226
vn -0.218037 0.012271 0.975863
vn -0.273062 0.055087 0.960418
vn -0.182589 0.122050 0.975585
vn -0.072120 0.184515 0.980180
vn -0.189418 0.202954 0.960693
vn -0.142026 0.242338 0.959740
vn -0.023285 0.283576 0.958667
vn -0.122845 0.295527 0.947403
vn -0.139268 0.311306 0.940050
vn -0.074561 0.330471 0.940866
vn -0.118183 0.337087 0.934026
vn -0.076962 0.343959 0.935825
vn 0.075450 0.343882 0.935977
vn 0.117823 0.336979 0.934111
vn 0.073946 0.330190 0.941014
vn 0.137961 0.310849 0.940393
vn 0.122881 0.294987 0.947567
vn 0.022643 0.282793 0.958914
vn 0.140596 0.241335 0.960203
vn 0.189048 0.201858 0.960997
vn 0.071624 0.183062 0.980489
vn 0.181677 0.120259 0.975977
vn 0.272247 0.053277 0.960751
vn 0.217326 0.010107 0.976047
vn 0.826502 -0.178277 0.533959
vn -0.804630 -0.171483 0.568475
vn -0.190080 0.024324 0.981467
vn -0.247817 0.072261 0.966108
vn -0.159558 0.143456 0.976710
vn -0.051134 0.209273 0.976519
vn -0.169973 0.231083 0.957972
vn -0.125408 0.272449 0.953963
vn -0.010215 0.314843 0.949089
vn -0.110485 0.328594 0.937987
vn -0.128799 0.345264 0.929625
vn -0.067368 0.364864 0.928621
vn -0.112303 0.371848 0.921476
vn -0.074155 0.378817 0.922496
vn 0.072667 0.378782 0.922629
vn 0.111851 0.371787 0.921555
vn 0.066685 0.364682 0.928741
vn 0.127480 0.344987 0.929910
vn 0.110398 0.328211 0.938131
vn 0.009504 0.314296 0.949278
vn 0.123923 0.271792 0.954344
vn 0.169513 0.230287 0.958245
vn 0.050569 0.208203 0.976777
vn 0.158513 0.142174 0.977067
vn 0.246914 0.070912 0.966439
vn 0.189279 0.022692 0.981661
vn 0.810294 -0.174081 0.559570
vn -0.785440 -0.167092 0.595957
vn -0.159577 0.035130 0.986560
vn -0.220300 0.086617 0.971579
vn -0.134708 0.160349 0.977825
vn -0.028750 0.228047 0.973226
vn -0.149426 0.252296 0.956043
vn -0.107908 0.294641 0.949496
vn 0.003593 0.337337 0.941377
vn -0.097805 0.352377 0.930733
vn -0.118211 0.369520 0.921673
vn -0.060090 0.389174 0.919202
vn -0.106639 0.396362 0.911880
vn -0.071530 0.403292 0.912271
vn 0.070116 0.403291 0.912382
vn 0.106101 0.396343 0.911951
vn 0.059354 0.389080 0.919290
vn 0.116924 0.369397 0.921886
vn 0.097588 0.352149 0.930842
vn -0.004350 0.337015 0.941489
vn 0.106413 0.294306 0.949768
vn 0.148893 0.251812 0.956254
vn 0.028141 0.227382 0.973399
vn 0.133527 0.159610 0.978108
vn 0.219349 0.085787 0.971868
vn 0.158706 0.034109 0.986737
vn 0.791872 -0.169422 0.586715
vn -0.764601 -0.162441 0.623697
vn -0.127432 0.044177 0.990863
vn -0.191308 0.097400 0.976685
vn -0.108767 0.171875 0.979096
vn -0.005635 0.239973 0.970763
vn -0.128398 0.265643 0.955483
vn -0.090028 0.308046 0.947102
vn 0.017793 0.350332 0.936457
vn -0.085171 0.366156 0.926648
vn -0.107827 0.383411 0.917262
vn -0.052930 0.402839 0.913739
vn -0.101392 0.410098 0.906388
vn -0.069200 0.416893 0.906318
vn 0.067903 0.416919 0.906404
vn 0.100777 0.410115 0.906449
vn 0.052158 0.402827 0.913789
vn 0.106614 0.383427 0.917397
vn 0.084820 0.366086 0.926707
vn -0.018576 0.350234 0.936478
vn 0.088573 0.308022 0.947247
vn 0.127808 0.265496 0.955603
vn 0.005009 0.239746 0.970823
vn 0.107468 0.171717 0.979267
vn 0.190351 0.097161 0.976896
vn 0.126521 0.043857 0.990994
vn 0.771641 -0.164393 0.614447
vn -0.742817 -0.157709 0.650654
vn -0.093922 0.052679 0.994185
vn -0.154902 0.123149 0.980224
vn -0.087567 0.209595 0.973859
vn 0.016038 0.252229 0.967535
vn -0.100693 0.284866 0.953264
vn -0.075558 0.340206 0.937310
vn 0.029658 0.362866 0.931369
vn -0.066246 0.381487 0.921998
vn -0.096373 0.418906 0.902901
vn -0.043214 0.441955 0.895996
vn -0.088498 0.463357 0.881742
vn -0.065671 0.485752 0.871626
vn 0.058505 0.477876 0.876477
vn 0.092432 0.452093 0.887169
vn 0.044150 0.438258 0.897764
vn 0.090293 0.408743 0.908172
vn 0.074672 0.374762 0.924109
vn -0.028739 0.374116 0.926936
vn 0.064530 0.337662 0.939053
vn 0.108215 0.275472 0.955199
vn -0.012588 0.265560 0.964012
vn 0.074503 0.209931 0.974873
vn 0.160037 0.107628 0.981226
vn 0.093816 0.051339 0.994265
vn 0.750226 -0.159125 0.641748
vn -0.721126 -0.153186 0.675656
vn -0.058913 0.057884 0.996584
vn -0.099278 0.146901 0.984156
vn -0.068795 0.263737 0.962138
vn 0.022009 0.272866 0.961800
vn -0.059886 0.297191 0.952938
vn -0.060018 0.379601 0.923201
vn 0.026952 0.380713 0.924300
vn -0.036443 0.387316 0.921226
vn -0.072464 0.456938 0.886542
vn -0.027508 0.492167 0.870066
vn -0.057592 0.529665 0.846249
vn -0.050079 0.578404 0.814212
vn 0.034941 0.573711 0.818312
vn 0.066933 0.521801 0.850438
vn 0.030961 0.489426 0.871495
vn 0.057193 0.449565 0.891415
vn 0.059493 0.380746 0.922764
vn -0.023347 0.390205 0.920432
vn 0.031926 0.379974 0.924446
vn 0.081026 0.288025 0.954189
vn -0.011511 0.283566 0.958884
vn 0.034715 0.268680 0.962604
vn 0.115009 0.132862 0.984439
vn 0.060325 0.057636 0.996513
vn 0.728560 -0.153738 0.667507
vn -0.701590 -0.149657 0.696688
vn -0.026090 0.052241 0.998294
vn -0.039093 0.127287 0.991095
vn -0.040013 0.241950 0.969463
vn 0.010880 0.251223 0.967868
vn -0.020736 0.259504 0.965519
vn -0.034200 0.341459 0.939274
vn 0.011559 0.346977 0.937802
vn -0.009922 0.340006 0.940371
vn -0.035533 0.407966 0.912305
vn -0.011057 0.447489 0.894221
vn -0.022341 0.482656 0.875525
vn -0.024922 0.536019 0.843838
vn 0.010721 0.540860 0.841044
vn 0.030809 0.489125 0.871670
vn 0.014400 0.450278 0.892772
vn 0.020151 0.417956 0.908244
vn 0.032427 0.343896 0.938447
vn -0.008049 0.339412 0.940604
vn 0.006304 0.349664 0.936854
vn 0.041389 0.265643 0.963183
vn -0.000590 0.241693 0.970353
vn 0.006249 0.252638 0.967541
vn 0.054627 0.140348 0.988594
vn 0.039186 0.084527 0.995650
vn 0.975248 -0.220470 -0.016877
vn -0.421023 0.801085 0.425444
vn 0.004575 0.742744 0.669560
vn 0.016156 0.785470 0.618689
vn -0.019398 0.837529 0.546048
vn 0.006012 0.839853 0.542781
vn 0.017000 0.850718 0.525348
vn -0.016034 0.884945 0.465420
vn 0.001146 0.885304 0.465012
vn 0.016756 0.886996 0.461472
vn -0.007165 0.913576 0.406606
vn 0.003438 0.925686 0.378277
vn 0.008070 0.937931 0.346728
vn -0.007944 0.953941 0.299888
vn -0.011439 0.953691 0.300571
vn 0.002666 0.938145 0.346233
vn 0.000666 0.925718 0.378214
vn -0.013283 0.913116 0.407484
vn 0.011762 0.887422 0.460808
vn 0.003171 0.885210 0.465181
vn -0.020730 0.884544 0.465996
vn 0.009177 0.851329 0.524553
vn 0.007036 0.839501 0.543312
vn -0.024915 0.837114 0.546460
vn 0.003733 0.786364 0.617752
vn -0.011588 0.999312 -0.035237
vn 0.608937 0.490782 -0.623160
vn -0.369471 -0.449971 -0.813030
vn 0.028542 -0.668841 -0.742858
vn 0.025916 -0.633228 -0.773531
vn 0.023239 -0.599911 -0.799729
vn 0.021802 -0.985898 -0.165922
vn 0.008865 -0.834658 0.550697
vn 0.007509 -0.850903 0.525268
vn 0.006204 -0.864142 0.503210
vn 0.004948 -0.874719 0.484605
vn 0.003737 -0.882929 0.469491
vn 0.002560 -0.889012 0.457877
vn 0.001410 -0.893149 0.449758
vn 0.000273 -0.895469 0.445123
vn -0.000860 -0.896044 0.443965
vn -0.002002 -0.894890 0.446281
vn -0.003166 -0.891973 0.452077
vn -0.004361 -0.887202 0.461361
vn -0.005597 -0.880430 0.474143
vn -0.006885 -0.871456 0.490425
vn -0.008228 -0.860022 0.510191
vn -0.009629 -0.845815 0.533389
vn -0.011085 -0.828474 0.559917
vn -0.025158 -0.987893 -0.153082
vn -0.026071 -0.633230 -0.773525
vn -0.028595 -0.668839 -0.742857
vn 0.363014 -0.837898 -0.407613
vn -0.675110 -0.104952 -0.730214
vn 0.028875 0.065963 -0.997404
vn 0.017902 0.086451 -0.996095
vn -0.417507 -0.896347 -0.149164
vn -0.028577 -0.236731 0.971155
vn -0.019076 -0.238683 0.970910
vn -0.016454 -0.269348 0.962902
vn -0.013879 -0.295006 0.955395
vn -0.011354 -0.315922 0.948717
vn -0.008874 -0.332346 0.943116
vn -0.006432 -0.344492 0.938767
vn -0.004019 -0.352527 0.935793
vn -0.001624 -0.356568 0.934268
vn 0.000764 -0.356677 0.934228
vn 0.003157 -0.352856 0.935672
vn 0.005566 -0.345055 0.938566
vn 0.008003 -0.333164 0.942835
vn 0.010476 -0.317023 0.948360
vn 0.012993 -0.296428 0.954967
vn 0.015559 -0.271134 0.962416
vn 0.018172 -0.240880 0.970385
vn 0.020829 -0.205409 0.978455
vn 0.030556 -0.198923 0.979539
vn 0.456551 -0.879694 -0.133041
vn -0.021169 0.029872 -0.999330
vn 0.682754 -0.109963 -0.722326
vn -0.983426 -0.172685 -0.055257
vn -0.939578 -0.331284 -0.086282
vn -0.067384 -0.162628 0.984384
vn -0.052126 -0.191335 0.980140
vn -0.046205 -0.237525 0.970282
vn -0.040382 -0.277312 0.959931
vn -0.034686 -0.311024 0.949769
vn -0.029130 -0.339036 0.940322
vn -0.023710 -0.361727 0.931983
vn -0.018412 -0.379441 0.925033
vn -0.013215 -0.392468 0.919671
vn -0.008094 -0.401035 0.916027
vn -0.003019 -0.405294 0.914181
vn 0.002039 -0.405323 0.914171
vn 0.007112 -0.401123 0.915997
vn 0.012230 -0.392620 0.919620
vn 0.017423 -0.379663 0.924961
vn 0.022716 -0.362030 0.931889
vn 0.028132 -0.339434 0.940209
vn 0.033684 -0.311533 0.949638
vn 0.039378 -0.277949 0.959788
vn 0.045202 -0.238306 0.970138
vn 0.051128 -0.192273 0.980009
vn 0.057101 -0.139639 0.988555
vn 0.072626 -0.106200 0.991689
vn 0.983100 -0.174358 -0.055798
vn -0.757266 -0.150881 0.635440
vn -0.100416 -0.089555 0.990907
vn -0.091127 -0.150087 0.984464
vn -0.081745 -0.203765 0.975601
vn -0.072421 -0.250654 0.965364
vn -0.063248 -0.290981 0.954636
vn -0.054279 -0.325094 0.944123
vn -0.045531 -0.353397 0.934365
vn -0.037001 -0.376291 0.925762
vn -0.028667 -0.394139 0.918603
vn -0.020494 -0.407249 0.913087
vn -0.012443 -0.415855 0.909346
vn -0.004466 -0.420118 0.907458
vn 0.003485 -0.420119 0.907462
vn 0.011460 -0.415856 0.909358
vn 0.019508 -0.407251 0.913108
vn 0.027675 -0.394144 0.918632
vn 0.036003 -0.376298 0.925799
vn 0.044525 -0.353407 0.934409
vn 0.053263 -0.325109 0.944176
vn 0.062222 -0.291001 0.954697
vn 0.071384 -0.250682 0.965434
vn 0.080697 -0.203801 0.975681
vn 0.090069 -0.150133 0.984555
vn 0.099352 -0.089642 0.991006
vn 0.765342 -0.152425 0.625314
vn -0.780834 -0.156936 0.604706
vn -0.136294 -0.096517 0.985956
vn -0.123749 -0.155308 0.980085
vn -0.111075 -0.207485 0.971912
vn -0.098465 -0.253129 0.962409
vn -0.086039 -0.292445 0.952404
vn -0.073866 -0.325756 0.942564
vn -0.061973 -0.353434 0.933404
vn -0.050357 -0.375851 0.925311
vn -0.038990 -0.393345 0.918564
vn -0.027831 -0.406202 0.913359
vn -0.016827 -0.414643 0.909828
vn -0.005918 -0.418818 0.908051
vn 0.004959 -0.418800 0.908065
vn 0.015867 -0.414589 0.909870
vn 0.026870 -0.406109 0.913429
vn 0.038026 -0.393209 0.918662
vn 0.049388 -0.375666 0.925438
vn 0.060999 -0.353193 0.933560
vn 0.072885 -0.325449 0.942746
vn 0.085049 -0.292061 0.952610
vn 0.097464 -0.252659 0.962634
vn 0.110061 -0.206919 0.972148
vn 0.122719 -0.154640 0.980320
vn 0.135246 -0.095777 0.986172
vn 0.788297 -0.157753 0.594728
vn -0.802200 -0.162917 0.574398
vn -0.170172 -0.100590 0.980267
vn -0.154691 -0.155586 0.975635
vn -0.139047 -0.204539 0.968932
vn -0.123445 -0.247522 0.960986
vn -0.108024 -0.284694 0.952512
vn -0.092862 -0.316314 0.944099
vn -0.077995 -0.342684 0.936208
vn -0.063425 -0.364110 0.929194
vn -0.049124 -0.380877 0.923320
vn -0.035048 -0.393223 0.918775
vn -0.021142 -0.401337 0.915686
vn -0.007341 -0.405345 0.914134
vn 0.006426 -0.405311 0.914156
vn 0.020228 -0.401233 0.915753
vn 0.034135 -0.393044 0.918886
vn 0.048210 -0.380616 0.923476
vn 0.062512 -0.363756 0.929394
vn 0.077083 -0.342223 0.936452
vn 0.091948 -0.315731 0.944383
vn 0.107107 -0.283971 0.952832
vn 0.122523 -0.246640 0.961331
vn 0.138114 -0.203482 0.969288
vn 0.153743 -0.154345 0.975982
vn 0.169201 -0.099187 0.980578
vn 0.808835 -0.163103 0.564962
vn -0.820824 -0.168587 0.545735
vn -0.200988 -0.102023 0.974266
vn -0.183014 -0.151568 0.971356
vn -0.164836 -0.195859 0.966679
vn -0.146671 -0.234973 0.960872
vn -0.128609 -0.268994 0.954517
vn -0.110768 -0.298080 0.948092
vn -0.093209 -0.322481 0.941976
vn -0.075896 -0.342410 0.936480
vn -0.058828 -0.358041 0.931851
vn -0.041988 -0.369585 0.928248
vn -0.025296 -0.377184 0.925793
vn -0.008701 -0.380917 0.924568
vn 0.007854 -0.380857 0.924601
vn 0.024445 -0.377014 0.925885
vn 0.041142 -0.369311 0.928395
vn 0.057997 -0.357639 0.932057
vn 0.075057 -0.341877 0.936743
vn 0.092373 -0.321810 0.942287
vn 0.109957 -0.297228 0.948454
vn 0.127793 -0.267945 0.954921
vn 0.145840 -0.233719 0.961304
vn 0.164023 -0.194371 0.967118
vn 0.182197 -0.149836 0.971779
vn 0.200138 -0.100065 0.974644
vn 0.826528 -0.168211 0.537175
vn -0.836461 -0.173787 0.519741
vn -0.227978 -0.101006 0.968413
vn -0.208054 -0.143913 0.967472
vn -0.188095 -0.183926 0.964775
vn -0.167194 -0.217483 0.961638
vn -0.147183 -0.246435 0.957918
vn -0.127421 -0.273341 0.953440
vn -0.106955 -0.294839 0.949542
vn -0.087316 -0.311766 0.946138
vn -0.068175 -0.326811 0.942627
vn -0.048472 -0.337917 0.939927
vn -0.029286 -0.345229 0.938061
vn -0.010322 -0.350013 0.936688
vn 0.009196 -0.350551 0.936498
vn 0.028771 -0.345832 0.937855
vn 0.047813 -0.337796 0.940004
vn 0.067122 -0.326929 0.942662
vn 0.087066 -0.311455 0.946264
vn 0.106320 -0.293265 0.950101
vn 0.126135 -0.272419 0.953875
vn 0.146946 -0.245630 0.958161
vn 0.166718 -0.215101 0.962256
vn 0.186708 -0.182091 0.965393
vn 0.207767 -0.142658 0.967720
vn 0.227323 -0.098683 0.968806
vn 0.841205 -0.172915 0.512322
vn -0.849071 -0.178421 0.497236
vn -0.250700 -0.097829 0.963109
vn -0.230385 -0.135030 0.963685
vn -0.209897 -0.178745 0.961246
vn -0.181653 -0.201209 0.962558
vn -0.163351 -0.219938 0.961740
vn -0.144161 -0.251265 0.957123
vn -0.116484 -0.266722 0.956708
vn -0.097024 -0.275165 0.956489
vn -0.079389 -0.296242 0.951808
vn -0.054503 -0.310842 0.948898
vn -0.034450 -0.321198 0.946385
vn -0.014514 -0.335413 0.941959
vn 0.011046 -0.338996 0.940723
vn 0.035697 -0.325920 0.944723
vn 0.054660 -0.312005 0.948507
vn 0.075954 -0.299970 0.950920
vn 0.100523 -0.276973 0.955605
vn 0.116829 -0.261287 0.958165
vn 0.138645 -0.251168 0.957962
vn 0.166419 -0.221874 0.960769
vn 0.183208 -0.194697 0.963601
vn 0.203671 -0.176687 0.962964
vn 0.232509 -0.137997 0.962755
vn 0.250508 -0.095680 0.963375
vn 0.852871 -0.177115 0.491163
vn -0.858732 -0.182437 0.478849
vn -0.269287 -0.093143 0.958545
vn -0.254116 -0.128947 0.958539
vn -0.229689 -0.177456 0.956949
vn -0.186002 -0.180299 0.965865
vn -0.180118 -0.192080 0.964709
vn -0.161338 -0.230652 0.959567
vn -0.117748 -0.232868 0.965354
vn -0.107701 -0.234394 0.966157
vn -0.096022 -0.267548 0.958748
vn -0.061725 -0.286046 0.956226
vn -0.045999 -0.304095 0.951531
vn -0.024549 -0.332276 0.942863
vn 0.017407 -0.335275 0.941959
vn 0.049873 -0.307853 0.950126
vn 0.063096 -0.286869 0.955890
vn 0.089051 -0.270369 0.958630
vn 0.116919 -0.235831 0.964735
vn 0.119360 -0.228115 0.966290
vn 0.149389 -0.229611 0.961749
vn 0.188266 -0.193530 0.962861
vn 0.190339 -0.174880 0.966017
vn 0.216142 -0.174077 0.960718
vn 0.259970 -0.130997 0.956690
vn 0.269742 -0.090722 0.958649
vn 0.861626 -0.180755 0.474266
vn -0.865578 -0.185822 0.465022
vn -0.283643 -0.086647 0.955007
vn -0.279701 -0.119490 0.952622
vn -0.244908 -0.166308 0.955176
vn -0.181326 -0.150815 0.971790
vn -0.198662 -0.158022 0.967245
vn -0.176480 -0.198985 0.963981
vn -0.111285 -0.188211 0.975803
vn -0.120874 -0.184926 0.975291
vn -0.116318 -0.226050 0.967146
vn -0.070492 -0.245917 0.966724
vn -0.064547 -0.269312 0.960888
vn -0.038912 -0.307339 0.950804
vn 0.029430 -0.309166 0.950553
vn 0.070144 -0.271215 0.959959
vn 0.072748 -0.246105 0.966509
vn 0.107203 -0.227053 0.967964
vn 0.133609 -0.185478 0.973523
vn 0.113961 -0.185048 0.976099
vn 0.160420 -0.196713 0.967248
vn 0.209933 -0.158336 0.964810
vn 0.187716 -0.147436 0.971095
vn 0.226691 -0.161665 0.960456
vn 0.287775 -0.119680 0.950191
vn 0.284573 -0.083851 0.954980
vn 0.867611 -0.183808 0.462024
vn -0.869753 -0.188569 0.456039
vn -0.293387 -0.078383 0.952775
vn -0.304046 -0.105727 0.946772
vn -0.254424 -0.143675 0.956361
vn -0.170078 -0.112976 0.978933
vn -0.216732 -0.117686 0.969112
vn -0.187840 -0.154881 0.969911
vn -0.099369 -0.132805 0.986148
vn -0.134702 -0.127054 0.982707
vn -0.136961 -0.169968 0.975886
vn -0.079622 -0.187898 0.978956
vn -0.086988 -0.213018 0.973168
vn -0.055247 -0.255232 0.965300
vn 0.045121 -0.255641 0.965718
vn 0.093159 -0.212922 0.972618
vn 0.082308 -0.187397 0.978830
vn 0.127433 -0.168856 0.977368
vn 0.148313 -0.126666 0.980795
vn 0.102685 -0.131407 0.985996
vn 0.170574 -0.151365 0.973650
vn 0.228847 -0.116824 0.966427
vn 0.177426 -0.111642 0.977781
vn 0.234764 -0.137998 0.962207
vn 0.312705 -0.104048 0.944135
vn 0.294580 -0.075189 0.952664
vn 0.870962 -0.186267 0.454676
vn -0.871378 -0.190677 0.452044
vn -0.298172 -0.068466 0.952053
vn -0.324045 -0.087840 0.941955
vn -0.257640 -0.109884 0.959973
vn -0.155056 -0.067758 0.985579
vn -0.231814 -0.072027 0.970090
vn -0.194070 -0.098952 0.975984
vn -0.084679 -0.067935 0.994090
vn -0.146935 -0.062384 0.987177
vn -0.154569 -0.100151 0.982893
vn -0.087679 -0.112361 0.989792
vn -0.109424 -0.135256 0.984750
vn -0.070849 -0.174704 0.982069
vn 0.061813 -0.173187 0.982947
vn 0.115053 -0.132942 0.984423
vn 0.090286 -0.111100 0.989700
vn 0.146271 -0.096661 0.984511
vn 0.159046 -0.061009 0.985384
vn 0.088000 -0.068442 0.993766
vn 0.178505 -0.094312 0.979409
vn 0.242742 -0.069945 0.967566
vn 0.162050 -0.068397 0.984409
vn 0.239731 -0.103524 0.965304
vn 0.331920 -0.084259 0.939537
vn 0.299412 -0.064871 0.951916
vn 0.871785 -0.188132 0.452325
vn -0.870531 -0.192149 0.453051
vn -0.297701 -0.057022 0.952955
vn -0.336990 -0.065950 0.939196
vn -0.254379 -0.065177 0.964906
vn -0.139465 -0.016559 0.990088
vn -0.241691 -0.022090 0.970102
vn -0.194232 -0.032050 0.980432
vn -0.070240 0.004339 0.997521
vn -0.155564 0.007021 0.987801
vn -0.165919 -0.018009 0.985975
vn -0.093141 -0.020612 0.995440
vn -0.127498 -0.037007 0.991148
vn -0.082484 -0.064815 0.994482
vn 0.076359 -0.060800 0.995225
vn 0.131508 -0.032216 0.990791
vn 0.095106 -0.018515 0.995295
vn 0.160367 -0.012137 0.986983
vn 0.164045 0.009505 0.986407
vn 0.072743 0.001890 0.997349
vn 0.183339 -0.026722 0.982687
vn 0.249583 -0.018614 0.968174
vn 0.144590 -0.019002 0.989309
vn 0.241550 -0.058790 0.968606
vn 0.342882 -0.060283 0.937442
vn 0.298757 -0.053056 0.952853
vn 0.870140 -0.189408 0.454951
vn -0.867243 -0.192979 0.458964
vn -0.291708 -0.044202 0.955486
vn -0.340441 -0.040150 0.939408
vn -0.245066 -0.011888 0.969434
vn -0.126373 0.037169 0.991286
vn -0.244366 0.030727 0.969196
vn -0.188086 0.042684 0.981225
vn -0.058987 0.079493 0.995089
vn -0.158825 0.078381 0.984191
vn -0.168374 0.072555 0.983049
vn -0.094501 0.081742 0.992163
vn -0.136737 0.075789 0.987704
vn -0.086827 0.067816 0.993913
vn 0.085152 0.073375 0.993662
vn 0.138210 0.082160 0.986989
vn 0.095364 0.084378 0.991860
vn 0.166657 0.079482 0.982806
vn 0.162081 0.081785 0.983383
vn 0.060003 0.076121 0.995291
vn 0.184260 0.047628 0.981723
vn 0.247722 0.035483 0.968181
vn 0.128444 0.034152 0.991129
vn 0.240093 -0.006570 0.970728
vn 0.343285 -0.032745 0.938660
vn 0.292389 -0.040069 0.955460
vn 0.866043 -0.190093 0.462422
vn -0.861506 -0.193155 0.469573
vn -0.280077 -0.030345 0.959498
vn -0.332874 -0.012304 0.942891
vn -0.232697 0.034170 0.971949
vn -0.115608 0.082158 0.989891
vn -0.238059 0.082273 0.967760
vn -0.178383 0.109328 0.977869
vn -0.051196 0.143735 0.988291
vn -0.154933 0.145696 0.977123
vn -0.163139 0.154554 0.974422
vn -0.091416 0.169914 0.981210
vn -0.135678 0.173101 0.975514
vn -0.085049 0.177661 0.980410
vn 0.086054 0.178426 0.980183
vn 0.135812 0.173991 0.975337
vn 0.091633 0.170760 0.981042
vn 0.163973 0.156379 0.973991
vn 0.155055 0.146977 0.976911
vn 0.051202 0.144665 0.988155
vn 0.179183 0.111763 0.977447
vn 0.238631 0.084479 0.967429
vn 0.115649 0.083887 0.989741
vn 0.232874 0.037498 0.971784
vn 0.333771 -0.008928 0.942612
vn 0.280553 -0.026938 0.959460
vn 0.859470 -0.190171 0.474495
vn -0.853285 -0.192656 0.484550
vn -0.263452 -0.016614 0.964529
vn -0.318191 0.010456 0.947969
vn -0.218563 0.066441 0.973558
vn -0.102421 0.120668 0.987395
vn -0.225722 0.126434 0.965952
vn -0.167368 0.159892 0.972842
vn -0.042639 0.197685 0.979338
vn -0.146363 0.202958 0.968187
vn -0.155389 0.215729 0.964010
vn -0.086139 0.233419 0.968553
vn -0.130763 0.238369 0.962331
vn -0.082306 0.244671 0.966106
vn 0.083694 0.244832 0.965946
vn 0.130880 0.238566 0.962266
vn 0.086407 0.233934 0.968405
vn 0.156651 0.216597 0.963611
vn 0.146182 0.203804 0.968037
vn 0.042702 0.199006 0.979068
vn 0.168840 0.161637 0.972299
vn 0.226006 0.128019 0.965677
vn 0.102425 0.122801 0.987132
vn 0.219433 0.069179 0.973172
vn 0.318908 0.012820 0.947699
vn 0.264014 -0.013600 0.964423
vn 0.850386 -0.189616 0.490805
vn -0.842547 -0.191444 0.503452
vn -0.242497 -0.002930 0.970148
vn -0.299279 0.031446 0.953647
vn -0.201126 0.094842 0.974963
vn -0.086107 0.155352 0.984099
vn -0.210161 0.165888 0.963490
vn -0.154114 0.203667 0.966834
vn -0.032249 0.244692 0.969065
vn -0.135788 0.252754 0.957955
vn -0.146305 0.267510 0.952383
vn -0.079877 0.286589 0.954718
vn -0.125034 0.292274 0.948126
vn -0.079368 0.299043 0.950933
vn 0.080858 0.299166 0.950769
vn 0.125246 0.292445 0.948045
vn 0.080258 0.287002 0.954562
vn 0.147670 0.268162 0.951989
vn 0.135685 0.253467 0.957781
vn 0.032453 0.245749 0.968790
vn 0.155709 0.205036 0.966289
vn 0.210516 0.167253 0.963177
vn 0.086245 0.157146 0.983802
vn 0.202096 0.097159 0.974534
vn 0.300106 0.033513 0.953317
vn 0.243181 -0.000295 0.969981
vn 0.838763 -0.188398 0.510866
vn -0.829295 -0.189482 0.525706
vn -0.217700 0.010434 0.975960
vn -0.276915 0.051020 0.959539
vn -0.180601 0.120380 0.976162
vn -0.067195 0.185685 0.980309
vn -0.192260 0.200326 0.960680
vn -0.138920 0.241246 0.960469
vn -0.020359 0.284285 0.958524
vn -0.123986 0.294666 0.947523
vn -0.136326 0.310853 0.940631
vn -0.073010 0.330719 0.940901
vn -0.118984 0.336959 0.933971
vn -0.076375 0.344001 0.935858
vn 0.077906 0.344065 0.935708
vn 0.119288 0.337078 0.933889
vn 0.073490 0.331027 0.940755
vn 0.137751 0.311286 0.940280
vn 0.123970 0.295229 0.947350
vn 0.020682 0.285111 0.958271
vn 0.140616 0.242230 0.959975
vn 0.192670 0.201441 0.960364
vn 0.067423 0.187151 0.980015
vn 0.181716 0.122204 0.975728
vn 0.277821 0.052746 0.959184
vn 0.218490 0.012609 0.975758
vn 0.824621 -0.186488 0.534062
vn -0.813604 -0.186739 0.550616
vn -0.189647 0.023066 0.981581
vn -0.251634 0.068560 0.965391
vn -0.315206 0.078884 0.945739
vn -0.098951 0.205551 0.973631
vn -0.172631 0.228777 0.958050
vn -0.122340 0.271672 0.954582
vn -0.007384 0.315676 0.948838
vn -0.111431 0.327898 0.938119
vn -0.125886 0.344981 0.930129
vn -0.065828 0.365142 0.928622
vn -0.112914 0.371751 0.921440
vn -0.073491 0.378871 0.922527
vn 0.075004 0.378890 0.922397
vn 0.113310 0.371825 0.921362
vn 0.066397 0.365353 0.928498
vn 0.127319 0.345228 0.929843
vn 0.111514 0.328311 0.937964
vn 0.007817 0.316278 0.948634
vn 0.124090 0.272294 0.954179
vn 0.173078 0.229623 0.957767
vn 0.046612 0.211898 0.976180
vn 0.158862 0.143509 0.976815
vn 0.252568 0.069895 0.965051
vn 0.190519 0.024706 0.981372
vn 0.808073 -0.183871 0.559652
vn -0.795666 -0.183201 0.577367
vn -0.159086 0.034515 0.986661
vn -0.224088 0.083400 0.970994
vn -0.944662 -0.320990 -0.067672
vn -0.989859 0.127881 -0.061854
vn -0.151895 0.250358 0.956164
vn -0.104900 0.294162 0.949982
vn 0.006303 0.338255 0.941033
vn -0.098548 0.351841 0.930858
vn -0.115358 0.369377 0.922092
vn -0.058572 0.389461 0.919179
vn -0.107076 0.396286 0.911862
vn -0.070847 0.403343 0.912302
vn 0.072293 0.403327 0.912196
vn 0.107558 0.396320 0.911790
vn 0.059219 0.389585 0.919085
vn 0.116751 0.369465 0.921881
vn 0.098738 0.352106 0.930737
vn -0.005771 0.338638 0.940899
vn 0.106650 0.294449 0.949698
vn 0.152365 0.250916 0.955942
vn 0.078373 0.230242 0.969972
vn 0.293228 0.100031 0.950795
vn 0.224997 0.084290 0.970707
vn 0.160007 0.035544 0.986476
vn 0.789359 -0.180556 0.586780
vn -0.959460 -0.246321 -0.136976
vn -0.142950 0.063875 0.987667
vn -0.195060 0.094787 0.976200
vn -0.945123 -0.324355 -0.039188
vn -0.988962 0.141257 -0.044729
vn -0.130729 0.264062 0.955605
vn -0.087350 0.307436 0.947551
vn 0.020190 0.351253 0.936063
vn -0.085745 0.365742 0.926758
vn -0.105192 0.383093 0.917701
vn -0.051569 0.402728 0.913866
vn -0.101797 0.409337 0.906687
vn -0.068937 0.415165 0.907130
vn 0.069946 0.414756 0.907240
vn 0.102649 0.408691 0.906882
vn 0.052275 0.402613 0.913877
vn 0.106513 0.382891 0.917633
vn 0.086238 0.365651 0.926748
vn -0.019757 0.351432 0.936005
vn 0.088923 0.307408 0.947414
vn 0.131587 0.263869 0.955541
vn 0.988007 0.150930 -0.032606
vn 0.944449 -0.323708 -0.056823
vn 0.196646 0.094171 0.975942
vn 0.127893 0.044606 0.990784
vn 0.768900 -0.176591 0.614498
vn -0.617389 -0.177647 -0.766337
vn 0.076829 -0.034257 -0.996456
vn -0.242300 0.101385 0.964889
vn -0.206573 0.189536 0.959898
vn -0.029956 0.295970 0.954727
vn -0.111525 0.273779 0.955305
vn -0.063017 0.337204 0.939320
vn 0.029747 0.375495 0.926347
vn -0.075704 0.374205 0.924251
vn -0.088786 0.408349 0.908498
vn -0.043737 0.438486 0.897673
vn -0.093558 0.450971 0.887622
vn -0.059327 0.476351 0.877252
vn 0.066283 0.485162 0.871909
vn 0.089817 0.462880 0.881859
vn 0.042644 0.442307 0.895849
vn 0.095060 0.418720 0.903126
vn 0.067839 0.380846 0.922146
vn -0.031418 0.364024 0.930859
vn 0.074879 0.339471 0.937631
vn 0.104219 0.283223 0.953375
vn 0.988144 -0.141033 0.060665
vn 0.943322 -0.331236 -0.020662
vn 0.160655 0.120102 0.979676
vn 0.111757 0.075445 0.990868
vn 0.963673 -0.246695 -0.102348
vn -0.643091 -0.180694 -0.744167
vn 0.058988 -0.058292 -0.996555
vn -0.930496 0.314833 -0.187237
vn -0.032456 0.268378 0.962767
vn 0.011866 0.284488 0.958606
vn -0.084083 0.286159 0.954486
vn -0.029540 0.379491 0.924724
vn 0.023040 0.390234 0.920427
vn -0.060631 0.379542 0.923186
vn -0.055208 0.449208 0.891720
vn -0.030604 0.489140 0.871668
vn -0.067222 0.520786 0.851036
vn -0.034145 0.573508 0.818488
vn 0.049977 0.577651 0.814753
vn 0.057427 0.528719 0.846852
vn 0.026675 0.491882 0.870253
vn 0.071175 0.455587 0.887341
vn 0.037449 0.386461 0.921545
vn -0.028195 0.381381 0.923988
vn 0.059859 0.377916 0.923903
vn 0.061786 0.296382 0.953069
vn 0.010356 0.268939 0.963102
vn 0.196905 0.229875 0.953093
vn 0.153053 0.180824 0.971533
vn -0.044187 -0.034712 -0.998420
vn 0.634876 -0.180073 -0.751336
vn -0.666613 -0.178673 -0.723674
vn 0.026158 -0.052365 -0.998285
vn -0.012708 -0.066631 -0.997697
vn 0.032524 0.320303 0.946757
vn 0.000660 0.242622 0.970121
vn -0.043144 0.264507 0.963418
vn -0.004832 0.350068 0.936712
vn 0.007900 0.340084 0.940362
vn -0.033162 0.343450 0.938585
vn -0.019116 0.418293 0.908111
vn -0.014387 0.450772 0.892523
vn -0.031028 0.489290 0.871569
vn -0.010349 0.541939 0.840354
vn 0.024478 0.537188 0.843107
vn 0.022730 0.483625 0.874980
vn 0.010919 0.448295 0.893819
vn 0.034936 0.408277 0.912189
vn 0.011154 0.340475 0.940187
vn -0.012011 0.347097 0.937752
vn 0.033775 0.341510 0.939271
vn 0.022347 0.260060 0.965334
vn -0.011488 0.251396 0.967816
vn 0.039439 0.242138 0.969440
vn 0.427377 0.893216 -0.139692
vn -0.027718 -0.058622 -0.997895
vn 0.659626 -0.180520 -0.729593
vn -0.854861 0.240558 -0.459722
vn 0.025219 0.682430 -0.730516
vn 0.039801 0.640060 -0.767293
vn 0.047566 0.980672 -0.189791
vn -0.004378 0.839791 0.542892
vn 0.007231 0.851343 0.524560
vn 0.017974 0.885262 0.464744
vn -0.004610 0.885572 0.464480
vn 0.002302 0.887700 0.460417
vn 0.016730 0.913764 0.405900
vn 0.004251 0.926380 0.376565
vn 0.007495 0.938851 0.344243
vn 0.011849 0.954596 0.297669
vn -0.002659 0.954695 0.297576
vn -0.012764 0.938532 0.344956
vn -0.006188 0.926298 0.376742
vn -0.007806 0.913871 0.405929
vn -0.014587 0.887336 0.460892
vn 0.002562 0.885779 0.464099
vn -0.001603 0.885248 0.465116
vn -0.018631 0.850863 0.525056
vn -0.001165 0.840240 0.542213
vn -0.002040 0.837661 0.546187
vn -0.043075 0.987745 -0.150017
vn -0.025535 0.655342 -0.754900
vn 0.593287 0.469294 -0.654044
usemtl steel
f 253 254 228
f 253 228 227
f 228 229 255
f 228 255 254
f 229 230 256
f 229 256 255
f 230 231 257
f 230 257 256
f 231 232 258
f 231 258 257
f 232 233 259
f 232 259 258
f 233 234 260
f 233 260 259
f 234 235 261
f 234 261 260
f 235 236 262
f 235 262 261
f 236 237 263
f 236 263 262
f 237 238 264
f 237 264 263
f 238 239 265
f 238 265 264
f 239 240 266
f 239 266 265
f 240 241 267
f 240 267 266
f 241 242 268
f 241 268 267
f 242 243 269
f 242 269 268
f 243 244 270
f 243 270 269
f 244 245 271
f 244 271 270
f 245 246 272
f 245 272 271
f 246 247 273
f 246 273 272
f 247 248 274
f 247 274 273
f 248 249 275
f 248 275 274
f 249 250 276
f 249 276 275
f 276 277 251
f 276 251 250
f 277 278 252
f 277 252 251
f 253 254 280
f 253 280 279
f 254 255 281
f 254 281 280
f 255 256 282
f 255 282 281
f 256 257 283
f 256 283 282
f 257 258 284
f 257 284 283
f 258 259 285
f 258 285 284
f 259 260 286
f 259 286 285
f 260 261 287
f 260 287 286
f 261 262 288
f 261 288 287
f 262 263 289
f 262 289 288
f 263 264 290
f 263 290 289
f 264 265 291
f 264 291 290
f 265 266 292
f 265 292 291
f 266 267 293
f 266 293 292
f 267 268 294
f 267 294 293
f 268 269 295
f 268 295 294
f 269 270 296
f 269 296 295
f 270 271 297
f 270 297 296
f 271 272 298
f 271 298 297
f 272 273 299
f 272 299 298
f 273 274 300
f 273 300 299
f 274 275 301
f 274 301 300
f 275 276 302
f 275 302 301
f 276 277 303
f 276 303 302
f 303 304 278
f 303 278 277
f 279 280 306
f 279 306 305
f 280 281 307
f 280 307 306
f 281 282 308
f 281 308 307
f 282 283 309
f 282 309 308
f 283 284 310
f 283 310 309
f 284 285 311
f 284 311 310
f 285 286 312
f 285 312 311
f 286 287 313
f 286 313 312
f 287 288 314
f 287 314 313
f 288 289 315
f 288 315 314
f 289 290 316
f 289 316 315
f 290 291 317
f 290 317 316
f 291 292 318
f 291 318 317
f 292 293 319
f 292 319 318
f 293 294 320
f 293 320 319
f 294 295 321
f 294 321 320
f 295 296 322
f 295 322 321
f 296 297 323
f 296 323 322
f 297 298 324
f 297 324 323
f 298 299 325
f 298 325 324
f 299 300 326
f 299 326 325
f 300 301 327
f 300 327 326
f 301 302 328
f 301 328 327
f 302 303 329
f 302 329 328
f 303 304 330
f 303 330 329
f 305 306 332
f 305 332 331
f 306 307 333
f 306 333 332
f 307 308 334
f 307 334 333
f 308 309 335
f 308 335 334
f 309 310 336
f 309 336 335
f 310 311 337
f 310 337 336
f 311 312 338
f 311 338 337
f 312 313 339
f 312 339 338
f 313 314 340
f 313 340 339
f 314 315 341
f 314 341 340
f 315 316 342
f 315 342 341
f 316 317 343
f 316 343 342
f 317 318 344
f 317 344 343
f 318 319 345
f 318 345 344
f 319 320 346
f 319 346 345
f 320 321 347
f 320 347 346
f 321 322 348
f 321 348 347
f 322 323 349
f 322 349 348
f 323 324 350
f 323 350 349
f 324 325 351
f 324 351 350
f 325 326 352
f 325 352 351
f 326 327 353
f 326 353 352
f 327 328 354
f 327 354 353
f 328 329 355
f 328 355 354
f 329 330 356
f 329 356 355
f 331 332 358
f 331 358 357
f 332 333 359
f 332 359 358
f 333 334 360
f 333 360 359
f 334 335 361
f 334 361 360
f 335 336 362
f 335 362 361
f 336 337 363
f 336 363 362
f 337 338 364
f 337 364 363
f 338 339 365
f 338 365 364
f 339 340 366
f 339 366 365
f 340 341 367
f 340 367 366
f 341 342 368
f 341 368 367
f 342 343 369
f 342 369 368
f 343 344 370
f 343 370 369
f 344 345 371
f 344 371 370
f 345 346 372
f 345 372 371
f 346 347 373
f 346 373 372
f 347 348 374
f 347 374 373
f 348 349 375
f 348 375 374
f 349 350 376
f 349 376 375
f 350 351 377
f 350 377 376
f 351 352 378
f 351 378 377
f 352 353 379
f 352 379 378
f 353 354 380
f 353 380 379
f 354 355 381
f 354 381 380
f 355 356 382
f 355 382 381
f 357 358 384
f 357 384 383
f 358 359 385
f 358 385 384
f 359 360 386
f 359 386 385
f 360 361 387
f 360 387 386
f 361 362 388
f 361 388 387
f 362 363 389
f 362 389 388
f 363 364 390
f 363 390 389
f 364 365 391
f 364 391 390
f 365 366 392
f 365 392 391
f 366 367 393
f 366 393 392
f 367 368 394
f 367 394 393
f 368 369 395
f 368 395 394
f 369 370 396
f 369 396 395
f 370 371 397
f 370 397 396
f 371 372 398
f 371 398 397
f 372 373 399
f 372 399 398
f 373 374 400
f 373 400 399
f 374 375 401
f 374 401 400
f 375 376 402
f 375 402 401
f 376 377 403
f 376 403 402
f 377 378 404
f 377 404 403
f 378 379 405
f 378 405 404
f 379 380 406
f 379 406 405
f 380 381 407
f 380 407 406
f 381 382 408
f 381 408 407
f 383 384 410
f 383 410 409
f 384 385 411
f 384 411 410
f 385 386 412
f 385 412 411
f 386 387 413
f 386 413 412
f 387 388 414
f 387 414 413
f 388 389 415
f 388 415 414
f 389 390 416
f 389 416 415
f 390 391 417
f 390 417 416
f 391 392 418
f 391 418 417
f 392 393 419
f 392 419 418
f 393 394 420
f 393 420 419
f 394 395 421
f 394 421 420
f 395 396 422
f 395 422 421
f 396 397 423
f 396 423 422
f 397 398 424
f 397 424 423
f 398 399 425
f 398 425 424
f 399 400 426
f 399 426 425
f 400 401 427
f 400 427 426
f 401 402 428
f 401 428 427
f 402 403 429
f 402 429 428
f 403 404 430
f 403 430 429
f 404 405 431
f 404 431 430
f 405 406 432
f 405 432 431
f 406 407 433
f 406 433 432
f 407 408 434
f 407 434 433
f 409 410 436
f 409 436 435
f 410 411 437
f 410 437 436
f 411 412 438
f 411 438 437
f 412 413 439
f 412 439 438
f 413 414 440
f 413 440 439
f 414 415 441
f 414 441 440
f 415 416 442
f 415 442 441
f 416 417 443
f 416 443 442
f 417 418 444
f 417 444 443
f 418 419 445
f 418 445 444
f 419 420 446
f 419 446 445
f 420 421 447
f 420 447 446
f 421 422 448
f 421 448 447
f 422 423 449
f 422 449 448
f 423 424 450
f 423 450 449
f 424 425 451
f 424 451 450
f 425 426 452
f 425 452 451
f 426 427 453
f 426 453 452
f 427 428 454
f 427 454 453
f 428 429 455
f 428 455 454
f 429 430 456
f 429 456 455
f 430 431 457
f 430 457 456
f 431 432 458
f 431 458 457
f 432 433 459
f 432 459 458
f 433 434 460
f 433 460 459
f 435 436 462
f 435 462 461
f 436 437 463
f 436 463 462
f 437 438 464
f 437 464 463
f 438 439 465
f 438 465 464
f 439 440 466
f 439 466 465
f 440 441 467
f 440 467 466
f 441 442 468
f 441 468 467
f 442 443 469
f 442 469 468
f 443 444 470
f 443 470 469
f 444 445 471
f 444 471 470
f 445 446 472
f 445 472 471
f 446 447 473
f 446 473 472
f 447 448 474
f 447 474 473
f 448 449 475
f 448 475 474
f 449 450 476
f 449 476 475
f 450 451 477
f 450 477 476
f 451 452 478
f 451 478 477
f 452 453 479
f 452 479 478
f 453 454 480
f 453 480 479
f 454 455 481
f 454 481 480
f 455 456 482
f 455 482 481
f 456 457 483
f 456 483 482
f 457 458 484
f 457 484 483
f 458 459 485
f 458 485 484
f 459 460 486
f 459 486 485
f 461 462 488
f 461 488 487
f 462 463 489
f 462 489 488
f 463 464 490
f 463 490 489
f 464 465 491
f 464 491 490
f 465 466 492
f 465 492 491
f 466 467 493
f 466 493 492
f 467 468 494
f 467 494 493
f 468 469 495
f 468 495 494
f 469 470 496
f 469 496 495
f 470 471 497
f 470 497 496
f 471 472 498
f 471 498 497
f 472 473 499
f 472 499 498
f 473 474 500
f 473 500 499
f 474 475 501
f 474 501 500
f 475 476 502
f 475 502 501
f 476 477 503
f 476 503 502
f 477 478 504
f 477 504 503
f 478 479 505
f 478 505 504
f 479 480 506
f 479 506 505
f 480 481 507
f 480 507 506
f 481 482 508
f 481 508 507
f 482 483 509
f 482 509 508
f 483 484 510
f 483 510 509
f 484 485 511
f 484 511 510
f 485 486 512
f 485 512 511
f 487 488 514
f 487 514 513
f 488 489 515
f 488 515 514
f 489 490 516
f 489 516 515
f 490 491 517
f 490 517 516
f 491 492 518
f 491 518 517
f 492 493 519
f 492 519 518
f 493 494 520
f 493 520 519
f 494 495 521
f 494 521 520
f 495 496 522
f 495 522 521
f 496 497 523
f 496 523 522
f 497 498 524
f 497 524 523
f 498 499 525
f 498 525 524
f 499 500 526
f 499 526 525
f 500 501 527
f 500 527 526
f 501 502 528
f 501 528 527
f 502 503 529
f 502 529 528
f 503 504 530
f 503 530 529
f 504 505 531
f 504 531 530
f 505 506 532
f 505 532 531
f 506 507 533
f 506 533 532
f 507 508 534
f 507 534 533
f 508 509 535
f 508 535 534
f 509 510 536
f 509 536 535
f 510 511 537
f 510 537 536
f 511 512 538
f 511 538 537
f 513 514 540
f 513 540 539
f 514 515 541
f 514 541 540
f 515 516 542
f 515 542 541
f 516 517 543
f 516 543 542
f 517 518 544
f 517 544 543
f 518 519 545
f 518 545 544
f 519 520 546
f 519 546 545
f 520 521 547
f 520 547 546
f 521 522 548
f 521 548 547
f 522 523 549
f 522 549 548
f 523 524 550
f 523 550 549
f 524 525 551
f 524 551 550
f 525 526 552
f 525 552 551
f 526 527 553
f 526 553 552
f 527 528 554
f 527 554 553
f 528 529 555
f 528 555 554
f 529 530 556
f 529 556 555
f 530 531 557
f 530 557 556
f 531 532 558
f 531 558 557
f 532 533 559
f 532 559 558
f 533 534 560
f 533 560 559
f 534 535 561
f 534 561 560
f 535 536 562
f 535 562 561
f 536 537 563
f 536 563 562
f 537 538 564
f 537 564 563
f 539 540 566
f 539 566 565
f 540 541 567
f 540 567 566
f 541 542 568
f 541 568 567
f 542 543 569
f 542 569 568
f 543 544 570
f 543 570 569
f 544 545 571
f 544 571 570
f 545 546 572
f 545 572 571
f 546 547 573
f 546 573 572
f 547 548 574
f 547 574 573
f 548 549 575
f 548 575 574
f 549 550 576
f 549 576 575
f 550 551 577
f 550 577 576
f 551 552 578
f 551 578 577
f 552 553 579
f 552 579 578
f 553 554 580
f 553 580 579
f 554 555 581
f 554 581 580
f 555 556 582
f 555 582 581
f 556 557 583
f 556 583 582
f 557 558 584
f 557 584 583
f 558 559 585
f 558 585 584
f 559 560 586
f 559 586 585
f 560 561 587
f 560 587 586
f 561 562 588
f 561 588 587
f 562 563 589
f 562 589 588
f 563 564 590
f 563 590 589
f 565 566 592
f 565 592 591
f 566 567 593
f 566 593 592
f 567 568 594
f 567 594 593
f 568 569 595
f 568 595 594
f 569 570 596
f 569 596 595
f 570 571 597
f 570 597 596
f 571 572 598
f 571 598 597
f 572 573 599
f 572 599 598
f 573 574 600
f 573 600 599
f 574 575 601
f 574 601 600
f 575 576 602
f 575 602 601
f 576 577 603
f 576 603 602
f 577 578 604
f 577 604 603
f 578 579 605
f 578 605 604
f 579 580 606
f 579 606 605
f 580 581 607
f 580 607 606
f 581 582 608
f 581 608 607
f 582 583 609
f 582 609 608
f 583 584 610
f 583 610 609
f 584 585 611
f 584 611 610
f 585 586 612
f 585 612 611
f 586 587 613
f 586 613 612
f 587 588 614
f 587 614 613
f 588 589 615
f 588 615 614
f 589 590 616
f 589 616 615
f 591 592 618
f 591 618 617
f 592 593 619
f 592 619 618
f 593 594 620
f 593 620 619
f 594 595 621
f 594 621 620
f 595 596 622
f 595 622 621
f 596 597 623
f 596 623 622
f 597 598 624
f 597 624 623
f 598 599 625
f 598 625 624
f 599 600 626
f 599 626 625
f 600 601 627
f 600 627 626
f 601 602 628
f 601 628 627
f 602 603 629
f 602 629 628
f 603 604 630
f 603 630 629
f 604 605 631
f 604 631 630
f 605 606 632
f 605 632 631
f 606 607 633
f 606 633 632
f 607 608 634
f 607 634 633
f 608 609 635
f 608 635 634
f 609 610 636
f 609 636 635
f 610 611 637
f 610 637 636
f 611 612 638
f 611 638 637
f 612 613 639
f 612 639 638
f 613 614 640
f 613 640 639
f 614 615 641
f 614 641 640
f 615 616 642
f 615 642 641
f 617 618 644
f 617 644 643
f 618 619 645
f 618 645 644
f 619 620 646
f 619 646 645
f 620 621 647
f 620 647 646
f 621 622 648
f 621 648 647
f 622 623 649
f 622 649 648
f 623 624 650
f 623 650 649
f 624 625 651
f 624 651 650
f 625 626 652
f 625 652 651
f 626 627 653
f 626 653 652
f 627 628 654
f 627 654 653
f 628 629 655
f 628 655 654
f 629 630 656
f 629 656 655
f 630 631 657
f 630 657 656
f 631 632 658
f 631 658 657
f 632 633 659
f 632 659 658
f 633 634 660
f 633 660 659
f 634 635 661
f 634 661 660
f 635 636 662
f 635 662 661
f 636 637 663
f 636 663 662
f 637 638 664
f 637 664 663
f 638 639 665
f 638 665 664
f 639 640 666
f 639 666 665
f 640 641 667
f 640 667 666
f 641 642 668
f 641 668 667
f 643 644 670
f 643 670 669
f 644 645 671
f 644 671 670
f 645 646 672
f 645 672 671
f 646 647 673
f 646 673 672
f 647 648 674
f 647 674 673
f 648 649 675
f 648 675 674
f 649 650 676
f 649 676 675
f 650 651 677
f 650 677 676
f 651 652 678
f 651 678 677
f 652 653 679
f 652 679 678
f 653 654 680
f 653 680 679
f 654 655 681
f 654 681 680
f 655 656 682
f 655 682 681
f 656 657 683
f 656 683 682
f 657 658 684
f 657 684 683
f 658 659 685
f 658 685 684
f 659 660 686
f 659 686 685
f 660 661 687
f 660 687 686
f 661 662 688
f 661 688 687
f 662 663 689
f 662 689 688
f 663 664 690
f 663 690 689
f 664 665 691
f 664 691 690
f 665 666 692
f 665 692 691
f 666 667 693
f 666 693 692
f 667 668 694
f 667 694 693
f 669 670 696
f 669 696 695
f 670 671 697
f 670 697 696
f 671 672 698
f 671 698 697
f 672 673 699
f 672 699 698
f 673 674 700
f 673 700 699
f 674 675 701
f 674 701 700
f 675 676 702
f 675 702 701
f 676 677 703
f 676 703 702
f 677 678 704
f 677 704 703
f 678 679 705
f 678 705 704
f 679 680 706
f 679 706 705
f 680 681 707
f 680 707 706
f 681 682 708
f 681 708 707
f 682 683 709
f 682 709 708
f 683 684 710
f 683 710 709
f 684 685 711
f 684 711 710
f 685 686 712
f 685 712 711
f 686 687 713
f 686 713 712
f 687 688 714
f 687 714 713
f 688 689 715
f 688 715 714
f 689 690 716
f 689 716 715
f 690 691 717
f 690 717 716
f 691 692 718
f 691 718 717
f 692 693 719
f 692 719 718
f 693 694 720
f 693 720 719
f 695 696 722
f 695 722 721
f 696 697 723
f 696 723 722
f 697 698 724
f 697 724 723
f 698 699 725
f 698 725 724
f 699 700 726
f 699 726 725
f 700 701 727
f 700 727 726
f 701 702 728
f 701 728 727
f 702 703 729
f 702 729 728
f 703 704 730
f 703 730 729
f 704 705 731
f 704 731 730
f 705 706 732
f 705 732 731
f 706 707 733
f 706 733 732
f 707 708 734
f 707 734 733
f 708 709 735
f 708 735 734
f 709 710 736
f 709 736 735
f 710 711 737
f 710 737 736
f 711 712 738
f 711 738 737
f 712 713 739
f 712 739 738
f 713 714 740
f 713 740 739
f 714 715 741
f 714 741 740
f 715 716 742
f 715 742 741
f 716 717 743
f 716 743 742
f 717 718 744
f 717 744 743
f 718 719 745
f 718 745 744
f 719 720 746
f 719 746 745
f 721 722 748
f 721 748 747
f 722 723 749
f 722 749 748
f 723 724 750
f 723 750 749
f 724 725 751
f 724 751 750
f 725 726 752
f 725 752 751
f 726 727 753
f 726 753 752
f 727 728 754
f 727 754 753
f 728 729 755
f 728 755 754
f 729 730 756
f 729 756 755
f 730 731 757
f 730 757 756
f 731 732 758
f 731 758 757
f 732 733 759
f 732 759 758
f 733 734 760
f 733 760 759
f 734 735 761
f 734 761 760
f 735 736 762
f 735 762 761
f 736 737 763
f 736 763 762
f 737 738 764
f 737 764 763
f 738 739 765
f 738 765 764
f 739 740 766
f 739 766 765
f 740 741 767
f 740 767 766
f 741 742 768
f 741 768 767
f 742 743 769
f 742 769 768
f 743 744 770
f 743 770 769
f 744 745 771
f 744 771 770
f 745 746 772
f 745 772 771
f 747 748 774
f 747 774 773
f 748 749 775
f 748 775 774
f 749 750 776
f 749 776 775
f 750 751 777
f 750 777 776
f 751 752 778
f 751 778 777
f 752 753 779
f 752 779 778
f 753 754 780
f 753 780 779
f 754 755 781
f 754 781 780
f 755 756 782
f 755 782 781
f 756 757 783
f 756 783 782
f 757 758 784
f 757 784 783
f 758 759 785
f 758 785 784
f 759 760 786
f 759 786 785
f 760 761 787
f 760 787 786
f 761 762 788
f 761 788 787
f 762 763 789
f 762 789 788
f 763 764 790
f 763 790 789
f 764 765 791
f 764 791 790
f 765 766 792
f 765 792 791
f 766 767 793
f 766 793 792
f 767 768 794
f 767 794 793
f 768 769 795
f 768 795 794
f 769 770 796
f 769 796 795
f 770 771 797
f 770 797 796
f 771 772 798
f 771 798 797
f 773 774 800
f 773 800 799
f 774 775 801
f 774 801 800
f 775 776 802
f 775 802 801
f 776 777 803
f 776 803 802
f 777 778 804
f 777 804 803
f 778 779 805
f 778 805 804
f 779 780 806
f 779 806 805
f 780 781 807
f 780 807 806
f 781 782 808
f 781 808 807
f 782 783 809
f 782 809 808
f 783 784 810
f 783 810 809
f 784 785 811
f 784 811 810
f 785 786 812
f 785 812 811
f 786 787 813
f 786 813 812
f 787 788 814
f 787 814 813
f 788 789 815
f 788 815 814
f 789 790 816
f 789 816 815
f 790 791 817
f 790 817 816
f 791 792 818
f 791 818 817
f 792 793 819
f 792 819 818
f 793 794 820
f 793 820 819
f 794 795 821
f 794 821 820
f 795 796 822
f 795 822 821
f 796 797 823
f 796 823 822
f 797 798 824
f 797 824 823
f 799 800 826
f 799 826 825
f 800 801 827
f 800 827 826
f 801 802 828
f 801 828 827
f 802 803 829
f 802 829 828
f 803 804 830
f 803 830 829
f 804 805 831
f 804 831 830
f 805 806 832
f 805 832 831
f 806 807 833
f 806 833 832
f 807 808 834
f 807 834 833
f 808 809 835
f 808 835 834
f 809 810 836
f 809 836 835
f 810 811 837
f 810 837 836
f 811 812 838
f 811 838 837
f 812 813 839
f 812 839 838
f 813 814 840
f 813 840 839
f 814 815 841
f 814 841 840
f 815 816 842
f 815 842 841
f 816 817 843
f 816 843 842
f 817 818 844
f 817 844 843
f 818 819 845
f 818 845 844
f 819 820 846
f 819 846 845
f 820 821 847
f 820 847 846
f 821 822 848
f 821 848 847
f 822 823 849
f 822 849 848
f 823 824 850
f 823 850 849
f 825 826 852
f 825 852 851
f 826 827 853
f 826 853 852
f 827 828 854
f 827 854 853
f 828 829 855
f 828 855 854
f 829 830 856
f 829 856 855
f 830 831 857
f 830 857 856
f 831 832 858
f 831 858 857
f 832 833 859
f 832 859 858
f 833 834 860
f 833 860 859
f 834 835 861
f 834 861 860
f 835 836 862
f 835 862 861
f 836 837 863
f 836 863 862
f 837 838 864
f 837 864 863
f 838 839 865
f 838 865 864
f 839 840 866
f 839 866 865
f 840 841 867
f 840 867 866
f 841 842 868
f 841 868 867
f 842 843 869
f 842 869 868
f 843 844 870
f 843 870 869
f 844 845 871
f 844 871 870
f 845 846 872
f 845 872 871
f 846 847 873
f 846 873 872
f 847 848 874
f 847 874 873
f 848 849 875
f 848 875 874
f 849 850 876
f 849 876 875
f 851 852 878
f 851 878 877
f 852 853 879
f 852 879 878
f 853 854 880
f 853 880 879
f 854 855 881
f 854 881 880
f 855 856 882
f 855 882 881
f 856 857 883
f 856 883 882
f 857 858 884
f 857 884 883
f 858 859 885
f 858 885 884
f 859 860 886
f 859 886 885
f 860 861 887
f 860 887 886
f 861 862 888
f 861 888 887
f 862 863 889
f 862 889 888
f 863 864 890
f 863 890 889
f 864 865 891
f 864 891 890
f 865 866 892
f 865 892 891
f 866 867 893
f 866 893 892
f 867 868 894
f 867 894 893
f 868 869 895
f 868 895 894
f 869 870 896
f 869 896 895
f 870 871 897
f 870 897 896
f 871 872 898
f 871 898 897
f 872 873 899
f 872 899 898
f 873 874 900
f 873 900 899
f 874 875 901
f 874 901 900
f 901 902 876
f 901 876 875
f 903 929 930
f 903 930 904
f 904 930 931
f 904 931 905
f 905 931 932
f 905 932 906
f 906 932 933
f 906 933 907
f 908 934 933
f 908 933 907
f 909 935 934
f 909 934 908
f 910 936 935
f 910 935 909
f 911 937 936
f 911 936 910
f 912 938 937
f 912 937 911
f 913 939 938
f 913 938 912
f 914 940 939
f 914 939 913
f 915 941 940
f 915 940 914
f 916 942 941
f 916 941 915
f 917 943 942
f 917 942 916
f 918 944 943
f 918 943 917
f 919 945 944
f 919 944 918
f 920 946 945
f 920 945 919
f 921 947 946
f 921 946 920
f 922 948 947
f 922 947 921
f 923 949 948
f 923 948 922
f 924 950 949
f 924 949 923
f 925 951 950
f 925 950 924
f 925 951 952
f 925 952 926
f 926 952 953
f 926 953 927
f 927 953 954
f 927 954 928
f 929 955 956
f 929 956 930
f 930 956 957
f 930 957 931
f 932 958 957
f 932 957 931
f 933 959 958
f 933 958 932
f 934 960 959
f 934 959 933
f 935 961 960
f 935 960 934
f 936 962 961
f 936 961 935
f 937 963 962
f 937 962 936
f 938 964 963
f 938 963 937
f 939 965 964
f 939 964 938
f 940 966 965
f 940 965 939
f 941 967 966
f 941 966 940
f 942 968 967
f 942 967 941
f 943 969 968
f 943 968 942
f 944 970 969
f 944 969 943
f 945 971 970
f 945 970 944
f 946 972 971
f 946 971 945
f 947 973 972
f 947 972 946
f 948 974 973
f 948 973 947
f 949 975 974
f 949 974 948
f 950 976 975
f 950 975 949
f 951 977 976
f 951 976 950
f 952 978 977
f 952 977 951
f 953 979 978
f 953 978 952
f 953 979 980
f 953 980 954
f 956 982 981
f 956 981 955
f 957 983 982
f 957 982 956
f 958 984 983
f 958 983 957
f 959 985 984
f 959 984 958
f 960 986 985
f 960 985 959
f 961 987 986
f 961 986 960
f 962 988 987
f 962 987 961
f 963 989 988
f 963 988 962
f 964 990 989
f 964 989 963
f 965 991 990
f 965 990 964
f 966 992 991
f 966 991 965
f 967 993 992
f 967 992 966
f 968 994 993
f 968 993 967
f 969 995 994
f 969 994 968
f 970 996 995
f 970 995 969
f 971 997 996
f 971 996 970
f 972 998 997
f 972 997 971
f 973 999 998
f 973 998 972
f 974 1000 999
f 974 999 973
f 975 1001 1000
f 975 1000 974
f 976 1002 1001
f 976 1001 975
f 977 1003 1002
f 977 1002 976
f 978 1004 1003
f 978 1003 977
f 979 1005 1004
f 979 1004 978
f 980 1006 1005
f 980 1005 979
f 982 1008 1007
f 982 1007 981
f 983 1009 1008
f 983 1008 982
f 984 1010 1009
f 984 1009 983
f 985 1011 1010
f 985 1010 984
f 986 1012 1011
f 986 1011 985
f 987 1013 1012
f 987 1012 986
f 988 1014 1013
f 988 1013 987
f 989 1015 1014
f 989 1014 988
f 990 1016 1015
f 990 1015 989
f 991 1017 1016
f 991 1016 990
f 992 1018 1017
f 992 1017 991
f 993 1019 1018
f 993 1018 992
f 994 1020 1019
f 994 1019 993
f 995 1021 1020
f 995 1020 994
f 996 1022 1021
f 996 1021 995
f 997 1023 1022
f 997 1022 996
f 998 1024 1023
f 998 1023 997
f 999 1025 1024
f 999 1024 998
f 1000 1026 1025
f 1000 1025 999
f 1001 1027 1026
f 1001 1026 1000
f 1002 1028 1027
f 1002 1027 1001
f 1003 1029 1028
f 1003 1028 1002
f 1004 1030 1029
f 1004 1029 1003
f 1005 1031 1030
f 1005 1030 1004
f 1006 1032 1031
f 1006 1031 1005
f 1008 1034 1033
f 1008 1033 1007
f 1009 1035 1034
f 1009 1034 1008
f 1010 1036 1035
f 1010 1035 1009
f 1011 1037 1036
f 1011 1036 1010
f 1012 1038 1037
f 1012 1037 1011
f 1013 1039 1038
f 1013 1038 1012
f 1014 1040 1039
f 1014 1039 1013
f 1015 1041 1040
f 1015 1040 1014
f 1016 1042 1041
f 1016 1041 1015
f 1017 1043 1042
f 1017 1042 1016
f 1018 1044 1043
f 1018 1043 1017
f 1019 1045 1044
f 1019 1044 1018
f 1020 1046 1045
f 1020 1045 1019
f 1021 1047 1046
f 1021 1046 1020
f 1022 1048 1047
f 1022 1047 1021
f 1023 1049 1048
f 1023 1048 1022
f 1024 1050 1049
f 1024 1049 1023
f 1025 1051 1050
f 1025 1050 1024
f 1026 1052 1051
f 1026 1051 1025
f 1027 1053 1052
f 1027 1052 1026
f 1028 1054 1053
f 1028 1053 1027
f 1029 1055 1054
f 1029 1054 1028
f 1030 1056 1055
f 1030 1055 1029
f 1031 1057 1056
f 1031 1056 1030
f 1032 1058 1057
f 1032 1057 1031
f 1034 1060 1059
f 1034 1059 1033
f 1035 1061 1060
f 1035 1060 1034
f 1036 1062 1061
f 1036 1061 1035
f 1037 1063 1062
f 1037 1062 1036
f 1038 1064 1063
f 1038 1063 1037
f 1039 1065 1064
f 1039 1064 1038
f 1040 1066 1065
f 1040 1065 1039
f 1041 1067 1066
f 1041 1066 1040
f 1042 1068 1067
f 1042 1067 1041
f 1043 1069 1068
f 1043 1068 1042
f 1044 1070 1069
f 1044 1069 1043
f 1045 1071 1070
f 1045 1070 1044
f 1046 1072 1071
f 1046 1071 1045
f 1047 1073 1072
f 1047 1072 1046
f 1048 1074 1073
f 1048 1073 1047
f 1049 1075 1074
f 1049 1074 1048
f 1050 1076 1075
f 1050 1075 1049
f 1051 1077 1076
f 1051 1076 1050
f 1052 1078 1077
f 1052 1077 1051
f 1053 1079 1078
f 1053 1078 1052
f 1054 1080 1079
f 1054 1079 1053
f 1055 1081 1080
f 1055 1080 1054
f 1056 1082 1081
f 1056 1081 1055
f 1057 1083 1082
f 1057 1082 1056
f 1058 1084 1083
f 1058 1083 1057
f 1060 1086 1085
f 1060 1085 1059
f 1061 1087 1086
f 1061 1086 1060
f 1062 1088 1087
f 1062 1087 1061
f 1063 1089 1088
f 1063 1088 1062
f 1064 1090 1089
f 1064 1089 1063
f 1065 1091 1090
f 1065 1090 1064
f 1066 1092 1091
f 1066 1091 1065
f 1067 1093 1092
f 1067 1092 1066
f 1068 1094 1093
f 1068 1093 1067
f 1069 1095 1094
f 1069 1094 1068
f 1070 1096 1095
f 1070 1095 1069
f 1071 1097 1096
f 1071 1096 1070
f 1072 1098 1097
f 1072 1097 1071
f 1073 1099 1098
f 1073 1098 1072
f 1074 1100 1099
f 1074 1099 1073
f 1075 1101 1100
f 1075 1100 1074
f 1076 1102 1101
f 1076 1101 1075
f 1077 1103 1102
f 1077 1102 1076
f 1078 1104 1103
f 1078 1103 1077
f 1079 1105 1104
f 1079 1104 1078
f 1080 1106 1105
f 1080 1105 1079
f 1081 1107 1106
f 1081 1106 1080
f 1082 1108 1107
f 1082 1107 1081
f 1083 1109 1108
f 1083 1108 1082
f 1084 1110 1109
f 1084 1109 1083
f 1086 1112 1111
f 1086 1111 1085
f 1087 1113 1112
f 1087 1112 1086
f 1088 1114 1113
f 1088 1113 1087
f 1089 1115 1114
f 1089 1114 1088
f 1090 1116 1115
f 1090 1115 1089
f 1091 1117 1116
f 1091 1116 1090
f 1092 1118 1117
f 1092 1117 1091
f 1093 1119 1118
f 1093 1118 1092
f 1094 1120 1119
f 1094 1119 1093
f 1095 1121 1120
f 1095 1120 1094
f 1096 1122 1121
f 1096 1121 1095
f 1097 1123 1122
f 1097 1122 1096
f 1098 1124 1123
f 1098 1123 1097
f 1099 1125 1124
f 1099 1124 1098
f 1100 1126 1125
f 1100 1125 1099
f 1101 1127 1126
f 1101 1126 1100
f 1102 1128 1127
f 1102 1127 1101
f 1103 1129 1128
f 1103 1128 1102
f 1104 1130 1129
f 1104 1129 1103
f 1105 1131 1130
f 1105 1130 1104
f 1106 1132 1131
f 1106 1131 1105
f 1107 1133 1132
f 1107 1132 1106
f 1108 1134 1133
f 1108 1133 1107
f 1109 1135 1134
f 1109 1134 1108
f 1110 1136 1135
f 1110 1135 1109
f 1112 1138 1137
f 1112 1137 1111
f 1113 1139 1138
f 1113 1138 1112
f 1114 1140 1139
f 1114 1139 1113
f 1115 1141 1140
f 1115 1140 1114
f 1116 1142 1141
f 1116 1141 1115
f 1117 1143 1142
f 1117 1142 1116
f 1118 1144 1143
f 1118 1143 1117
f 1119 1145 1144
f 1119 1144 1118
f 1120 1146 1145
f 1120 1145 1119
f 1121 1147 1146
f 1121 1146 1120
f 1122 1148 1147
f 1122 1147 1121
f 1123 1149 1148
f 1123 1148 1122
f 1124 1150 1149
f 1124 1149 1123
f 1125 1151 1150
f 1125 1150 1124
f 1126 1152 1151
f 1126 1151 1125
f 1127 1153 1152
f 1127 1152 1126
f 1128 1154 1153
f 1128 1153 1127
f 1129 1155 1154
f 1129 1154 1128
f 1130 1156 1155
f 1130 1155 1129
f 1131 1157 1156
f 1131 1156 1130
f 1132 1158 1157
f 1132 1157 1131
f 1133 1159 1158
f 1133 1158 1132
f 1134 1160 1159
f 1134 1159 1133
f 1135 1161 1160
f 1135 1160 1134
f 1136 1162 1161
f 1136 1161 1135
f 1138 1164 1163
f 1138 1163 1137
f 1139 1165 1164
f 1139 1164 1138
f 1140 1166 1165
f 1140 1165 1139
f 1141 1167 1166
f 1141 1166 1140
f 1142 1168 1167
f 1142 1167 1141
f 1143 1169 1168
f 1143 1168 1142
f 1144 1170 1169
f 1144 1169 1143
f 1145 1171 1170
f 1145 1170 1144
f 1146 1172 1171
f 1146 1171 1145
f 1147 1173 1172
f 1147 1172 1146
f 1148 1174 1173
f 1148 1173 1147
f 1149 1175 1174
f 1149 1174 1148
f 1150 1176 1175
f 1150 1175 1149
f 1151 1177 1176
f 1151 1176 1150
f 1152 1178 1177
f 1152 1177 1151
f 1153 1179 1178
f 1153 1178 1152
f 1154 1180 1179
f 1154 1179 1153
f 1155 1181 1180
f 1155 1180 1154
f 1156 1182 1181
f 1156 1181 1155
f 1157 1183 1182
f 1157 1182 1156
f 1158 1184 1183
f 1158 1183 1157
f 1159 1185 1184
f 1159 1184 1158
f 1160 1186 1185
f 1160 1185 1159
f 1161 1187 1186
f 1161 1186 1160
f 1162 1188 1187
f 1162 1187 1161
f 1164 1190 1189
f 1164 1189 1163
f 1165 1191 1190
f 1165 1190 1164
f 1166 1192 1191
f 1166 1191 1165
f 1167 1193 1192
f 1167 1192 1166
f 1168 1194 1193
f 1168 1193 1167
f 1169 1195 1194
f 1169 1194 1168
f 1170 1196 1195
f 1170 1195 1169
f 1171 1197 1196
f 1171 1196 1170
f 1172 1198 1197
f 1172 1197 1171
f 1173 1199 1198
f 1173 1198 1172
f 1174 1200 1199
f 1174 1199 1173
f 1175 1201 1200
f 1175 1200 1174
f 1176 1202 1201
f 1176 1201 1175
f 1177 1203 1202
f 1177 1202 1176
f 1178 1204 1203
f 1178 1203 1177
f 1179 1205 1204
f 1179 1204 1178
f 1180 1206 1205
f 1180 1205 1179
f 1181 1207 1206
f 1181 1206 1180
f 1182 1208 1207
f 1182 1207 1181
f 1183 1209 1208
f 1183 1208 1182
f 1184 1210 1209
f 1184 1209 1183
f 1185 1211 1210
f 1185 1210 1184
f 1186 1212 1211
f 1186 1211 1185
f 1187 1213 1212
f 1187 1212 1186
f 1188 1214 1213
f 1188 1213 1187
f 1190 1216 1215
f 1190 1215 1189
f 1191 1217 1216
f 1191 1216 1190
f 1192 1218 1217
f 1192 1217 1191
f 1193 1219 1218
f 1193 1218 1192
f 1194 1220 1219
f 1194 1219 1193
f 1195 1221 1220
f 1195 1220 1194
f 1196 1222 1221
f 1196 1221 1195
f 1197 1223 1222
f 1197 1222 1196
f 1198 1224 1223
f 1198 1223 1197
f 1199 1225 1224
f 1199 1224 1198
f 1200 1226 1225
f 1200 1225 1199
f 1201 1227 1226
f 1201 1226 1200
f 1202 1228 1227
f 1202 1227 1201
f 1203 1229 1228
f 1203 1228 1202
f 1204 1230 1229
f 1204 1229 1203
f 1205 1231 1230
f 1205 1230 1204
f 1206 1232 1231
f 1206 1231 1205
f 1207 1233 1232
f 1207 1232 1206
f 1208 1234 1233
f 1208 1233 1207
f 1209 1235 1234
f 1209 1234 1208
f 1210 1236 1235
f 1210 1235 1209
f 1211 1237 1236
f 1211 1236 1210
f 1212 1238 1237
f 1212 1237 1211
f 1213 1239 1238
f 1213 1238 1212
f 1214 1240 1239
f 1214 1239 1213
f 1216 1242 1241
f 1216 1241 1215
f 1217 1243 1242
f 1217 1242 1216
f 1218 1244 1243
f 1218 1243 1217
f 1219 1245 1244
f 1219 1244 1218
f 1220 1246 1245
f 1220 1245 1219
f 1221 1247 1246
f 1221 1246 1220
f 1222 1248 1247
f 1222 1247 1221
f 1223 1249 1248
f 1223 1248 1222
f 1224 1250 1249
f 1224 1249 1223
f 1225 1251 1250
f 1225 1250 1224
f 1226 1252 1251
f 1226 1251 1225
f 1227 1253 1252
f 1227 1252 1226
f 1228 1254 1253
f 1228 1253 1227
f 1229 1255 1254
f 1229 1254 1228
f 1230 1256 1255
f 1230 1255 1229
f 1231 1257 1256
f 1231 1256 1230
f 1232 1258 1257
f 1232 1257 1231
f 1233 1259 1258
f 1233 1258 1232
f 1234 1260 1259
f 1234 1259 1233
f 1235 1261 1260
f 1235 1260 1234
f 1236 1262 1261
f 1236 1261 1235
f 1237 1263 1262
f 1237 1262 1236
f 1238 1264 1263
f 1238 1263 1237
f 1239 1265 1264
f 1239 1264 1238
f 1240 1266 1265
f 1240 1265 1239
f 1242 1268 1267
f 1242 1267 1241
f 1243 1269 1268
f 1243 1268 1242
f 1244 1270 1269
f 1244 1269 1243
f 1245 1271 1270
f 1245 1270 1244
f 1246 1272 1271
f 1246 1271 1245
f 1247 1273 1272
f 1247 1272 1246
f 1248 1274 1273
f 1248 1273 1247
f 1249 1275 1274
f 1249 1274 1248
f 1250 1276 1275
f 1250 1275 1249
f 1251 1277 1276
f 1251 1276 1250
f 1252 1278 1277
f 1252 1277 1251
f 1253 1279 1278
f 1253 1278 1252
f 1254 1280 1279
f 1254 1279 1253
f 1255 1281 1280
f 1255 1280 1254
f 1256 1282 1281
f 1256 1281 1255
f 1257 1283 1282
f 1257 1282 1256
f 1258 1284 1283
f 1258 1283 1257
f 1259 1285 1284
f 1259 1284 1258
f 1260 1286 1285
f 1260 1285 1259
f 1261 1287 1286
f 1261 1286 1260
f 1262 1288 1287
f 1262 1287 1261
f 1263 1289 1288
f 1263 1288 1262
f 1264 1290 1289
f 1264 1289 1263
f 1265 1291 1290
f 1265 1290 1264
f 1266 1292 1291
f 1266 1291 1265
f 1268 1294 1293
f 1268 1293 1267
f 1269 1295 1294
f 1269 1294 1268
f 1270 1296 1295
f 1270 1295 1269
f 1271 1297 1296
f 1271 1296 1270
f 1272 1298 1297
f 1272 1297 1271
f 1273 1299 1298
f 1273 1298 1272
f 1274 1300 1299
f 1274 1299 1273
f 1275 1301 1300
f 1275 1300 1274
f 1276 1302 1301
f 1276 1301 1275
f 1277 1303 1302
f 1277 1302 1276
f 1278 1304 1303
f 1278 1303 1277
f 1279 1305 1304
f 1279 1304 1278
f 1280 1306 1305
f 1280 1305 1279
f 1281 1307 1306
f 1281 1306 1280
f 1282 1308 1307
f 1282 1307 1281
f 1283 1309 1308
f 1283 1308 1282
f 1284 1310 1309
f 1284 1309 1283
f 1285 1311 1310
f 1285 1310 1284
f 1286 1312 1311
f 1286 1311 1285
f 1287 1313 1312
f 1287 1312 1286
f 1288 1314 1313
f 1288 1313 1287
f 1289 1315 1314
f 1289 1314 1288
f 1290 1316 1315
f 1290 1315 1289
f 1291 1317 1316
f 1291 1316 1290
f 1292 1318 1317
f 1292 1317 1291
f 1294 1320 1319
f 1294 1319 1293
f 1295 1321 1320
f 1295 1320 1294
f 1296 1322 1321
f 1296 1321 1295
f 1297 1323 1322
f 1297 1322 1296
f 1298 1324 1323
f 1298 1323 1297
f 1299 1325 1324
f 1299 1324 1298
f 1300 1326 1325
f 1300 1325 1299
f 1301 1327 1326
f 1301 1326 1300
f 1302 1328 1327
f 1302 1327 1301
f 1303 1329 1328
f 1303 1328 1302
f 1304 1330 1329
f 1304 1329 1303
f 1305 1331 1330
f 1305 1330 1304
f 1306 1332 1331
f 1306 1331 1305
f 1307 1333 1332
f 1307 1332 1306
f 1308 1334 1333
f 1308 1333 1307
f 1309 1335 1334
f 1309 1334 1308
f 1310 1336 1335
f 1310 1335 1309
f 1311 1337 1336
f 1311 1336 1310
f 1312 1338 1337
f 1312 1337 1311
f 1313 1339 1338
f 1313 1338 1312
f 1314 1340 1339
f 1314 1339 1313
f 1315 1341 1340
f 1315 1340 1314
f 1316 1342 1341
f 1316 1341 1315
f 1317 1343 1342
f 1317 1342 1316
f 1318 1344 1343
f 1318 1343 1317
f 1320 1346 1345
f 1320 1345 1319
f 1321 1347 1346
f 1321 1346 1320
f 1322 1348 1347
f 1322 1347 1321
f 1323 1349 1348
f 1323 1348 1322
f 1324 1350 1349
f 1324 1349 1323
f 1325 1351 1350
f 1325 1350 1324
f 1326 1352 1351
f 1326 1351 1325
f 1327 1353 1352
f 1327 1352 1326
f 1328 1354 1353
f 1328 1353 1327
f 1329 1355 1354
f 1329 1354 1328
f 1330 1356 1355
f 1330 1355 1329
f 1331 1357 1356
f 1331 1356 1330
f 1332 1358 1357
f 1332 1357 1331
f 1333 1359 1358
f 1333 1358 1332
f 1334 1360 1359
f 1334 1359 1333
f 1335 1361 1360
f 1335 1360 1334
f 1336 1362 1361
f 1336 1361 1335
f 1337 1363 1362
f 1337 1362 1336
f 1338 1364 1363
f 1338 1363 1337
f 1339 1365 1364
f 1339 1364 1338
f 1340 1366 1365
f 1340 1365 1339
f 1341 1367 1366
f 1341 1366 1340
f 1342 1368 1367
f 1342 1367 1341
f 1343 1369 1368
f 1343 1368 1342
f 1344 1370 1369
f 1344 1369 1343
f 1346 1372 1371
f 1346 1371 1345
f 1347 1373 1372
f 1347 1372 1346
f 1348 1374 1373
f 1348 1373 1347
f 1349 1375 1374
f 1349 1374 1348
f 1350 1376 1375
f 1350 1375 1349
f 1351 1377 1376
f 1351 1376 1350
f 1352 1378 1377
f 1352 1377 1351
f 1353 1379 1378
f 1353 1378 1352
f 1354 1380 1379
f 1354 1379 1353
f 1355 1381 1380
f 1355 1380 1354
f 1356 1382 1381
f 1356 1381 1355
f 1357 1383 1382
f 1357 1382 1356
f 1358 1384 1383
f 1358 1383 1357
f 1359 1385 1384
f 1359 1384 1358
f 1360 1386 1385
f 1360 1385 1359
f 1361 1387 1386
f 1361 1386 1360
f 1362 1388 1387
f 1362 1387 1361
f 1363 1389 1388
f 1363 1388 1362
f 1364 1390 1389
f 1364 1389 1363
f 1365 1391 1390
f 1365 1390 1364
f 1366 1392 1391
f 1366 1391 1365
f 1367 1393 1392
f 1367 1392 1366
f 1368 1394 1393
f 1368 1393 1367
f 1369 1395 1394
f 1369 1394 1368
f 1370 1396 1395
f 1370 1395 1369
f 1372 1398 1397
f 1372 1397 1371
f 1373 1399 1398
f 1373 1398 1372
f 1374 1400 1399
f 1374 1399 1373
f 1375 1401 1400
f 1375 1400 1374
f 1376 1402 1401
f 1376 1401 1375
f 1377 1403 1402
f 1377 1402 1376
f 1378 1404 1403
f 1378 1403 1377
f 1379 1405 1404
f 1379 1404 1378
f 1380 1406 1405
f 1380 1405 1379
f 1381 1407 1406
f 1381 1406 1380
f 1382 1408 1407
f 1382 1407 1381
f 1383 1409 1408
f 1383 1408 1382
f 1384 1410 1409
f 1384 1409 1383
f 1385 1411 1410
f 1385 1410 1384
f 1386 1412 1411
f 1386 1411 1385
f 1387 1413 1412
f 1387 1412 1386
f 1388 1414 1413
f 1388 1413 1387
f 1389 1415 1414
f 1389 1414 1388
f 1390 1416 1415
f 1390 1415 1389
f 1391 1417 1416
f 1391 1416 1390
f 1392 1418 1417
f 1392 1417 1391
f 1393 1419 1418
f 1393 1418 1392
f 1394 1420 1419
f 1394 1419 1393
f 1395 1421 1420
f 1395 1420 1394
f 1396 1422 1421
f 1396 1421 1395
f 1398 1424 1423
f 1398 1423 1397
f 1399 1425 1424
f 1399 1424 1398
f 1400 1426 1425
f 1400 1425 1399
f 1400 1426 1427
f 1400 1427 1401
f 1402 1428 1427
f 1402 1427 1401
f 1403 1429 1428
f 1403 1428 1402
f 1404 1430 1429
f 1404 1429 1403
f 1405 1431 1430
f 1405 1430 1404
f 1406 1432 1431
f 1406 1431 1405
f 1407 1433 1432
f 1407 1432 1406
f 1408 1434 1433
f 1408 1433 1407
f 1409 1435 1434
f 1409 1434 1408
f 1410 1436 1435
f 1410 1435 1409
f 1411 1437 1436
f 1411 1436 1410
f 1412 1438 1437
f 1412 1437 1411
f 1413 1439 1438
f 1413 1438 1412
f 1414 1440 1439
f 1414 1439 1413
f 1415 1441 1440
f 1415 1440 1414
f 1416 1442 1441
f 1416 1441 1415
f 1417 1443 1442
f 1417 1442 1416
f 1418 1444 1443
f 1418 1443 1417
f 1419 1445 1444
f 1419 1444 1418
f 1420 1446 1445
f 1420 1445 1419
f 1421 1447 1446
f 1421 1446 1420
f 1422 1448 1447
f 1422 1447 1421
f 1424 1450 1449
f 1424 1449 1423
f 1425 1451 1450
f 1425 1450 1424
f 1426 1452 1451
f 1426 1451 1425
f 1426 1452 1453
f 1426 1453 1427
f 1428 1454 1453
f 1428 1453 1427
f 1429 1455 1454
f 1429 1454 1428
f 1430 1456 1455
f 1430 1455 1429
f 1431 1457 1456
f 1431 1456 1430
f 1432 1458 1457
f 1432 1457 1431
f 1433 1459 1458
f 1433 1458 1432
f 1434 1460 1459
f 1434 1459 1433
f 1435 1461 1460
f 1435 1460 1434
f 1436 1462 1461
f 1436 1461 1435
f 1437 1463 1462
f 1437 1462 1436
f 1438 1464 1463
f 1438 1463 1437
f 1439 1465 1464
f 1439 1464 1438
f 1440 1466 1465
f 1440 1465 1439
f 1441 1467 1466
f 1441 1466 1440
f 1442 1468 1467
f 1442 1467 1441
f 1443 1469 1468
f 1443 1468 1442
f 1444 1470 1469
f 1444 1469 1443
f 1444 1470 1471
f 1444 1471 1445
f 1446 1472 1471
f 1446 1471 1445
f 1447 1473 1472
f 1447 1472 1446
f 1448 1474 1473
f 1448 1473 1447
f 1449 1475 1476
f 1449 1476 1450
f 1451 1477 1476
f 1451 1476 1450
f 1452 1478 1477
f 1452 1477 1451
f 1452 1478 1479
f 1452 1479 1453
f 1454 1480 1479
f 1454 1479 1453
f 1455 1481 1480
f 1455 1480 1454
f 1456 1482 1481
f 1456 1481 1455
f 1457 1483 1482
f 1457 1482 1456
f 1458 1484 1483
f 1458 1483 1457
f 1459 1485 1484
f 1459 1484 1458
f 1460 1486 1485
f 1460 1485 1459
f 1461 1487 1486
f 1461 1486 1460
f 1462 1488 1487
f 1462 1487 1461
f 1463 1489 1488
f 1463 1488 1462
f 1464 1490 1489
f 1464 1489 1463
f 1465 1491 1490
f 1465 1490 1464
f 1466 1492 1491
f 1466 1491 1465
f 1467 1493 1492
f 1467 1492 1466
f 1468 1494 1493
f 1468 1493 1467
f 1469 1495 1494
f 1469 1494 1468
f 1470 1496 1495
f 1470 1495 1469
f 1470 1496 1497
f 1470 1497 1471
f 1472 1498 1497
f 1472 1497 1471
f 1473 1499 1498
f 1473 1498 1472
f 1474 1500 1499
f 1474 1499 1473
f 1475 1501 1502
f 1475 1502 1476
f 1476 1502 1503
f 1476 1503 1477
f 1478 1504 1503
f 1478 1503 1477
f 1479 1505 1504
f 1479 1504 1478
f 1480 1506 1505
f 1480 1505 1479
f 1481 1507 1506
f 1481 1506 1480
f 1482 1508 1507
f 1482 1507 1481
f 1483 1509 1508
f 1483 1508 1482
f 1484 1510 1509
f 1484 1509 1483
f 1485 1511 1510
f 1485 1510 1484
f 1486 1512 1511
f 1486 1511 1485
f 1487 1513 1512
f 1487 1512 1486
f 1488 1514 1513
f 1488 1513 1487
f 1489 1515 1514
f 1489 1514 1488
f 1490 1516 1515
f 1490 1515 1489
f 1491 1517 1516
f 1491 1516 1490
f 1492 1518 1517
f 1492 1517 1491
f 1493 1519 1518
f 1493 1518 1492
f 1494 1520 1519
f 1494 1519 1493
f 1495 1521 1520
f 1495 1520 1494
f 1496 1522 1521
f 1496 1521 1495
f 1496 1522 1523
f 1496 1523 1497
f 1498 1524 1523
f 1498 1523 1497
f 1499 1525 1524
f 1499 1524 1498
f 1499 1525 1526
f 1499 1526 1500
f 1501 1527 1528
f 1501 1528 1502
f 1502 1528 1529
f 1502 1529 1503
f 1504 1530 1529
f 1504 1529 1503
f 1505 1531 1530
f 1505 1530 1504
f 1506 1532 1531
f 1506 1531 1505
f 1507 1533 1532
f 1507 1532 1506
f 1508 1534 1533
f 1508 1533 1507
f 1509 1535 1534
f 1509 1534 1508
f 1510 1536 1535
f 1510 1535 1509
f 1511 1537 1536
f 1511 1536 1510
f 1512 1538 1537
f 1512 1537 1511
f 1513 1539 1538
f 1513 1538 1512
f 1514 1540 1539
f 1514 1539 1513
f 1515 1541 1540
f 1515 1540 1514
f 1516 1542 1541
f 1516 1541 1515
f 1517 1543 1542
f 1517 1542 1516
f 1518 1544 1543
f 1518 1543 1517
f 1519 1545 1544
f 1519 1544 1518
f 1520 1546 1545
f 1520 1545 1519
f 1521 1547 1546
f 1521 1546 1520
f 1522 1548 1547
f 1522 1547 1521
f 1523 1549 1548
f 1523 1548 1522
f 1524 1550 1549
f 1524 1549 1523
f 1524 1550 1551
f 1524 1551 1525
f 1525 1551 1552
f 1525 1552 1526
f 1527 1553 1554
f 1527 1554 1528
f 1528 1554 1555
f 1528 1555 1529
f 1529 1555 1556
f 1529 1556 1530
f 1531 1557 1556
f 1531 1556 1530
f 1532 1558 1557
f 1532 1557 1531
f 1533 1559 1558
f 1533 1558 1532
f 1534 1560 1559
f 1534 1559 1533
f 1535 1561 1560
f 1535 1560 1534
f 1536 1562 1561
f 1536 1561 1535
f 1537 1563 1562
f 1537 1562 1536
f 1538 1564 1563
f 1538 1563 1537
f 1539 1565 1564
f 1539 1564 1538
f 1540 1566 1565
f 1540 1565 1539
f 1541 1567 1566
f 1541 1566 1540
f 1542 1568 1567
f 1542 1567 1541
f 1543 1569 1568
f 1543 1568 1542
f 1544 1570 1569
f 1544 1569 1543
f 1545 1571 1570
f 1545 1570 1544
f 1546 1572 1571
f 1546 1571 1545
f 1547 1573 1572
f 1547 1572 1546
f 1548 1574 1573
f 1548 1573 1547
f 1549 1575 1574
f 1549 1574 1548
f 1550 1576 1575
f 1550 1575 1549
f 1550 1576 1577
f 1550 1577 1551
f 1551 1577 1578
f 1551 1578 1552
f 227 253 929
f 227 929 903
f 252 928 954
f 252 954 278
f 253 279 955
f 253 955 929
f 278 954 980
f 278 980 304
f 279 305 981
f 279 981 955
f 304 980 1006
f 304 1006 330
f 305 331 1007
f 305 1007 981
f 330 1006 1032
f 330 1032 356
f 331 357 1033
f 331 1033 1007
f 356 1032 1058
f 356 1058 382
f 357 383 1059
f 357 1059 1033
f 382 1058 1084
f 382 1084 408
f 383 409 1085
f 383 1085 1059
f 408 1084 1110
f 408 1110 434
f 409 435 1111
f 409 1111 1085
f 434 1110 1136
f 434 1136 460
f 435 461 1137
f 435 1137 1111
f 460 1136 1162
f 460 1162 486
f 461 487 1163
f 461 1163 1137
f 486 1162 1188
f 486 1188 512
f 487 513 1189
f 487 1189 1163
f 512 1188 1214
f 512 1214 538
f 513 539 1215
f 513 1215 1189
f 538 1214 1240
f 538 1240 564
f 539 565 1241
f 539 1241 1215
f 564 1240 1266
f 564 1266 590
f 565 591 1267
f 565 1267 1241
f 590 1266 1292
f 590 1292 616
f 591 617 1293
f 591 1293 1267
f 616 1292 1318
f 616 1318 642
f 617 643 1319
f 617 1319 1293
f 642 1318 1344
f 642 1344 668
f 643 669 1345
f 643 1345 1319
f 668 1344 1370
f 668 1370 694
f 669 695 1371
f 669 1371 1345
f 694 1370 1396
f 694 1396 720
f 695 721 1397
f 695 1397 1371
f 720 1396 1422
f 720 1422 746
f 721 747 1423
f 721 1423 1397
f 746 1422 1448
f 746 1448 772
f 747 773 1449
f 747 1449 1423
f 772 1448 1474
f 772 1474 798
f 773 799 1475
f 773 1475 1449
f 798 1474 1500
f 798 1500 824
f 799 825 1501
f 799 1501 1475
f 824 1500 1526
f 824 1526 850
f 825 851 1527
f 825 1527 1501
f 850 1526 1552
f 850 1552 876
f 851 877 1553
f 851 1553 1527
f 876 1552 1578
f 876 1578 902
f 227 903 904
f 227 904 228
f 877 878 1554
f 877 1554 1553
f 228 904 905
f 228 905 229
f 878 879 1555
f 878 1555 1554
f 229 905 906
f 229 906 230
f 879 880 1556
f 879 1556 1555
f 230 906 907
f 230 907 231
f 880 881 1557
f 880 1557 1556
f 231 907 908
f 231 908 232
f 881 882 1558
f 881 1558 1557
f 232 908 909
f 232 909 233
f 882 883 1559
f 882 1559 1558
f 233 909 910
f 233 910 234
f 883 884 1560
f 883 1560 1559
f 234 910 911
f 234 911 235
f 884 885 1561
f 884 1561 1560
f 235 911 912
f 235 912 236
f 885 886 1562
f 885 1562 1561
f 236 912 913
f 236 913 237
f 886 887 1563
f 886 1563 1562
f 237 913 914
f 237 914 238
f 887 888 1564
f 887 1564 1563
f 238 914 915
f 238 915 239
f 888 889 1565
f 888 1565 1564
f 239 915 916
f 239 916 240
f 889 890 1566
f 889 1566 1565
f 240 916 917
f 240 917 241
f 890 891 1567
f 890 1567 1566
f 241 917 918
f 241 918 242
f 891 892 1568
f 891 1568 1567
f 242 918 919
f 242 919 243
f 892 893 1569
f 892 1569 1568
f 243 919 920
f 243 920 244
f 893 894 1570
f 893 1570 1569
f 244 920 921
f 244 921 245
f 894 895 1571
f 894 1571 1570
f 245 921 922
f 245 922 246
f 895 896 1572
f 895 1572 1571
f 246 922 923
f 246 923 247
f 896 897 1573
f 896 1573 1572
f 247 923 924
f 247 924 248
f 897 898 1574
f 897 1574 1573
f 248 924 925
f 248 925 249
f 898 899 1575
f 898 1575 1574
f 249 925 926
f 249 926 250
f 899 900 1576
f 899 1576 1575
f 250 926 927
f 250 927 251
f 900 901 1577
f 900 1577 1576
f 251 927 928
f 251 928 252
f 901 902 1578
f 901 1578 1577
o cuirass_plackart
v -1.080000 1.050000 0.500000
v -0.993600 1.050000 0.500002
v -0.907200 1.050000 0.500632
v -0.820800 1.050000 0.505836
v -0.734400 1.050000 0.501539
v -0.648000 1.050000 0.500385
v -0.561600 1.050000 0.505369
v -0.475200 1.050000 0.502208
v -0.388800 1.050000 0.500234
v -0.302400 1.050000 0.504673
v -0.216000 1.050000 0.502996
v -0.129600 1.050000 0.500055
v -0.043200 1.050000 0.500000
v 0.043200 1.050000 0.500000
v 0.129600 1.050000 0.500055
v 0.216000 1.050000 0.502996
v 0.302400 1.050000 0.504673
v 0.388800 1.050000 0.500234
v 0.475200 1.050000 0.502208
v 0.561600 1.050000 0.505369
v 0.648000 1.050000 0.500385
v 0.734400 1.050000 0.501539
v 0.820800 1.050000 0.505836
v 0.907200 1.050000 0.500632
v 0.993600 1.050000 0.500002
v 1.080000 1.050000 0.500000
v -1.061538 1.119231 0.500000
v -0.976615 1.119231 0.502207
v -0.891692 1.119231 0.504860
v -0.806769 1.119231 0.511901
v -0.721846 1.119231 0.509258
v -0.636923 1.119231 0.509574
v -0.552000 1.119231 0.515845
v -0.467077 1.119231 0.513787
v -0.382154 1.119231 0.512732
v -0.297231 1.119231 0.517906
v -0.212308 1.119231 0.516781
v -0.127385 1.119231 0.514207
v -0.042462 1.119231 0.514336
v 0.042462 1.119231 0.514336
v 0.127385 1.119231 0.514207
v 0.212308 1.119231 0.516781
v 0.297231 1.119231 0.517906
v 0.382154 1.119231 0.512732
v 0.467077 1.119231 0.513787
v 0.552000 1.119231 0.515845
v 0.636923 1.119231 0.509574
v 0.721846 1.119231 0.509258
v 0.806769 1.119231 0.511901
v 0.891692 1.119231 0.504860
v 0.976615 1.119231 0.502207
v 1.061538 1.119231 0.500000
v -1.043077 1.188462 0.500000
v -0.959631 1.188462 0.504285
v -0.876185 1.188462 0.508841
v -0.792738 1.188462 0.517614
v -0.709292 1.188462 0.516529
v -0.625846 1.188462 0.518230
v -0.542400 1.188462 0.525713
v -0.458954 1.188462 0.524693
v -0.375508 1.188462 0.524504
v -0.292062 1.188462 0.530370
v -0.208615 1.188462 0.529764
v -0.125169 1.188462 0.527537
v -0.041723 1.188462 0.527839
v 0.041723 1.188462 0.527839
v 0.125169 1.188462 0.527537
v 0.208615 1.188462 0.529764
v 0.292062 1.188462 0.530370
v 0.375508 1.188462 0.524504
v 0.458954 1.188462 0.524693
v 0.542400 1.188462 0.525713
v 0.625846 1.188462 0.518230
v 0.709292 1.188462 0.516529
v 0.792738 1.188462 0.517614
v 0.876185 1.188462 0.508841
v 0.959631 1.188462 0.504285
v 1.043077 1.188462 0.500000
v -1.024615 1.257692 0.500000
v -0.942646 1.257692 0.506113
v -0.860677 1.257692 0.512346
v -0.778708 1.257692 0.522642
v -0.696738 1.257692 0.522929
v -0.614769 1.257692 0.525849
v -0.532800 1.257692 0.534398
v -0.450831 1.257692 0.534292
v -0.368862 1.257692 0.534865
v -0.286892 1.257692 0.541341
v -0.204923 1.257692 0.541192
v -0.122954 1.257692 0.539269
v -0.040985 1.257692 0.539724
v 0.040985 1.257692 0.539724
v 0.122954 1.257692 0.539269
v 0.204923 1.257692 0.541192
v 0.286892 1.257692 0.541341
v 0.368862 1.257692 0.534865
v 0.450831 1.257692 0.534292
v 0.532800 1.257692 0.534398
v 0.614769 1.257692 0.525849
v 0.696738 1.257692 0.522929
v 0.778708 1.257692 0.522642
v 0.860677 1.257692 0.512346
v 0.942646 1.257692 0.506113
v 1.024615 1.257692 0.500000
v -1.006154 1.326923 0.500000
v -0.925662 1.326923 0.507587
v -0.845169 1.326923 0.515170
v -0.764677 1.326923 0.526693
v -0.684185 1.326923 0.528085
v -0.603692 1.326923 0.531987
v -0.523200 1.326923 0.541396
v -0.442708 1.326923 0.542027
v -0.362215 1.326923 0.543214
v -0.281723 1.326923 0.550181
v -0.201231 1.326923 0.550400
v -0.120738 1.326923 0.548723
v -0.040246 1.326923 0.549300
v 0.040246 1.326923 0.549300
v 0.120738 1.326923 0.548723
v 0.201231 1.326923 0.550400
v 0.281723 1.326923 0.550181
v 0.362215 1.326923 0.543214
v 0.442708 1.326923 0.542027
v 0.523200 1.326923 0.541396
v 0.603692 1.326923 0.531987
v 0.684185 1.326923 0.528085
v 0.764677 1.326923 0.526693
v 0.845169 1.326923 0.515170
v 0.925662 1.326923 0.507587
v 1.006154 1.326923 0.500000
v -0.987692 1.396154 0.500000
v -0.908677 1.396154 0.508619
v -0.829662 1.396154 0.517149
v -0.750646 1.396154 0.529533
v -0.671631 1.396154 0.531699
v -0.592615 1.396154 0.536289
v -0.513600 1.396154 0.546300
v -0.434585 1.396154 0.547447
v -0.355569 1.396154 0.549064
v -0.276554 1.396154 0.556375
v -0.197538 1.396154 0.556853
v -0.118523 1.396154 0.555348
v -0.039508 1.396154 0.556011
v 0.039508 1.396154 0.556011
v 0.118523 1.396154 0.555348
v 0.197538 1.396154 0.556853
v 0.276554 1.396154 0.556375
v 0.355569 1.396154 0.549064
v 0.434585 1.396154 0.547447
v 0.513600 1.396154 0.546300
v 0.592615 1.396154 0.536289
v 0.671631 1.396154 0.531699
v 0.750646 1.396154 0.529533
v 0.829662 1.396154 0.517149
v 0.908677 1.396154 0.508619
v 0.987692 1.396154 0.500000
v -0.969231 1.465385 0.500000
v -0.891692 1.465385 0.509151
v -0.814154 1.465385 0.518168
v -0.736615 1.465385 0.530995
v -0.659077 1.465385 0.533560
v -0.581538 1.465385 0.538505
v -0.504000 1.465385 0.548826
v -0.426462 1.465385 0.550239
v -0.348923 1.465385 0.552077
v -0.271385 1.465385 0.559566
v -0.193846 1.465385 0.560176
v -0.116308 1.465385 0.558760
v -0.038769 1.465385 0.559467
v 0.038769 1.465385 0.559467
v 0.116308 1.465385 0.558760
v 0.193846 1.465385 0.560176
v 0.271385 1.465385 0.559566
v 0.348923 1.465385 0.552077
v 0.426462 1.465385 0.550239
v 0.504000 1.465385 0.548826
v 0.581538 1.465385 0.538505
v 0.659077 1.465385 0.533560
v 0.736615 1.465385 0.530995
v 0.814154 1.465385 0.518168
v 0.891692 1.465385 0.509151
v 0.969231 1.465385 0.500000
v -0.950769 1.534615 0.500000
v -0.874708 1.534615 0.509151
v -0.798646 1.534615 0.518168
v -0.722585 1.534615 0.530995
v -0.646523 1.534615 0.533560
v -0.570462 1.534615 0.538505
v -0.494400 1.534615 0.548826
v -0.418338 1.534615 0.550239
v -0.342277 1.534615 0.552077
v -0.266215 1.534615 0.559566
v -0.190154 1.534615 0.560176
v -0.114092 1.534615 0.558760
v -0.038031 1.534615 0.559467
v 0.038031 1.534615 0.559467
v 0.114092 1.534615 0.558760
v 0.190154 1.534615 0.560176
v 0.266215 1.534615 0.559566
v 0.342277 1.534615 0.552077
v 0.418338 1.534615 0.550239
v 0.494400 1.534615 0.548826
v 0.570462 1.534615 0.538505
v 0.646523 1.534615 0.533560
v 0.722585 1.534615 0.530995
v 0.798646 1.534615 0.518168
v 0.874708 1.534615 0.509151
v 0.950769 1.534615 0.500000
v -0.932308 1.603846 0.500000
v -0.857723 1.603846 0.508619
v -0.783138 1.603846 0.517149
v -0.708554 1.603846 0.529533
v -0.633969 1.603846 0.531699
v -0.559385 1.603846 0.536289
v -0.484800 1.603846 0.546300
v -0.410215 1.603846 0.547447
v -0.335631 1.603846 0.549064
v -0.261046 1.603846 0.556375
v -0.186462 1.603846 0.556853
v -0.111877 1.603846 0.555348
v -0.037292 1.603846 0.556011
v 0.037292 1.603846 0.556011
v 0.111877 1.603846 0.555348
v 0.186462 1.603846 0.556853
v 0.261046 1.603846 0.556375
v 0.335631 1.603846 0.549064
v 0.410215 1.603846 0.547447
v 0.484800 1.603846 0.546300
v 0.559385 1.603846 0.536289
v 0.633969 1.603846 0.531699
v 0.708554 1.603846 0.529533
v 0.783138 1.603846 0.517149
v 0.857723 1.603846 0.508619
v 0.932308 1.603846 0.500000
v -0.913846 1.673077 0.500000
v -0.840738 1.673077 0.507587
v -0.767631 1.673077 0.515170
v -0.694523 1.673077 0.526693
v -0.621415 1.673077 0.528085
v -0.548308 1.673077 0.531987
v -0.475200 1.673077 0.541396
v -0.402092 1.673077 0.542027
v -0.328985 1.673077 0.543214
v -0.255877 1.673077 0.550181
v -0.182769 1.673077 0.550400
v -0.109662 1.673077 0.548723
v -0.036554 1.673077 0.549300
v 0.036554 1.673077 0.549300
v 0.109662 1.673077 0.548723
v 0.182769 1.673077 0.550400
v 0.255877 1.673077 0.550181
v 0.328985 1.673077 0.543214
v 0.402092 1.673077 0.542027
v 0.475200 1.673077 0.541396
v 0.548308 1.673077 0.531987
v 0.621415 1.673077 0.528085
v 0.694523 1.673077 0.526693
v 0.767631 1.673077 0.515170
v 0.840738 1.673077 0.507587
v 0.913846 1.673077 0.500000
v -0.895385 1.742308 0.500000
v -0.823754 1.742308 0.506113
v -0.752123 1.742308 0.512346
v -0.680492 1.742308 0.522642
v -0.608862 1.742308 0.522929
v -0.537231 1.742308 0.525849
v -0.465600 1.742308 0.534398
v -0.393969 1.742308 0.534292
v -0.322338 1.742308 0.534865
v -0.250708 1.742308 0.541341
v -0.179077 1.742308 0.541192
v -0.107446 1.742308 0.539269
v -0.035815 1.742308 0.539724
v 0.035815 1.742308 0.539724
v 0.107446 1.742308 0.539269
v 0.179077 1.742308 0.541192
v 0.250708 1.742308 0.541341
v 0.322338 1.742308 0.534865
v 0.393969 1.742308 0.534292
v 0.465600 1.742308 0.534398
v 0.537231 1.742308 0.525849
v 0.608862 1.742308 0.522929
v 0.680492 1.742308 0.522642
v 0.752123 1.742308 0.512346
v 0.823754 1.742308 0.506113
v 0.895385 1.742308 0.500000
v -0.876923 1.811538 0.500000
v -0.806769 1.811538 0.504285
v -0.736615 1.811538 0.508841
v -0.666462 1.811538 0.517614
v -0.596308 1.811538 0.516529
v -0.526154 1.811538 0.518230
v -0.456000 1.811538 0.525713
v -0.385846 1.811538 0.524693
v -0.315692 1.811538 0.524504
v -0.245538 1.811538 0.530370
v -0.175385 1.811538 0.529764
v -0.105231 1.811538 0.527537
v -0.035077 1.811538 0.527839
v 0.035077 1.811538 0.527839
v 0.105231 1.811538 0.527537
v 0.175385 1.811538 0.529764
v 0.245538 1.811538 0.530370
v 0.315692 1.811538 0.524504
v 0.385846 1.811538 0.524693
v 0.456000 1.811538 0.525713
v 0.526154 1.811538 0.518230
v 0.596308 1.811538 0.516529
v 0.666462 1.811538 0.517614
v 0.736615 1.811538 0.508841
v 0.806769 1.811538 0.504285
v 0.876923 1.811538 0.500000
v -0.858462 1.880769 0.500000
v -0.789785 1.880769 0.502207
v -0.721108 1.880769 0.504860
v -0.652431 1.880769 0.511901
v -0.583754 1.880769 0.509258
v -0.515077 1.880769 0.509574
v -0.446400 1.880769 0.515845
v -0.377723 1.880769 0.513787
v -0.309046 1.880769 0.512732
v -0.240369 1.880769 0.517906
v -0.171692 1.880769 0.516781
v -0.103015 1.880769 0.514207
v -0.034338 1.880769 0.514336
v 0.034338 1.880769 0.514336
v 0.103015 1.880769 0.514207
v 0.171692 1.880769 0.516781
v 0.240369 1.880769 0.517906
v 0.309046 1.880769 0.512732
v 0.377723 1.880769 0.513787
v 0.446400 1.880769 0.515845
v 0.515077 1.880769 0.509574
v 0.583754 1.880769 0.509258
v 0.652431 1.880769 0.511901
v 0.721108 1.880769 0.504860
v 0.789785 1.880769 0.502207
v 0.858462 1.880769 0.500000
v -0.840000 1.950000 0.500000
v -0.772800 1.950000 0.500002
v -0.705600 1.950000 0.500632
v -0.638400 1.950000 0.505836
v -0.571200 1.950000 0.501539
v -0.504000 1.950000 0.500385
v -0.436800 1.950000 0.505369
v -0.369600 1.950000 0.502208
v -0.302400 1.950000 0.500234
v -0.235200 1.950000 0.504673
v -0.168000 1.950000 0.502996
v -0.100800 1.950000 0.500055
v -0.033600 1.950000 0.500000
v 0.033600 1.950000 0.500000
v 0.100800 1.950000 0.500055
v 0.168000 1.950000 0.502996
v 0.235200 1.950000 0.504673
v 0.302400 1.950000 0.500234
v 0.369600 1.950000 0.502208
v 0.436800 1.950000 0.505369
v 0.504000 1.950000 0.500385
v 0.571200 1.950000 0.501539
v 0.638400 1.950000 0.505836
v 0.705600 1.950000 0.500632
v 0.772800 1.950000 0.500002
v 0.840000 1.950000 0.500000
v -1.079999 1.050000 0.440000
v -0.993381 1.051857 0.440031
v -0.905178 1.053204 0.440752
v -0.820486 1.055173 0.446060
v -0.736279 1.056982 0.441976
v -0.646681 1.057686 0.440894
v -0.560974 1.058892 0.446035
v -0.476957 1.060094 0.443089
v -0.387958 1.060580 0.441180
v -0.301458 1.061196 0.445734
v -0.217572 1.061793 0.444188
v -0.130619 1.062046 0.441285
v -0.043219 1.062167 0.441247
v 0.043219 1.062167 0.441247
v 0.130619 1.062046 0.441285
v 0.217572 1.061793 0.444188
v 0.301458 1.061196 0.445734
v 0.387958 1.060580 0.441180
v 0.476957 1.060094 0.443089
v 0.560974 1.058892 0.446035
v 0.646681 1.057686 0.440894
v 0.736279 1.056982 0.441976
v 0.820486 1.055173 0.446060
v 0.905178 1.053204 0.440752
v 0.993381 1.051857 0.440031
v 1.079999 1.050000 0.440000
v -1.059979 1.118815 0.440022
v -0.974900 1.120665 0.442249
v -0.888277 1.122013 0.445022
v -0.805221 1.124003 0.452111
v -0.722663 1.125835 0.449628
v -0.634615 1.126531 0.450065
v -0.550528 1.127750 0.456471
v -0.468162 1.128971 0.454592
v -0.380720 1.129453 0.453627
v -0.295825 1.130075 0.458911
v -0.213590 1.130683 0.457898
v -0.128232 1.130937 0.455366
v -0.042417 1.131057 0.455513
v 0.042417 1.131057 0.455513
v 0.128232 1.130937 0.455366
v 0.213590 1.130683 0.457898
v 0.295825 1.130075 0.458911
v 0.380720 1.129453 0.453627
v 0.468162 1.128971 0.454592
v 0.550528 1.127750 0.456471
v 0.634615 1.126531 0.450065
v 0.722663 1.125835 0.449628
v 0.805221 1.124003 0.452111
v 0.888277 1.122013 0.445022
v 0.974900 1.120665 0.442249
v 1.059979 1.118815 0.440022
v -1.040000 1.187641 0.440085
v -0.956457 1.189373 0.444376
v -0.871411 1.190624 0.449071
v -0.789984 1.192542 0.457816
v -0.709072 1.194317 0.456816
v -0.622569 1.194938 0.458671
v -0.540097 1.196110 0.466247
v -0.459384 1.197301 0.465349
v -0.373492 1.197738 0.465260
v -0.290197 1.198334 0.471217
v -0.209618 1.198930 0.470693
v -0.125850 1.199169 0.468504
v -0.041616 1.199281 0.468823
v 0.041616 1.199281 0.468823
v 0.125850 1.199169 0.468504
v 0.209618 1.198930 0.470693
v 0.290197 1.198334 0.471217
v 0.373492 1.197738 0.465260
v 0.459384 1.197301 0.465349
v 0.540097 1.196110 0.466247
v 0.622569 1.194938 0.458671
v 0.709072 1.194317 0.456816
v 0.789984 1.192542 0.457816
v 0.871411 1.190624 0.449071
v 0.956457 1.189373 0.444376
v 1.040000 1.187641 0.440085
v -1.020154 1.256503 0.440178
v -0.938141 1.258014 0.446284
v -0.854660 1.259072 0.452664
v -0.774848 1.260831 0.462848
v -0.695569 1.262471 0.463131
v -0.610598 1.262949 0.466225
v -0.529731 1.264016 0.474811
v -0.450661 1.265126 0.474755
v -0.366306 1.265479 0.475427
v -0.284601 1.266016 0.481965
v -0.205673 1.266575 0.481858
v -0.123485 1.266784 0.479964
v -0.040820 1.266881 0.480432
v 0.040820 1.266881 0.480432
v 0.123485 1.266784 0.479964
v 0.205673 1.266575 0.481858
v 0.284601 1.266016 0.481965
v 0.366306 1.265479 0.475427
v 0.450661 1.265126 0.474755
v 0.529731 1.264016 0.474811
v 0.610598 1.262949 0.466225
v 0.695569 1.262471 0.463131
v 0.774848 1.260831 0.462848
v 0.854660 1.259072 0.452664
v 0.938141 1.258014 0.446284
v 1.020154 1.256503 0.440178
v -1.000525 1.325422 0.440283
v -0.920033 1.326623 0.447852
v -0.838098 1.327406 0.455590
v -0.759881 1.328926 0.466919
v -0.682216 1.330358 0.468216
v -0.598758 1.330634 0.472306
v -0.519477 1.331539 0.481690
v -0.442033 1.332519 0.482292
v -0.359195 1.332749 0.483574
v -0.279062 1.333197 0.490569
v -0.201771 1.333695 0.490786
v -0.121146 1.333857 0.489126
v -0.040032 1.333930 0.489711
v 0.040032 1.333930 0.489711
v 0.121146 1.333857 0.489126
v 0.201771 1.333695 0.490786
v 0.279062 1.333197 0.490569
v 0.359195 1.332749 0.483574
v 0.442033 1.332519 0.482292
v 0.519477 1.331539 0.481690
v 0.598758 1.330634 0.472306
v 0.682216 1.330358 0.468216
v 0.759881 1.328926 0.466919
v 0.838098 1.327406 0.455590
v 0.920033 1.326623 0.447852
v 1.000525 1.325422 0.440283
v -0.981189 1.394420 0.440379
v -0.902205 1.395240 0.448976
v -0.821790 1.395679 0.457669
v -0.745145 1.396895 0.469790
v -0.669069 1.398058 0.471784
v -0.587098 1.398082 0.476575
v -0.509378 1.398777 0.486507
v -0.433537 1.399583 0.487555
v -0.352191 1.399658 0.489262
v -0.273606 1.399987 0.496571
v -0.197928 1.400400 0.497005
v -0.118842 1.400502 0.495507
v -0.039257 1.400545 0.496173
v 0.039257 1.400545 0.496173
v 0.118842 1.400502 0.495507
v 0.197928 1.400400 0.497005
v 0.273606 1.399987 0.496571
v 0.352191 1.399658 0.489262
v 0.433537 1.399583 0.487555
v 0.509378 1.398777 0.486507
v 0.587098 1.398082 0.476575
v 0.669069 1.398058 0.471784
v 0.745145 1.396895 0.469790
v 0.821790 1.395679 0.457669
v 0.902205 1.395240 0.448976
v 0.981189 1.394420 0.440379
v -0.962202 1.463510 0.440443
v -0.884713 1.463901 0.449577
v -0.805787 1.463948 0.458771
v -0.730689 1.464814 0.471291
v -0.656175 1.465664 0.473631
v -0.575660 1.465400 0.478793
v -0.499473 1.465848 0.488999
v -0.425204 1.466446 0.490261
v -0.345321 1.466342 0.492193
v -0.268256 1.466531 0.499658
v -0.194158 1.466841 0.500195
v -0.116582 1.466871 0.498779
v -0.038496 1.466879 0.499486
v 0.038496 1.466879 0.499486
v 0.116582 1.466871 0.498779
v 0.194158 1.466841 0.500195
v 0.268256 1.466531 0.499658
v 0.345321 1.466342 0.492193
v 0.425204 1.466446 0.490261
v 0.499473 1.465848 0.488999
v 0.575660 1.465400 0.478793
v 0.656175 1.465664 0.473631
v 0.730689 1.464814 0.471291
v 0.805787 1.463948 0.458771
v 0.884713 1.463901 0.449577
v 0.962202 1.463510 0.440443
v -0.943606 1.532705 0.440460
v -0.867596 1.532642 0.449606
v -0.790124 1.532270 0.458822
v -0.716547 1.532762 0.471328
v -0.643565 1.533274 0.473648
v -0.564473 1.532703 0.478835
v -0.489787 1.532885 0.489028
v -0.417057 1.533256 0.490268
v -0.338607 1.532960 0.492213
v -0.263027 1.532997 0.499672
v -0.190472 1.533193 0.500194
v -0.114372 1.533146 0.498778
v -0.037752 1.533115 0.499487
v 0.037752 1.533115 0.499487
v 0.114372 1.533146 0.498778
v 0.190472 1.533193 0.500194
v 0.263027 1.532997 0.499672
v 0.338607 1.532960 0.492213
v 0.417057 1.533256 0.490268
v 0.489787 1.532885 0.489028
v 0.564473 1.532703 0.478835
v 0.643565 1.533274 0.473648
v 0.716547 1.532762 0.471328
v 0.790124 1.532270 0.458822
v 0.867596 1.532642 0.449606
v 0.943606 1.532705 0.440460
v -0.925423 1.602010 0.440425
v -0.850876 1.601493 0.449057
v -0.774819 1.600698 0.457812
v -0.702736 1.600814 0.469892
v -0.631257 1.600987 0.471828
v -0.553551 1.600107 0.476691
v -0.480334 1.600023 0.486589
v -0.409106 1.600165 0.487571
v -0.332055 1.599678 0.489316
v -0.257926 1.599562 0.496610
v -0.186874 1.599642 0.497002
v -0.112215 1.599519 0.495505
v -0.037026 1.599449 0.496173
v 0.037026 1.599449 0.496173
v 0.112215 1.599519 0.495505
v 0.186874 1.599642 0.497002
v 0.257926 1.599562 0.496610
v 0.332055 1.599678 0.489316
v 0.409106 1.600165 0.487571
v 0.480334 1.600023 0.486589
v 0.553551 1.600107 0.476691
v 0.631257 1.600987 0.471828
v 0.702736 1.600814 0.469892
v 0.774819 1.600698 0.457812
v 0.850876 1.601493 0.449057
v 0.925423 1.602010 0.440425
v -0.907655 1.671426 0.440343
v -0.834553 1.670480 0.447963
v -0.759872 1.669279 0.455795
v -0.689256 1.669042 0.467061
v -0.619250 1.668896 0.468270
v -0.542890 1.667722 0.472473
v -0.471108 1.667387 0.481807
v -0.401350 1.667316 0.482309
v -0.325663 1.666650 0.483651
v -0.252950 1.666392 0.490626
v -0.183364 1.666365 0.490780
v -0.110110 1.666170 0.489123
v -0.036319 1.666065 0.489712
v 0.036319 1.666065 0.489712
v 0.110110 1.666170 0.489123
v 0.183364 1.666365 0.490780
v 0.252950 1.666392 0.490626
v 0.325663 1.666650 0.483651
v 0.401350 1.667316 0.482309
v 0.471108 1.667387 0.481807
v 0.542890 1.667722 0.472473
v 0.619250 1.668896 0.468270
v 0.689256 1.669042 0.467061
v 0.759872 1.669279 0.455795
v 0.834553 1.670480 0.447963
v 0.907655 1.671426 0.440343
v -0.890284 1.740947 0.440233
v -0.818608 1.739621 0.446395
v -0.745264 1.738054 0.452891
v -0.676086 1.737503 0.462997
v -0.607524 1.737078 0.463172
v -0.532472 1.735641 0.466410
v -0.462096 1.735087 0.474937
v -0.393775 1.734832 0.474760
v -0.319418 1.734007 0.475514
v -0.248088 1.733626 0.482030
v -0.179935 1.733509 0.481847
v -0.108054 1.733252 0.479960
v -0.035627 1.733116 0.480432
v 0.035627 1.733116 0.480432
v 0.108054 1.733252 0.479960
v 0.179935 1.733509 0.481847
v 0.248088 1.733626 0.482030
v 0.319418 1.734007 0.475514
v 0.393775 1.734832 0.474760
v 0.462096 1.735087 0.474937
v 0.532472 1.735641 0.466410
v 0.607524 1.737078 0.463172
v 0.676086 1.737503 0.462997
v 0.745264 1.738054 0.452891
v 0.818608 1.739621 0.446395
v 0.890284 1.740947 0.440233
v -0.873266 1.810563 0.440120
v -0.802999 1.808926 0.444460
v -0.730957 1.807051 0.449277
v -0.663192 1.806246 0.457937
v -0.596045 1.805596 0.456825
v -0.522267 1.803936 0.458841
v -0.453266 1.803206 0.466357
v -0.386358 1.802808 0.465334
v -0.313298 1.801851 0.465339
v -0.243323 1.801372 0.471279
v -0.176578 1.801185 0.470676
v -0.106041 1.800878 0.468497
v -0.034950 1.800716 0.468823
v 0.034950 1.800716 0.468823
v 0.106041 1.800878 0.468497
v 0.176578 1.801185 0.470676
v 0.243323 1.801372 0.471279
v 0.313298 1.801851 0.465339
v 0.386358 1.802808 0.465334
v 0.453266 1.803206 0.466357
v 0.522267 1.803936 0.458841
v 0.596045 1.805596 0.456825
v 0.663192 1.806246 0.457937
v 0.730957 1.807051 0.449277
v 0.802999 1.808926 0.444460
v 0.873266 1.810563 0.440120
v -0.856534 1.880255 0.440033
v -0.787665 1.878396 0.442292
v -0.716896 1.876287 0.445176
v -0.650518 1.875302 0.452181
v -0.584764 1.874493 0.449596
v -0.512229 1.872660 0.450193
v -0.444581 1.871805 0.456547
v -0.379066 1.871308 0.454553
v -0.307275 1.870250 0.453688
v -0.238632 1.869700 0.458962
v -0.173279 1.869466 0.457876
v -0.104063 1.869122 0.455358
v -0.034283 1.868942 0.455513
v 0.034283 1.868942 0.455513
v 0.104063 1.869122 0.455358
v 0.173279 1.869466 0.457876
v 0.238632 1.869700 0.458962
v 0.307275 1.870250 0.453688
v 0.379066 1.871308 0.454553
v 0.444581 1.871805 0.456547
v 0.512229 1.872660 0.450193
v 0.584764 1.874493 0.449596
v 0.650518 1.875302 0.452181
v 0.716896 1.876287 0.445176
v 0.787665 1.878396 0.442292
v 0.856534 1.880255 0.440033
v -0.839998 1.950000 0.440000
v -0.772518 1.948020 0.440035
v -0.703005 1.945768 0.440838
v -0.637997 1.944683 0.446073
v -0.573618 1.943790 0.441910
v -0.502307 1.941842 0.440966
v -0.435996 1.940915 0.446066
v -0.371861 1.940368 0.443029
v -0.301317 1.939242 0.441216
v -0.233989 1.938650 0.445768
v -0.170021 1.938394 0.444164
v -0.102110 1.938026 0.441276
v -0.033624 1.937834 0.441246
v 0.033624 1.937834 0.441246
v 0.102110 1.938026 0.441276
v 0.170021 1.938394 0.444164
v 0.233989 1.938650 0.445768
v 0.301317 1.939242 0.441216
v 0.371861 1.940368 0.443029
v 0.435996 1.940915 0.446066
v 0.502307 1.941842 0.440966
v 0.573618 1.943790 0.441910
v 0.637997 1.944683 0.446073
v 0.703005 1.945768 0.440838
v 0.772518 1.948020 0.440035
v 0.839998 1.950000 0.440000
vn -0.619639 -0.477345 0.623049
vn -0.005330 -0.733816 0.679327
vn -0.027829 -0.749513 0.661404
vn 0.008719 -0.772174 0.635351
vn 0.013609 -0.787387 0.616309
vn -0.020889 -0.795275 0.605889
vn 0.003379 -0.808231 0.588856
vn 0.014689 -0.817815 0.575294
vn -0.015584 -0.822547 0.568483
vn -0.002138 -0.828582 0.559864
vn 0.015957 -0.833123 0.552858
vn 0.006308 -0.835080 0.550093
vn 0.000116 -0.835801 0.549033
vn -0.000063 -0.835383 0.549669
vn -0.012489 -0.833934 0.551723
vn -0.013773 -0.830645 0.556632
vn 0.016289 -0.824440 0.565715
vn 0.002123 -0.819119 0.573619
vn -0.019186 -0.812544 0.582585
vn 0.016347 -0.799619 0.600286
vn 0.008379 -0.788977 0.614366
vn -0.024348 -0.779086 0.626445
vn 0.015497 -0.757770 0.652337
vn 0.018736 -0.738181 0.674342
vn 0.002745 -0.720806 0.693132
vn 0.872690 -0.209820 0.440894
vn -0.706763 0.186618 0.682393
vn -0.028155 -0.023291 0.999332
vn -0.056568 -0.045922 0.997342
vn -0.025059 -0.078611 0.996590
vn 0.013926 -0.109593 0.993879
vn -0.038208 -0.121338 0.991876
vn -0.023885 -0.141158 0.989699
vn 0.018441 -0.161859 0.986642
vn -0.023699 -0.170115 0.985139
vn -0.022857 -0.180029 0.983396
vn 0.021787 -0.190356 0.981473
vn 0.014375 -0.194765 0.980745
vn -0.000393 -0.196681 0.980467
vn 0.001088 -0.196696 0.980464
vn -0.013882 -0.194820 0.980741
vn -0.020995 -0.190432 0.981476
vn 0.023986 -0.180104 0.983355
vn 0.023951 -0.170297 0.985102
vn -0.017824 -0.162049 0.986622
vn 0.025152 -0.141292 0.989648
vn 0.038501 -0.121653 0.991826
vn -0.013448 -0.109929 0.993848
vn 0.026404 -0.078814 0.996540
vn 0.056999 -0.046357 0.997297
vn 0.028825 -0.023716 0.999303
vn 0.700955 0.184612 0.688898
vn -0.723323 0.191299 0.663483
vn -0.052235 -0.014396 0.998531
vn -0.078998 -0.035416 0.996246
vn -0.044899 -0.066945 0.996746
vn -0.003203 -0.096981 0.995281
vn -0.054222 -0.107477 0.992728
vn -0.037552 -0.126537 0.991251
vn 0.007614 -0.146747 0.989145
vn -0.033328 -0.154281 0.987465
vn -0.030410 -0.163773 0.986029
vn 0.017166 -0.173913 0.984611
vn 0.011615 -0.178097 0.983944
vn -0.001436 -0.179904 0.983683
vn 0.002098 -0.179941 0.983675
vn -0.011173 -0.178221 0.983927
vn -0.016400 -0.174099 0.984592
vn 0.031535 -0.164007 0.985955
vn 0.033515 -0.154669 0.987398
vn -0.007036 -0.147191 0.989083
vn 0.038803 -0.126977 0.991146
vn 0.054463 -0.108146 0.992642
vn 0.003640 -0.097724 0.995207
vn 0.046199 -0.067614 0.996641
vn 0.079391 -0.036360 0.996180
vn 0.052864 -0.015385 0.998483
vn 0.718057 0.189027 0.669823
vn -0.737719 0.195474 0.646189
vn -0.074247 -0.004423 0.997230
vn -0.099552 -0.022254 0.994783
vn -0.063078 -0.051151 0.996697
vn -0.018890 -0.078933 0.996701
vn -0.069003 -0.087076 0.993809
vn -0.050169 -0.104380 0.993271
vn -0.002309 -0.123261 0.992372
vn -0.042283 -0.129401 0.990690
vn -0.037463 -0.137924 0.989734
vn 0.012963 -0.147475 0.988981
vn 0.009103 -0.151169 0.988466
vn -0.002421 -0.152731 0.988265
vn 0.003010 -0.152791 0.988254
vn -0.008747 -0.151358 0.988440
vn -0.012265 -0.147769 0.988946
vn 0.038537 -0.138314 0.989638
vn 0.042371 -0.129983 0.990611
vn 0.002808 -0.123946 0.992285
vn 0.051359 -0.105111 0.993133
vn 0.069154 -0.088071 0.993711
vn 0.019245 -0.080051 0.996605
vn 0.064298 -0.052249 0.996562
vn 0.099862 -0.023659 0.994720
vn 0.074793 -0.005920 0.997181
vn 0.733280 0.193065 0.651940
vn -0.749216 0.198919 0.631749
vn -0.092828 0.006015 0.995664
vn -0.116999 -0.007232 0.993106
vn -0.078462 -0.032166 0.996398
vn -0.032114 -0.056488 0.997887
vn -0.081646 -0.061276 0.994776
vn -0.060952 -0.075881 0.995252
vn -0.010681 -0.092614 0.995645
vn -0.050009 -0.096731 0.994053
vn -0.043584 -0.103751 0.993648
vn 0.009456 -0.112300 0.993629
vn 0.007005 -0.115244 0.993313
vn -0.003290 -0.116430 0.993193
vn 0.003767 -0.116509 0.993183
vn -0.006769 -0.115492 0.993285
vn -0.008866 -0.112691 0.993591
vn 0.044559 -0.104285 0.993549
vn 0.049969 -0.097483 0.993982
vn 0.011063 -0.093512 0.995557
vn 0.062040 -0.076872 0.995109
vn 0.081668 -0.062550 0.994695
vn 0.032349 -0.057926 0.997797
vn 0.079578 -0.033626 0.996261
vn 0.117182 -0.009021 0.993070
vn 0.093255 0.004096 0.995634
vn 0.745824 0.196504 0.636501
vn -0.757259 0.201454 0.621269
vn -0.106799 0.016277 0.994147
vn -0.130268 0.008745 0.991440
vn -0.090050 -0.011129 0.995875
vn -0.041947 -0.030977 0.998640
vn -0.091318 -0.031580 0.995321
vn -0.069171 -0.042668 0.996692
vn -0.016891 -0.056520 0.998259
vn -0.055975 -0.058072 0.996742
vn -0.048351 -0.063108 0.996835
vn 0.006911 -0.070269 0.997504
vn 0.005479 -0.072226 0.997373
vn -0.003980 -0.072916 0.997330
vn 0.004310 -0.073011 0.997322
vn -0.005392 -0.072521 0.997352
vn -0.006469 -0.070738 0.997474
vn 0.049185 -0.063760 0.996752
vn 0.055780 -0.058956 0.996701
vn 0.017124 -0.057583 0.998194
vn 0.070126 -0.043863 0.996573
vn 0.091180 -0.033065 0.995285
vn 0.042027 -0.032656 0.998583
vn 0.091049 -0.012858 0.995763
vn 0.130286 0.006671 0.991454
vn 0.107078 0.014047 0.994151
vn 0.755071 0.199165 0.624661
vn -0.761454 0.202942 0.615632
vn -0.115226 0.025731 0.993006
vn -0.138511 0.024725 0.990052
vn -0.097034 0.010694 0.995224
vn -0.047622 -0.003942 0.998858
vn -0.097336 0.000239 0.995252
vn -0.074216 -0.006726 0.997220
vn -0.020419 -0.017131 0.999645
vn -0.059724 -0.015719 0.998091
vn -0.051398 -0.018404 0.998509
vn 0.005560 -0.023864 0.999700
vn 0.004666 -0.024650 0.999685
vn -0.004438 -0.024750 0.999684
vn 0.004592 -0.024855 0.999681
vn -0.004752 -0.024974 0.999677
vn -0.005296 -0.024380 0.999689
vn 0.052057 -0.019131 0.998461
vn 0.059354 -0.016681 0.998098
vn 0.020477 -0.018294 0.999623
vn 0.075017 -0.008045 0.997150
vn 0.097011 -0.001371 0.995282
vn 0.047522 -0.005764 0.998854
vn 0.097913 0.008811 0.995156
vn 0.138334 0.022482 0.990130
vn 0.115335 0.023321 0.993053
vn 0.760576 0.200906 0.617382
vn -0.761533 0.203283 0.615421
vn -0.117459 0.033798 0.992502
vn -0.141147 0.039765 0.989190
vn -0.098858 0.031992 0.994587
vn -0.048598 0.022966 0.998554
vn -0.099222 0.032253 0.994543
vn -0.075658 0.029742 0.996690
vn -0.020889 0.023104 0.999515
vn -0.060932 0.027693 0.997758
vn -0.052462 0.027561 0.998243
vn 0.005578 0.023989 0.999697
vn 0.004670 0.024476 0.999690
vn -0.004621 0.025019 0.999676
vn 0.004580 0.024912 0.999679
vn -0.004944 0.024147 0.999696
vn -0.005509 0.023461 0.999710
vn 0.052928 0.026814 0.998238
vn 0.060371 0.026716 0.997818
vn 0.020755 0.021919 0.999544
vn 0.076296 0.028394 0.996681
vn 0.098689 0.030617 0.994647
vn 0.048301 0.021110 0.998610
vn 0.099618 0.030084 0.994571
vn 0.140752 0.037480 0.989335
vn 0.117383 0.031345 0.992592
vn 0.762033 0.201620 0.615350
vn -0.757335 0.202408 0.620866
vn -0.113152 0.039970 0.992773
vn -0.137876 0.052985 0.989031
vn -0.095243 0.051497 0.994121
vn -0.044601 0.048106 0.997846
vn -0.096750 0.062532 0.993342
vn -0.073297 0.064496 0.995223
vn -0.018117 0.061658 0.997933
vn -0.059452 0.069429 0.995814
vn -0.051421 0.071859 0.996088
vn 0.007050 0.070203 0.997508
vn 0.005543 0.071973 0.997391
vn -0.004505 0.073165 0.997310
vn 0.004266 0.073064 0.997318
vn -0.006010 0.071661 0.997411
vn -0.007182 0.069704 0.997542
vn 0.051693 0.071150 0.996125
vn 0.058692 0.068501 0.995923
vn 0.017787 0.060529 0.998008
vn 0.073772 0.063217 0.995269
vn 0.095998 0.060967 0.993513
vn 0.044099 0.046328 0.997952
vn 0.095889 0.049690 0.994151
vn 0.137251 0.050783 0.989234
vn 0.112884 0.037613 0.992896
vn 0.759246 0.201229 0.618912
vn -0.748801 0.200287 0.631808
vn -0.102281 0.043835 0.993789
vn -0.128698 0.063606 0.989642
vn -0.086207 0.068050 0.993950
vn -0.035645 0.069963 0.996913
vn -0.089961 0.089283 0.991935
vn -0.067172 0.095442 0.993166
vn -0.012127 0.096156 0.995292
vn -0.055330 0.106923 0.992727
vn -0.048311 0.111741 0.992562
vn 0.009974 0.111871 0.993673
vn 0.007283 0.114842 0.993357
vn -0.004089 0.116644 0.993165
vn 0.003661 0.116555 0.993178
vn -0.007940 0.114567 0.993384
vn -0.010295 0.111432 0.993719
vn 0.048406 0.111121 0.992627
vn 0.054367 0.106099 0.992868
vn 0.011605 0.095154 0.995395
vn 0.067499 0.094322 0.993251
vn 0.088988 0.087875 0.992149
vn 0.034940 0.068363 0.997049
vn 0.086742 0.066463 0.994011
vn 0.127842 0.061606 0.989879
vn 0.101820 0.041706 0.993928
vn 0.752124 0.199688 0.628041
vn -0.736007 0.196937 0.647695
vn -0.085162 0.045100 0.995346
vn -0.113915 0.070983 0.990951
vn -0.072063 0.080668 0.994133
vn -0.022029 0.087232 0.995944
vn -0.079148 0.110965 0.990668
vn -0.057555 0.120791 0.991008
vn -0.003139 0.124571 0.992206
vn -0.048784 0.137996 0.989231
vn -0.043309 0.144883 0.988501
vn 0.014256 0.146541 0.989102
vn 0.009837 0.150561 0.988552
vn -0.003394 0.152898 0.988236
vn 0.002797 0.152826 0.988249
vn -0.010670 0.150336 0.988577
vn -0.014743 0.146186 0.989147
vn 0.043258 0.144389 0.988575
vn 0.047626 0.137315 0.989382
vn 0.002442 0.123749 0.992311
vn 0.057754 0.119899 0.991105
vn 0.077965 0.109784 0.990893
vn 0.021137 0.085896 0.996080
vn 0.072490 0.079399 0.994204
vn 0.112844 0.069291 0.991194
vn 0.084521 0.043319 0.995480
vn 0.740697 0.196990 0.642311
vn -0.719224 0.192439 0.667596
vn -0.062474 0.043610 0.997093
vn -0.094147 0.074641 0.992756
vn -0.053414 0.088586 0.994635
vn -0.004323 0.098894 0.995089
vn -0.064836 0.126360 0.989863
vn -0.044912 0.139140 0.989254
vn 0.008459 0.145335 0.989346
vn -0.040172 0.160977 0.986140
vn -0.036702 0.169520 0.984843
vn 0.019734 0.172364 0.984836
vn 0.013108 0.177238 0.984081
vn -0.002454 0.180015 0.983661
vn 0.001719 0.179963 0.983672
vn -0.014095 0.177071 0.984097
vn -0.020353 0.172107 0.984868
vn 0.036547 0.169177 0.984908
vn 0.038835 0.160463 0.986278
vn -0.009304 0.144728 0.989428
vn 0.045014 0.138524 0.989336
vn 0.063465 0.125459 0.990067
vn 0.003274 0.097886 0.995192
vn 0.053740 0.087710 0.994695
vn 0.092891 0.073344 0.992971
vn 0.061677 0.042276 0.997200
vn 0.725169 0.193183 0.660916
vn -0.698988 0.186951 0.690264
vn -0.035270 0.039372 0.998602
vn -0.070327 0.074302 0.994753
vn -0.031138 0.091302 0.995336
vn 0.016655 0.104252 0.994411
vn -0.047741 0.134618 0.989747
vn -0.029872 0.149517 0.988308
vn 0.022147 0.157373 0.987291
vn -0.029953 0.174726 0.984161
vn -0.028854 0.184464 0.982416
vn 0.026189 0.188110 0.981799
vn 0.016971 0.193621 0.980930
vn -0.001318 0.196733 0.980456
vn 0.000481 0.196702 0.980463
vn -0.018082 0.193515 0.980931
vn -0.026901 0.187958 0.981809
vn 0.028641 0.184283 0.982456
vn 0.028463 0.174393 0.984265
vn -0.023102 0.157002 0.987328
vn 0.029913 0.149205 0.988354
vn 0.046221 0.134032 0.989899
vn -0.017819 0.103620 0.994457
vn 0.031378 0.090869 0.995368
vn 0.068933 0.073469 0.994912
vn 0.034355 0.038561 0.998665
vn 0.705989 0.188382 0.682709
vn -0.356545 0.858763 0.367970
vn -0.001928 0.731458 0.681884
vn -0.022596 0.754087 0.656386
vn -0.025200 0.768831 0.638955
vn 0.032322 0.777343 0.628246
vn -0.006543 0.795942 0.605338
vn -0.026375 0.806797 0.590240
vn 0.024621 0.811807 0.583406
vn 0.001714 0.822003 0.569480
vn -0.025309 0.828242 0.559798
vn 0.015831 0.830470 0.556839
vn 0.017514 0.833727 0.551899
vn -0.000284 0.835565 0.549392
vn -0.000778 0.835501 0.549488
vn -0.007062 0.833783 0.552048
vn -0.021170 0.830690 0.556332
vn -0.001029 0.827850 0.560948
vn 0.021440 0.822225 0.568758
vn -0.018640 0.812192 0.583092
vn -0.007371 0.805839 0.592089
vn 0.026259 0.796336 0.604284
vn -0.017690 0.778198 0.627770
vn -0.011390 0.767247 0.641250
vn 0.034693 0.755449 0.654288
vn 0.004270 0.730541 0.682855
vn 0.386364 0.502339 0.773549
vn -0.395982 -0.301716 -0.867275
vn 0.017953 -0.685727 -0.727637
vn -0.003933 -0.998925 -0.046198
vn -0.061388 -0.995234 -0.075762
vn -0.009931 -0.622072 -0.782897
vn -0.014882 -0.992090 -0.124646
vn -0.012996 -0.799592 0.600403
vn 0.020823 -0.812568 0.582494
vn -0.000622 -0.819117 0.573626
vn -0.014498 -0.824434 0.565772
vn 0.014677 -0.830650 0.556602
vn 0.012810 -0.833942 0.551704
vn 0.000106 -0.835385 0.549665
vn -0.000465 -0.835805 0.549026
vn -0.007038 -0.835084 0.550078
vn -0.017725 -0.833124 0.552802
vn 0.000205 -0.828603 0.559837
vn 0.014347 -0.822533 0.568536
vn -0.018089 -0.817829 0.575177
vn -0.007080 -0.808281 0.588754
vn 0.019269 -0.795236 0.605994
vn 0.017641 -0.992638 -0.119824
vn 0.023878 -0.995030 -0.096669
vn 0.019271 -0.997661 -0.065585
vn -0.016578 -0.686654 -0.726795
vn 0.423891 -0.776836 -0.465662
vn -0.660955 0.194363 -0.724818
vn 0.017210 0.016769 -0.999711
vn -0.091887 -0.045926 0.994710
vn -0.942007 0.335551 -0.005268
vn -0.038356 0.110525 -0.993133
vn -0.079390 -0.117586 0.989884
vn -0.024962 -0.141254 0.989659
vn 0.018112 -0.162277 0.986579
vn -0.024169 -0.170246 0.985105
vn -0.023773 -0.180082 0.983364
vn 0.021223 -0.190525 0.981453
vn 0.013904 -0.194854 0.980734
vn -0.001045 -0.196717 0.980460
vn 0.000349 -0.196702 0.980463
vn -0.014387 -0.194796 0.980738
vn -0.021994 -0.190442 0.981452
vn 0.022610 -0.180012 0.983405
vn 0.023931 -0.170053 0.985144
vn -0.018682 -0.162070 0.986602
vn 0.023636 -0.141130 0.989709
vn 0.038623 -0.121118 0.991886
vn 0.982802 -0.184321 -0.011253
vn 0.938720 0.344543 0.009706
vn 0.091133 -0.044990 0.994822
vn 0.932308 0.361165 -0.019010
vn 0.962063 0.272228 -0.018080
vn -0.961632 0.270734 -0.044342
vn -0.063137 -0.021827 0.997766
vn -0.080109 -0.035997 0.996136
vn -0.946394 0.321711 -0.028974
vn -0.980515 -0.195599 -0.018196
vn -0.054913 -0.107933 0.992640
vn -0.038615 -0.126948 0.991157
vn 0.007374 -0.147449 0.989042
vn -0.033768 -0.154625 0.987396
vn -0.031327 -0.163999 0.985963
vn 0.016662 -0.174220 0.984566
vn 0.011198 -0.178277 0.983917
vn -0.002057 -0.179984 0.983667
vn 0.001397 -0.179947 0.983675
vn -0.011628 -0.178152 0.983934
vn -0.017400 -0.174027 0.984587
vn 0.030165 -0.163769 0.986037
vn 0.033589 -0.154229 0.987464
vn -0.007890 -0.146991 0.989106
vn 0.037300 -0.126516 0.991263
vn 0.054677 -0.107251 0.992727
vn 0.987351 -0.157012 -0.022036
vn 0.941493 0.336765 -0.013433
vn 0.079735 -0.035039 0.996200
vn 0.052299 -0.014462 0.998527
vn 0.716604 0.194899 0.669696
vn -0.727408 0.196366 0.657509
vn -0.074875 -0.005974 0.997175
vn -0.100639 -0.023281 0.994651
vn -0.952018 0.301580 -0.052068
vn -0.985344 -0.168052 -0.029260
vn -0.069661 -0.087848 0.993695
vn -0.051171 -0.105091 0.993145
vn -0.002427 -0.124216 0.992252
vn -0.042664 -0.129940 0.990604
vn -0.038335 -0.138316 0.989646
vn 0.012560 -0.147903 0.988922
vn 0.008775 -0.151427 0.988429
vn -0.002972 -0.152846 0.988245
vn 0.002387 -0.152787 0.988256
vn -0.009118 -0.151237 0.988456
vn -0.013223 -0.147606 0.988958
vn 0.037222 -0.137928 0.989743
vn 0.042575 -0.129354 0.990684
vn 0.002002 -0.123520 0.992340
vn 0.049915 -0.104363 0.993286
vn 0.069500 -0.086850 0.993794
vn 0.993999 -0.105287 -0.029674
vn 0.946035 0.321919 -0.037237
vn 0.100330 -0.021884 0.994714
vn 0.074315 -0.004474 0.997225
vn 0.731878 0.198841 0.651780
vn -0.741154 0.199381 0.641044
vn -0.093347 0.004058 0.995625
vn -0.118011 -0.008644 0.992975
vn -0.958420 0.275955 -0.072664
vn -0.992660 -0.115217 -0.036756
vn -0.082230 -0.062325 0.994663
vn -0.061849 -0.076858 0.995122
vn -0.010647 -0.093771 0.995537
vn -0.050303 -0.097435 0.993970
vn -0.044360 -0.104289 0.993557
vn 0.009193 -0.112823 0.993573
vn 0.006796 -0.115559 0.993277
vn -0.003732 -0.116564 0.993176
vn 0.003259 -0.116485 0.993187
vn -0.007021 -0.115311 0.993305
vn -0.009741 -0.112433 0.993612
vn 0.043345 -0.103754 0.993658
vn 0.050333 -0.096683 0.994042
vn 0.010348 -0.092868 0.995625
vn 0.060696 -0.075866 0.995269
vn 0.082180 -0.061058 0.994745
vn 0.998930 -0.029633 -0.035503
vn 0.951866 0.300605 -0.059898
vn 0.117813 -0.006884 0.993012
vn 0.092907 0.005982 0.995657
vn 0.744564 0.201831 0.636309
vn -0.751846 0.201411 0.627822
vn -0.107180 0.014024 0.994141
vn -0.131157 0.007028 0.991337
vn -0.965174 0.246020 -0.088961
vn -0.998408 -0.037702 -0.041958
vn -0.091788 -0.032846 0.995237
vn -0.069926 -0.043855 0.996588
vn -0.016681 -0.057808 0.998188
vn -0.056153 -0.058896 0.996684
vn -0.048983 -0.063759 0.996762
vn 0.006822 -0.070848 0.997464
vn 0.005419 -0.072571 0.997349
vn -0.004277 -0.073052 0.997319
vn 0.003951 -0.072955 0.997327
vn -0.005498 -0.072277 0.997369
vn -0.007220 -0.070384 0.997494
vn 0.048112 -0.063103 0.996847
vn 0.056326 -0.058018 0.996725
vn 0.016538 -0.056745 0.998252
vn 0.068911 -0.042653 0.996711
vn 0.091886 -0.031377 0.995275
vn 0.060346 -0.017988 0.998015
vn 0.156951 0.018826 0.987427
vn 0.131114 0.009056 0.991326
vn 0.106894 0.016265 0.994137
vn 0.754039 0.203711 0.624441
vn -0.758972 0.202349 0.618884
vn -0.115446 0.023313 0.993040
vn -0.139238 0.022802 0.989996
vn -0.971889 0.213391 -0.099476
vn -0.997216 0.058450 -0.046309
vn -0.097653 -0.001170 0.995220
vn -0.074800 -0.008043 0.997166
vn -0.020014 -0.018465 0.999629
vn -0.059759 -0.016607 0.998075
vn -0.051846 -0.019121 0.998472
vn 0.005671 -0.024453 0.999685
vn 0.004777 -0.024995 0.999676
vn -0.004561 -0.024870 0.999680
vn 0.004408 -0.024763 0.999684
vn -0.004689 -0.024673 0.999685
vn -0.005892 -0.023945 0.999696
vn 0.051153 -0.018386 0.998522
vn 0.060097 -0.015656 0.998070
vn 0.020049 -0.017307 0.999649
vn 0.073949 -0.006710 0.997239
vn 0.097930 0.000415 0.995193
vn 0.062388 -0.014199 0.997951
vn 0.161873 0.015482 0.986690
vn 0.139387 0.024986 0.989923
vn 0.115341 0.025742 0.992992
vn 0.759848 0.204383 0.617138
vn -0.762165 0.202131 0.615018
vn -0.117504 0.031352 0.992577
vn -0.141681 0.037747 0.989192
vn -0.978227 0.180037 -0.103237
vn -0.985641 0.161082 -0.050643
vn -0.099354 0.030786 0.994576
vn -0.076054 0.028386 0.996700
vn -0.020282 0.021815 0.999556
vn -0.060800 0.026801 0.997790
vn -0.052698 0.026833 0.998250
vn 0.005901 0.023434 0.999708
vn 0.004966 0.024161 0.999696
vn -0.004549 0.024928 0.999679
vn 0.004588 0.025038 0.999676
vn -0.004696 0.024487 0.999689
vn -0.005929 0.023950 0.999696
vn 0.052204 0.027590 0.998255
vn 0.061318 0.027763 0.997732
vn 0.020507 0.022993 0.999525
vn 0.075377 0.029756 0.996711
vn 0.099832 0.032393 0.994477
vn 0.964474 0.258793 -0.053077
vn 0.972482 0.208981 -0.102983
vn 0.142049 0.039968 0.989052
vn 0.117598 0.033833 0.992485
vn 0.761665 0.203796 0.615088
vn -0.761180 0.200737 0.616693
vn -0.113014 0.037636 0.992880
vn -0.138198 0.050986 0.989091
vn -0.983914 0.148090 -0.099914
vn -0.965185 0.255806 -0.054598
vn -0.096672 0.061091 0.993440
vn -0.073497 0.063194 0.995291
vn -0.017308 0.060497 0.998018
vn -0.059135 0.068588 0.995891
vn -0.051435 0.071170 0.996137
vn 0.007585 0.069720 0.997538
vn 0.006031 0.071705 0.997408
vn -0.004231 0.073106 0.997315
vn 0.004467 0.073210 0.997307
vn -0.005575 0.072014 0.997388
vn -0.007418 0.070207 0.997505
vn 0.051143 0.071893 0.996100
vn 0.059843 0.069499 0.995785
vn 0.017726 0.061616 0.997943
vn 0.072995 0.064500 0.995244
vn 0.097368 0.062628 0.993276
vn 0.940571 0.334698 -0.057472
vn 0.979005 0.174961 -0.104586
vn 0.138802 0.053124 0.988894
vn 0.113316 0.040031 0.992752
vn 0.759277 0.201941 0.618642
vn -0.755867 0.198183 0.624010
vn -0.101964 0.041749 0.993912
vn -0.128805 0.061738 0.989746
vn -0.988752 0.119591 -0.089822
vn -0.941551 0.332063 -0.056708
vn -0.089660 0.087946 0.992082
vn -0.067181 0.094275 0.993277
vn -0.011130 0.095187 0.995397
vn -0.054815 0.106176 0.992835
vn -0.048109 0.111131 0.992641
vn 0.010704 0.111482 0.993709
vn 0.007959 0.114630 0.993376
vn -0.003619 0.116611 0.993171
vn 0.004043 0.116703 0.993159
vn -0.007320 0.114902 0.993350
vn -0.010352 0.111909 0.993665
vn 0.048004 0.111767 0.992574
vn 0.055718 0.106985 0.992698
vn 0.011732 0.096180 0.995295
vn 0.066842 0.095429 0.993190
vn 0.090577 0.089327 0.991875
vn 0.919575 0.388593 -0.058104
vn 0.984798 0.142738 -0.098986
vn 0.129644 0.063680 0.989514
vn 0.102471 0.043925 0.993766
vn 0.752568 0.198844 0.627776
vn -0.746190 0.194530 0.636678
vn -0.084684 0.043386 0.995463
vn -0.113820 0.069352 0.991078
vn -0.992614 0.096271 -0.073817
vn -0.920872 0.385956 -0.055065
vn -0.078626 0.109794 0.990840
vn -0.057388 0.119820 0.991136
vn -0.001978 0.123836 0.992301
vn -0.048070 0.137371 0.989353
vn -0.042913 0.144376 0.988592
vn 0.015153 0.146253 0.989131
vn 0.010688 0.150402 0.988567
vn -0.002743 0.152881 0.988241
vn 0.003338 0.152956 0.988227
vn -0.009878 0.150624 0.988542
vn -0.014640 0.146598 0.989088
vn 0.042965 0.144887 0.988515
vn 0.049163 0.138039 0.989206
vn 0.002748 0.124652 0.992197
vn 0.057190 0.120751 0.991034
vn 0.079755 0.110954 0.990620
vn 0.905345 0.421336 -0.053156
vn 0.989652 0.114361 -0.086664
vn 0.114880 0.070996 0.990839
vn 0.085381 0.045220 0.995322
vn 0.741542 0.194584 0.642069
vn -0.967831 0.241326 -0.071171
vn -0.997450 -0.041371 -0.058155
vn -0.131347 0.085029 0.987683
vn -0.995425 0.079411 -0.053133
vn -0.022845 -0.095002 -0.995215
vn -0.110108 0.129811 0.985406
vn -0.109983 0.132553 0.985055
vn -0.001587 0.141179 0.989983
vn -0.039270 0.160489 0.986256
vn -0.036145 0.169130 0.984931
vn 0.020758 0.172177 0.984847
vn 0.014112 0.177126 0.984087
vn -0.001651 0.180002 0.983665
vn 0.002387 0.180057 0.983653
vn -0.013151 0.177292 0.984070
vn -0.020116 0.172427 0.984817
vn 0.036313 0.169493 0.984862
vn 0.040539 0.160994 0.986123
vn -0.008838 0.145460 0.989325
vn 0.044506 0.139066 0.989282
vn 0.065428 0.126295 0.989833
vn 0.898932 0.436113 -0.041552
vn 0.993437 0.091511 -0.068627
vn 0.095128 0.074600 0.992666
vn 0.074228 0.054633 0.995744
vn 0.967549 0.242392 -0.071382
vn -0.664399 0.157010 -0.730700
vn 0.035551 -0.039558 -0.998585
vn -0.905380 0.412203 -0.101865
vn -0.997133 0.069803 -0.029199
vn -0.017286 -0.104483 -0.994376
vn -0.960410 0.264656 -0.087005
vn -0.999018 0.033374 -0.029135
vn -0.826843 0.557978 -0.070649
vn -0.028886 0.174384 0.984254
vn -0.028175 0.184196 0.982486
vn 0.027297 0.188019 0.981786
vn 0.018098 0.193550 0.980924
vn -0.000394 0.196715 0.980461
vn 0.001238 0.196749 0.980453
vn -0.017013 0.193655 0.980922
vn -0.026563 0.188167 0.981778
vn 0.028414 0.184397 0.982441
vn 0.030306 0.174711 0.984153
vn -0.022502 0.157531 0.987258
vn 0.029421 0.149406 0.988338
vn 0.098616 0.144024 0.984648
vn 0.048731 -0.094542 -0.994327
vn 0.996083 0.075374 -0.046226
vn 0.113293 0.089903 0.989486
vn -0.021280 -0.026585 -0.999420
vn 0.656897 0.155465 -0.737778
vn -0.725483 0.565210 -0.392697
vn 0.024714 0.690117 -0.723275
vn -0.024981 0.997858 -0.060461
vn -0.035135 0.995965 -0.082578
vn -0.022269 0.635137 -0.772078
vn -0.041705 0.990947 -0.127610
vn -0.028126 0.988810 -0.146502
vn -0.010414 0.987500 -0.157274
vn -0.019519 0.822294 0.568728
vn 0.002407 0.827837 0.560964
vn 0.022629 0.830674 0.556298
vn 0.007781 0.833793 0.552022
vn 0.000825 0.835510 0.549474
vn -0.000471 0.835562 0.549397
vn -0.018807 0.833726 0.551858
vn -0.017133 0.830489 0.556772
vn 0.022969 0.828239 0.559904
vn -0.005204 0.821968 0.569511
vn -0.027118 0.811778 0.583336
vn 0.022966 0.806821 0.590350
vn 0.009905 0.989881 -0.141551
vn 0.010919 0.622155 -0.782818
vn 0.086942 0.991659 -0.095145
vn 0.002319 0.997029 -0.076998
vn -0.026228 0.673989 -0.738276
vn 0.505802 0.659238 -0.556390
usemtl steel
f 1579 1580 1606
f 1579 1606 1605
f 1580 1581 1607
f 1580 1607 1606
f 1581 1582 1608
f 1581 1608 1607
f 1582 1583 1609
f 1582 1609 1608
f 1583 1584 1610
f 1583 1610 1609
f 1584 1585 1611
f 1584 1611 1610
f 1585 1586 1612
f 1585 1612 1611
f 1586 1587 1613
f 1586 1613 1612
f 1587 1588 1614
f 1587 1614 1613
f 1588 1589 1615
f 1588 1615 1614
f 1589 1590 1616
f 1589 1616 1615
f 1590 1591 1617
f 1590 1617 1616
f 1591 1592 1618
f 1591 1618 1617
f 1592 1593 1619
f 1592 1619 1618
f 1593 1594 1620
f 1593 1620 1619
f 1594 1595 1621
f 1594 1621 1620
f 1595 1596 1622
f 1595 1622 1621
f 1596 1597 1623
f 1596 1623 1622
f 1597 1598 1624
f 1597 1624 1623
f 1598 1599 1625
f 1598 1625 1624
f 1599 1600 1626
f 1599 1626 1625
f 1600 1601 1627
f 1600 1627 1626
f 1601 1602 1628
f 1601 1628 1627
f 1602 1603 1629
f 1602 1629 1628
f 1603 1604 1630
f 1603 1630 1629
f 1605 1606 1632
f 1605 1632 1631
f 1606 1607 1633
f 1606 1633 1632
f 1607 1608 1634
f 1607 1634 1633
f 1608 1609 1635
f 1608 1635 1634
f 1609 1610 1636
f 1609 1636 1635
f 1610 1611 1637
f 1610 1637 1636
f 1611 1612 1638
f 1611 1638 1637
f 1612 1613 1639
f 1612 1639 1638
f 1613 1614 1640
f 1613 1640 1639
f 1614 1615 1641
f 1614 1641 1640
f 1615 1616 1642
f 1615 1642 1641
f 1616 1617 1643
f 1616 1643 1642
f 1617 1618 1644
f 1617 1644 1643
f 1618 1619 1645
f 1618 1645 1644
f 1619 1620 1646
f 1619 1646 1645
f 1620 1621 1647
f 1620 1647 1646
f 1621 1622 1648
f 1621 1648 1647
f 1622 1623 1649
f 1622 1649 1648
f 1623 1624 1650
f 1623 1650 1649
f 1624 1625 1651
f 1624 1651 1650
f 1625 1626 1652
f 1625 1652 1651
f 1626 1627 1653
f 1626 1653 1652
f 1627 1628 1654
f 1627 1654 1653
f 1628 1629 1655
f 1628 1655 1654
f 1629 1630 1656
f 1629 1656 1655
f 1631 1632 1658
f 1631 1658 1657
f 1632 1633 1659
f 1632 1659 1658
f 1633 1634 1660
f 1633 1660 1659
f 1634 1635 1661
f 1634 1661 1660
f 1635 1636 1662
f 1635 1662 1661
f 1636 1637 1663
f 1636 1663 1662
f 1637 1638 1664
f 1637 1664 1663
f 1638 1639 1665
f 1638 1665 1664
f 1639 1640 1666
f 1639 1666 1665
f 1640 1641 1667
f 1640 1667 1666
f 1641 1642 1668
f 1641 1668 1667
f 1642 1643 1669
f 1642 1669 1668
f 1643 1644 1670
f 1643 1670 1669
f 1644 1645 1671
f 1644 1671 1670
f 1645 1646 1672
f 1645 1672 1671
f 1646 1647 1673
f 1646 1673 1672
f 1647 1648 1674
f 1647 1674 1673
f 1648 1649 1675
f 1648 1675 1674
f 1649 1650 1676
f 1649 1676 1675
f 1650 1651 1677
f 1650 1677 1676
f 1651 1652 1678
f 1651 1678 1677
f 1652 1653 1679
f 1652 1679 1678
f 1653 1654 1680
f 1653 1680 1679
f 1654 1655 1681
f 1654 1681 1680
f 1655 1656 1682
f 1655 1682 1681
f 1657 1658 1684
f 1657 1684 1683
f 1658 1659 1685
f 1658 1685 1684
f 1659 1660 1686
f 1659 1686 1685
f 1660 1661 1687
f 1660 1687 1686
f 1661 1662 1688
f 1661 1688 1687
f 1662 1663 1689
f 1662 1689 1688
f 1663 1664 1690
f 1663 1690 1689
f 1664 1665 1691
f 1664 1691 1690
f 1665 1666 1692
f 1665 1692 1691
f 1666 1667 1693
f 1666 1693 1692
f 1667 1668 1694
f 1667 1694 1693
f 1668 1669 1695
f 1668 1695 1694
f 1669 1670 1696
f 1669 1696 1695
f 1670 1671 1697
f 1670 1697 1696
f 1671 1672 1698
f 1671 1698 1697
f 1672 1673 1699
f 1672 1699 1698
f 1673 1674 1700
f 1673 1700 1699
f 1674 1675 1701
f 1674 1701 1700
f 1675 1676 1702
f 1675 1702 1701
f 1676 1677 1703
f 1676 1703 1702
f 1677 1678 1704
f 1677 1704 1703
f 1678 1679 1705
f 1678 1705 1704
f 1679 1680 1706
f 1679 1706 1705
f 1680 1681 1707
f 1680 1707 1706
f 1681 1682 1708
f 1681 1708 1707
f 1683 1684 1710
f 1683 1710 1709
f 1684 1685 1711
f 1684 1711 1710
f 1685 1686 1712
f 1685 1712 1711
f 1686 1687 1713
f 1686 1713 1712
f 1687 1688 1714
f 1687 1714 1713
f 1688 1689 1715
f 1688 1715 1714
f 1689 1690 1716
f 1689 1716 1715
f 1690 1691 1717
f 1690 1717 1716
f 1691 1692 1718
f 1691 1718 1717
f 1692 1693 1719
f 1692 1719 1718
f 1693 1694 1720
f 1693 1720 1719
f 1694 1695 1721
f 1694 1721 1720
f 1695 1696 1722
f 1695 1722 1721
f 1696 1697 1723
f 1696 1723 1722
f 1697 1698 1724
f 1697 1724 1723
f 1698 1699 1725
f 1698 1725 1724
f 1699 1700 1726
f 1699 1726 1725
f 1700 1701 1727
f 1700 1727 1726
f 1701 1702 1728
f 1701 1728 1727
f 1702 1703 1729
f 1702 1729 1728
f 1703 1704 1730
f 1703 1730 1729
f 1704 1705 1731
f 1704 1731 1730
f 1705 1706 1732
f 1705 1732 1731
f 1706 1707 1733
f 1706 1733 1732
f 1707 1708 1734
f 1707 1734 1733
f 1709 1710 1736
f 1709 1736 1735
f 1710 1711 1737
f 1710 1737 1736
f 1711 1712 1738
f 1711 1738 1737
f 1712 1713 1739
f 1712 1739 1738
f 1713 1714 1740
f 1713 1740 1739
f 1714 1715 1741
f 1714 1741 1740
f 1715 1716 1742
f 1715 1742 1741
f 1716 1717 1743
f 1716 1743 1742
f 1717 1718 1744
f 1717 1744 1743
f 1718 1719 1745
f 1718 1745 1744
f 1719 1720 1746
f 1719 1746 1745
f 1720 1721 1747
f 1720 1747 1746
f 1721 1722 1748
f 1721 1748 1747
f 1722 1723 1749
f 1722 1749 1748
f 1723 1724 1750
f 1723 1750 1749
f 1724 1725 1751
f 1724 1751 1750
f 1725 1726 1752
f 1725 1752 1751
f 1726 1727 1753
f 1726 1753 1752
f 1727 1728 1754
f 1727 1754 1753
f 1728 1729 1755
f 1728 1755 1754
f 1729 1730 1756
f 1729 1756 1755
f 1730 1731 1757
f 1730 1757 1756
f 1731 1732 1758
f 1731 1758 1757
f 1732 1733 1759
f 1732 1759 1758
f 1733 1734 1760
f 1733 1760 1759
f 1735 1736 1762
f 1735 1762 1761
f 1736 1737 1763
f 1736 1763 1762
f 1737 1738 1764
f 1737 1764 1763
f 1738 1739 1765
f 1738 1765 1764
f 1739 1740 1766
f 1739 1766 1765
f 1740 1741 1767
f 1740 1767 1766
f 1741 1742 1768
f 1741 1768 1767
f 1742 1743 1769
f 1742 1769 1768
f 1743 1744 1770
f 1743 1770 1769
f 1744 1745 1771
f 1744 1771 1770
f 1745 1746 1772
f 1745 1772 1771
f 1746 1747 1773
f 1746 1773 1772
f 1747 1748 1774
f 1747 1774 1773
f 1748 1749 1775
f 1748 1775 1774
f 1749 1750 1776
f 1749 1776 1775
f 1750 1751 1777
f 1750 1777 1776
f 1751 1752 1778
f 1751 1778 1777
f 1752 1753 1779
f 1752 1779 1778
f 1753 1754 1780
f 1753 1780 1779
f 1754 1755 1781
f 1754 1781 1780
f 1755 1756 1782
f 1755 1782 1781
f 1756 1757 1783
f 1756 1783 1782
f 1757 1758 1784
f 1757 1784 1783
f 1758 1759 1785
f 1758 1785 1784
f 1759 1760 1786
f 1759 1786 1785
f 1761 1762 1788
f 1761 1788 1787
f 1762 1763 1789
f 1762 1789 1788
f 1763 1764 1790
f 1763 1790 1789
f 1764 1765 1791
f 1764 1791 1790
f 1765 1766 1792
f 1765 1792 1791
f 1766 1767 1793
f 1766 1793 1792
f 1767 1768 1794
f 1767 1794 1793
f 1768 1769 1795
f 1768 1795 1794
f 1769 1770 1796
f 1769 1796 1795
f 1770 1771 1797
f 1770 1797 1796
f 1771 1772 1798
f 1771 1798 1797
f 1772 1773 1799
f 1772 1799 1798
f 1773 1774 1800
f 1773 1800 1799
f 1774 1775 1801
f 1774 1801 1800
f 1775 1776 1802
f 1775 1802 1801
f 1776 1777 1803
f 1776 1803 1802
f 1777 1778 1804
f 1777 1804 1803
f 1778 1779 1805
f 1778 1805 1804
f 1779 1780 1806
f 1779 1806 1805
f 1780 1781 1807
f 1780 1807 1806
f 1781 1782 1808
f 1781 1808 1807
f 1782 1783 1809
f 1782 1809 1808
f 1783 1784 1810
f 1783 1810 1809
f 1784 1785 1811
f 1784 1811 1810
f 1785 1786 1812
f 1785 1812 1811
f 1787 1788 1814
f 1787 1814 1813
f 1788 1789 1815
f 1788 1815 1814
f 1789 1790 1816
f 1789 1816 1815
f 1790 1791 1817
f 1790 1817 1816
f 1791 1792 1818
f 1791 1818 1817
f 1792 1793 1819
f 1792 1819 1818
f 1793 1794 1820
f 1793 1820 1819
f 1794 1795 1821
f 1794 1821 1820
f 1795 1796 1822
f 1795 1822 1821
f 1796 1797 1823
f 1796 1823 1822
f 1797 1798 1824
f 1797 1824 1823
f 1798 1799 1825
f 1798 1825 1824
f 1799 1800 1826
f 1799 1826 1825
f 1800 1801 1827
f 1800 1827 1826
f 1801 1802 1828
f 1801 1828 1827
f 1802 1803 1829
f 1802 1829 1828
f 1803 1804 1830
f 1803 1830 1829
f 1804 1805 1831
f 1804 1831 1830
f 1805 1806 1832
f 1805 1832 1831
f 1806 1807 1833
f 1806 1833 1832
f 1807 1808 1834
f 1807 1834 1833
f 1808 1809 1835
f 1808 1835 1834
f 1809 1810 1836
f 1809 1836 1835
f 1810 1811 1837
f 1810 1837 1836
f 1811 1812 1838
f 1811 1838 1837
f 1813 1814 1840
f 1813 1840 1839
f 1814 1815 1841
f 1814 1841 1840
f 1815 1816 1842
f 1815 1842 1841
f 1816 1817 1843
f 1816 1843 1842
f 1817 1818 1844
f 1817 1844 1843
f 1818 1819 1845
f 1818 1845 1844
f 1819 1820 1846
f 1819 1846 1845
f 1820 1821 1847
f 1820 1847 1846
f 1821 1822 1848
f 1821 1848 1847
f 1822 1823 1849
f 1822 1849 1848
f 1823 1824 1850
f 1823 1850 1849
f 1824 1825 1851
f 1824 1851 1850
f 1825 1826 1852
f 1825 1852 1851
f 1826 1827 1853
f 1826 1853 1852
f 1827 1828 1854
f 1827 1854 1853
f 1828 1829 1855
f 1828 1855 1854
f 1829 1830 1856
f 1829 1856 1855
f 1830 1831 1857
f 1830 1857 1856
f 1831 1832 1858
f 1831 1858 1857
f 1832 1833 1859
f 1832 1859 1858
f 1833 1834 1860
f 1833 1860 1859
f 1834 1835 1861
f 1834 1861 1860
f 1835 1836 1862
f 1835 1862 1861
f 1836 1837 1863
f 1836 1863 1862
f 1837 1838 1864
f 1837 1864 1863
f 1839 1840 1866
f 1839 1866 1865
f 1840 1841 1867
f 1840 1867 1866
f 1841 1842 1868
f 1841 1868 1867
f 1842 1843 1869
f 1842 1869 1868
f 1843 1844 1870
f 1843 1870 1869
f 1844 1845 1871
f 1844 1871 1870
f 1845 1846 1872
f 1845 1872 1871
f 1846 1847 1873
f 1846 1873 1872
f 1847 1848 1874
f 1847 1874 1873
f 1848 1849 1875
f 1848 1875 1874
f 1849 1850 1876
f 1849 1876 1875
f 1850 1851 1877
f 1850 1877 1876
f 1851 1852 1878
f 1851 1878 1877
f 1852 1853 1879
f 1852 1879 1878
f 1853 1854 1880
f 1853 1880 1879
f 1854 1855 1881
f 1854 1881 1880
f 1855 1856 1882
f 1855 1882 1881
f 1856 1857 1883
f 1856 1883 1882
f 1857 1858 1884
f 1857 1884 1883
f 1858 1859 1885
f 1858 1885 1884
f 1859 1860 1886
f 1859 1886 1885
f 1860 1861 1887
f 1860 1887 1886
f 1861 1862 1888
f 1861 1888 1887
f 1862 1863 1889
f 1862 1889 1888
f 1863 1864 1890
f 1863 1890 1889
f 1865 1866 1892
f 1865 1892 1891
f 1866 1867 1893
f 1866 1893 1892
f 1867 1868 1894
f 1867 1894 1893
f 1868 1869 1895
f 1868 1895 1894
f 1869 1870 1896
f 1869 1896 1895
f 1870 1871 1897
f 1870 1897 1896
f 1871 1872 1898
f 1871 1898 1897
f 1872 1873 1899
f 1872 1899 1898
f 1873 1874 1900
f 1873 1900 1899
f 1874 1875 1901
f 1874 1901 1900
f 1875 1876 1902
f 1875 1902 1901
f 1876 1877 1903
f 1876 1903 1902
f 1877 1878 1904
f 1877 1904 1903
f 1878 1879 1905
f 1878 1905 1904
f 1879 1880 1906
f 1879 1906 1905
f 1880 1881 1907
f 1880 1907 1906
f 1881 1882 1908
f 1881 1908 1907
f 1882 1883 1909
f 1882 1909 1908
f 1883 1884 1910
f 1883 1910 1909
f 1884 1885 1911
f 1884 1911 1910
f 1885 1886 1912
f 1885 1912 1911
f 1886 1887 1913
f 1886 1913 1912
f 1887 1888 1914
f 1887 1914 1913
f 1888 1889 1915
f 1888 1915 1914
f 1889 1890 1916
f 1889 1916 1915
f 1891 1892 1918
f 1891 1918 1917
f 1892 1893 1919
f 1892 1919 1918
f 1893 1894 1920
f 1893 1920 1919
f 1894 1895 1921
f 1894 1921 1920
f 1895 1896 1922
f 1895 1922 1921
f 1896 1897 1923
f 1896 1923 1922
f 1897 1898 1924
f 1897 1924 1923
f 1898 1899 1925
f 1898 1925 1924
f 1899 1900 1926
f 1899 1926 1925
f 1900 1901 1927
f 1900 1927 1926
f 1901 1902 1928
f 1901 1928 1927
f 1902 1903 1929
f 1902 1929 1928
f 1903 1904 1930
f 1903 1930 1929
f 1904 1905 1931
f 1904 1931 1930
f 1905 1906 1932
f 1905 1932 1931
f 1906 1907 1933
f 1906 1933 1932
f 1907 1908 1934
f 1907 1934 1933
f 1908 1909 1935
f 1908 1935 1934
f 1909 1910 1936
f 1909 1936 1935
f 1910 1911 1937
f 1910 1937 1936
f 1911 1912 1938
f 1911 1938 1937
f 1912 1913 1939
f 1912 1939 1938
f 1913 1914 1940
f 1913 1940 1939
f 1914 1915 1941
f 1914 1941 1940
f 1915 1916 1942
f 1915 1942 1941
f 1943 1969 1970
f 1943 1970 1944
f 1944 1970 1971
f 1944 1971 1945
f 1946 1972 1971
f 1946 1971 1945
f 1946 1972 1973
f 1946 1973 1947
f 1947 1973 1974
f 1947 1974 1948
f 1949 1975 1974
f 1949 1974 1948
f 1950 1976 1975
f 1950 1975 1949
f 1951 1977 1976
f 1951 1976 1950
f 1952 1978 1977
f 1952 1977 1951
f 1953 1979 1978
f 1953 1978 1952
f 1954 1980 1979
f 1954 1979 1953
f 1955 1981 1980
f 1955 1980 1954
f 1956 1982 1981
f 1956 1981 1955
f 1957 1983 1982
f 1957 1982 1956
f 1958 1984 1983
f 1958 1983 1957
f 1959 1985 1984
f 1959 1984 1958
f 1960 1986 1985
f 1960 1985 1959
f 1961 1987 1986
f 1961 1986 1960
f 1962 1988 1987
f 1962 1987 1961
f 1963 1989 1988
f 1963 1988 1962
f 1964 1990 1989
f 1964 1989 1963
f 1964 1990 1991
f 1964 1991 1965
f 1966 1992 1991
f 1966 1991 1965
f 1966 1992 1993
f 1966 1993 1967
f 1967 1993 1994
f 1967 1994 1968
f 1969 1995 1996
f 1969 1996 1970
f 1971 1997 1996
f 1971 1996 1970
f 1972 1998 1997
f 1972 1997 1971
f 1972 1998 1999
f 1972 1999 1973
f 1974 2000 1999
f 1974 1999 1973
f 1975 2001 2000
f 1975 2000 1974
f 1976 2002 2001
f 1976 2001 1975
f 1977 2003 2002
f 1977 2002 1976
f 1978 2004 2003
f 1978 2003 1977
f 1979 2005 2004
f 1979 2004 1978
f 1980 2006 2005
f 1980 2005 1979
f 1981 2007 2006
f 1981 2006 1980
f 1982 2008 2007
f 1982 2007 1981
f 1983 2009 2008
f 1983 2008 1982
f 1984 2010 2009
f 1984 2009 1983
f 1985 2011 2010
f 1985 2010 1984
f 1986 2012 2011
f 1986 2011 1985
f 1987 2013 2012
f 1987 2012 1986
f 1988 2014 2013
f 1988 2013 1987
f 1989 2015 2014
f 1989 2014 1988
f 1990 2016 2015
f 1990 2015 1989
f 1990 2016 2017
f 1990 2017 1991
f 1992 2018 2017
f 1992 2017 1991
f 1993 2019 2018
f 1993 2018 1992
f 1994 2020 2019
f 1994 2019 1993
f 1996 2022 2021
f 1996 2021 1995
f 1997 2023 2022
f 1997 2022 1996
f 1998 2024 2023
f 1998 2023 1997
f 1998 2024 2025
f 1998 2025 1999
f 2000 2026 2025
f 2000 2025 1999
f 2001 2027 2026
f 2001 2026 2000
f 2002 2028 2027
f 2002 2027 2001
f 2003 2029 2028
f 2003 2028 2002
f 2004 2030 2029
f 2004 2029 2003
f 2005 2031 2030
f 2005 2030 2004
f 2006 2032 2031
f 2006 2031 2005
f 2007 2033 2032
f 2007 2032 2006
f 2008 2034 2033
f 2008 2033 2007
f 2009 2035 2034
f 2009 2034 2008
f 2010 2036 2035
f 2010 2035 2009
f 2011 2037 2036
f 2011 2036 2010
f 2012 2038 2037
f 2012 2037 2011
f 2013 2039 2038
f 2013 2038 2012
f 2014 2040 2039
f 2014 2039 2013
f 2015 2041 2040
f 2015 2040 2014
f 2016 2042 2041
f 2016 2041 2015
f 2016 2042 2043
f 2016 2043 2017
f 2018 2044 2043
f 2018 2043 2017
f 2019 2045 2044
f 2019 2044 2018
f 2020 2046 2045
f 2020 2045 2019
f 2022 2048 2047
f 2022 2047 2021
f 2023 2049 2048
f 2023 2048 2022
f 2024 2050 2049
f 2024 2049 2023
f 2024 2050 2051
f 2024 2051 2025
f 2026 2052 2051
f 2026 2051 2025
f 2027 2053 2052
f 2027 2052 2026
f 2028 2054 2053
f 2028 2053 2027
f 2029 2055 2054
f 2029 2054 2028
f 2030 2056 2055
f 2030 2055 2029
f 2031 2057 2056
f 2031 2056 2030
f 2032 2058 2057
f 2032 2057 2031
f 2033 2059 2058
f 2033 2058 2032
f 2034 2060 2059
f 2034 2059 2033
f 2035 2061 2060
f 2035 2060 2034
f 2036 2062 2061
f 2036 2061 2035
f 2037 2063 2062
f 2037 2062 2036
f 2038 2064 2063
f 2038 2063 2037
f 2039 2065 2064
f 2039 2064 2038
f 2040 2066 2065
f 2040 2065 2039
f 2041 2067 2066
f 2041 2066 2040
f 2042 2068 2067
f 2042 2067 2041
f 2042 2068 2069
f 2042 2069 2043
f 2044 2070 2069
f 2044 2069 2043
f 2045 2071 2070
f 2045 2070 2044
f 2046 2072 2071
f 2046 2071 2045
f 2048 2074 2073
f 2048 2073 2047
f 2049 2075 2074
f 2049 2074 2048
f 2050 2076 2075
f 2050 2075 2049
f 2050 2076 2077
f 2050 2077 2051
f 2052 2078 2077
f 2052 2077 2051
f 2053 2079 2078
f 2053 2078 2052
f 2054 2080 2079
f 2054 2079 2053
f 2055 2081 2080
f 2055 2080 2054
f 2056 2082 2081
f 2056 2081 2055
f 2057 2083 2082
f 2057 2082 2056
f 2058 2084 2083
f 2058 2083 2057
f 2059 2085 2084
f 2059 2084 2058
f 2060 2086 2085
f 2060 2085 2059
f 2061 2087 2086
f 2061 2086 2060
f 2062 2088 2087
f 2062 2087 2061
f 2063 2089 2088
f 2063 2088 2062
f 2064 2090 2089
f 2064 2089 2063
f 2065 2091 2090
f 2065 2090 2064
f 2066 2092 2091
f 2066 2091 2065
f 2067 2093 2092
f 2067 2092 2066
f 2068 2094 2093
f 2068 2093 2067
f 2068 2094 2095
f 2068 2095 2069
f 2070 2096 2095
f 2070 2095 2069
f 2071 2097 2096
f 2071 2096 2070
f 2072 2098 2097
f 2072 2097 2071
f 2074 2100 2099
f 2074 2099 2073
f 2075 2101 2100
f 2075 2100 2074
f 2076 2102 2101
f 2076 2101 2075
f 2076 2102 2103
f 2076 2103 2077
f 2078 2104 2103
f 2078 2103 2077
f 2079 2105 2104
f 2079 2104 2078
f 2080 2106 2105
f 2080 2105 2079
f 2081 2107 2106
f 2081 2106 2080
f 2082 2108 2107
f 2082 2107 2081
f 2083 2109 2108
f 2083 2108 2082
f 2084 2110 2109
f 2084 2109 2083
f 2085 2111 2110
f 2085 2110 2084
f 2086 2112 2111
f 2086 2111 2085
f 2087 2113 2112
f 2087 2112 2086
f 2088 2114 2113
f 2088 2113 2087
f 2089 2115 2114
f 2089 2114 2088
f 2090 2116 2115
f 2090 2115 2089
f 2091 2117 2116
f 2091 2116 2090
f 2092 2118 2117
f 2092 2117 2091
f 2093 2119 2118
f 2093 2118 2092
f 2094 2120 2119
f 2094 2119 2093
f 2095 2121 2120
f 2095 2120 2094
f 2096 2122 2121
f 2096 2121 2095
f 2097 2123 2122
f 2097 2122 2096
f 2098 2124 2123
f 2098 2123 2097
f 2100 2126 2125
f 2100 2125 2099
f 2101 2127 2126
f 2101 2126 2100
f 2102 2128 2127
f 2102 2127 2101
f 2102 2128 2129
f 2102 2129 2103
f 2104 2130 2129
f 2104 2129 2103
f 2105 2131 2130
f 2105 2130 2104
f 2106 2132 2131
f 2106 2131 2105
f 2107 2133 2132
f 2107 2132 2106
f 2108 2134 2133
f 2108 2133 2107
f 2109 2135 2134
f 2109 2134 2108
f 2110 2136 2135
f 2110 2135 2109
f 2111 2137 2136
f 2111 2136 2110
f 2112 2138 2137
f 2112 2137 2111
f 2113 2139 2138
f 2113 2138 2112
f 2114 2140 2139
f 2114 2139 2113
f 2115 2141 2140
f 2115 2140 2114
f 2116 2142 2141
f 2116 2141 2115
f 2117 2143 2142
f 2117 2142 2116
f 2118 2144 2143
f 2118 2143 2117
f 2119 2145 2144
f 2119 2144 2118
f 2120 2146 2145
f 2120 2145 2119
f 2120 2146 2147
f 2120 2147 2121
f 2122 2148 2147
f 2122 2147 2121
f 2123 2149 2148
f 2123 2148 2122
f 2124 2150 2149
f 2124 2149 2123
f 2126 2152 2151
f 2126 2151 2125
f 2127 2153 2152
f 2127 2152 2126
f 2128 2154 2153
f 2128 2153 2127
f 2128 2154 2155
f 2128 2155 2129
f 2130 2156 2155
f 2130 2155 2129
f 2131 2157 2156
f 2131 2156 2130
f 2132 2158 2157
f 2132 2157 2131
f 2133 2159 2158
f 2133 2158 2132
f 2134 2160 2159
f 2134 2159 2133
f 2135 2161 2160
f 2135 2160 2134
f 2136 2162 2161
f 2136 2161 2135
f 2137 2163 2162
f 2137 2162 2136
f 2138 2164 2163
f 2138 2163 2137
f 2139 2165 2164
f 2139 2164 2138
f 2140 2166 2165
f 2140 2165 2139
f 2141 2167 2166
f 2141 2166 2140
f 2142 2168 2167
f 2142 2167 2141
f 2143 2169 2168
f 2143 2168 2142
f 2144 2170 2169
f 2144 2169 2143
f 2145 2171 2170
f 2145 2170 2144
f 2146 2172 2171
f 2146 2171 2145
f 2146 2172 2173
f 2146 2173 2147
f 2148 2174 2173
f 2148 2173 2147
f 2149 2175 2174
f 2149 2174 2148
f 2150 2176 2175
f 2150 2175 2149
f 2152 2178 2177
f 2152 2177 2151
f 2153 2179 2178
f 2153 2178 2152
f 2154 2180 2179
f 2154 2179 2153
f 2154 2180 2181
f 2154 2181 2155
f 2156 2182 2181
f 2156 2181 2155
f 2157 2183 2182
f 2157 2182 2156
f 2158 2184 2183
f 2158 2183 2157
f 2159 2185 2184
f 2159 2184 2158
f 2160 2186 2185
f 2160 2185 2159
f 2161 2187 2186
f 2161 2186 2160
f 2162 2188 2187
f 2162 2187 2161
f 2163 2189 2188
f 2163 2188 2162
f 2164 2190 2189
f 2164 2189 2163
f 2165 2191 2190
f 2165 2190 2164
f 2166 2192 2191
f 2166 2191 2165
f 2167 2193 2192
f 2167 2192 2166
f 2168 2194 2193
f 2168 2193 2167
f 2169 2195 2194
f 2169 2194 2168
f 2170 2196 2195
f 2170 2195 2169
f 2171 2197 2196
f 2171 2196 2170
f 2172 2198 2197
f 2172 2197 2171
f 2172 2198 2199
f 2172 2199 2173
f 2174 2200 2199
f 2174 2199 2173
f 2175 2201 2200
f 2175 2200 2174
f 2176 2202 2201
f 2176 2201 2175
f 2178 2204 2203
f 2178 2203 2177
f 2179 2205 2204
f 2179 2204 2178
f 2180 2206 2205
f 2180 2205 2179
f 2180 2206 2207
f 2180 2207 2181
f 2182 2208 2207
f 2182 2207 2181
f 2183 2209 2208
f 2183 2208 2182
f 2184 2210 2209
f 2184 2209 2183
f 2185 2211 2210
f 2185 2210 2184
f 2186 2212 2211
f 2186 2211 2185
f 2187 2213 2212
f 2187 2212 2186
f 2188 2214 2213
f 2188 2213 2187
f 2189 2215 2214
f 2189 2214 2188
f 2190 2216 2215
f 2190 2215 2189
f 2191 2217 2216
f 2191 2216 2190
f 2192 2218 2217
f 2192 2217 2191
f 2193 2219 2218
f 2193 2218 2192
f 2194 2220 2219
f 2194 2219 2193
f 2195 2221 2220
f 2195 2220 2194
f 2196 2222 2221
f 2196 2221 2195
f 2197 2223 2222
f 2197 2222 2196
f 2198 2224 2223
f 2198 2223 2197
f 2198 2224 2225
f 2198 2225 2199
f 2200 2226 2225
f 2200 2225 2199
f 2201 2227 2226
f 2201 2226 2200
f 2202 2228 2227
f 2202 2227 2201
f 2204 2230 2229
f 2204 2229 2203
f 2205 2231 2230
f 2205 2230 2204
f 2206 2232 2231
f 2206 2231 2205
f 2206 2232 2233
f 2206 2233 2207
f 2208 2234 2233
f 2208 2233 2207
f 2209 2235 2234
f 2209 2234 2208
f 2210 2236 2235
f 2210 2235 2209
f 2211 2237 2236
f 2211 2236 2210
f 2212 2238 2237
f 2212 2237 2211
f 2213 2239 2238
f 2213 2238 2212
f 2214 2240 2239
f 2214 2239 2213
f 2215 2241 2240
f 2215 2240 2214
f 2216 2242 2241
f 2216 2241 2215
f 2217 2243 2242
f 2217 2242 2216
f 2218 2244 2243
f 2218 2243 2217
f 2219 2245 2244
f 2219 2244 2218
f 2220 2246 2245
f 2220 2245 2219
f 2221 2247 2246
f 2221 2246 2220
f 2222 2248 2247
f 2222 2247 2221
f 2223 2249 2248
f 2223 2248 2222
f 2224 2250 2249
f 2224 2249 2223
f 2224 2250 2251
f 2224 2251 2225
f 2226 2252 2251
f 2226 2251 2225
f 2227 2253 2252
f 2227 2252 2226
f 2228 2254 2253
f 2228 2253 2227
f 2229 2255 2256
f 2229 2256 2230
f 2230 2256 2257
f 2230 2257 2231
f 2232 2258 2257
f 2232 2257 2231
f 2232 2258 2259
f 2232 2259 2233
f 2233 2259 2260
f 2233 2260 2234
f 2235 2261 2260
f 2235 2260 2234
f 2235 2261 2262
f 2235 2262 2236
f 2237 2263 2262
f 2237 2262 2236
f 2238 2264 2263
f 2238 2263 2237
f 2239 2265 2264
f 2239 2264 2238
f 2240 2266 2265
f 2240 2265 2239
f 2241 2267 2266
f 2241 2266 2240
f 2242 2268 2267
f 2242 2267 2241
f 2243 2269 2268
f 2243 2268 2242
f 2244 2270 2269
f 2244 2269 2243
f 2245 2271 2270
f 2245 2270 2244
f 2246 2272 2271
f 2246 2271 2245
f 2247 2273 2272
f 2247 2272 2246
f 2248 2274 2273
f 2248 2273 2247
f 2249 2275 2274
f 2249 2274 2248
f 2250 2276 2275
f 2250 2275 2249
f 2250 2276 2277
f 2250 2277 2251
f 2252 2278 2277
f 2252 2277 2251
f 2253 2279 2278
f 2253 2278 2252
f 2253 2279 2280
f 2253 2280 2254
f 2255 2281 2282
f 2255 2282 2256
f 2256 2282 2283
f 2256 2283 2257
f 2258 2284 2283
f 2258 2283 2257
f 2258 2284 2285
f 2258 2285 2259
f 2259 2285 2286
f 2259 2286 2260
f 2261 2287 2286
f 2261 2286 2260
f 2261 2287 2288
f 2261 2288 2262
f 2263 2289 2288
f 2263 2288 2262
f 2264 2290 2289
f 2264 2289 2263
f 2265 2291 2290
f 2265 2290 2264
f 2266 2292 2291
f 2266 2291 2265
f 2267 2293 2292
f 2267 2292 2266
f 2268 2294 2293
f 2268 2293 2267
f 2269 2295 2294
f 2269 2294 2268
f 2270 2296 2295
f 2270 2295 2269
f 2271 2297 2296
f 2271 2296 2270
f 2272 2298 2297
f 2272 2297 2271
f 2273 2299 2298
f 2273 2298 2272
f 2274 2300 2299
f 2274 2299 2273
f 2275 2301 2300
f 2275 2300 2274
f 2275 2301 2302
f 2275 2302 2276
f 2276 2302 2303
f 2276 2303 2277
f 2278 2304 2303
f 2278 2303 2277
f 2278 2304 2305
f 2278 2305 2279
f 2279 2305 2306
f 2279 2306 2280
f 1579 1605 1969
f 1579 1969 1943
f 1604 1968 1994
f 1604 1994 1630
f 1605 1631 1995
f 1605 1995 1969
f 1630 1994 2020
f 1630 2020 1656
f 1631 1657 2021
f 1631 2021 1995
f 1656 2020 2046
f 1656 2046 1682
f 1657 1683 2047
f 1657 2047 2021
f 1682 2046 2072
f 1682 2072 1708
f 1683 1709 2073
f 1683 2073 2047
f 1708 2072 2098
f 1708 2098 1734
f 1709 1735 2099
f 1709 2099 2073
f 1734 2098 2124
f 1734 2124 1760
f 1735 1761 2125
f 1735 2125 2099
f 1760 2124 2150
f 1760 2150 1786
f 1761 1787 2151
f 1761 2151 2125
f 1786 2150 2176
f 1786 2176 1812
f 1787 1813 2177
f 1787 2177 2151
f 1812 2176 2202
f 1812 2202 1838
f 1813 1839 2203
f 1813 2203 2177
f 1838 2202 2228
f 1838 2228 1864
f 1839 1865 2229
f 1839 2229 2203
f 1864 2228 2254
f 1864 2254 1890
f 1865 1891 2255
f 1865 2255 2229
f 1890 2254 2280
f 1890 2280 1916
f 1891 1917 2281
f 1891 2281 2255
f 1916 2280 2306
f 1916 2306 1942
f 1579 1943 1944
f 1579 1944 1580
f 1917 1918 2282
f 1917 2282 2281
f 1580 1944 1945
f 1580 1945 1581
f 1918 1919 2283
f 1918 2283 2282
f 1581 1945 1946
f 1581 1946 1582
f 1919 1920 2284
f 1919 2284 2283
f 1582 1946 1947
f 1582 1947 1583
f 1920 1921 2285
f 1920 2285 2284
f 1583 1947 1948
f 1583 1948 1584
f 1921 1922 2286
f 1921 2286 2285
f 1584 1948 1949
f 1584 1949 1585
f 1922 1923 2287
f 1922 2287 2286
f 1585 1949 1950
f 1585 1950 1586
f 1923 1924 2288
f 1923 2288 2287
f 1586 1950 1951
f 1586 1951 1587
f 1924 1925 2289
f 1924 2289 2288
f 1587 1951 1952
f 1587 1952 1588
f 1925 1926 2290
f 1925 2290 2289
f 1588 1952 1953
f 1588 1953 1589
f 1926 1927 2291
f 1926 2291 2290
f 1589 1953 1954
f 1589 1954 1590
f 1927 1928 2292
f 1927 2292 2291
f 1590 1954 1955
f 1590 1955 1591
f 1928 1929 2293
f 1928 2293 2292
f 1591 1955 1956
f 1591 1956 1592
f 1929 1930 2294
f 1929 2294 2293
f 1592 1956 1957
f 1592 1957 1593
f 1930 1931 2295
f 1930 2295 2294
f 1593 1957 1958
f 1593 1958 1594
f 1931 1932 2296
f 1931 2296 2295
f 1594 1958 1959
f 1594 1959 1595
f 1932 1933 2297
f 1932 2297 2296
f 1595 1959 1960
f 1595 1960 1596
f 1933 1934 2298
f 1933 2298 2297
f 1596 1960 1961
f 1596 1961 1597
f 1934 1935 2299
f 1934 2299 2298
f 1597 1961 1962
f 1597 1962 1598
f 1935 1936 2300
f 1935 2300 2299
f 1598 1962 1963
f 1598 1963 1599
f 1936 1937 2301
f 1936 2301 2300
f 1599 1963 1964
f 1599 1964 1600
f 1937 1938 2302
f 1937 2302 2301
f 1600 1964 1965
f 1600 1965 1601
f 1938 1939 2303
f 1938 2303 2302
f 1601 1965 1966
f 1601 1966 1602
f 1939 1940 2304
f 1939 2304 2303
f 1602 1966 1967
f 1602 1967 1603
f 1940 1941 2305
f 1940 2305 2304
f 1603 1967 1968
f 1603 1968 1604
f 1941 1942 2306
f 1941 2306 2305
o stop_rib
v 0.658179 1.860000 0.304000
v 0.710141 1.900000 0.328000
v 0.622556 1.860000 0.348734
v 0.671705 1.900000 0.376266
v 0.582194 1.860000 0.390815
v 0.628156 1.900000 0.421669
v 0.537401 1.860000 0.429921
v 0.579828 1.900000 0.463862
v 0.488519 1.860000 0.465755
v 0.527086 1.900000 0.502525
v 0.435918 1.860000 0.498044
v 0.470333 1.900000 0.537364
v 0.380000 1.860000 0.526543
v 0.410000 1.900000 0.568113
v 0.321190 1.860000 0.551035
v 0.346547 1.900000 0.594538
v 0.259935 1.860000 0.571333
v 0.280457 1.900000 0.616438
v 0.196702 1.860000 0.587283
v 0.212232 1.900000 0.633647
v 0.131973 1.860000 0.598763
v 0.142392 1.900000 0.646034
v 0.066238 1.860000 0.605686
v 0.071468 1.900000 0.653504
v 0.000000 1.860000 0.608000
v 0.000000 1.900000 0.656000
v -0.066238 1.860000 0.605686
v -0.071468 1.900000 0.653504
v -0.131973 1.860000 0.598763
v -0.142392 1.900000 0.646034
v -0.196702 1.860000 0.587283
v -0.212232 1.900000 0.633647
v -0.259935 1.860000 0.571333
v -0.280457 1.900000 0.616438
v -0.321190 1.860000 0.551035
v -0.346547 1.900000 0.594538
v -0.380000 1.860000 0.526543
v -0.410000 1.900000 0.568113
v -0.435918 1.860000 0.498044
v -0.470333 1.900000 0.537364
v -0.488519 1.860000 0.465755
v -0.527086 1.900000 0.502525
v -0.537401 1.860000 0.429921
v -0.579828 1.900000 0.463862
v -0.582194 1.860000 0.390815
v -0.628156 1.900000 0.421669
v -0.622556 1.860000 0.348734
v -0.671705 1.900000 0.376266
v -0.658179 1.860000 0.304000
v -0.710141 1.900000 0.328000
vn 0.456849 -0.811748 0.363806
vn 0.456849 -0.811748 0.363806
vn 0.437008 -0.808397 0.394357
vn 0.447005 -0.810208 0.379142
vn 0.405054 -0.802854 0.437444
vn 0.416029 -0.804713 0.423504
vn 0.370424 -0.797283 0.476577
vn 0.382248 -0.799132 0.463977
vn 0.333497 -0.791853 0.511613
vn 0.346045 -0.793637 0.500392
vn 0.294630 -0.786720 0.542462
vn 0.307787 -0.788389 0.532645
vn 0.254153 -0.782020 0.569080
vn 0.267811 -0.783530 0.560676
vn 0.212368 -0.777871 0.591452
vn 0.226430 -0.779186 0.584465
vn 0.169547 -0.774374 0.609589
vn 0.183926 -0.775462 0.604012
vn 0.125938 -0.771607 0.623508
vn 0.140553 -0.772444 0.619334
vn 0.081765 -0.769631 0.633232
vn 0.096543 -0.770199 0.630455
vn 0.037235 -0.768488 0.638780
vn 0.052110 -0.768774 0.637394
vn -0.007453 -0.768200 0.640167
vn 0.007453 -0.768200 0.640167
vn -0.052110 -0.768774 0.637394
vn -0.037235 -0.768488 0.638780
vn -0.096543 -0.770199 0.630455
vn -0.081765 -0.769631 0.633232
vn -0.140553 -0.772444 0.619334
vn -0.125938 -0.771607 0.623508
vn -0.183926 -0.775462 0.604012
vn -0.169547 -0.774374 0.609589
vn -0.226430 -0.779186 0.584465
vn -0.212368 -0.777871 0.591452
vn -0.267811 -0.783530 0.560676
vn -0.254153 -0.782020 0.569080
vn -0.307787 -0.788389 0.532645
vn -0.294630 -0.786720 0.542462
vn -0.346045 -0.793637 0.500392
vn -0.333497 -0.791853 0.511613
vn -0.382248 -0.799132 0.463977
vn -0.370424 -0.797283 0.476577
vn -0.416029 -0.804713 0.423504
vn -0.405054 -0.802854 0.437444
vn -0.447005 -0.810208 0.379142
vn -0.437008 -0.808397 0.394357
vn -0.456849 -0.811748 0.363806
vn -0.456849 -0.811748 0.363806
usemtl steel_dark
f 2307 2308 2310
f 2307 2310 2309
f 2309 2310 2312
f 2309 2312 2311
f 2311 2312 2314
f 2311 2314 2313
f 2313 2314 2316
f 2313 2316 2315
f 2315 2316 2318
f 2315 2318 2317
f 2317 2318 2320
f 2317 2320 2319
f 2319 2320 2322
f 2319 2322 2321
f 2321 2322 2324
f 2321 2324 2323
f 2323 2324 2326
f 2323 2326 2325
f 2325 2326 2328
f 2325 2328 2327
f 2327 2328 2330
f 2327 2330 2329
f 2329 2330 2332
f 2329 2332 2331
f 2331 2332 2334
f 2331 2334 2333
f 2333 2334 2336
f 2333 2336 2335
f 2335 2336 2338
f 2335 2338 2337
f 2337 2338 2340
f 2337 2340 2339
f 2339 2340 2342
f 2339 2342 2341
f 2341 2342 2344
f 2341 2344 2343
f 2343 2344 2346
f 2343 2346 2345
f 2345 2346 2348
f 2345 2348 2347
f 2347 2348 2350
f 2347 2350 2349
f 2349 2350 2352
f 2349 2352 2351
f 2351 2352 2354
f 2351 2354 2353
f 2353 2354 2356
f 2353 2356 2355
o lance_rest
v 0.460000 1.950000 0.600000
v 0.560000 1.950000 0.600000
v 0.560000 2.100000 0.600000
v 0.460000 2.100000 0.600000
v 0.460000 1.950000 0.680000
v 0.560000 1.950000 0.680000
v 0.560000 2.100000 0.680000
v 0.460000 2.100000 0.680000
vn -0.666667 -0.666667 -0.333333
vn 0.408248 -0.408248 -0.816497
vn 0.816497 0.408248 -0.408248
vn -0.333333 0.666667 -0.666667
vn -0.408248 -0.408248 0.816497
vn 0.666667 -0.666667 0.333333
vn 0.333333 0.666667 0.666667
vn -0.816497 0.408248 0.408248
usemtl steel_dark
f 2361 2362 2363
f 2361 2363 2364
f 2358 2357 2360
f 2358 2360 2359
f 2357 2361 2364
f 2357 2364 2360
f 2362 2358 2359
f 2362 2359 2363
f 2360 2364 2363
f 2360 2363 2359
f 2357 2358 2362
f 2357 2362 2361
o cuirass_back
v -0.800000 1.880000 -0.500000
v -0.736000 1.880000 -0.500000
v -0.672000 1.880000 -0.500000
v -0.608000 1.880000 -0.500000
v -0.544000 1.880000 -0.500000
v -0.480000 1.880000 -0.500000
v -0.416000 1.880000 -0.500000
v -0.352000 1.880000 -0.500000
v -0.288000 1.880000 -0.500000
v -0.224000 1.880000 -0.500000
v -0.160000 1.880000 -0.500000
v -0.096000 1.880000 -0.500000
v -0.032000 1.880000 -0.500000
v 0.032000 1.880000 -0.500000
v 0.096000 1.880000 -0.500000
v 0.160000 1.880000 -0.500000
v 0.224000 1.880000 -0.500000
v 0.288000 1.880000 -0.500000
v 0.352000 1.880000 -0.500000
v 0.416000 1.880000 -0.500000
v 0.480000 1.880000 -0.500000
v 0.544000 1.880000 -0.500000
v 0.608000 1.880000 -0.500000
v 0.672000 1.880000 -0.500000
v 0.736000 1.880000 -0.500000
v 0.800000 1.880000 -0.500000
v -0.808000 1.916000 -0.500000
v -0.743360 1.916000 -0.501540
v -0.678720 1.916000 -0.502952
v -0.614080 1.916000 -0.504235
v -0.549440 1.916000 -0.505390
v -0.484800 1.916000 -0.506417
v -0.420160 1.916000 -0.507315
v -0.355520 1.916000 -0.508085
v -0.290880 1.916000 -0.508727
v -0.226240 1.916000 -0.509241
v -0.161600 1.916000 -0.509626
v -0.096960 1.916000 -0.509882
v -0.032320 1.916000 -0.510011
v 0.032320 1.916000 -0.510011
v 0.096960 1.916000 -0.509882
v 0.161600 1.916000 -0.509626
v 0.226240 1.916000 -0.509241
v 0.290880 1.916000 -0.508727
v 0.355520 1.916000 -0.508085
v 0.420160 1.916000 -0.507315
v 0.484800 1.916000 -0.506417
v 0.549440 1.916000 -0.505390
v 0.614080 1.916000 -0.504235
v 0.678720 1.916000 -0.502952
v 0.743360 1.916000 -0.501540
v 0.808000 1.916000 -0.500000
v -0.816000 1.952000 -0.500000
v -0.750720 1.952000 -0.503056
v -0.685440 1.952000 -0.505857
v -0.620160 1.952000 -0.508404
v -0.554880 1.952000 -0.510696
v -0.489600 1.952000 -0.512733
v -0.424320 1.952000 -0.514516
v -0.359040 1.952000 -0.516043
v -0.293760 1.952000 -0.517317
v -0.228480 1.952000 -0.518335
v -0.163200 1.952000 -0.519099
v -0.097920 1.952000 -0.519609
v -0.032640 1.952000 -0.519863
v 0.032640 1.952000 -0.519863
v 0.097920 1.952000 -0.519609
v 0.163200 1.952000 -0.519099
v 0.228480 1.952000 -0.518335
v 0.293760 1.952000 -0.517317
v 0.359040 1.952000 -0.516043
v 0.424320 1.952000 -0.514516
v 0.489600 1.952000 -0.512733
v 0.554880 1.952000 -0.510696
v 0.620160 1.952000 -0.508404
v 0.685440 1.952000 -0.505857
v 0.750720 1.952000 -0.503056
v 0.816000 1.952000 -0.500000
v -0.824000 1.988000 -0.500000
v -0.758080 1.988000 -0.504524
v -0.692160 1.988000 -0.508670
v -0.626240 1.988000 -0.512440
v -0.560320 1.988000 -0.515832
v -0.494400 1.988000 -0.518848
v -0.428480 1.988000 -0.521487
v -0.362560 1.988000 -0.523748
v -0.296640 1.988000 -0.525633
v -0.230720 1.988000 -0.527141
v -0.164800 1.988000 -0.528272
v -0.098880 1.988000 -0.529026
v -0.032960 1.988000 -0.529403
v 0.032960 1.988000 -0.529403
v 0.098880 1.988000 -0.529026
v 0.164800 1.988000 -0.528272
v 0.230720 1.988000 -0.527141
v 0.296640 1.988000 -0.525633
v 0.362560 1.988000 -0.523748
v 0.428480 1.988000 -0.521487
v 0.494400 1.988000 -0.518848
v 0.560320 1.988000 -0.515832
v 0.626240 1.988000 -0.512440
v 0.692160 1.988000 -0.508670
v 0.758080 1.988000 -0.504524
v 0.824000 1.988000 -0.500000
v -0.832000 2.024000 -0.500000
v -0.765440 2.024000 -0.505920
v -0.698880 2.024000 -0.511346
v -0.632320 2.024000 -0.516279
v -0.565760 2.024000 -0.520719
v -0.499200 2.024000 -0.524666
v -0.432640 2.024000 -0.528119
v -0.366080 2.024000 -0.531079
v -0.299520 2.024000 -0.533545
v -0.232960 2.024000 -0.535519
v -0.166400 2.024000 -0.536999
v -0.099840 2.024000 -0.537985
v -0.033280 2.024000 -0.538479
v 0.033280 2.024000 -0.538479
v 0.099840 2.024000 -0.537985
v 0.166400 2.024000 -0.536999
v 0.232960 2.024000 -0.535519
v 0.299520 2.024000 -0.533545
v 0.366080 2.024000 -0.531079
v 0.432640 2.024000 -0.528119
v 0.499200 2.024000 -0.524666
v 0.565760 2.024000 -0.520719
v 0.632320 2.024000 -0.516279
v 0.698880 2.024000 -0.511346
v 0.765440 2.024000 -0.505920
v 0.832000 2.024000 -0.500000
v -0.840000 2.060000 -0.500000
v -0.772800 2.060000 -0.507223
v -0.705600 2.060000 -0.513844
v -0.638400 2.060000 -0.519862
v -0.571200 2.060000 -0.525279
v -0.504000 2.060000 -0.530095
v -0.436800 2.060000 -0.534308
v -0.369600 2.060000 -0.537919
v -0.302400 2.060000 -0.540929
v -0.235200 2.060000 -0.543336
v -0.168000 2.060000 -0.545142
v -0.100800 2.060000 -0.546346
v -0.033600 2.060000 -0.546948
v 0.033600 2.060000 -0.546948
v 0.100800 2.060000 -0.546346
v 0.168000 2.060000 -0.545142
v 0.235200 2.060000 -0.543336
v 0.302400 2.060000 -0.540929
v 0.369600 2.060000 -0.537919
v 0.436800 2.060000 -0.534308
v 0.504000 2.060000 -0.530095
v 0.571200 2.060000 -0.525279
v 0.638400 2.060000 -0.519862
v 0.705600 2.060000 -0.513844
v 0.772800 2.060000 -0.507223
v 0.840000 2.060000 -0.500000
v -0.848000 2.096000 -0.500000
v -0.780160 2.096000 -0.508412
v -0.712320 2.096000 -0.516122
v -0.644480 2.096000 -0.523132
v -0.576640 2.096000 -0.529441
v -0.508800 2.096000 -0.535049
v -0.440960 2.096000 -0.539956
v -0.373120 2.096000 -0.544162
v -0.305280 2.096000 -0.547666
v -0.237440 2.096000 -0.550470
v -0.169600 2.096000 -0.552573
v -0.101760 2.096000 -0.553975
v -0.033920 2.096000 -0.554676
v 0.033920 2.096000 -0.554676
v 0.101760 2.096000 -0.553975
v 0.169600 2.096000 -0.552573
v 0.237440 2.096000 -0.550470
v 0.305280 2.096000 -0.547666
v 0.373120 2.096000 -0.544162
v 0.440960 2.096000 -0.539956
v 0.508800 2.096000 -0.535049
v 0.576640 2.096000 -0.529441
v 0.644480 2.096000 -0.523132
v 0.712320 2.096000 -0.516122
v 0.780160 2.096000 -0.508412
v 0.848000 2.096000 -0.500000
v -0.856000 2.132000 -0.500000
v -0.787520 2.132000 -0.509468
v -0.719040 2.132000 -0.518147
v -0.650560 2.132000 -0.526037
v -0.582080 2.132000 -0.533138
v -0.513600 2.132000 -0.539450
v -0.445120 2.132000 -0.544973
v -0.376640 2.132000 -0.549707
v -0.308160 2.132000 -0.553652
v -0.239680 2.132000 -0.556808
v -0.171200 2.132000 -0.559175
v -0.102720 2.132000 -0.560753
v -0.034240 2.132000 -0.561542
v 0.034240 2.132000 -0.561542
v 0.102720 2.132000 -0.560753
v 0.171200 2.132000 -0.559175
v 0.239680 2.132000 -0.556808
v 0.308160 2.132000 -0.553652
v 0.376640 2.132000 -0.549707
v 0.445120 2.132000 -0.544973
v 0.513600 2.132000 -0.539450
v 0.582080 2.132000 -0.533138
v 0.650560 2.132000 -0.526037
v 0.719040 2.132000 -0.518147
v 0.787520 2.132000 -0.509468
v 0.856000 2.132000 -0.500000
v -0.864000 2.168000 -0.500000
v -0.794880 2.168000 -0.510375
v -0.725760 2.168000 -0.519904
v -0.656640 2.168000 -0.528702
v -0.587520 2.168000 -0.536358
v -0.518400 2.168000 -0.543241
v -0.449280 2.168000 -0.549438
v -0.380160 2.168000 -0.554534
v -0.311040 2.168000 -0.558799
v -0.241920 2.168000 -0.562387
v -0.172800 2.168000 -0.564932
v -0.103680 2.168000 -0.566575
v -0.034560 2.168000 -0.567438
v 0.034560 2.168000 -0.567438
v 0.103680 2.168000 -0.566575
v 0.172800 2.168000 -0.564932
v 0.241920 2.168000 -0.562387
v 0.311040 2.168000 -0.558799
v 0.380160 2.168000 -0.554534
v 0.449280 2.168000 -0.549438
v 0.518400 2.168000 -0.543241
v 0.587520 2.168000 -0.536358
v 0.656640 2.168000 -0.528702
v 0.725760 2.168000 -0.519904
v 0.794880 2.168000 -0.510375
v 0.864000 2.168000 -0.500000
v -0.872000 2.204000 -0.500000
v -0.802240 2.204000 -0.511119
v -0.732480 2.204000 -0.521460
v -0.662720 2.204000 -0.531954
v -0.592960 2.204000 -0.539278
v -0.523200 2.204000 -0.546418
v -0.453440 2.204000 -0.554081
v -0.383680 2.204000 -0.558894
v -0.313920 2.204000 -0.563060
v -0.244160 2.204000 -0.567815
v -0.174400 2.204000 -0.570198
v -0.104640 2.204000 -0.571357
v -0.034880 2.204000 -0.572270
v 0.034880 2.204000 -0.572270
v 0.104640 2.204000 -0.571357
v 0.174400 2.204000 -0.570198
v 0.244160 2.204000 -0.567815
v 0.313920 2.204000 -0.563060
v 0.383680 2.204000 -0.558894
v 0.453440 2.204000 -0.554081
v 0.523200 2.204000 -0.546418
v 0.592960 2.204000 -0.539278
v 0.662720 2.204000 -0.531954
v 0.732480 2.204000 -0.521460
v 0.802240 2.204000 -0.511119
v 0.872000 2.204000 -0.500000
v -0.880000 2.240000 -0.500000
v -0.809600 2.240000 -0.511688
v -0.739200 2.240000 -0.522768
v -0.668800 2.240000 -0.535541
v -0.598400 2.240000 -0.541800
v -0.528000 2.240000 -0.548918
v -0.457600 2.240000 -0.558642
v -0.387200 2.240000 -0.562642
v -0.316800 2.240000 -0.566360
v -0.246400 2.240000 -0.572844
v -0.176000 2.240000 -0.574788
v -0.105600 2.240000 -0.575021
v -0.035200 2.240000 -0.575963
v 0.035200 2.240000 -0.575963
v 0.105600 2.240000 -0.575021
v 0.176000 2.240000 -0.574788
v 0.246400 2.240000 -0.572844
v 0.316800 2.240000 -0.566360
v 0.387200 2.240000 -0.562642
v 0.457600 2.240000 -0.558642
v 0.528000 2.240000 -0.548918
v 0.598400 2.240000 -0.541800
v 0.668800 2.240000 -0.535541
v 0.739200 2.240000 -0.522768
v 0.809600 2.240000 -0.511688
v 0.880000 2.240000 -0.500000
v -0.888000 2.276000 -0.500000
v -0.816960 2.276000 -0.512072
v -0.745920 2.276000 -0.523767
v -0.674880 2.276000 -0.539029
v -0.603840 2.276000 -0.543785
v -0.532800 2.276000 -0.550678
v -0.461760 2.276000 -0.562703
v -0.390720 2.276000 -0.565577
v -0.319680 2.276000 -0.568633
v -0.248640 2.276000 -0.577095
v -0.177600 2.276000 -0.578436
v -0.106560 2.276000 -0.577506
v -0.035520 2.276000 -0.578457
v 0.035520 2.276000 -0.578457
v 0.106560 2.276000 -0.577506
v 0.177600 2.276000 -0.578436
v 0.248640 2.276000 -0.577095
v 0.319680 2.276000 -0.568633
v 0.390720 2.276000 -0.565577
v 0.461760 2.276000 -0.562703
v 0.532800 2.276000 -0.550678
v 0.603840 2.276000 -0.543785
v 0.674880 2.276000 -0.539029
v 0.745920 2.276000 -0.523767
v 0.816960 2.276000 -0.512072
v 0.888000 2.276000 -0.500000
v -0.896000 2.312000 -0.500000
v -0.824320 2.312000 -0.512267
v -0.752640 2.312000 -0.524402
v -0.680960 2.312000 -0.541994
v -0.609280 2.312000 -0.545104
v -0.537600 2.312000 -0.551644
v -0.465920 2.312000 -0.565860
v -0.394240 2.312000 -0.567513
v -0.322560 2.312000 -0.569826
v -0.250880 2.312000 -0.580203
v -0.179200 2.312000 -0.580894
v -0.107520 2.312000 -0.578770
v -0.035840 2.312000 -0.579714
v 0.035840 2.312000 -0.579714
v 0.107520 2.312000 -0.578770
v 0.179200 2.312000 -0.580894
v 0.250880 2.312000 -0.580203
v 0.322560 2.312000 -0.569826
v 0.394240 2.312000 -0.567513
v 0.465920 2.312000 -0.565860
v 0.537600 2.312000 -0.551644
v 0.609280 2.312000 -0.545104
v 0.680960 2.312000 -0.541994
v 0.752640 2.312000 -0.524402
v 0.824320 2.312000 -0.512267
v 0.896000 2.312000 -0.500000
v -0.904000 2.348000 -0.500000
v -0.831680 2.348000 -0.512267
v -0.759360 2.348000 -0.524621
v -0.687040 2.348000 -0.544018
v -0.614720 2.348000 -0.545638
v -0.542400 2.348000 -0.551777
v -0.470080 2.348000 -0.567723
v -0.397760 2.348000 -0.568278
v -0.325440 2.348000 -0.569908
v -0.253120 2.348000 -0.581825
v -0.180800 2.348000 -0.581933
v -0.108480 2.348000 -0.578789
v -0.036160 2.348000 -0.579714
v 0.036160 2.348000 -0.579714
v 0.108480 2.348000 -0.578789
v 0.180800 2.348000 -0.581933
v 0.253120 2.348000 -0.581825
v 0.325440 2.348000 -0.569908
v 0.397760 2.348000 -0.568278
v 0.470080 2.348000 -0.567723
v 0.542400 2.348000 -0.551777
v 0.614720 2.348000 -0.545638
v 0.687040 2.348000 -0.544018
v 0.759360 2.348000 -0.524621
v 0.831680 2.348000 -0.512267
v 0.904000 2.348000 -0.500000
v -0.912000 2.384000 -0.500000
v -0.839040 2.384000 -0.512074
v -0.766080 2.384000 -0.524381
v -0.693120 2.384000 -0.544695
v -0.620160 2.384000 -0.545279
v -0.547200 2.384000 -0.551051
v -0.474240 2.384000 -0.567916
v -0.401280 2.384000 -0.567720
v -0.328320 2.384000 -0.568860
v -0.255360 2.384000 -0.581631
v -0.182400 2.384000 -0.581345
v -0.109440 2.384000 -0.577560
v -0.036480 2.384000 -0.578457
v 0.036480 2.384000 -0.578457
v 0.109440 2.384000 -0.577560
v 0.182400 2.384000 -0.581345
v 0.255360 2.384000 -0.581631
v 0.328320 2.384000 -0.568860
v 0.401280 2.384000 -0.567720
v 0.474240 2.384000 -0.567916
v 0.547200 2.384000 -0.551051
v 0.620160 2.384000 -0.545279
v 0.693120 2.384000 -0.544695
v 0.766080 2.384000 -0.524381
v 0.839040 2.384000 -0.512074
v 0.912000 2.384000 -0.500000
v -0.920000 2.420000 -0.500000
v -0.846400 2.420000 -0.511690
v -0.772800 2.420000 -0.523664
v -0.699200 2.420000 -0.543809
v -0.625600 2.420000 -0.543981
v -0.552000 2.420000 -0.549463
v -0.478400 2.420000 -0.566249
v -0.404800 2.420000 -0.565770
v -0.331200 2.420000 -0.566692
v -0.257600 2.420000 -0.579465
v -0.184000 2.420000 -0.579033
v -0.110400 2.420000 -0.575099
v -0.036800 2.420000 -0.575963
v 0.036800 2.420000 -0.575963
v 0.110400 2.420000 -0.575099
v 0.184000 2.420000 -0.579033
v 0.257600 2.420000 -0.579465
v 0.331200 2.420000 -0.566692
v 0.404800 2.420000 -0.565770
v 0.478400 2.420000 -0.566249
v 0.552000 2.420000 -0.549463
v 0.625600 2.420000 -0.543981
v 0.699200 2.420000 -0.543809
v 0.772800 2.420000 -0.523664
v 0.846400 2.420000 -0.511690
v 0.920000 2.420000 -0.500000
v -0.928000 2.456000 -0.500000
v -0.853760 2.456000 -0.511122
v -0.779520 2.456000 -0.522575
v -0.705280 2.456000 -0.542247
v -0.631040 2.456000 -0.541993
v -0.556800 2.456000 -0.547096
v -0.482560 2.456000 -0.563551
v -0.408320 2.456000 -0.562787
v -0.334080 2.456000 -0.563473
v -0.259840 2.456000 -0.576057
v -0.185600 2.456000 -0.575483
v -0.111360 2.456000 -0.571454
v -0.037120 2.456000 -0.572270
v 0.037120 2.456000 -0.572270
v 0.111360 2.456000 -0.571454
v 0.185600 2.456000 -0.575483
v 0.259840 2.456000 -0.576057
v 0.334080 2.456000 -0.563473
v 0.408320 2.456000 -0.562787
v 0.482560 2.456000 -0.563551
v 0.556800 2.456000 -0.547096
v 0.631040 2.456000 -0.541993
v 0.705280 2.456000 -0.542247
v 0.779520 2.456000 -0.522575
v 0.853760 2.456000 -0.511122
v 0.928000 2.456000 -0.500000
v -0.936000 2.492000 -0.500000
v -0.861120 2.492000 -0.510379
v -0.786240 2.492000 -0.521150
v -0.711360 2.492000 -0.540203
v -0.636480 2.492000 -0.539391
v -0.561600 2.492000 -0.543999
v -0.486720 2.492000 -0.560020
v -0.411840 2.492000 -0.558884
v -0.336960 2.492000 -0.559260
v -0.262080 2.492000 -0.571596
v -0.187200 2.492000 -0.570837
v -0.112320 2.492000 -0.566683
v -0.037440 2.492000 -0.567438
v 0.037440 2.492000 -0.567438
v 0.112320 2.492000 -0.566683
v 0.187200 2.492000 -0.570837
v 0.262080 2.492000 -0.571596
v 0.336960 2.492000 -0.559260
v 0.411840 2.492000 -0.558884
v 0.486720 2.492000 -0.560020
v 0.561600 2.492000 -0.543999
v 0.636480 2.492000 -0.539391
v 0.711360 2.492000 -0.540203
v 0.786240 2.492000 -0.521150
v 0.861120 2.492000 -0.510379
v 0.936000 2.492000 -0.500000
v -0.944000 2.528000 -0.500000
v -0.868480 2.528000 -0.509472
v -0.792960 2.528000 -0.519412
v -0.717440 2.528000 -0.537708
v -0.641920 2.528000 -0.536216
v -0.566400 2.528000 -0.540220
v -0.490880 2.528000 -0.555711
v -0.415360 2.528000 -0.554122
v -0.339840 2.528000 -0.554121
v -0.264320 2.528000 -0.566154
v -0.188800 2.528000 -0.565168
v -0.113280 2.528000 -0.560863
v -0.037760 2.528000 -0.561542
v 0.037760 2.528000 -0.561542
v 0.113280 2.528000 -0.560863
v 0.188800 2.528000 -0.565168
v 0.264320 2.528000 -0.566154
v 0.339840 2.528000 -0.554121
v 0.415360 2.528000 -0.554122
v 0.490880 2.528000 -0.555711
v 0.566400 2.528000 -0.540220
v 0.641920 2.528000 -0.536216
v 0.717440 2.528000 -0.537708
v 0.792960 2.528000 -0.519412
v 0.868480 2.528000 -0.509472
v 0.944000 2.528000 -0.500000
v -0.952000 2.564000 -0.500000
v -0.875840 2.564000 -0.508416
v -0.799680 2.564000 -0.517387
v -0.723520 2.564000 -0.534803
v -0.647360 2.564000 -0.532519
v -0.571200 2.564000 -0.535818
v -0.495040 2.564000 -0.550694
v -0.418880 2.564000 -0.548577
v -0.342720 2.564000 -0.548135
v -0.266560 2.564000 -0.559816
v -0.190400 2.564000 -0.558565
v -0.114240 2.564000 -0.554085
v -0.038080 2.564000 -0.554676
v 0.038080 2.564000 -0.554676
v 0.114240 2.564000 -0.554085
v 0.190400 2.564000 -0.558565
v 0.266560 2.564000 -0.559816
v 0.342720 2.564000 -0.548135
v 0.418880 2.564000 -0.548577
v 0.495040 2.564000 -0.550694
v 0.571200 2.564000 -0.535818
v 0.647360 2.564000 -0.532519
v 0.723520 2.564000 -0.534803
v 0.799680 2.564000 -0.517387
v 0.875840 2.564000 -0.508416
v 0.952000 2.564000 -0.500000
v -0.960000 2.600000 -0.500000
v -0.883200 2.600000 -0.507227
v -0.806400 2.600000 -0.515108
v -0.729600 2.600000 -0.531534
v -0.652800 2.600000 -0.528357
v -0.576000 2.600000 -0.530864
v -0.499200 2.600000 -0.545046
v -0.422400 2.600000 -0.542334
v -0.345600 2.600000 -0.541397
v -0.268800 2.600000 -0.552682
v -0.192000 2.600000 -0.551134
v -0.115200 2.600000 -0.546455
v -0.038400 2.600000 -0.546948
v 0.038400 2.600000 -0.546948
v 0.115200 2.600000 -0.546455
v 0.192000 2.600000 -0.551134
v 0.268800 2.600000 -0.552682
v 0.345600 2.600000 -0.541397
v 0.422400 2.600000 -0.542334
v 0.499200 2.600000 -0.545046
v 0.576000 2.600000 -0.530864
v 0.652800 2.600000 -0.528357
v 0.729600 2.600000 -0.531534
v 0.806400 2.600000 -0.515108
v 0.883200 2.600000 -0.507227
v 0.960000 2.600000 -0.500000
v -0.968000 2.636000 -0.500000
v -0.890560 2.636000 -0.505924
v -0.813120 2.636000 -0.512611
v -0.735680 2.636000 -0.527951
v -0.658240 2.636000 -0.523797
v -0.580800 2.636000 -0.525435
v -0.503360 2.636000 -0.538857
v -0.425920 2.636000 -0.535494
v -0.348480 2.636000 -0.534014
v -0.271040 2.636000 -0.544864
v -0.193600 2.636000 -0.542991
v -0.116160 2.636000 -0.538095
v -0.038720 2.636000 -0.538479
v 0.038720 2.636000 -0.538479
v 0.116160 2.636000 -0.538095
v 0.193600 2.636000 -0.542991
v 0.271040 2.636000 -0.544864
v 0.348480 2.636000 -0.534014
v 0.425920 2.636000 -0.535494
v 0.503360 2.636000 -0.538857
v 0.580800 2.636000 -0.525435
v 0.658240 2.636000 -0.523797
v 0.735680 2.636000 -0.527951
v 0.813120 2.636000 -0.512611
v 0.890560 2.636000 -0.505924
v 0.968000 2.636000 -0.500000
v -0.976000 2.672000 -0.500000
v -0.897920 2.672000 -0.504527
v -0.819840 2.672000 -0.509935
v -0.741760 2.672000 -0.524111
v -0.663680 2.672000 -0.518910
v -0.585600 2.672000 -0.519617
v -0.507520 2.672000 -0.532225
v -0.429440 2.672000 -0.528164
v -0.351360 2.672000 -0.526101
v -0.273280 2.672000 -0.536487
v -0.195200 2.672000 -0.534264
v -0.117120 2.672000 -0.529136
v -0.039040 2.672000 -0.529403
v 0.039040 2.672000 -0.529403
v 0.117120 2.672000 -0.529136
v 0.195200 2.672000 -0.534264
v 0.273280 2.672000 -0.536487
v 0.351360 2.672000 -0.526101
v 0.429440 2.672000 -0.528164
v 0.507520 2.672000 -0.532225
v 0.585600 2.672000 -0.519617
v 0.663680 2.672000 -0.518910
v 0.741760 2.672000 -0.524111
v 0.819840 2.672000 -0.509935
v 0.897920 2.672000 -0.504527
v 0.976000 2.672000 -0.500000
v -0.984000 2.708000 -0.500000
v -0.905280 2.708000 -0.503059
v -0.826560 2.708000 -0.506794
v -0.747840 2.708000 -0.517049
v -0.669120 2.708000 -0.512976
v -0.590400 2.708000 -0.513303
v -0.511680 2.708000 -0.522470
v -0.432960 2.708000 -0.519314
v -0.354240 2.708000 -0.517664
v -0.275520 2.708000 -0.525258
v -0.196800 2.708000 -0.523538
v -0.118080 2.708000 -0.519690
v -0.039360 2.708000 -0.519863
v 0.039360 2.708000 -0.519863
v 0.118080 2.708000 -0.519690
v 0.196800 2.708000 -0.523538
v 0.275520 2.708000 -0.525258
v 0.354240 2.708000 -0.517664
v 0.432960 2.708000 -0.519314
v 0.511680 2.708000 -0.522470
v 0.590400 2.708000 -0.513303
v 0.669120 2.708000 -0.512976
v 0.747840 2.708000 -0.517049
v 0.826560 2.708000 -0.506794
v 0.905280 2.708000 -0.503059
v 0.984000 2.708000 -0.500000
v -0.992000 2.744000 -0.500000
v -0.912640 2.744000 -0.501541
v -0.833280 2.744000 -0.503280
v -0.753920 2.744000 -0.507261
v -0.674560 2.744000 -0.506188
v -0.595200 2.744000 -0.506617
v -0.515840 2.744000 -0.510099
v -0.436480 2.744000 -0.509230
v -0.357120 2.744000 -0.508849
v -0.277760 2.744000 -0.511664
v -0.198400 2.744000 -0.511179
v -0.119040 2.744000 -0.509911
v -0.039680 2.744000 -0.510011
v 0.039680 2.744000 -0.510011
v 0.119040 2.744000 -0.509911
v 0.198400 2.744000 -0.511179
v 0.277760 2.744000 -0.511664
v 0.357120 2.744000 -0.508849
v 0.436480 2.744000 -0.509230
v 0.515840 2.744000 -0.510099
v 0.595200 2.744000 -0.506617
v 0.674560 2.744000 -0.506188
v 0.753920 2.744000 -0.507261
v 0.833280 2.744000 -0.503280
v 0.912640 2.744000 -0.501541
v 0.992000 2.744000 -0.500000
v -1.000000 2.780000 -0.500000
v -0.920000 2.780000 -0.500000
v -0.840000 2.780000 -0.500000
v -0.760000 2.780000 -0.500000
v -0.680000 2.780000 -0.500000
v -0.600000 2.780000 -0.500000
v -0.520000 2.780000 -0.500000
v -0.440000 2.780000 -0.500000
v -0.360000 2.780000 -0.500000
v -0.280000 2.780000 -0.500000
v -0.200000 2.780000 -0.500000
v -0.120000 2.780000 -0.500000
v -0.040000 2.780000 -0.500000
v 0.040000 2.780000 -0.500000
v 0.120000 2.780000 -0.500000
v 0.200000 2.780000 -0.500000
v 0.280000 2.780000 -0.500000
v 0.360000 2.780000 -0.500000
v 0.440000 2.780000 -0.500000
v 0.520000 2.780000 -0.500000
v 0.600000 2.780000 -0.500000
v 0.680000 2.780000 -0.500000
v 0.760000 2.780000 -0.500000
v 0.840000 2.780000 -0.500000
v 0.920000 2.780000 -0.500000
v 1.000000 2.780000 -0.500000
v -0.800000 1.880000 -0.440000
v -0.736000 1.882564 -0.440055
v -0.672000 1.884903 -0.440201
v -0.608000 1.887010 -0.440411
v -0.544000 1.888885 -0.440661
v -0.480000 1.890529 -0.440931
v -0.416000 1.891948 -0.441202
v -0.352000 1.893148 -0.441458
v -0.288000 1.894136 -0.441689
v -0.224000 1.894917 -0.441884
v -0.160000 1.895498 -0.442036
v -0.096000 1.895883 -0.442140
v -0.032000 1.896074 -0.442193
v 0.032000 1.896074 -0.442193
v 0.096000 1.895883 -0.442140
v 0.160000 1.895498 -0.442036
v 0.224000 1.894917 -0.441884
v 0.288000 1.894136 -0.441689
v 0.352000 1.893148 -0.441458
v 0.416000 1.891948 -0.441202
v 0.480000 1.890529 -0.440931
v 0.544000 1.888885 -0.440661
v 0.608000 1.887010 -0.440411
v 0.672000 1.884903 -0.440201
v 0.736000 1.882564 -0.440055
v 0.800000 1.880000 -0.440000
v -0.806571 1.916318 -0.440018
v -0.741992 1.918823 -0.441622
v -0.677474 1.921095 -0.443182
v -0.612957 1.923142 -0.444672
v -0.548439 1.924963 -0.446072
v -0.483921 1.926561 -0.447360
v -0.419401 1.927941 -0.448521
v -0.354881 1.929108 -0.449538
v -0.290359 1.930069 -0.450402
v -0.225836 1.930830 -0.451104
v -0.161312 1.931396 -0.451635
v -0.096788 1.931771 -0.451992
v -0.032263 1.931957 -0.452171
v 0.032263 1.931957 -0.452171
v 0.096788 1.931771 -0.451992
v 0.161312 1.931396 -0.451635
v 0.225836 1.930830 -0.451104
v 0.290359 1.930069 -0.450402
v 0.354881 1.929108 -0.449538
v 0.419401 1.927941 -0.448521
v 0.483921 1.926561 -0.447360
v 0.548439 1.924963 -0.446072
v 0.612957 1.923142 -0.444672
v 0.677474 1.921095 -0.443182
v 0.741992 1.918823 -0.441622
v 0.806571 1.916318 -0.440018
v -0.813194 1.952623 -0.440069
v -0.748034 1.955030 -0.443193
v -0.682994 1.957200 -0.446133
v -0.617954 1.959156 -0.448873
v -0.552914 1.960898 -0.451392
v -0.487872 1.962427 -0.453671
v -0.422829 1.963749 -0.455696
v -0.357783 1.964869 -0.457453
v -0.292735 1.965791 -0.458932
v -0.227685 1.966522 -0.460125
v -0.162634 1.967065 -0.461024
v -0.097581 1.967426 -0.461626
v -0.032527 1.967605 -0.461928
v 0.032527 1.967605 -0.461928
v 0.097581 1.967426 -0.461626
v 0.162634 1.967065 -0.461024
v 0.227685 1.966522 -0.460125
v 0.292735 1.965791 -0.458932
v 0.357783 1.964869 -0.457453
v 0.422829 1.963749 -0.455696
v 0.487872 1.962427 -0.453671
v 0.552914 1.960898 -0.451392
v 0.617954 1.959156 -0.448873
v 0.682994 1.957200 -0.446133
v 0.748034 1.955030 -0.443193
v 0.813194 1.952623 -0.440069
v -0.819893 1.988913 -0.440148
v -0.754148 1.991182 -0.444737
v -0.688577 1.993217 -0.449005
v -0.623008 1.995054 -0.452943
v -0.557438 1.996691 -0.456535
v -0.491866 1.998130 -0.459764
v -0.426292 1.999376 -0.462616
v -0.360715 2.000432 -0.465080
v -0.295135 2.001303 -0.467146
v -0.229552 2.001994 -0.468808
v -0.163968 2.002509 -0.470059
v -0.098381 2.002850 -0.470895
v -0.032794 2.003020 -0.471314
v 0.032794 2.003020 -0.471314
v 0.098381 2.002850 -0.470895
v 0.163968 2.002509 -0.470059
v 0.229552 2.001994 -0.468808
v 0.295135 2.001303 -0.467146
v 0.360715 2.000432 -0.465080
v 0.426292 1.999376 -0.462616
v 0.491866 1.998130 -0.459764
v 0.557438 1.996691 -0.456535
v 0.623008 1.995054 -0.452943
v 0.688577 1.993217 -0.449005
v 0.754148 1.991182 -0.444737
v 0.819893 1.988913 -0.440148
v -0.826686 2.025181 -0.440247
v -0.760352 2.027278 -0.446226
v -0.694242 2.029148 -0.451748
v -0.628133 2.030837 -0.456817
v -0.562024 2.032345 -0.461420
v -0.495913 2.033674 -0.465542
v -0.429800 2.034825 -0.469172
v -0.363684 2.035803 -0.472300
v -0.297565 2.036611 -0.474918
v -0.231443 2.037253 -0.477020
v -0.165318 2.037731 -0.478601
v -0.099192 2.038048 -0.479657
v -0.033064 2.038207 -0.480185
v 0.033064 2.038207 -0.480185
v 0.099192 2.038048 -0.479657
v 0.165318 2.037731 -0.478601
v 0.231443 2.037253 -0.477020
v 0.297565 2.036611 -0.474918
v 0.363684 2.035803 -0.472300
v 0.429800 2.034825 -0.469172
v 0.495913 2.033674 -0.465542
v 0.562024 2.032345 -0.461420
v 0.628133 2.030837 -0.456817
v 0.694242 2.029148 -0.451748
v 0.760352 2.027278 -0.446226
v 0.826686 2.025181 -0.440247
v -0.833590 2.061424 -0.440360
v -0.766662 2.063317 -0.447630
v -0.700002 2.064994 -0.454314
v -0.633343 2.066511 -0.460431
v -0.566685 2.067867 -0.465969
v -0.500025 2.069064 -0.470917
v -0.433363 2.070104 -0.475265
v -0.366698 2.070989 -0.479005
v -0.300030 2.071721 -0.482132
v -0.233360 2.072303 -0.484640
v -0.166687 2.072738 -0.486524
v -0.100013 2.073027 -0.487782
v -0.033338 2.073171 -0.488412
v 0.033338 2.073171 -0.488412
v 0.100013 2.073027 -0.487782
v 0.166687 2.072738 -0.486524
v 0.233360 2.072303 -0.484640
v 0.300030 2.071721 -0.482132
v 0.366698 2.070989 -0.479005
v 0.433363 2.070104 -0.475265
v 0.500025 2.069064 -0.470917
v 0.566685 2.067867 -0.465969
v 0.633343 2.066511 -0.460431
v 0.700002 2.064994 -0.454314
v 0.766662 2.063317 -0.447630
v 0.833590 2.061424 -0.440360
v -0.840620 2.097640 -0.440478
v -0.773091 2.099300 -0.448921
v -0.705869 2.100758 -0.456660
v -0.638649 2.102080 -0.463727
v -0.571429 2.103263 -0.470111
v -0.504209 2.104310 -0.475805
v -0.436987 2.105222 -0.480802
v -0.369763 2.105999 -0.485096
v -0.302537 2.106643 -0.488682
v -0.235309 2.107156 -0.491555
v -0.168080 2.107540 -0.493713
v -0.100848 2.107795 -0.495153
v -0.033616 2.107922 -0.495873
v 0.033616 2.107922 -0.495873
v 0.100848 2.107795 -0.495153
v 0.168080 2.107540 -0.493713
v 0.235309 2.107156 -0.491555
v 0.302537 2.106643 -0.488682
v 0.369763 2.105999 -0.485096
v 0.436987 2.105222 -0.480802
v 0.504209 2.104310 -0.475805
v 0.571429 2.103263 -0.470111
v 0.638649 2.102080 -0.463727
v 0.705869 2.100758 -0.456660
v 0.773091 2.099300 -0.448921
v 0.840620 2.097640 -0.440478
v -0.847786 2.133825 -0.440593
v -0.779650 2.135229 -0.450074
v -0.711854 2.136461 -0.458746
v -0.644061 2.137690 -0.466662
v -0.576267 2.138580 -0.473784
v -0.508474 2.139432 -0.480133
v -0.440682 2.140317 -0.485718
v -0.372887 2.140898 -0.490490
v -0.305092 2.141396 -0.494472
v -0.237296 2.141934 -0.497685
v -0.169498 2.142220 -0.500077
v -0.101699 2.142368 -0.501665
v -0.033900 2.142475 -0.502465
v 0.033900 2.142475 -0.502465
v 0.101699 2.142368 -0.501665
v 0.169498 2.142220 -0.500077
v 0.237296 2.141934 -0.497685
v 0.305092 2.141396 -0.494472
v 0.372887 2.140898 -0.490490
v 0.440682 2.140317 -0.485718
v 0.508474 2.139432 -0.480133
v 0.576267 2.138580 -0.473784
v 0.644061 2.137690 -0.466662
v 0.711854 2.136461 -0.458746
v 0.779650 2.135229 -0.450074
v 0.847786 2.133825 -0.440593
v -0.855098 2.169978 -0.440697
v -0.786341 2.171106 -0.451067
v -0.717894 2.172198 -0.460570
v -0.649585 2.174063 -0.469427
v -0.581276 2.174007 -0.476987
v -0.512781 2.174496 -0.483859
v -0.444439 2.176055 -0.490179
v -0.376142 2.175963 -0.495200
v -0.307668 2.176027 -0.499434
v -0.239292 2.177218 -0.503157
v -0.171004 2.177154 -0.505661
v -0.102604 2.176769 -0.507229
v -0.034190 2.176845 -0.508095
v 0.034190 2.176845 -0.508095
v 0.102604 2.176769 -0.507229
v 0.171004 2.177154 -0.505661
v 0.239292 2.177218 -0.503157
v 0.307668 2.176027 -0.499434
v 0.376142 2.175963 -0.495200
v 0.444439 2.176055 -0.490179
v 0.512781 2.174496 -0.483859
v 0.581276 2.174007 -0.476987
v 0.649585 2.174063 -0.469427
v 0.717894 2.172198 -0.460570
v 0.786341 2.171106 -0.451067
v 0.855098 2.169978 -0.440697
v -0.862562 2.206097 -0.440784
v -0.793130 2.206942 -0.451888
v -0.723638 2.208006 -0.462250
v -0.655169 2.210891 -0.472831
v -0.586798 2.209424 -0.479842
v -0.516897 2.209525 -0.487006
v -0.448146 2.212180 -0.494877
v -0.379853 2.211070 -0.499435
v -0.310114 2.210555 -0.503541
v -0.241127 2.212798 -0.508541
v -0.172891 2.212201 -0.510781
v -0.103755 2.211013 -0.511775
v -0.034490 2.211058 -0.512688
v 0.034490 2.211058 -0.512688
v 0.103755 2.211013 -0.511775
v 0.172891 2.212201 -0.510781
v 0.241127 2.212798 -0.508541
v 0.310114 2.210555 -0.503541
v 0.379853 2.211070 -0.499435
v 0.448146 2.212180 -0.494877
v 0.516897 2.209525 -0.487006
v 0.586798 2.209424 -0.479842
v 0.655169 2.210891 -0.472831
v 0.723638 2.208006 -0.462250
v 0.793130 2.206942 -0.451888
v 0.862562 2.206097 -0.440784
v -0.870180 2.242182 -0.440849
v -0.800032 2.242740 -0.452519
v -0.729198 2.243759 -0.463727
v -0.660820 2.247149 -0.476505
v -0.592741 2.244583 -0.482244
v -0.520894 2.244462 -0.489508
v -0.451828 2.247758 -0.499426
v -0.383931 2.245854 -0.503018
v -0.312479 2.244961 -0.506722
v -0.242846 2.247874 -0.513469
v -0.175079 2.246860 -0.515189
v -0.105101 2.245119 -0.515242
v -0.034800 2.245140 -0.516185
v 0.034800 2.245140 -0.516185
v 0.105101 2.245119 -0.515242
v 0.175079 2.246860 -0.515189
v 0.242846 2.247874 -0.513469
v 0.312479 2.244961 -0.506722
v 0.383931 2.245854 -0.503018
v 0.451828 2.247758 -0.499426
v 0.520894 2.244462 -0.489508
v 0.592741 2.244583 -0.482244
v 0.660820 2.247149 -0.476505
v 0.729198 2.243759 -0.463727
v 0.800032 2.242740 -0.452519
v 0.870180 2.242182 -0.440849
v -0.877955 2.278232 -0.440889
v -0.807069 2.278497 -0.452946
v -0.734754 2.279420 -0.464915
v -0.666561 2.282697 -0.479987
v -0.598945 2.279479 -0.484086
v -0.524893 2.279302 -0.491293
v -0.455541 2.282664 -0.503400
v -0.388225 2.280289 -0.505782
v -0.314839 2.279262 -0.508917
v -0.244533 2.282339 -0.517572
v -0.177427 2.281077 -0.518651
v -0.106551 2.279120 -0.517587
v -0.035119 2.279126 -0.518540
v 0.035119 2.279126 -0.518540
v 0.106551 2.279120 -0.517587
v 0.177427 2.281077 -0.518651
v 0.244533 2.282339 -0.517572
v 0.314839 2.279262 -0.508917
v 0.388225 2.280289 -0.505782
v 0.455541 2.282664 -0.503400
v 0.524893 2.279302 -0.491293
v 0.598945 2.279479 -0.484086
v 0.666561 2.282697 -0.479987
v 0.734754 2.279420 -0.464915
v 0.807069 2.278497 -0.452946
v 0.877955 2.278232 -0.440889
v -0.885886 2.314247 -0.440901
v -0.814259 2.314217 -0.453158
v -0.740472 2.314967 -0.465723
v -0.672421 2.317540 -0.482864
v -0.605253 2.314148 -0.485278
v -0.529008 2.314052 -0.492298
v -0.459341 2.316904 -0.506424
v -0.392582 2.314411 -0.507584
v -0.317271 2.313481 -0.510078
v -0.246273 2.316207 -0.520529
v -0.179799 2.314884 -0.520966
v -0.108013 2.313056 -0.518781
v -0.035445 2.313051 -0.519725
v 0.035445 2.313051 -0.519725
v 0.108013 2.313056 -0.518781
v 0.179799 2.314884 -0.520966
v 0.246273 2.316207 -0.520529
v 0.317271 2.313481 -0.510078
v 0.392582 2.314411 -0.507584
v 0.459341 2.316904 -0.506424
v 0.529008 2.314052 -0.492298
v 0.605253 2.314148 -0.485278
v 0.672421 2.317540 -0.482864
v 0.740472 2.314967 -0.465723
v 0.814259 2.314217 -0.453158
v 0.885886 2.314247 -0.440901
v -0.893973 2.350228 -0.440886
v -0.821617 2.349900 -0.453148
v -0.746505 2.350383 -0.466063
v -0.678429 2.351677 -0.484754
v -0.611506 2.348632 -0.485727
v -0.533344 2.348719 -0.492469
v -0.463285 2.350486 -0.508161
v -0.396854 2.348261 -0.508286
v -0.319845 2.347646 -0.510170
v -0.248150 2.349495 -0.522050
v -0.182059 2.348320 -0.521947
v -0.109400 2.346967 -0.518805
v -0.035776 2.346956 -0.519725
v 0.035776 2.346956 -0.519725
v 0.109400 2.346967 -0.518805
v 0.182059 2.348320 -0.521947
v 0.248150 2.349495 -0.522050
v 0.319845 2.347646 -0.510170
v 0.396854 2.348261 -0.508286
v 0.463285 2.350486 -0.508161
v 0.533344 2.348719 -0.492469
v 0.611506 2.348632 -0.485727
v 0.678429 2.351677 -0.484754
v 0.746505 2.350383 -0.466063
v 0.821617 2.349900 -0.453148
v 0.893973 2.350228 -0.440886
v -0.902210 2.386176 -0.440844
v -0.829155 2.385547 -0.452914
v -0.752995 2.385665 -0.465849
v -0.684616 2.385264 -0.485314
v -0.617549 2.383015 -0.485344
v -0.538003 2.383321 -0.491764
v -0.467430 2.383567 -0.508305
v -0.400892 2.381949 -0.507756
v -0.322630 2.381790 -0.509171
v -0.250247 2.382360 -0.521872
v -0.184072 2.381512 -0.521419
v -0.110625 2.380898 -0.517652
v -0.036111 2.380881 -0.518540
v 0.036111 2.380881 -0.518540
v 0.110625 2.380898 -0.517652
v 0.184072 2.381512 -0.521419
v 0.250247 2.382360 -0.521872
v 0.322630 2.381790 -0.509171
v 0.400892 2.381949 -0.507756
v 0.467430 2.383567 -0.508305
v 0.538003 2.383321 -0.491764
v 0.617549 2.383015 -0.485344
v 0.684616 2.385264 -0.485314
v 0.752995 2.385665 -0.465849
v 0.829155 2.385547 -0.452914
v 0.902210 2.386176 -0.440844
v -0.910593 2.422090 -0.440779
v -0.836878 2.421164 -0.452462
v -0.760011 2.420917 -0.465050
v -0.690997 2.419365 -0.484376
v -0.623299 2.417613 -0.484073
v -0.543031 2.417939 -0.490173
v -0.471801 2.417151 -0.506681
v -0.404620 2.415917 -0.505909
v -0.325654 2.415984 -0.507084
v -0.252600 2.415694 -0.519829
v -0.185773 2.415055 -0.519264
v -0.111647 2.414898 -0.515329
v -0.036449 2.414866 -0.516184
v 0.036449 2.414866 -0.516184
v 0.111647 2.414898 -0.515329
v 0.185773 2.415055 -0.519264
v 0.252600 2.415694 -0.519829
v 0.325654 2.415984 -0.507084
v 0.404620 2.415917 -0.505909
v 0.471801 2.417151 -0.506681
v 0.543031 2.417939 -0.490173
v 0.623299 2.417613 -0.484073
v 0.690997 2.419365 -0.484376
v 0.760011 2.420917 -0.465050
v 0.836878 2.421164 -0.452462
v 0.910593 2.422090 -0.440779
v -0.919115 2.457974 -0.440694
v -0.844742 2.456763 -0.451809
v -0.767210 2.456248 -0.463852
v -0.697503 2.454335 -0.482777
v -0.629085 2.452479 -0.482128
v -0.548192 2.452648 -0.487812
v -0.476272 2.451578 -0.504046
v -0.408351 2.450285 -0.503060
v -0.328763 2.450285 -0.503983
v -0.255029 2.449798 -0.516572
v -0.187447 2.449135 -0.515906
v -0.112649 2.449002 -0.511877
v -0.036792 2.448948 -0.512687
v 0.036792 2.448948 -0.512687
v 0.112649 2.449002 -0.511877
v 0.187447 2.449135 -0.515906
v 0.255029 2.449798 -0.516572
v 0.328763 2.450285 -0.503983
v 0.408351 2.450285 -0.503060
v 0.476272 2.451578 -0.504046
v 0.548192 2.452648 -0.487812
v 0.629085 2.452479 -0.482128
v 0.697503 2.454335 -0.482777
v 0.767210 2.456248 -0.463852
v 0.844742 2.456763 -0.451809
v 0.919115 2.457974 -0.440694
v -0.927766 2.493830 -0.440596
v -0.852730 2.492354 -0.450970
v -0.774522 2.491602 -0.462307
v -0.704112 2.489473 -0.480696
v -0.634964 2.487431 -0.479584
v -0.553436 2.487428 -0.484733
v -0.480813 2.486212 -0.500592
v -0.412142 2.484802 -0.499318
v -0.331923 2.484695 -0.499920
v -0.257496 2.484129 -0.512292
v -0.189147 2.483410 -0.511487
v -0.113667 2.483236 -0.507342
v -0.037141 2.483160 -0.508094
v 0.037141 2.483160 -0.508094
v 0.113667 2.483236 -0.507342
v 0.189147 2.483410 -0.511487
v 0.257496 2.484129 -0.512292
v 0.331923 2.484695 -0.499920
v 0.412142 2.484802 -0.499318
v 0.480813 2.486212 -0.500592
v 0.553436 2.487428 -0.484733
v 0.634964 2.487431 -0.479584
v 0.704112 2.489473 -0.480696
v 0.774522 2.491602 -0.462307
v 0.852730 2.492354 -0.450970
v 0.927766 2.493830 -0.440596
v -0.936536 2.529659 -0.440489
v -0.860832 2.527941 -0.449961
v -0.781936 2.526976 -0.460442
v -0.710816 2.524654 -0.478169
v -0.640927 2.522449 -0.476482
v -0.558754 2.522289 -0.480983
v -0.485419 2.520946 -0.496378
v -0.415985 2.519437 -0.494740
v -0.335127 2.519234 -0.494952
v -0.259997 2.518599 -0.507053
v -0.190870 2.517836 -0.506071
v -0.114698 2.517625 -0.501784
v -0.037494 2.517531 -0.502464
v 0.037494 2.517531 -0.502464
v 0.114698 2.517625 -0.501784
v 0.190870 2.517836 -0.506071
v 0.259997 2.518599 -0.507053
v 0.335127 2.519234 -0.494952
v 0.415985 2.519437 -0.494740
v 0.485419 2.520946 -0.496378
v 0.558754 2.522289 -0.480983
v 0.640927 2.522449 -0.476482
v 0.710816 2.524654 -0.478169
v 0.781936 2.526976 -0.460442
v 0.860832 2.527941 -0.449961
v 0.936536 2.529659 -0.440489
v -0.945412 2.565464 -0.440381
v -0.869035 2.563532 -0.448805
v -0.789442 2.562379 -0.458289
v -0.717603 2.559891 -0.475238
v -0.646963 2.557549 -0.472868
v -0.564136 2.557249 -0.476619
v -0.490079 2.555800 -0.491464
v -0.419874 2.554212 -0.489389
v -0.338367 2.553924 -0.489147
v -0.262527 2.553232 -0.500928
v -0.192614 2.552434 -0.499732
v -0.115742 2.552192 -0.495277
v -0.037852 2.552082 -0.495872
v 0.037852 2.552082 -0.495872
v 0.115742 2.552192 -0.495277
v 0.192614 2.552434 -0.499732
v 0.262527 2.553232 -0.500928
v 0.338367 2.553924 -0.489147
v 0.419874 2.554212 -0.489389
v 0.490079 2.555800 -0.491464
v 0.564136 2.557249 -0.476619
v 0.646963 2.557549 -0.472868
v 0.717603 2.559891 -0.475238
v 0.789442 2.562379 -0.458289
v 0.869035 2.563532 -0.448805
v 0.945412 2.565464 -0.440381
v -0.954380 2.601249 -0.440277
v -0.877327 2.599134 -0.447521
v -0.797028 2.597821 -0.455885
v -0.724460 2.595197 -0.471948
v -0.653060 2.592746 -0.468798
v -0.569572 2.592326 -0.471705
v -0.494785 2.590790 -0.485922
v -0.423801 2.589144 -0.483341
v -0.341638 2.588783 -0.482588
v -0.265080 2.588046 -0.494003
v -0.194374 2.587224 -0.492558
v -0.116796 2.586956 -0.487912
v -0.038212 2.586833 -0.488411
v 0.038212 2.586833 -0.488411
v 0.116796 2.586956 -0.487912
v 0.194374 2.587224 -0.492558
v 0.265080 2.588046 -0.494003
v 0.341638 2.588783 -0.482588
v 0.423801 2.589144 -0.483341
v 0.494785 2.590790 -0.485922
v 0.569572 2.592326 -0.471705
v 0.653060 2.592746 -0.468798
v 0.724460 2.595197 -0.471948
v 0.797028 2.597821 -0.455885
v 0.877327 2.599134 -0.447521
v 0.954380 2.601249 -0.440277
v -0.963424 2.637017 -0.440183
v -0.885692 2.634754 -0.446135
v -0.804680 2.633311 -0.453268
v -0.731375 2.630583 -0.468351
v -0.659206 2.628052 -0.464334
v -0.575051 2.627532 -0.466315
v -0.499527 2.625932 -0.479832
v -0.427759 2.624246 -0.476685
v -0.344932 2.623826 -0.475369
v -0.267650 2.623055 -0.486376
v -0.196150 2.622217 -0.484651
v -0.117859 2.621930 -0.479793
v -0.038576 2.621796 -0.480184
v 0.038576 2.621796 -0.480184
v 0.117859 2.621930 -0.479793
v 0.196150 2.622217 -0.484651
v 0.267650 2.623055 -0.486376
v 0.344932 2.623826 -0.475369
v 0.427759 2.624246 -0.476685
v 0.499527 2.625932 -0.479832
v 0.575051 2.627532 -0.466315
v 0.659206 2.628052 -0.464334
v 0.731375 2.630583 -0.468351
v 0.804680 2.633311 -0.453268
v 0.885692 2.634754 -0.446135
v 0.963424 2.637017 -0.440183
v -0.972527 2.672772 -0.440106
v -0.894112 2.670397 -0.444670
v -0.812386 2.668589 -0.450497
v -0.738351 2.663595 -0.464800
v -0.665386 2.662834 -0.459639
v -0.580564 2.662719 -0.460554
v -0.504318 2.659055 -0.473725
v -0.431732 2.658641 -0.469715
v -0.348243 2.658968 -0.467617
v -0.270255 2.656431 -0.478621
v -0.197922 2.656254 -0.476431
v -0.118928 2.657102 -0.471043
v -0.038941 2.656982 -0.471313
v 0.038941 2.656982 -0.471313
v 0.118928 2.657102 -0.471043
v 0.197922 2.656254 -0.476431
v 0.270255 2.656431 -0.478621
v 0.348243 2.658968 -0.467617
v 0.431732 2.658641 -0.469715
v 0.504318 2.659055 -0.473725
v 0.580564 2.662719 -0.460554
v 0.665386 2.662834 -0.459639
v 0.738351 2.663595 -0.464800
v 0.812386 2.668589 -0.450497
v 0.894112 2.670397 -0.444670
v 0.972527 2.672772 -0.440106
v -0.981670 2.708518 -0.440047
v -0.902695 2.706044 -0.443146
v -0.821264 2.703480 -0.447199
v -0.745545 2.694706 -0.458585
v -0.670525 2.697357 -0.453944
v -0.586841 2.697817 -0.454280
v -0.509489 2.690619 -0.465084
v -0.434729 2.692586 -0.461355
v -0.352037 2.694195 -0.459315
v -0.273403 2.688574 -0.468529
v -0.198819 2.689610 -0.466461
v -0.119432 2.692492 -0.461745
v -0.039296 2.692396 -0.461928
v 0.039296 2.692396 -0.461928
v 0.119432 2.692492 -0.461745
v 0.198819 2.689610 -0.466461
v 0.273403 2.688574 -0.468529
v 0.352037 2.694195 -0.459315
v 0.434729 2.692586 -0.461355
v 0.509489 2.690619 -0.465084
v 0.586841 2.697817 -0.454280
v 0.670525 2.697357 -0.453944
v 0.745545 2.694706 -0.458585
v 0.821264 2.703480 -0.447199
v 0.902695 2.706044 -0.443146
v 0.981670 2.708518 -0.440047
v -0.990835 2.744259 -0.440012
v -0.911401 2.741707 -0.441598
v -0.831127 2.738765 -0.443547
v -0.752850 2.730348 -0.448845
v -0.674800 2.733323 -0.447146
v -0.593746 2.733290 -0.447598
v -0.514896 2.726227 -0.452800
v -0.436937 2.728413 -0.451292
v -0.356226 2.729773 -0.450567
v -0.276929 2.724186 -0.455036
v -0.199030 2.725332 -0.454161
v -0.119466 2.728163 -0.452040
v -0.039644 2.728044 -0.452171
v 0.039644 2.728044 -0.452171
v 0.119466 2.728163 -0.452040
v 0.199030 2.725332 -0.454161
v 0.276929 2.724186 -0.455036
v 0.356226 2.729773 -0.450567
v 0.436937 2.728413 -0.451292
v 0.514896 2.726227 -0.452800
v 0.593746 2.733290 -0.447598
v 0.674800 2.733323 -0.447146
v 0.752850 2.730348 -0.448845
v 0.831127 2.738765 -0.443547
v 0.911401 2.741707 -0.441598
v 0.990835 2.744259 -0.440012
v -1.000000 2.780000 -0.440000
v -0.920000 2.777434 -0.440055
v -0.840000 2.774556 -0.440247
v -0.760000 2.768137 -0.441184
v -0.680000 2.769835 -0.440867
v -0.600000 2.769154 -0.440988
v -0.520000 2.763793 -0.442230
v -0.440000 2.765098 -0.441880
v -0.360000 2.765679 -0.441734
v -0.280000 2.761507 -0.442921
v -0.200000 2.762206 -0.442699
v -0.120000 2.764075 -0.442152
v -0.040000 2.763926 -0.442193
v 0.040000 2.763926 -0.442193
v 0.120000 2.764075 -0.442152
v 0.200000 2.762206 -0.442699
v 0.280000 2.761507 -0.442921
v 0.360000 2.765679 -0.441734
v 0.440000 2.765098 -0.441880
v 0.520000 2.763793 -0.442230
v 0.600000 2.769154 -0.440988
v 0.680000 2.769835 -0.440867
v 0.760000 2.768137 -0.441184
v 0.840000 2.774556 -0.440247
v 0.920000 2.777434 -0.440055
v 1.000000 2.780000 -0.440000
vn -0.526795 -0.656711 -0.539646
vn 0.003828 -0.727471 -0.686128
vn 0.003494 -0.754437 -0.656364
vn 0.003147 -0.777847 -0.628445
vn 0.002797 -0.797965 -0.602697
vn 0.002449 -0.815067 -0.579362
vn 0.002109 -0.829425 -0.558614
vn 0.001780 -0.841296 -0.540573
vn 0.001461 -0.850907 -0.525315
vn 0.001153 -0.858455 -0.512888
vn 0.000855 -0.864102 -0.503315
vn 0.000565 -0.867973 -0.496611
vn 0.000281 -0.870155 -0.492778
vn 0.000000 -0.870698 -0.491819
vn -0.000281 -0.869613 -0.493734
vn -0.000564 -0.866877 -0.498522
vn -0.000852 -0.862427 -0.506181
vn -0.001147 -0.856163 -0.516705
vn -0.001452 -0.847948 -0.530078
vn -0.001768 -0.837609 -0.546268
vn -0.002095 -0.824937 -0.565221
vn -0.002432 -0.809694 -0.586847
vn -0.002779 -0.791618 -0.611010
vn -0.003130 -0.770433 -0.637514
vn -0.012519 -0.998389 0.055335
vn 0.357141 -0.845104 0.397806
vn -0.702378 -0.156475 -0.694392
vn -0.022988 -0.046586 -0.998650
vn -0.020966 -0.084433 -0.996209
vn -0.018935 -0.118537 -0.992769
vn -0.016908 -0.148885 -0.988710
vn -0.014892 -0.175518 -0.984364
vn -0.012893 -0.198515 -0.980013
vn -0.010913 -0.217972 -0.975894
vn -0.008953 -0.233991 -0.972198
vn -0.007011 -0.246669 -0.969074
vn -0.005086 -0.256094 -0.966639
vn -0.003172 -0.262333 -0.964972
vn -0.001265 -0.265435 -0.964128
vn 0.000638 -0.265422 -0.964132
vn 0.002544 -0.262296 -0.964984
vn 0.004457 -0.256032 -0.966658
vn 0.006382 -0.246581 -0.969101
vn 0.008321 -0.233875 -0.972231
vn 0.010279 -0.217827 -0.975933
vn 0.012256 -0.198340 -0.980057
vn 0.014253 -0.175311 -0.984410
vn 0.016267 -0.148644 -0.988757
vn 0.018292 -0.118262 -0.992814
vn 0.020320 -0.084123 -0.996248
vn 0.028801 -0.060589 -0.997747
vn 0.978841 -0.203964 0.016375
vn -0.718273 -0.160090 -0.677093
vn -0.044874 -0.050144 -0.997733
vn -0.040906 -0.086289 -0.995430
vn -0.036922 -0.118872 -0.992223
vn -0.032945 -0.147885 -0.988456
vn -0.028988 -0.173367 -0.984431
vn -0.025063 -0.195389 -0.980406
vn -0.021173 -0.214035 -0.976596
vn -0.017319 -0.229399 -0.973178
vn -0.013498 -0.241567 -0.970290
vn -0.009705 -0.250615 -0.968038
vn -0.005935 -0.256606 -0.966498
vn -0.002177 -0.259581 -0.965719
vn 0.001575 -0.259562 -0.965725
vn 0.005332 -0.256548 -0.966517
vn 0.009103 -0.250518 -0.968069
vn 0.012894 -0.241428 -0.970333
vn 0.016714 -0.229217 -0.973232
vn 0.020567 -0.213807 -0.976659
vn 0.024455 -0.195112 -0.980476
vn 0.028379 -0.173040 -0.984506
vn 0.032334 -0.147504 -0.988533
vn 0.036310 -0.118436 -0.992298
vn 0.040292 -0.085797 -0.995498
vn 0.044259 -0.049596 -0.997788
vn 0.723309 -0.160894 -0.671518
vn -0.733020 -0.163439 -0.660279
vn -0.065571 -0.052801 -0.996450
vn -0.059777 -0.086694 -0.994440
vn -0.053961 -0.117272 -0.991633
vn -0.048154 -0.144528 -0.988328
vn -0.042373 -0.168497 -0.984791
vn -0.036631 -0.189237 -0.981248
vn -0.030935 -0.206821 -0.977890
vn -0.025286 -0.221325 -0.974872
vn -0.019680 -0.232823 -0.972320
vn -0.014110 -0.241379 -0.970328
vn -0.008568 -0.247044 -0.968966
vn -0.003044 -0.249854 -0.968279
vn 0.002475 -0.249828 -0.968287
vn 0.007999 -0.246964 -0.968992
vn 0.013541 -0.241245 -0.970370
vn 0.019110 -0.232633 -0.972377
vn 0.024716 -0.221076 -0.974943
vn 0.030366 -0.206510 -0.977973
vn 0.036062 -0.188861 -0.981341
vn 0.041803 -0.168052 -0.984891
vn 0.047583 -0.144011 -0.988431
vn 0.053391 -0.116680 -0.991733
vn 0.059205 -0.086027 -0.994532
vn 0.064999 -0.052059 -0.996526
vn 0.737645 -0.164003 -0.654967
vn -0.746455 -0.166481 -0.644275
vn -0.084772 -0.054527 -0.994907
vn -0.077303 -0.085656 -0.993321
vn -0.069810 -0.113773 -0.991051
vn -0.062323 -0.138872 -0.988347
vn -0.054863 -0.160978 -0.985432
vn -0.047444 -0.180139 -0.982496
vn -0.040073 -0.196408 -0.979703
vn -0.032753 -0.209847 -0.977185
vn -0.025479 -0.220513 -0.975051
vn -0.018244 -0.228455 -0.973383
vn -0.011040 -0.233716 -0.972242
vn -0.003854 -0.236322 -0.971667
vn 0.003325 -0.236289 -0.971677
vn 0.010511 -0.233614 -0.972272
vn 0.017716 -0.228285 -0.973433
vn 0.024951 -0.220271 -0.975120
vn 0.032226 -0.209531 -0.977271
vn 0.039548 -0.196015 -0.979803
vn 0.046920 -0.179664 -0.982608
vn 0.054340 -0.160419 -0.985552
vn 0.061801 -0.138223 -0.988471
vn 0.069289 -0.113033 -0.991172
vn 0.076783 -0.084825 -0.993433
vn 0.084251 -0.053604 -0.995002
vn 0.750626 -0.166802 -0.639326
vn -0.758456 -0.169183 -0.629382
vn -0.102209 -0.055309 -0.993224
vn -0.093246 -0.083208 -0.992160
vn -0.084253 -0.108442 -0.990526
vn -0.075260 -0.131006 -0.988521
vn -0.066290 -0.150918 -0.986321
vn -0.057355 -0.168207 -0.984082
vn -0.048465 -0.182914 -0.981934
vn -0.039620 -0.195082 -0.979986
vn -0.030818 -0.204751 -0.978329
vn -0.022053 -0.211957 -0.977030
vn -0.013316 -0.216731 -0.976140
vn -0.004597 -0.219093 -0.975693
vn 0.004116 -0.219052 -0.975705
vn 0.012836 -0.216608 -0.976174
vn 0.021573 -0.211750 -0.977086
vn 0.030340 -0.204458 -0.978405
vn 0.039143 -0.194700 -0.980081
vn 0.047991 -0.182441 -0.982045
vn 0.056884 -0.167638 -0.984206
vn 0.065821 -0.150248 -0.986455
vn 0.074794 -0.130234 -0.988658
vn 0.083789 -0.107564 -0.990661
vn 0.092784 -0.082223 -0.992286
vn 0.101747 -0.054219 -0.993332
vn 0.762143 -0.169265 -0.624890
vn -0.768943 -0.171523 -0.615879
vn -0.117660 -0.055152 -0.991521
vn -0.107399 -0.079404 -0.991040
vn -0.097101 -0.101373 -0.990098
vn -0.086796 -0.121055 -0.988844
vn -0.076501 -0.138457 -0.987409
vn -0.066231 -0.153597 -0.985911
vn -0.055993 -0.166500 -0.984450
vn -0.045791 -0.177193 -0.983110
vn -0.035622 -0.185700 -0.981961
vn -0.025482 -0.192047 -0.981055
vn -0.015365 -0.196251 -0.980433
vn -0.005262 -0.198325 -0.980122
vn 0.004836 -0.198277 -0.980134
vn 0.014939 -0.196106 -0.980469
vn 0.025058 -0.191804 -0.981113
vn 0.035200 -0.185357 -0.982041
vn 0.045371 -0.176747 -0.983210
vn 0.055577 -0.165949 -0.984567
vn 0.065819 -0.152937 -0.986042
vn 0.076092 -0.137685 -0.987549
vn 0.086391 -0.120168 -0.988988
vn 0.096700 -0.100368 -0.990240
vn 0.106999 -0.078280 -0.991173
vn 0.117262 -0.053911 -0.991637
vn 0.772128 -0.171374 -0.611923
vn -0.777868 -0.173488 -0.604006
vn -0.130944 -0.054076 -0.989914
vn -0.119632 -0.074494 -0.990020
vn -0.108534 -0.094373 -0.989603
vn -0.096471 -0.110309 -0.989204
vn -0.085277 -0.124070 -0.988602
vn -0.074276 -0.138000 -0.987643
vn -0.062321 -0.148637 -0.986926
vn -0.051036 -0.156736 -0.986321
vn -0.040117 -0.164844 -0.985504
vn -0.028356 -0.170325 -0.984980
vn -0.016950 -0.172896 -0.984794
vn -0.005836 -0.174252 -0.984684
vn 0.005474 -0.174189 -0.984697
vn 0.016787 -0.172346 -0.984893
vn 0.027909 -0.169445 -0.985144
vn 0.039332 -0.164788 -0.985544
vn 0.051121 -0.156581 -0.986341
vn 0.062057 -0.147348 -0.987136
vn 0.073363 -0.137436 -0.987790
vn 0.085351 -0.123757 -0.988635
vn 0.096355 -0.108626 -0.989402
vn 0.107546 -0.093270 -0.989815
vn 0.119606 -0.074078 -0.990054
vn 0.130655 -0.052796 -0.990021
vn 0.780540 -0.173119 -0.600655
vn -0.785211 -0.175071 -0.593965
vn -0.142007 -0.052218 -0.988487
vn -0.130809 -0.070379 -0.988906
vn -0.120217 -0.096305 -0.988065
vn -0.101875 -0.103927 -0.989354
vn -0.092607 -0.110042 -0.989603
vn -0.083268 -0.129581 -0.988066
vn -0.065487 -0.135328 -0.988634
vn -0.054909 -0.136076 -0.989176
vn -0.046119 -0.149355 -0.987707
vn -0.029368 -0.153586 -0.987699
vn -0.016586 -0.148621 -0.988755
vn -0.006280 -0.147201 -0.989087
vn 0.006012 -0.147096 -0.989104
vn 0.017910 -0.146079 -0.989111
vn 0.028386 -0.149563 -0.988345
vn 0.042418 -0.150943 -0.987632
vn 0.058177 -0.137736 -0.988759
vn 0.065900 -0.130579 -0.989245
vn 0.078479 -0.129761 -0.988435
vn 0.095692 -0.112581 -0.989024
vn 0.103383 -0.098690 -0.989733
vn 0.114749 -0.095006 -0.988841
vn 0.133001 -0.074188 -0.988335
vn 0.142085 -0.051316 -0.988523
vn 0.787368 -0.174498 -0.591272
vn -0.790971 -0.176270 -0.585913
vn -0.151220 -0.050058 -0.987232
vn -0.145061 -0.070664 -0.986896
vn -0.131816 -0.104087 -0.985794
vn -0.099557 -0.095962 -0.990394
vn -0.101488 -0.098342 -0.989964
vn -0.093671 -0.126430 -0.987543
vn -0.062073 -0.120927 -0.990719
vn -0.059560 -0.116221 -0.991436
vn -0.054957 -0.138443 -0.988844
vn -0.025238 -0.136525 -0.990315
vn -0.012435 -0.121232 -0.992546
vn -0.006553 -0.117512 -0.993050
vn 0.006398 -0.117411 -0.993063
vn 0.015973 -0.119205 -0.992741
vn 0.023380 -0.133182 -0.990816
vn 0.046839 -0.139307 -0.989141
vn 0.067627 -0.117791 -0.990733
vn 0.063417 -0.117056 -0.991098
vn 0.083037 -0.125641 -0.988595
vn 0.109108 -0.100737 -0.988912
vn 0.103419 -0.091915 -0.990382
vn 0.119613 -0.101508 -0.987618
vn 0.150578 -0.073967 -0.985827
vn 0.151818 -0.049049 -0.987191
vn 0.792614 -0.175508 -0.583918
vn -0.795159 -0.177090 -0.579967
vn -0.158607 -0.047130 -0.986216
vn -0.162799 -0.069352 -0.984219
vn -0.140804 -0.104557 -0.984501
vn -0.090848 -0.082604 -0.992433
vn -0.113021 -0.083918 -0.990042
vn -0.103201 -0.116182 -0.987852
vn -0.052891 -0.100508 -0.993529
vn -0.066345 -0.093003 -0.993453
vn -0.064765 -0.120761 -0.990567
vn -0.016103 -0.112949 -0.993470
vn -0.005535 -0.090644 -0.995868
vn -0.006669 -0.085645 -0.996303
vn 0.006615 -0.085557 -0.996311
vn 0.010520 -0.089576 -0.995924
vn 0.013709 -0.110988 -0.993727
vn 0.053887 -0.120576 -0.991240
vn 0.077484 -0.094026 -0.992550
vn 0.054853 -0.098252 -0.993649
vn 0.088932 -0.114379 -0.989449
vn 0.123501 -0.085449 -0.988659
vn 0.096243 -0.080441 -0.992102
vn 0.124434 -0.100980 -0.987076
vn 0.170372 -0.071123 -0.982810
vn 0.159558 -0.045914 -0.986120
vn 0.796292 -0.176156 -0.578695
vn -0.797794 -0.177535 -0.576200
vn -0.163864 -0.043357 -0.985530
vn -0.181352 -0.065139 -0.981259
vn -0.146429 -0.095907 -0.984561
vn -0.078303 -0.063919 -0.994878
vn -0.125515 -0.066029 -0.989892
vn -0.110690 -0.097131 -0.989097
vn -0.040317 -0.073904 -0.996450
vn -0.074256 -0.066052 -0.995049
vn -0.073993 -0.094774 -0.992745
vn -0.004061 -0.082406 -0.996591
vn 0.002605 -0.057388 -0.998349
vn -0.006650 -0.052149 -0.998617
vn 0.006681 -0.052075 -0.998621
vn 0.002851 -0.057287 -0.998354
vn 0.001565 -0.081891 -0.996640
vn 0.062406 -0.093619 -0.993650
vn 0.086305 -0.066381 -0.994055
vn 0.042513 -0.073274 -0.996405
vn 0.095486 -0.094564 -0.990929
vn 0.136803 -0.066469 -0.988366
vn 0.084209 -0.063533 -0.994421
vn 0.128994 -0.091789 -0.987388
vn 0.189465 -0.065155 -0.979723
vn 0.164963 -0.041917 -0.985409
vn 0.798422 -0.176448 -0.575664
vn -0.798897 -0.177613 -0.574645
vn -0.166686 -0.038754 -0.985248
vn -0.197891 -0.057735 -0.978522
vn -0.148376 -0.078219 -0.985833
vn -0.064536 -0.040517 -0.997093
vn -0.137026 -0.044803 -0.989554
vn -0.115283 -0.069415 -0.990904
vn -0.026854 -0.041705 -0.998769
vn -0.082003 -0.035760 -0.995990
vn -0.081270 -0.060736 -0.994840
vn 0.008590 -0.045413 -0.998931
vn 0.010490 -0.022096 -0.999701
vn -0.006523 -0.017638 -0.999823
vn 0.006620 -0.017581 -0.999824
vn -0.005520 -0.022957 -0.999721
vn -0.010763 -0.046412 -0.998864
vn 0.070951 -0.058693 -0.995752
vn 0.092871 -0.035240 -0.995054
vn 0.028900 -0.042714 -0.998669
vn 0.101724 -0.066336 -0.992598
vn 0.147182 -0.043916 -0.988134
vn 0.069936 -0.041803 -0.996675
vn 0.132809 -0.073997 -0.988375
vn 0.205167 -0.055777 -0.977136
vn 0.167736 -0.037077 -0.985134
vn 0.799026 -0.176394 -0.574841
vn -0.798494 -0.177335 -0.575291
vn -0.166811 -0.033345 -0.985425
vn -0.209857 -0.046867 -0.976608
vn -0.146465 -0.051526 -0.987873
vn -0.052165 -0.013066 -0.998553
vn -0.145769 -0.020384 -0.989109
vn -0.116243 -0.033189 -0.992666
vn -0.014997 -0.004609 -0.999877
vn -0.088380 -0.002570 -0.996084
vn -0.085304 -0.018977 -0.996174
vn 0.019572 -0.002630 -0.999805
vn 0.016656 0.014535 -0.999756
vn -0.006313 0.017231 -0.999832
vn 0.006459 0.017269 -0.999830
vn -0.013101 0.012731 -0.999833
vn -0.021016 -0.005188 -0.999766
vn 0.078151 -0.016164 -0.996810
vn 0.096062 -0.001038 -0.995375
vn 0.016513 -0.007256 -0.999837
vn 0.106796 -0.029885 -0.993832
vn 0.152961 -0.017927 -0.988070
vn 0.056050 -0.015913 -0.998301
vn 0.135573 -0.047669 -0.989620
vn 0.215038 -0.042715 -0.975671
vn 0.167624 -0.031417 -0.985350
vn 0.798129 -0.176002 -0.576205
vn -0.796609 -0.176710 -0.578090
vn -0.164017 -0.027162 -0.986084
vn -0.214940 -0.032429 -0.976089
vn -0.140906 -0.017749 -0.989864
vn -0.043476 0.016416 -0.998920
vn -0.150027 0.006752 -0.988659
vn -0.113239 0.009602 -0.993521
vn -0.006979 0.035134 -0.999358
vn -0.092130 0.032647 -0.995212
vn -0.085201 0.028573 -0.995954
vn 0.026780 0.043547 -0.998692
vn 0.019908 0.051318 -0.998484
vn -0.006048 0.051774 -0.998641
vn 0.006227 0.051800 -0.998638
vn -0.018446 0.049045 -0.998626
vn -0.027203 0.040123 -0.998824
vn 0.082596 0.031601 -0.996082
vn 0.095161 0.034956 -0.994848
vn 0.007678 0.031642 -0.999470
vn 0.109714 0.012572 -0.993884
vn 0.152915 0.010414 -0.988184
vn 0.045091 0.012917 -0.998899
vn 0.136761 -0.014819 -0.990493
vn 0.217113 -0.026743 -0.975780
vn 0.164451 -0.025072 -0.986067
vn 0.795758 -0.175285 -0.579694
vn -0.793271 -0.175749 -0.582952
vn -0.158200 -0.020353 -0.987197
vn -0.211926 -0.016353 -0.977149
vn -0.133960 0.010020 -0.990936
vn -0.038118 0.039398 -0.998496
vn -0.148224 0.033607 -0.988383
vn -0.108214 0.046766 -0.993027
vn -0.002892 0.067808 -0.997694
vn -0.091600 0.066399 -0.993580
vn -0.082364 0.071069 -0.994065
vn 0.029586 0.082291 -0.996169
vn 0.020783 0.084920 -0.996171
vn -0.005724 0.085288 -0.996340
vn 0.005946 0.085348 -0.996333
vn -0.020633 0.084732 -0.996190
vn -0.029332 0.082001 -0.996200
vn 0.082690 0.071972 -0.993973
vn 0.091703 0.067272 -0.993511
vn 0.003088 0.067868 -0.997690
vn 0.108497 0.047982 -0.992938
vn 0.148403 0.035054 -0.988305
vn 0.038294 0.039828 -0.998472
vn 0.134152 0.011529 -0.990894
vn 0.212186 -0.014217 -0.977126
vn 0.158411 -0.018698 -0.987196
vn 0.791941 -0.174256 -0.585205
vn -0.788515 -0.174468 -0.589750
vn -0.149844 -0.013632 -0.988616
vn -0.204251 -0.004625 -0.978908
vn -0.126812 0.026632 -0.991569
vn -0.032272 0.058117 -0.997788
vn -0.142532 0.055680 -0.988223
vn -0.102977 0.072561 -0.992034
vn 0.000780 0.094699 -0.995506
vn -0.088075 0.095219 -0.991552
vn -0.079157 0.102408 -0.991588
vn 0.031041 0.113852 -0.993013
vn 0.021515 0.116442 -0.992964
vn -0.005308 0.117188 -0.993096
vn 0.005589 0.117250 -0.993087
vn -0.021497 0.116644 -0.992941
vn -0.030637 0.114152 -0.992991
vn 0.079948 0.102865 -0.991477
vn 0.087825 0.095767 -0.991522
vn -0.000600 0.095404 -0.995438
vn 0.103838 0.073391 -0.991883
vn 0.142398 0.056620 -0.988189
vn 0.032302 0.059242 -0.997721
vn 0.127635 0.027826 -0.991431
vn 0.204315 -0.003279 -0.978900
vn 0.150076 -0.012142 -0.988600
vn 0.786716 -0.172925 -0.592600
vn -0.782383 -0.172879 -0.598323
vn -0.139380 -0.006815 -0.990215
vn -0.194409 0.006102 -0.980902
vn -0.118241 0.040952 -0.992140
vn -0.024957 0.075559 -0.996829
vn -0.135169 0.075972 -0.987906
vn -0.096775 0.095304 -0.990733
vn 0.005304 0.119388 -0.992834
vn -0.083437 0.121665 -0.989058
vn -0.075420 0.130207 -0.988614
vn 0.032728 0.142557 -0.989245
vn 0.022496 0.145831 -0.989054
vn -0.004804 0.146932 -0.989135
vn 0.005142 0.146987 -0.989125
vn -0.022425 0.146014 -0.989028
vn -0.032265 0.142826 -0.989222
vn 0.076270 0.130609 -0.988496
vn 0.083242 0.122168 -0.989013
vn -0.005067 0.120027 -0.992758
vn 0.097687 0.096044 -0.990572
vn 0.135098 0.076838 -0.987848
vn 0.025044 0.076594 -0.996748
vn 0.119102 0.042038 -0.991992
vn 0.194545 0.007344 -0.980866
vn 0.139669 -0.005439 -0.990183
vn 0.780130 -0.171307 -0.601707
vn -0.774927 -0.171000 -0.608479
vn -0.127023 0.000063 -0.991900
vn -0.182867 0.016523 -0.982999
vn -0.108122 0.054563 -0.992639
vn -0.016255 0.091911 -0.995635
vn -0.126583 0.094922 -0.987404
vn -0.089521 0.116385 -0.989162
vn 0.010701 0.142110 -0.989793
vn -0.078070 0.145973 -0.986203
vn -0.071121 0.155681 -0.985244
vn 0.034794 0.168767 -0.985042
vn 0.023706 0.172638 -0.984700
vn -0.004224 0.174049 -0.984728
vn 0.004611 0.174097 -0.984718
vn -0.023584 0.172800 -0.984675
vn -0.034283 0.169002 -0.985019
vn 0.072018 0.156023 -0.985125
vn 0.077928 0.146422 -0.986148
vn -0.010414 0.142675 -0.989715
vn 0.090481 0.117025 -0.988999
vn 0.126568 0.095700 -0.987331
vn 0.016392 0.092839 -0.995546
vn 0.109025 0.055522 -0.992487
vn 0.183066 0.017644 -0.982942
vn 0.127365 0.001304 -0.991855
vn 0.772240 -0.169421 -0.612325
vn -0.766218 -0.168852 -0.620000
vn -0.112974 0.006890 -0.993574
vn -0.169804 0.026470 -0.985122
vn -0.096631 0.067242 -0.993046
vn -0.006345 0.106906 -0.994249
vn -0.116935 0.112224 -0.986779
vn -0.081358 0.135475 -0.987435
vn 0.016853 0.162520 -0.986561
vn -0.072088 0.167776 -0.983186
vn -0.066353 0.178453 -0.981709
vn 0.037195 0.192105 -0.980669
vn 0.025116 0.196481 -0.980186
vn -0.003581 0.198156 -0.980164
vn 0.004010 0.198196 -0.980154
vn -0.024948 0.196620 -0.980162
vn -0.036644 0.192304 -0.980651
vn 0.067284 0.178734 -0.981594
vn 0.071996 0.168166 -0.983126
vn -0.016523 0.163005 -0.986487
vn 0.082358 0.136007 -0.987279
vn 0.116969 0.112905 -0.986697
vn 0.006524 0.107715 -0.994160
vn 0.097581 0.068057 -0.992898
vn 0.170053 0.027454 -0.985052
vn 0.113363 0.007976 -0.993522
vn 0.763121 -0.167287 -0.624229
vn -0.756343 -0.166458 -0.632643
vn -0.097466 0.013552 -0.995147
vn -0.155422 0.035781 -0.987200
vn -0.083968 0.078782 -0.993349
vn 0.004579 0.120304 -0.992727
vn -0.106398 0.127612 -0.986101
vn -0.072438 0.152289 -0.985678
vn 0.023635 0.180330 -0.983322
vn -0.065609 0.186774 -0.980210
vn -0.061210 0.198221 -0.978244
vn 0.039882 0.212272 -0.976397
vn 0.026698 0.217059 -0.975793
vn -0.002889 0.218951 -0.975732
vn 0.003350 0.218984 -0.975723
vn -0.026490 0.217174 -0.975773
vn -0.039300 0.212435 -0.976385
vn 0.062163 0.198439 -0.978140
vn 0.065563 0.187100 -0.980150
vn -0.023269 0.180730 -0.983257
vn 0.073470 0.152709 -0.985536
vn 0.106472 0.128186 -0.986018
vn -0.004366 0.120985 -0.992645
vn 0.084965 0.079440 -0.993212
vn 0.155710 0.036612 -0.987124
vn 0.097894 0.014466 -0.995092
vn 0.752870 -0.164929 -0.637169
vn -0.745416 -0.163848 -0.646149
vn -0.080756 0.019935 -0.996535
vn -0.139946 0.044297 -0.989168
vn -0.070348 0.088994 -0.993545
vn 0.016313 0.131899 -0.991129
vn -0.095154 0.140851 -0.985447
vn -0.062919 0.166589 -0.984017
vn 0.030921 0.195308 -0.980254
vn -0.058751 0.202725 -0.977472
vn -0.055785 0.214746 -0.975076
vn 0.042806 0.229042 -0.972475
vn 0.028424 0.234148 -0.971785
vn -0.002158 0.236210 -0.971700
vn 0.002645 0.236235 -0.971692
vn -0.028180 0.234239 -0.971770
vn -0.042204 0.229168 -0.972472
vn 0.056748 0.214904 -0.974985
vn 0.058747 0.202987 -0.977418
vn -0.030527 0.195623 -0.980204
vn 0.063973 0.166897 -0.983897
vn 0.095261 0.141313 -0.985371
vn -0.016074 0.132444 -0.991060
vn 0.071391 0.089488 -0.993426
vn 0.140261 0.044964 -0.989093
vn 0.081215 0.020662 -0.996482
vn 0.741610 -0.162377 -0.650883
vn -0.733575 -0.161057 -0.660249
vn -0.063121 0.025939 -0.997669
vn -0.122923 0.055014 -0.990890
vn -0.050354 0.127420 -0.990570
vn 0.023845 0.161428 -0.986596
vn -0.084607 0.156921 -0.983980
vn -0.047503 0.203761 -0.977868
vn 0.034996 0.228678 -0.972873
vn -0.053752 0.221224 -0.973741
vn -0.045303 0.248940 -0.967459
vn 0.043919 0.265154 -0.963205
vn 0.027040 0.254218 -0.966769
vn -0.001460 0.249891 -0.968273
vn 0.001906 0.249789 -0.968298
vn -0.029932 0.247891 -0.968325
vn -0.042064 0.255287 -0.965950
vn 0.052704 0.254539 -0.965625
vn 0.046609 0.227230 -0.972725
vn -0.035977 0.217659 -0.975362
vn 0.057230 0.206957 -0.976675
vn 0.077826 0.166668 -0.982937
vn -0.027104 0.149755 -0.988352
vn 0.061649 0.128060 -0.989849
vn 0.118180 0.070007 -0.990521
vn 0.062913 0.028116 -0.997623
vn 0.729486 -0.159659 -0.665101
vn -0.720978 -0.158122 -0.674677
vn -0.043472 0.033241 -0.998501
vn -0.092062 0.083324 -0.992261
vn -0.023269 0.190995 -0.981315
vn 0.016158 0.191065 -0.981444
vn -0.066365 0.184384 -0.980611
vn -0.023575 0.263096 -0.964482
vn 0.025589 0.264105 -0.964154
vn -0.044902 0.246711 -0.968048
vn -0.025059 0.302723 -0.952749
vn 0.033905 0.305905 -0.951458
vn 0.016881 0.269379 -0.962886
vn -0.000912 0.259746 -0.965677
vn 0.001261 0.259656 -0.965700
vn -0.025308 0.264258 -0.964120
vn -0.029635 0.297823 -0.954161
vn 0.043926 0.306424 -0.950881
vn 0.025360 0.252598 -0.967239
vn -0.028817 0.255321 -0.966427
vn 0.048785 0.263707 -0.963368
vn 0.047528 0.194031 -0.979843
vn -0.025567 0.182343 -0.982903
vn 0.053056 0.188026 -0.980730
vn 0.078183 0.097604 -0.992150
vn 0.042014 0.035254 -0.998495
vn 0.716664 -0.156826 -0.679557
vn -0.707812 -0.155089 -0.689166
vn -0.021658 0.040087 -0.998961
vn -0.045305 0.105417 -0.993396
vn -0.003695 0.198906 -0.980012
vn 0.001969 0.181964 -0.983303
vn -0.034979 0.199377 -0.979298
vn -0.004305 0.273158 -0.961960
vn 0.008432 0.258150 -0.966068
vn -0.025335 0.257512 -0.965943
vn -0.005945 0.314203 -0.949337
vn 0.014741 0.302754 -0.952955
vn 0.004355 0.269451 -0.963004
vn -0.000405 0.265524 -0.964104
vn 0.000759 0.265629 -0.964075
vn -0.012538 0.275034 -0.961353
vn -0.010457 0.310714 -0.950446
vn 0.024489 0.308227 -0.950998
vn 0.006429 0.254883 -0.966951
vn -0.011472 0.267791 -0.963409
vn 0.029125 0.267123 -0.963222
vn 0.016699 0.195074 -0.980646
vn -0.011084 0.193837 -0.980971
vn 0.033119 0.192426 -0.980752
vn 0.031710 0.096892 -0.994790
vn 0.020230 0.039305 -0.999022
vn 0.703344 -0.153927 -0.693984
vn -0.689996 0.201363 -0.695240
vn 0.002365 0.736788 -0.676120
vn -0.003208 0.774144 -0.633001
vn 0.021872 0.819484 -0.572685
vn -0.006361 0.820404 -0.571749
vn -0.008013 0.830586 -0.556833
vn 0.018441 0.861877 -0.506782
vn -0.002898 0.861643 -0.507507
vn -0.009788 0.862395 -0.506142
vn 0.013985 0.883828 -0.467604
vn 0.001447 0.883503 -0.468423
vn -0.006050 0.872225 -0.489068
vn 0.000455 0.870486 -0.492193
vn 0.000286 0.870486 -0.492194
vn -0.004067 0.872359 -0.488850
vn 0.004328 0.883389 -0.468620
vn 0.010225 0.884100 -0.467187
vn -0.014003 0.862143 -0.506471
vn -0.000734 0.861730 -0.507367
vn 0.014127 0.862132 -0.506486
vn -0.015183 0.830146 -0.557339
vn -0.005161 0.820742 -0.571276
vn 0.016946 0.819637 -0.572632
vn -0.014284 0.773526 -0.633603
vn -0.003981 0.736768 -0.676134
vn 0.728766 0.584240 -0.357160
vn -0.590947 -0.736754 0.328596
vn 0.023545 -0.675711 0.736790
vn 0.021437 -0.646601 0.762527
vn 0.021077 -0.991682 0.126973
vn 0.009514 -0.809632 -0.586861
vn 0.008324 -0.824889 -0.565233
vn 0.007159 -0.837573 -0.546278
vn 0.006024 -0.847923 -0.530085
vn 0.004919 -0.856146 -0.516710
vn 0.003842 -0.862417 -0.506184
vn 0.002789 -0.866872 -0.498523
vn 0.001755 -0.869611 -0.493734
vn 0.000733 -0.870698 -0.491818
vn -0.000282 -0.870156 -0.492776
vn -0.001298 -0.867974 -0.496608
vn -0.002322 -0.864102 -0.503312
vn -0.003358 -0.858452 -0.512883
vn -0.004412 -0.850900 -0.525309
vn -0.005487 -0.841284 -0.540565
vn -0.006586 -0.829408 -0.558604
vn -0.007708 -0.815043 -0.579349
vn -0.008848 -0.797934 -0.602680
vn -0.009998 -0.777808 -0.628423
vn -0.022790 -0.997375 0.068726
vn -0.023328 -0.675754 0.736758
vn 0.615169 -0.436728 0.656381
vn -0.677881 -0.121937 0.724989
vn 0.022973 0.046583 0.998650
vn 0.015617 0.072061 0.997278
vn -0.023553 -0.129162 -0.991344
vn -0.016235 -0.148630 -0.988760
vn -0.014225 -0.175301 -0.984412
vn -0.012232 -0.198334 -0.980058
vn -0.010259 -0.217824 -0.975934
vn -0.008305 -0.233874 -0.972231
vn -0.006369 -0.246583 -0.969101
vn -0.004449 -0.256036 -0.966657
vn -0.002540 -0.262302 -0.964983
vn -0.000637 -0.265429 -0.964130
vn 0.001263 -0.265442 -0.964126
vn 0.003166 -0.262341 -0.964970
vn 0.005076 -0.256102 -0.966636
vn 0.006999 -0.246678 -0.969072
vn 0.008938 -0.233999 -0.972196
vn 0.010896 -0.217980 -0.975892
vn 0.012874 -0.198523 -0.980012
vn 0.014873 -0.175526 -0.984362
vn 0.016889 -0.148892 -0.988709
vn 0.018918 -0.118545 -0.992768
vn 0.027614 -0.097487 -0.994854
vn -0.015590 0.031661 0.999377
vn 0.672206 -0.120852 0.730434
vn -0.660933 -0.119277 0.740905
vn 0.040114 0.037202 0.998502
vn -0.044972 -0.097203 -0.994248
vn -0.036277 -0.118421 -0.992301
vn -0.032305 -0.147494 -0.988535
vn -0.028354 -0.173034 -0.984508
vn -0.024433 -0.195111 -0.980477
vn -0.020549 -0.213810 -0.976659
vn -0.016700 -0.229222 -0.973231
vn -0.012884 -0.241436 -0.970331
vn -0.009096 -0.250528 -0.968067
vn -0.005329 -0.256560 -0.966513
vn -0.001576 -0.259575 -0.965722
vn 0.002174 -0.259596 -0.965715
vn 0.005928 -0.256621 -0.966494
vn 0.009696 -0.250630 -0.968034
vn 0.013486 -0.241581 -0.970287
vn 0.017305 -0.229412 -0.973175
vn 0.021158 -0.214048 -0.976594
vn 0.025047 -0.195400 -0.980404
vn 0.028973 -0.173378 -0.984429
vn 0.032930 -0.147895 -0.988455
vn 0.036909 -0.118881 -0.992222
vn 0.040895 -0.086298 -0.995430
vn 0.050895 -0.064195 -0.996639
vn 0.979721 -0.192589 0.055291
vn -0.978147 -0.193184 0.076860
vn -0.068971 -0.064259 -0.995547
vn -0.059172 -0.086011 -0.994535
vn -0.053361 -0.116669 -0.991736
vn -0.047557 -0.144005 -0.988434
vn -0.041780 -0.168051 -0.984893
vn -0.036043 -0.188864 -0.981342
vn -0.030351 -0.206518 -0.977972
vn -0.024705 -0.221088 -0.974941
vn -0.019102 -0.232647 -0.972374
vn -0.013536 -0.241262 -0.970366
vn -0.007997 -0.246983 -0.968987
vn -0.002476 -0.249848 -0.968282
vn 0.003040 -0.249875 -0.968273
vn 0.008562 -0.247065 -0.968961
vn 0.014102 -0.241399 -0.970323
vn 0.019670 -0.232842 -0.972316
vn 0.025275 -0.221343 -0.974868
vn 0.030923 -0.206837 -0.977887
vn 0.036619 -0.189252 -0.981246
vn 0.042361 -0.168510 -0.984789
vn 0.048143 -0.144539 -0.988327
vn 0.053953 -0.117281 -0.991632
vn 0.059771 -0.086703 -0.994440
vn 0.065565 -0.052788 -0.996451
vn 0.739327 -0.156745 -0.654848
vn -0.756279 -0.160564 -0.634241
vn -0.084213 -0.053568 -0.995007
vn -0.076753 -0.084811 -0.993436
vn -0.069263 -0.113025 -0.991175
vn -0.061779 -0.138221 -0.988473
vn -0.054321 -0.160422 -0.985553
vn -0.046905 -0.179672 -0.982608
vn -0.039536 -0.196028 -0.979801
vn -0.032218 -0.209548 -0.977267
vn -0.024946 -0.220291 -0.975115
vn -0.017713 -0.228308 -0.973428
vn -0.010511 -0.233639 -0.972267
vn -0.003327 -0.236314 -0.971671
vn 0.003850 -0.236348 -0.971661
vn 0.011034 -0.233742 -0.972236
vn 0.018237 -0.228480 -0.973378
vn 0.025470 -0.220536 -0.975046
vn 0.032744 -0.209869 -0.977181
vn 0.040064 -0.196427 -0.979700
vn 0.047435 -0.180155 -0.982494
vn 0.054855 -0.160992 -0.985430
vn 0.062316 -0.138883 -0.988346
vn 0.069806 -0.113782 -0.991050
vn 0.077303 -0.085665 -0.993321
vn 0.084771 -0.054511 -0.994908
vn 0.752140 -0.160373 -0.639192
vn -0.767126 -0.163724 -0.620252
vn -0.101714 -0.054183 -0.993337
vn -0.092758 -0.082213 -0.992289
vn -0.083768 -0.107560 -0.990663
vn -0.074777 -0.130235 -0.988659
vn -0.065807 -0.150255 -0.986455
vn -0.056873 -0.167649 -0.984205
vn -0.047983 -0.182457 -0.982042
vn -0.039138 -0.194721 -0.980078
vn -0.030337 -0.204482 -0.978400
vn -0.021572 -0.211777 -0.977080
vn -0.012837 -0.216637 -0.976168
vn -0.004119 -0.219082 -0.975698
vn 0.004593 -0.219123 -0.975686
vn 0.013311 -0.216761 -0.976134
vn 0.022047 -0.211986 -0.977024
vn 0.030811 -0.204777 -0.978324
vn 0.039613 -0.195106 -0.979982
vn 0.048459 -0.182935 -0.981930
vn 0.057350 -0.168225 -0.984079
vn 0.066286 -0.150932 -0.986319
vn 0.075259 -0.131018 -0.988519
vn 0.084254 -0.108451 -0.990525
vn 0.093250 -0.083216 -0.992159
vn 0.102213 -0.055291 -0.993225
vn 0.763467 -0.163749 -0.624743
vn -0.776404 -0.166603 -0.607816
vn -0.117236 -0.053878 -0.991642
vn -0.106985 -0.078272 -0.991175
vn -0.096686 -0.100362 -0.990242
vn -0.086379 -0.120169 -0.988988
vn -0.076085 -0.137689 -0.987549
vn -0.065815 -0.152940 -0.986041
vn -0.055574 -0.165964 -0.984565
vn -0.045369 -0.176765 -0.983207
vn -0.035201 -0.185369 -0.982038
vn -0.025061 -0.191826 -0.981109
vn -0.014942 -0.196137 -0.980463
vn -0.004839 -0.198310 -0.980128
vn 0.005259 -0.198358 -0.980116
vn 0.015364 -0.196278 -0.980428
vn 0.025481 -0.192064 -0.981052
vn 0.035615 -0.185717 -0.981958
vn 0.045790 -0.177215 -0.983106
vn 0.055996 -0.166513 -0.984448
vn 0.066228 -0.153605 -0.985910
vn 0.076504 -0.138470 -0.987407
vn 0.086805 -0.121064 -0.988842
vn 0.097105 -0.101377 -0.990098
vn 0.107406 -0.079410 -0.991039
vn 0.117668 -0.055134 -0.991521
vn 0.773244 -0.166837 -0.611767
vn -0.784088 -0.169178 -0.597147
vn -0.130639 -0.052768 -0.990025
vn -0.119641 -0.074087 -0.990049
vn -0.107527 -0.093284 -0.989816
vn -0.096354 -0.108617 -0.989403
vn -0.085371 -0.123755 -0.988634
vn -0.073364 -0.137418 -0.987792
vn -0.062065 -0.147336 -0.987137
vn -0.051126 -0.156580 -0.986341
vn -0.039339 -0.164754 -0.985550
vn -0.027927 -0.169430 -0.985147
vn -0.016791 -0.172374 -0.984889
vn -0.005477 -0.174222 -0.984691
vn 0.005833 -0.174283 -0.984678
vn 0.016963 -0.172909 -0.984792
vn 0.028364 -0.170299 -0.984984
vn 0.040098 -0.164818 -0.985509
vn 0.051052 -0.156741 -0.986319
vn 0.062340 -0.148629 -0.986926
vn 0.074265 -0.137985 -0.987646
vn 0.085295 -0.124071 -0.988601
vn 0.096500 -0.110327 -0.989200
vn 0.108537 -0.094391 -0.989601
vn 0.119645 -0.074498 -0.990018
vn 0.130955 -0.054059 -0.989913
vn 0.781436 -0.169608 -0.600492
vn -0.790174 -0.171429 -0.588419
vn -0.142077 -0.051310 -0.988525
vn -0.133113 -0.074162 -0.988322
vn -0.114655 -0.095053 -0.988847
vn -0.103376 -0.098713 -0.989732
vn -0.095771 -0.112561 -0.989019
vn -0.078431 -0.129789 -0.988435
vn -0.065914 -0.130580 -0.989244
vn -0.058209 -0.137728 -0.988758
vn -0.042397 -0.150963 -0.987630
vn -0.028430 -0.149554 -0.988345
vn -0.017907 -0.146096 -0.989108
vn -0.006016 -0.147126 -0.989099
vn 0.006282 -0.147227 -0.989083
vn 0.016606 -0.148640 -0.988752
vn 0.029368 -0.153602 -0.987696
vn 0.046045 -0.149317 -0.987717
vn 0.054973 -0.136083 -0.989171
vn 0.065471 -0.135336 -0.988634
vn 0.083198 -0.129548 -0.988077
vn 0.092681 -0.110053 -0.989595
vn 0.101836 -0.103929 -0.989357
vn 0.120170 -0.096300 -0.988072
vn 0.130871 -0.070419 -0.988895
vn 0.142023 -0.052202 -0.988486
vn 0.788033 -0.172040 -0.591106
vn -0.794674 -0.173340 -0.581761
vn -0.151830 -0.049094 -0.987187
vn -0.150869 -0.073890 -0.985788
vn -0.119336 -0.101521 -0.987650
vn -0.103322 -0.092016 -0.990383
vn -0.109317 -0.100675 -0.988895
vn -0.082860 -0.125716 -0.988600
vn -0.063391 -0.117142 -0.991090
vn -0.067720 -0.117751 -0.990731
vn -0.046751 -0.139428 -0.989128
vn -0.023416 -0.133248 -0.990806
vn -0.015933 -0.119233 -0.992738
vn -0.006406 -0.117433 -0.993060
vn 0.006559 -0.117542 -0.993046
vn 0.012447 -0.121236 -0.992546
vn 0.025163 -0.136631 -0.990302
vn 0.054800 -0.138441 -0.988853
vn 0.059744 -0.116268 -0.991419
vn 0.061898 -0.120981 -0.990723
vn 0.093517 -0.126384 -0.987564
vn 0.101690 -0.098404 -0.989937
vn 0.099277 -0.095953 -0.990423
vn 0.131717 -0.104014 -0.985815
vn 0.145228 -0.070713 -0.986868
vn 0.151237 -0.050041 -0.987230
vn 0.793043 -0.174120 -0.583751
vn -0.797607 -0.174901 -0.577263
vn -0.159629 -0.046030 -0.986103
vn -0.171024 -0.071060 -0.982701
vn -0.123862 -0.100876 -0.987159
vn -0.095877 -0.080624 -0.992123
vn -0.123951 -0.085379 -0.988608
vn -0.088504 -0.114425 -0.989482
vn -0.054698 -0.098419 -0.993641
vn -0.077689 -0.093940 -0.992542
vn -0.053652 -0.120745 -0.991233
vn -0.013643 -0.111087 -0.993717
vn -0.010401 -0.089587 -0.995925
vn -0.006622 -0.085581 -0.996309
vn 0.006662 -0.085690 -0.996300
vn 0.005530 -0.090618 -0.995870
vn 0.015823 -0.113096 -0.993458
vn 0.064483 -0.120755 -0.990586
vn 0.066796 -0.093077 -0.993416
vn 0.052368 -0.100573 -0.993551
vn 0.102949 -0.116096 -0.987888
vn 0.113520 -0.084065 -0.989973
vn 0.090045 -0.082528 -0.992512
vn 0.140710 -0.104433 -0.984527
vn 0.163281 -0.069452 -0.984132
vn 0.158650 -0.047156 -0.986208
vn 0.796481 -0.175840 -0.578530
vn -0.798998 -0.176106 -0.574969
vn -0.165148 -0.042091 -0.985370
vn -0.190721 -0.065243 -0.979474
vn -0.128050 -0.091501 -0.987538
vn -0.083283 -0.063672 -0.994490
vn -0.137634 -0.066499 -0.988248
vn -0.094674 -0.094518 -0.991011
vn -0.042062 -0.073462 -0.996411
vn -0.086706 -0.066296 -0.994026
vn -0.061912 -0.093791 -0.993665
vn -0.001238 -0.082003 -0.996631
vn -0.002645 -0.057264 -0.998356
vn -0.006665 -0.052112 -0.998619
vn 0.006604 -0.052209 -0.998614
vn -0.002627 -0.057333 -0.998352
vn 0.003429 -0.082540 -0.996582
vn 0.073502 -0.094785 -0.992781
vn 0.075075 -0.066142 -0.994982
vn 0.039292 -0.073927 -0.996489
vn 0.110248 -0.097019 -0.989158
vn 0.126459 -0.066281 -0.989755
vn 0.076725 -0.063693 -0.995016
vn 0.146305 -0.095735 -0.984596
vn 0.182392 -0.065344 -0.981052
vn 0.163981 -0.043459 -0.985506
vn 0.798373 -0.177192 -0.575503
vn -0.798874 -0.176947 -0.574883
vn -0.168071 -0.037260 -0.985070
vn -0.207231 -0.056182 -0.976677
vn -0.230594 -0.099595 -0.967940
vn -0.105875 -0.050793 -0.993081
vn -0.148525 -0.044178 -0.987921
vn -0.100473 -0.066190 -0.992736
vn -0.027978 -0.042806 -0.998692
vn -0.093574 -0.035239 -0.994989
vn -0.070114 -0.058836 -0.995802
vn 0.011506 -0.046512 -0.998851
vn 0.005779 -0.022901 -0.999721
vn -0.006554 -0.017630 -0.999823
vn 0.006415 -0.017699 -0.999823
vn -0.010530 -0.022027 -0.999702
vn -0.009664 -0.045473 -0.998919
vn 0.080482 -0.060805 -0.994900
vn 0.083196 -0.035868 -0.995887
vn 0.025288 -0.041601 -0.998814
vn 0.114526 -0.069321 -0.990999
vn 0.138494 -0.045173 -0.989333
vn 0.093746 -0.047496 -0.994463
vn 0.262539 -0.108080 -0.958849
vn 0.199694 -0.058122 -0.978133
vn 0.166929 -0.038925 -0.985200
vn 0.798744 -0.178166 -0.574686
vn -0.797262 -0.177425 -0.576969
vn -0.168095 -0.031536 -0.985266
vn -0.217964 -0.043538 -0.974985
vn -0.975514 -0.163721 0.146861
vn -0.998866 0.005999 0.047235
vn -0.154876 -0.018490 -0.987761
vn -0.105228 -0.029673 -0.994005
vn -0.015029 -0.007100 -0.999862
vn -0.097148 -0.001186 -0.995269
vn -0.076998 -0.016229 -0.996899
vn 0.022236 -0.005222 -0.999739
vn 0.013358 0.012805 -0.999829
vn -0.006329 0.017218 -0.999832
vn 0.006146 0.017191 -0.999833
vn -0.016725 0.014603 -0.999753
vn -0.021040 -0.002527 -0.999775
vn 0.084200 -0.019103 -0.996266
vn 0.089851 -0.002711 -0.995952
vn 0.013040 -0.004265 -0.999906
vn 0.115100 -0.033139 -0.992801
vn 0.147735 -0.020882 -0.988807
vn 0.993637 0.102168 0.047409
vn 0.972868 -0.179916 0.145456
vn 0.212492 -0.047532 -0.976006
vn 0.167200 -0.033537 -0.985352
vn 0.797624 -0.178759 -0.576057
vn -0.794193 -0.177539 -0.581152
vn -0.164986 -0.025076 -0.985977
vn -0.220621 -0.027772 -0.974964
vn -0.972353 -0.187033 0.139819
vn -0.995495 -0.087187 0.037253
vn -0.155252 0.009734 -0.987827
vn -0.108132 0.012906 -0.994053
vn -0.005752 0.032200 -0.999465
vn -0.096571 0.034745 -0.994719
vn -0.081296 0.031781 -0.996183
vn 0.028770 0.040306 -0.998773
vn 0.018649 0.049118 -0.998619
vn -0.006043 0.051771 -0.998641
vn 0.005849 0.051774 -0.998642
vn -0.020005 0.051401 -0.998478
vn -0.028420 0.043953 -0.998629
vn 0.083850 0.028588 -0.996068
vn 0.093714 0.032476 -0.995069
vn 0.004956 0.035812 -0.999346
vn 0.111751 0.009765 -0.993688
vn 0.152350 0.006144 -0.988308
vn 0.999157 0.000277 0.041048
vn 0.969800 -0.202387 0.136115
vn 0.218262 -0.033418 -0.975318
vn 0.164514 -0.027292 -0.985997
vn 0.795040 -0.178970 -0.579552
vn -0.789700 -0.177292 -0.587318
vn -0.158939 -0.018663 -0.987112
vn -0.215836 -0.015333 -0.976309
vn -0.969907 -0.205481 0.130608
vn -0.996977 -0.071335 0.030785
vn -0.150854 0.034353 -0.987959
vn -0.107083 0.048192 -0.993081
vn -0.001064 0.068676 -0.997638
vn -0.093223 0.067026 -0.993387
vn -0.081413 0.072102 -0.994069
vn 0.030965 0.082401 -0.996118
vn 0.020769 0.084817 -0.996180
vn -0.005743 0.085355 -0.996334
vn 0.005523 0.085298 -0.996340
vn -0.020881 0.084965 -0.996165
vn -0.031150 0.082644 -0.996092
vn 0.080967 0.071204 -0.994170
vn 0.093131 0.066198 -0.993451
vn 0.001049 0.068502 -0.997650
vn 0.106652 0.046970 -0.993186
vn 0.150622 0.032960 -0.988042
vn 0.995779 -0.085645 0.033001
vn 0.968310 -0.216069 0.125261
vn 0.215488 -0.017420 -0.976351
vn 0.158722 -0.020355 -0.987114
vn 0.791027 -0.178796 -0.585071
vn -0.783827 -0.176681 -0.595315
vn -0.150589 -0.012080 -0.988523
vn -0.207941 -0.004458 -0.978131
vn -0.968577 -0.217389 0.120830
vn -0.998667 -0.045097 0.025097
vn -0.144818 0.055875 -0.987879
vn -0.102501 0.073415 -0.992020
vn 0.002512 0.096099 -0.995369
vn -0.089324 0.095486 -0.991415
vn -0.078690 0.102834 -0.991581
vn 0.032187 0.114426 -0.992910
vn 0.021601 0.116693 -0.992933
vn -0.005386 0.117266 -0.993086
vn 0.005109 0.117202 -0.993095
vn -0.021608 0.116486 -0.992957
vn -0.032513 0.114119 -0.992935
vn 0.077815 0.102378 -0.991697
vn 0.089544 0.094948 -0.991447
vn -0.002523 0.095375 -0.995438
vn 0.101511 0.072578 -0.992183
vn 0.144905 0.054956 -0.987918
vn 0.996975 -0.072968 0.026774
vn 0.967246 -0.226772 0.114061
vn 0.207844 -0.005747 -0.978145
vn 0.150350 -0.013590 -0.988539
vn 0.785624 -0.178246 -0.592472
vn -0.776624 -0.175714 -0.604962
vn -0.140170 -0.005351 -0.990113
vn -0.198123 0.006110 -0.980158
vn -0.967329 -0.228739 0.109328
vn -0.999584 -0.022051 0.018593
vn -0.137456 0.076059 -0.987583
vn -0.096411 0.096026 -0.990699
vn 0.006893 0.120728 -0.992662
vn -0.084684 0.121878 -0.988926
vn -0.075045 0.130549 -0.988598
vn 0.033741 0.143086 -0.989135
vn 0.022522 0.146062 -0.989019
vn -0.004939 0.147005 -0.989123
vn 0.004605 0.146948 -0.989133
vn -0.022583 0.145879 -0.989045
vn -0.034129 0.142819 -0.989160
vn 0.074116 0.130145 -0.988721
vn 0.084856 0.121381 -0.988972
vn -0.006973 0.120084 -0.992739
vn 0.095370 0.095280 -0.990871
vn 0.137493 0.075208 -0.987643
vn 0.998652 -0.047608 0.020682
vn 0.966105 -0.237417 0.101365
vn 0.197971 0.004920 -0.980196
vn 0.139870 -0.006745 -0.990147
vn 0.778878 -0.177321 -0.601586
vn -0.768159 -0.174397 -0.616050
vn -0.127855 0.001416 -0.991792
vn -0.186591 0.016369 -0.982301
vn -0.966220 -0.239098 0.096186
vn -0.999936 -0.001169 0.011259
vn -0.128857 0.094900 -0.987112
vn -0.089258 0.116984 -0.989115
vn 0.012155 0.143395 -0.989591
vn -0.079308 0.146132 -0.986081
vn -0.070824 0.155954 -0.985222
vn 0.035686 0.169265 -0.984924
vn 0.023676 0.172849 -0.984664
vn -0.004408 0.174115 -0.984715
vn 0.004025 0.174066 -0.984726
vn -0.023786 0.172687 -0.984689
vn -0.036127 0.169029 -0.984949
vn 0.069848 0.155612 -0.985346
vn 0.079436 0.145684 -0.986137
vn -0.012292 0.142821 -0.989672
vn 0.088167 0.116344 -0.989288
vn 0.128849 0.094129 -0.987187
vn 0.999604 -0.024492 0.013856
vn 0.965104 -0.246910 0.087240
vn 0.186386 0.015286 -0.982358
vn 0.127499 0.000160 -0.991839
vn 0.770852 -0.176026 -0.612211
vn -0.758514 -0.172743 -0.628344
vn -0.113844 0.008109 -0.993466
vn -0.173520 0.026152 -0.984483
vn -0.965292 -0.248054 0.081738
vn -0.999847 0.017220 0.003067
vn -0.119181 0.112097 -0.986524
vn -0.081185 0.135946 -0.987384
vn 0.018173 0.163730 -0.986338
vn -0.073312 0.167880 -0.983078
vn -0.066117 0.178657 -0.981687
vn 0.037973 0.192565 -0.980549
vn 0.025035 0.196669 -0.980150
vn -0.003805 0.198212 -0.980152
vn 0.003381 0.198171 -0.980162
vn -0.025189 0.196529 -0.980174
vn -0.038458 0.192361 -0.980570
vn 0.065106 0.178380 -0.981805
vn 0.073398 0.167487 -0.983138
vn -0.018360 0.163232 -0.986417
vn 0.080052 0.135418 -0.987549
vn 0.119137 0.111416 -0.986607
vn 0.999974 -0.003467 0.006319
vn 0.964285 -0.254890 0.072016
vn 0.173276 0.025191 -0.984551
vn 0.113440 0.007011 -0.993520
vn 0.761621 -0.174374 -0.624121
vn -0.747797 -0.170770 -0.641589
vn -0.098368 0.014615 -0.995043
vn -0.159109 0.035299 -0.986630
vn -0.964532 -0.255503 0.066303
vn -0.999443 0.032825 -0.006010
vn -0.108603 0.127381 -0.985890
vn -0.072342 0.152631 -0.985632
vn 0.024823 0.181448 -0.983087
vn -0.066815 0.186821 -0.980119
vn -0.061017 0.198357 -0.978229
vn 0.040554 0.212687 -0.976278
vn 0.026571 0.217220 -0.975761
vn -0.003144 0.218996 -0.975721
vn 0.002686 0.218963 -0.975729
vn -0.026765 0.217104 -0.975782
vn -0.041075 0.212518 -0.976294
vn 0.059986 0.198143 -0.978336
vn 0.066862 0.186487 -0.980180
vn -0.025056 0.181031 -0.983158
vn 0.071176 0.152219 -0.985781
vn 0.108531 0.126799 -0.985973
vn 0.999885 0.015066 -0.001970
vn 0.963636 -0.261279 0.056021
vn 0.158840 0.034474 -0.986702
vn 0.097926 0.013693 -0.995100
vn 0.751285 -0.172380 -0.637068
vn -0.969190 -0.235605 0.071835
vn -0.093451 0.030583 -0.995154
vn -0.144056 0.042887 -0.988640
vn -0.962730 -0.265828 0.049855
vn -0.998850 0.045258 -0.015806
vn -0.097621 0.140025 -0.985324
vn -0.062923 0.166237 -0.984076
vn 0.032003 0.196217 -0.980038
vn -0.060114 0.202434 -0.977449
vn -0.055632 0.214334 -0.975175
vn 0.043423 0.229231 -0.972403
vn 0.028255 0.234279 -0.971759
vn -0.002436 0.236243 -0.971691
vn 0.001952 0.236217 -0.971698
vn -0.028512 0.234101 -0.971794
vn -0.043916 0.228961 -0.972444
vn 0.054709 0.214262 -0.975243
vn 0.059950 0.202375 -0.977471
vn -0.032186 0.195783 -0.980119
vn 0.061916 0.165954 -0.984188
vn 0.097229 0.139979 -0.985369
vn 0.999494 0.029765 -0.011179
vn 0.961911 -0.270485 0.039564
vn 0.143299 0.042963 -0.988747
vn 0.081213 0.020091 -0.996494
vn 0.739967 -0.170067 -0.650789
vn -0.643779 -0.167593 0.746633
vn 0.051304 -0.016325 0.998550
vn -0.182104 0.074147 -0.980480
vn -0.959531 -0.280380 0.026213
vn -0.963653 -0.256588 -0.074397
vn -0.080657 0.165387 -0.982925
vn -0.056482 0.206221 -0.976874
vn 0.037415 0.218313 -0.975161
vn -0.048370 0.226659 -0.972772
vn -0.051676 0.254156 -0.965782
vn 0.043183 0.255181 -0.965929
vn 0.030006 0.247826 -0.968340
vn -0.001695 0.249791 -0.968298
vn 0.001283 0.249970 -0.968253
vn -0.027269 0.254219 -0.966762
vn -0.044808 0.265552 -0.963055
vn 0.044219 0.248429 -0.967640
vn 0.054968 0.220673 -0.973798
vn -0.035927 0.229732 -0.972591
vn 0.046430 0.203141 -0.978048
vn 0.086962 0.155683 -0.983972
vn 0.998440 0.051960 -0.020443
vn 0.951638 -0.306948 0.012979
vn 0.126765 0.052729 -0.990530
vn 0.075858 0.035852 -0.996474
vn 0.970004 -0.237275 0.052847
vn -0.657720 -0.171507 0.733478
vn 0.043776 -0.033755 0.998471
vn -0.749042 0.643474 0.157727
vn -0.166076 0.175262 -0.970413
vn -0.005403 0.184170 -0.982880
vn -0.049320 0.193805 -0.979800
vn -0.048458 0.263112 -0.963548
vn 0.029868 0.256418 -0.966104
vn -0.026590 0.252508 -0.967229
vn -0.043214 0.306220 -0.950980
vn 0.030242 0.298297 -0.953994
vn 0.025390 0.264197 -0.964134
vn -0.001113 0.259725 -0.965682
vn 0.000832 0.259827 -0.965655
vn -0.017034 0.269356 -0.962890
vn -0.034014 0.306215 -0.951355
vn 0.023904 0.303028 -0.952682
vn 0.045976 0.246099 -0.968154
vn -0.025466 0.264889 -0.963943
vn 0.022132 0.263305 -0.964459
vn 0.068584 0.183153 -0.980689
vn 0.026893 0.200503 -0.979324
vn 0.103991 0.184404 -0.977334
vn 0.152245 0.088849 -0.984341
vn -0.028964 -0.024805 0.999273
vn 0.662385 -0.172813 0.728960
vn -0.671731 -0.174991 0.719831
vn 0.021728 -0.040628 0.998938
vn 0.014558 -0.072459 0.997265
vn -0.031812 0.228942 -0.972920
vn 0.011468 0.194104 -0.980914
vn -0.017982 0.195403 -0.980558
vn -0.028621 0.267096 -0.963245
vn 0.011734 0.268105 -0.963318
vn -0.007372 0.255158 -0.966871
vn -0.023949 0.308212 -0.951016
vn 0.010467 0.311056 -0.950334
vn 0.012542 0.275022 -0.961356
vn -0.000711 0.265700 -0.964055
vn 0.000396 0.265539 -0.964100
vn -0.004562 0.269538 -0.962979
vn -0.014600 0.302903 -0.952910
vn 0.005209 0.314751 -0.949160
vn 0.025749 0.257180 -0.966020
vn -0.008308 0.258584 -0.965953
vn 0.003260 0.273771 -0.961789
vn 0.036039 0.198659 -0.979406
vn -0.002065 0.182678 -0.983171
vn 0.002450 0.199548 -0.979885
vn 0.621009 0.764799 0.171551
vn -0.020287 -0.039334 0.999020
vn 0.676366 -0.176120 0.715200
vn -0.325513 0.607487 0.724569
vn 0.021053 0.664493 0.746998
vn 0.040144 0.612629 0.789350
vn 0.018112 0.981953 0.188253
vn 0.000370 0.820845 -0.571151
vn 0.016464 0.830132 -0.557324
vn 0.002042 0.862086 -0.506757
vn -0.003016 0.861800 -0.507240
vn 0.011750 0.862194 -0.506442
vn 0.002588 0.884069 -0.467350
vn -0.006456 0.883455 -0.468472
vn -0.001538 0.872357 -0.488867
vn 0.000177 0.870490 -0.492187
vn -0.000456 0.870487 -0.492192
vn 0.005492 0.872236 -0.489055
vn 0.004315 0.883496 -0.468418
vn -0.012398 0.883983 -0.467355
vn -0.002444 0.862317 -0.506362
vn 0.004652 0.861672 -0.507445
vn -0.015399 0.862131 -0.506452
vn -0.007212 0.830358 -0.557183
vn 0.004256 0.820478 -0.571663
vn -0.018060 0.819872 -0.572262
vn -0.026735 0.996631 0.077543
vn -0.020809 0.686838 0.726512
vn 0.599178 0.480754 0.640203
usemtl steel
f 2391 2392 2366
f 2391 2366 2365
f 2392 2393 2367
f 2392 2367 2366
f 2393 2394 2368
f 2393 2368 2367
f 2394 2395 2369
f 2394 2369 2368
f 2395 2396 2370
f 2395 2370 2369
f 2396 2397 2371
f 2396 2371 2370
f 2397 2398 2372
f 2397 2372 2371
f 2398 2399 2373
f 2398 2373 2372
f 2399 2400 2374
f 2399 2374 2373
f 2400 2401 2375
f 2400 2375 2374
f 2401 2402 2376
f 2401 2376 2375
f 2402 2403 2377
f 2402 2377 2376
f 2403 2404 2378
f 2403 2378 2377
f 2404 2405 2379
f 2404 2379 2378
f 2405 2406 2380
f 2405 2380 2379
f 2406 2407 2381
f 2406 2381 2380
f 2407 2408 2382
f 2407 2382 2381
f 2408 2409 2383
f 2408 2383 2382
f 2409 2410 2384
f 2409 2384 2383
f 2410 2411 2385
f 2410 2385 2384
f 2411 2412 2386
f 2411 2386 2385
f 2412 2413 2387
f 2412 2387 2386
f 2413 2414 2388
f 2413 2388 2387
f 2414 2415 2389
f 2414 2389 2388
f 2389 2390 2416
f 2389 2416 2415
f 2417 2418 2392
f 2417 2392 2391
f 2418 2419 2393
f 2418 2393 2392
f 2419 2420 2394
f 2419 2394 2393
f 2420 2421 2395
f 2420 2395 2394
f 2421 2422 2396
f 2421 2396 2395
f 2422 2423 2397
f 2422 2397 2396
f 2423 2424 2398
f 2423 2398 2397
f 2424 2425 2399
f 2424 2399 2398
f 2425 2426 2400
f 2425 2400 2399
f 2426 2427 2401
f 2426 2401 2400
f 2427 2428 2402
f 2427 2402 2401
f 2428 2429 2403
f 2428 2403 2402
f 2429 2430 2404
f 2429 2404 2403
f 2430 2431 2405
f 2430 2405 2404
f 2431 2432 2406
f 2431 2406 2405
f 2432 2433 2407
f 2432 2407 2406
f 2433 2434 2408
f 2433 2408 2407
f 2434 2435 2409
f 2434 2409 2408
f 2435 2436 2410
f 2435 2410 2409
f 2436 2437 2411
f 2436 2411 2410
f 2437 2438 2412
f 2437 2412 2411
f 2438 2439 2413
f 2438 2413 2412
f 2439 2440 2414
f 2439 2414 2413
f 2440 2441 2415
f 2440 2415 2414
f 2441 2442 2416
f 2441 2416 2415
f 2443 2444 2418
f 2443 2418 2417
f 2444 2445 2419
f 2444 2419 2418
f 2445 2446 2420
f 2445 2420 2419
f 2446 2447 2421
f 2446 2421 2420
f 2447 2448 2422
f 2447 2422 2421
f 2448 2449 2423
f 2448 2423 2422
f 2449 2450 2424
f 2449 2424 2423
f 2450 2451 2425
f 2450 2425 2424
f 2451 2452 2426
f 2451 2426 2425
f 2452 2453 2427
f 2452 2427 2426
f 2453 2454 2428
f 2453 2428 2427
f 2454 2455 2429
f 2454 2429 2428
f 2455 2456 2430
f 2455 2430 2429
f 2456 2457 2431
f 2456 2431 2430
f 2457 2458 2432
f 2457 2432 2431
f 2458 2459 2433
f 2458 2433 2432
f 2459 2460 2434
f 2459 2434 2433
f 2460 2461 2435
f 2460 2435 2434
f 2461 2462 2436
f 2461 2436 2435
f 2462 2463 2437
f 2462 2437 2436
f 2463 2464 2438
f 2463 2438 2437
f 2464 2465 2439
f 2464 2439 2438
f 2465 2466 2440
f 2465 2440 2439
f 2466 2467 2441
f 2466 2441 2440
f 2467 2468 2442
f 2467 2442 2441
f 2469 2470 2444
f 2469 2444 2443
f 2470 2471 2445
f 2470 2445 2444
f 2471 2472 2446
f 2471 2446 2445
f 2472 2473 2447
f 2472 2447 2446
f 2473 2474 2448
f 2473 2448 2447
f 2474 2475 2449
f 2474 2449 2448
f 2475 2476 2450
f 2475 2450 2449
f 2476 2477 2451
f 2476 2451 2450
f 2477 2478 2452
f 2477 2452 2451
f 2478 2479 2453
f 2478 2453 2452
f 2479 2480 2454
f 2479 2454 2453
f 2480 2481 2455
f 2480 2455 2454
f 2481 2482 2456
f 2481 2456 2455
f 2482 2483 2457
f 2482 2457 2456
f 2483 2484 2458
f 2483 2458 2457
f 2484 2485 2459
f 2484 2459 2458
f 2485 2486 2460
f 2485 2460 2459
f 2486 2487 2461
f 2486 2461 2460
f 2487 2488 2462
f 2487 2462 2461
f 2488 2489 2463
f 2488 2463 2462
f 2489 2490 2464
f 2489 2464 2463
f 2490 2491 2465
f 2490 2465 2464
f 2491 2492 2466
f 2491 2466 2465
f 2492 2493 2467
f 2492 2467 2466
f 2493 2494 2468
f 2493 2468 2467
f 2495 2496 2470
f 2495 2470 2469
f 2496 2497 2471
f 2496 2471 2470
f 2497 2498 2472
f 2497 2472 2471
f 2498 2499 2473
f 2498 2473 2472
f 2499 2500 2474
f 2499 2474 2473
f 2500 2501 2475
f 2500 2475 2474
f 2501 2502 2476
f 2501 2476 2475
f 2502 2503 2477
f 2502 2477 2476
f 2503 2504 2478
f 2503 2478 2477
f 2504 2505 2479
f 2504 2479 2478
f 2505 2506 2480
f 2505 2480 2479
f 2506 2507 2481
f 2506 2481 2480
f 2507 2508 2482
f 2507 2482 2481
f 2508 2509 2483
f 2508 2483 2482
f 2509 2510 2484
f 2509 2484 2483
f 2510 2511 2485
f 2510 2485 2484
f 2511 2512 2486
f 2511 2486 2485
f 2512 2513 2487
f 2512 2487 2486
f 2513 2514 2488
f 2513 2488 2487
f 2514 2515 2489
f 2514 2489 2488
f 2515 2516 2490
f 2515 2490 2489
f 2516 2517 2491
f 2516 2491 2490
f 2517 2518 2492
f 2517 2492 2491
f 2518 2519 2493
f 2518 2493 2492
f 2519 2520 2494
f 2519 2494 2493
f 2521 2522 2496
f 2521 2496 2495
f 2522 2523 2497
f 2522 2497 2496
f 2523 2524 2498
f 2523 2498 2497
f 2524 2525 2499
f 2524 2499 2498
f 2525 2526 2500
f 2525 2500 2499
f 2526 2527 2501
f 2526 2501 2500
f 2527 2528 2502
f 2527 2502 2501
f 2528 2529 2503
f 2528 2503 2502
f 2529 2530 2504
f 2529 2504 2503
f 2530 2531 2505
f 2530 2505 2504
f 2531 2532 2506
f 2531 2506 2505
f 2532 2533 2507
f 2532 2507 2506
f 2533 2534 2508
f 2533 2508 2507
f 2534 2535 2509
f 2534 2509 2508
f 2535 2536 2510
f 2535 2510 2509
f 2536 2537 2511
f 2536 2511 2510
f 2537 2538 2512
f 2537 2512 2511
f 2538 2539 2513
f 2538 2513 2512
f 2539 2540 2514
f 2539 2514 2513
f 2540 2541 2515
f 2540 2515 2514
f 2541 2542 2516
f 2541 2516 2515
f 2542 2543 2517
f 2542 2517 2516
f 2543 2544 2518
f 2543 2518 2517
f 2544 2545 2519
f 2544 2519 2518
f 2545 2546 2520
f 2545 2520 2519
f 2547 2548 2522
f 2547 2522 2521
f 2548 2549 2523
f 2548 2523 2522
f 2549 2550 2524
f 2549 2524 2523
f 2550 2551 2525
f 2550 2525 2524
f 2551 2552 2526
f 2551 2526 2525
f 2552 2553 2527
f 2552 2527 2526
f 2553 2554 2528
f 2553 2528 2527
f 2554 2555 2529
f 2554 2529 2528
f 2555 2556 2530
f 2555 2530 2529
f 2556 2557 2531
f 2556 2531 2530
f 2557 2558 2532
f 2557 2532 2531
f 2558 2559 2533
f 2558 2533 2532
f 2559 2560 2534
f 2559 2534 2533
f 2560 2561 2535
f 2560 2535 2534
f 2561 2562 2536
f 2561 2536 2535
f 2562 2563 2537
f 2562 2537 2536
f 2563 2564 2538
f 2563 2538 2537
f 2564 2565 2539
f 2564 2539 2538
f 2565 2566 2540
f 2565 2540 2539
f 2566 2567 2541
f 2566 2541 2540
f 2567 2568 2542
f 2567 2542 2541
f 2568 2569 2543
f 2568 2543 2542
f 2569 2570 2544
f 2569 2544 2543
f 2570 2571 2545
f 2570 2545 2544
f 2571 2572 2546
f 2571 2546 2545
f 2573 2574 2548
f 2573 2548 2547
f 2574 2575 2549
f 2574 2549 2548
f 2575 2576 2550
f 2575 2550 2549
f 2576 2577 2551
f 2576 2551 2550
f 2577 2578 2552
f 2577 2552 2551
f 2578 2579 2553
f 2578 2553 2552
f 2579 2580 2554
f 2579 2554 2553
f 2580 2581 2555
f 2580 2555 2554
f 2581 2582 2556
f 2581 2556 2555
f 2582 2583 2557
f 2582 2557 2556
f 2583 2584 2558
f 2583 2558 2557
f 2584 2585 2559
f 2584 2559 2558
f 2585 2586 2560
f 2585 2560 2559
f 2586 2587 2561
f 2586 2561 2560
f 2587 2588 2562
f 2587 2562 2561
f 2588 2589 2563
f 2588 2563 2562
f 2589 2590 2564
f 2589 2564 2563
f 2590 2591 2565
f 2590 2565 2564
f 2591 2592 2566
f 2591 2566 2565
f 2592 2593 2567
f 2592 2567 2566
f 2593 2594 2568
f 2593 2568 2567
f 2594 2595 2569
f 2594 2569 2568
f 2595 2596 2570
f 2595 2570 2569
f 2596 2597 2571
f 2596 2571 2570
f 2597 2598 2572
f 2597 2572 2571
f 2599 2600 2574
f 2599 2574 2573
f 2600 2601 2575
f 2600 2575 2574
f 2601 2602 2576
f 2601 2576 2575
f 2602 2603 2577
f 2602 2577 2576
f 2603 2604 2578
f 2603 2578 2577
f 2604 2605 2579
f 2604 2579 2578
f 2605 2606 2580
f 2605 2580 2579
f 2606 2607 2581
f 2606 2581 2580
f 2607 2608 2582
f 2607 2582 2581
f 2608 2609 2583
f 2608 2583 2582
f 2609 2610 2584
f 2609 2584 2583
f 2610 2611 2585
f 2610 2585 2584
f 2611 2612 2586
f 2611 2586 2585
f 2612 2613 2587
f 2612 2587 2586
f 2613 2614 2588
f 2613 2588 2587
f 2614 2615 2589
f 2614 2589 2588
f 2615 2616 2590
f 2615 2590 2589
f 2616 2617 2591
f 2616 2591 2590
f 2617 2618 2592
f 2617 2592 2591
f 2618 2619 2593
f 2618 2593 2592
f 2619 2620 2594
f 2619 2594 2593
f 2620 2621 2595
f 2620 2595 2594
f 2621 2622 2596
f 2621 2596 2595
f 2622 2623 2597
f 2622 2597 2596
f 2623 2624 2598
f 2623 2598 2597
f 2625 2626 2600
f 2625 2600 2599
f 2626 2627 2601
f 2626 2601 2600
f 2627 2628 2602
f 2627 2602 2601
f 2628 2629 2603
f 2628 2603 2602
f 2629 2630 2604
f 2629 2604 2603
f 2630 2631 2605
f 2630 2605 2604
f 2631 2632 2606
f 2631 2606 2605
f 2632 2633 2607
f 2632 2607 2606
f 2633 2634 2608
f 2633 2608 2607
f 2634 2635 2609
f 2634 2609 2608
f 2635 2636 2610
f 2635 2610 2609
f 2636 2637 2611
f 2636 2611 2610
f 2637 2638 2612
f 2637 2612 2611
f 2638 2639 2613
f 2638 2613 2612
f 2639 2640 2614
f 2639 2614 2613
f 2640 2641 2615
f 2640 2615 2614
f 2641 2642 2616
f 2641 2616 2615
f 2642 2643 2617
f 2642 2617 2616
f 2643 2644 2618
f 2643 2618 2617
f 2644 2645 2619
f 2644 2619 2618
f 2645 2646 2620
f 2645 2620 2619
f 2646 2647 2621
f 2646 2621 2620
f 2647 2648 2622
f 2647 2622 2621
f 2648 2649 2623
f 2648 2623 2622
f 2649 2650 2624
f 2649 2624 2623
f 2651 2652 2626
f 2651 2626 2625
f 2652 2653 2627
f 2652 2627 2626
f 2653 2654 2628
f 2653 2628 2627
f 2654 2655 2629
f 2654 2629 2628
f 2655 2656 2630
f 2655 2630 2629
f 2656 2657 2631
f 2656 2631 2630
f 2657 2658 2632
f 2657 2632 2631
f 2658 2659 2633
f 2658 2633 2632
f 2659 2660 2634
f 2659 2634 2633
f 2660 2661 2635
f 2660 2635 2634
f 2661 2662 2636
f 2661 2636 2635
f 2662 2663 2637
f 2662 2637 2636
f 2663 2664 2638
f 2663 2638 2637
f 2664 2665 2639
f 2664 2639 2638
f 2665 2666 2640
f 2665 2640 2639
f 2666 2667 2641
f 2666 2641 2640
f 2667 2668 2642
f 2667 2642 2641
f 2668 2669 2643
f 2668 2643 2642
f 2669 2670 2644
f 2669 2644 2643
f 2670 2671 2645
f 2670 2645 2644
f 2671 2672 2646
f 2671 2646 2645
f 2672 2673 2647
f 2672 2647 2646
f 2673 2674 2648
f 2673 2648 2647
f 2674 2675 2649
f 2674 2649 2648
f 2675 2676 2650
f 2675 2650 2649
f 2677 2678 2652
f 2677 2652 2651
f 2678 2679 2653
f 2678 2653 2652
f 2679 2680 2654
f 2679 2654 2653
f 2680 2681 2655
f 2680 2655 2654
f 2681 2682 2656
f 2681 2656 2655
f 2682 2683 2657
f 2682 2657 2656
f 2683 2684 2658
f 2683 2658 2657
f 2684 2685 2659
f 2684 2659 2658
f 2685 2686 2660
f 2685 2660 2659
f 2686 2687 2661
f 2686 2661 2660
f 2687 2688 2662
f 2687 2662 2661
f 2688 2689 2663
f 2688 2663 2662
f 2689 2690 2664
f 2689 2664 2663
f 2690 2691 2665
f 2690 2665 2664
f 2691 2692 2666
f 2691 2666 2665
f 2692 2693 2667
f 2692 2667 2666
f 2693 2694 2668
f 2693 2668 2667
f 2694 2695 2669
f 2694 2669 2668
f 2695 2696 2670
f 2695 2670 2669
f 2696 2697 2671
f 2696 2671 2670
f 2697 2698 2672
f 2697 2672 2671
f 2698 2699 2673
f 2698 2673 2672
f 2699 2700 2674
f 2699 2674 2673
f 2700 2701 2675
f 2700 2675 2674
f 2701 2702 2676
f 2701 2676 2675
f 2703 2704 2678
f 2703 2678 2677
f 2704 2705 2679
f 2704 2679 2678
f 2705 2706 2680
f 2705 2680 2679
f 2706 2707 2681
f 2706 2681 2680
f 2707 2708 2682
f 2707 2682 2681
f 2708 2709 2683
f 2708 2683 2682
f 2709 2710 2684
f 2709 2684 2683
f 2710 2711 2685
f 2710 2685 2684
f 2711 2712 2686
f 2711 2686 2685
f 2712 2713 2687
f 2712 2687 2686
f 2713 2714 2688
f 2713 2688 2687
f 2714 2715 2689
f 2714 2689 2688
f 2715 2716 2690
f 2715 2690 2689
f 2716 2717 2691
f 2716 2691 2690
f 2717 2718 2692
f 2717 2692 2691
f 2718 2719 2693
f 2718 2693 2692
f 2719 2720 2694
f 2719 2694 2693
f 2720 2721 2695
f 2720 2695 2694
f 2721 2722 2696
f 2721 2696 2695
f 2722 2723 2697
f 2722 2697 2696
f 2723 2724 2698
f 2723 2698 2697
f 2724 2725 2699
f 2724 2699 2698
f 2725 2726 2700
f 2725 2700 2699
f 2726 2727 2701
f 2726 2701 2700
f 2727 2728 2702
f 2727 2702 2701
f 2729 2730 2704
f 2729 2704 2703
f 2730 2731 2705
f 2730 2705 2704
f 2731 2732 2706
f 2731 2706 2705
f 2732 2733 2707
f 2732 2707 2706
f 2733 2734 2708
f 2733 2708 2707
f 2734 2735 2709
f 2734 2709 2708
f 2735 2736 2710
f 2735 2710 2709
f 2736 2737 2711
f 2736 2711 2710
f 2737 2738 2712
f 2737 2712 2711
f 2738 2739 2713
f 2738 2713 2712
f 2739 2740 2714
f 2739 2714 2713
f 2740 2741 2715
f 2740 2715 2714
f 2741 2742 2716
f 2741 2716 2715
f 2742 2743 2717
f 2742 2717 2716
f 2743 2744 2718
f 2743 2718 2717
f 2744 2745 2719
f 2744 2719 2718
f 2745 2746 2720
f 2745 2720 2719
f 2746 2747 2721
f 2746 2721 2720
f 2747 2748 2722
f 2747 2722 2721
f 2748 2749 2723
f 2748 2723 2722
f 2749 2750 2724
f 2749 2724 2723
f 2750 2751 2725
f 2750 2725 2724
f 2751 2752 2726
f 2751 2726 2725
f 2752 2753 2727
f 2752 2727 2726
f 2753 2754 2728
f 2753 2728 2727
f 2755 2756 2730
f 2755 2730 2729
f 2756 2757 2731
f 2756 2731 2730
f 2757 2758 2732
f 2757 2732 2731
f 2758 2759 2733
f 2758 2733 2732
f 2759 2760 2734
f 2759 2734 2733
f 2760 2761 2735
f 2760 2735 2734
f 2761 2762 2736
f 2761 2736 2735
f 2762 2763 2737
f 2762 2737 2736
f 2763 2764 2738
f 2763 2738 2737
f 2764 2765 2739
f 2764 2739 2738
f 2765 2766 2740
f 2765 2740 2739
f 2766 2767 2741
f 2766 2741 2740
f 2767 2768 2742
f 2767 2742 2741
f 2768 2769 2743
f 2768 2743 2742
f 2769 2770 2744
f 2769 2744 2743
f 2770 2771 2745
f 2770 2745 2744
f 2771 2772 2746
f 2771 2746 2745
f 2772 2773 2747
f 2772 2747 2746
f 2773 2774 2748
f 2773 2748 2747
f 2774 2775 2749
f 2774 2749 2748
f 2775 2776 2750
f 2775 2750 2749
f 2776 2777 2751
f 2776 2751 2750
f 2777 2778 2752
f 2777 2752 2751
f 2778 2779 2753
f 2778 2753 2752
f 2779 2780 2754
f 2779 2754 2753
f 2781 2782 2756
f 2781 2756 2755
f 2782 2783 2757
f 2782 2757 2756
f 2783 2784 2758
f 2783 2758 2757
f 2784 2785 2759
f 2784 2759 2758
f 2785 2786 2760
f 2785 2760 2759
f 2786 2787 2761
f 2786 2761 2760
f 2787 2788 2762
f 2787 2762 2761
f 2788 2789 2763
f 2788 2763 2762
f 2789 2790 2764
f 2789 2764 2763
f 2790 2791 2765
f 2790 2765 2764
f 2791 2792 2766
f 2791 2766 2765
f 2792 2793 2767
f 2792 2767 2766
f 2793 2794 2768
f 2793 2768 2767
f 2794 2795 2769
f 2794 2769 2768
f 2795 2796 2770
f 2795 2770 2769
f 2796 2797 2771
f 2796 2771 2770
f 2797 2798 2772
f 2797 2772 2771
f 2798 2799 2773
f 2798 2773 2772
f 2799 2800 2774
f 2799 2774 2773
f 2800 2801 2775
f 2800 2775 2774
f 2801 2802 2776
f 2801 2776 2775
f 2802 2803 2777
f 2802 2777 2776
f 2803 2804 2778
f 2803 2778 2777
f 2804 2805 2779
f 2804 2779 2778
f 2805 2806 2780
f 2805 2780 2779
f 2807 2808 2782
f 2807 2782 2781
f 2808 2809 2783
f 2808 2783 2782
f 2809 2810 2784
f 2809 2784 2783
f 2810 2811 2785
f 2810 2785 2784
f 2811 2812 2786
f 2811 2786 2785
f 2812 2813 2787
f 2812 2787 2786
f 2813 2814 2788
f 2813 2788 2787
f 2814 2815 2789
f 2814 2789 2788
f 2815 2816 2790
f 2815 2790 2789
f 2816 2817 2791
f 2816 2791 2790
f 2817 2818 2792
f 2817 2792 2791
f 2818 2819 2793
f 2818 2793 2792
f 2819 2820 2794
f 2819 2794 2793
f 2820 2821 2795
f 2820 2795 2794
f 2821 2822 2796
f 2821 2796 2795
f 2822 2823 2797
f 2822 2797 2796
f 2823 2824 2798
f 2823 2798 2797
f 2824 2825 2799
f 2824 2799 2798
f 2825 2826 2800
f 2825 2800 2799
f 2826 2827 2801
f 2826 2801 2800
f 2827 2828 2802
f 2827 2802 2801
f 2828 2829 2803
f 2828 2803 2802
f 2829 2830 2804
f 2829 2804 2803
f 2830 2831 2805
f 2830 2805 2804
f 2831 2832 2806
f 2831 2806 2805
f 2833 2834 2808
f 2833 2808 2807
f 2834 2835 2809
f 2834 2809 2808
f 2835 2836 2810
f 2835 2810 2809
f 2836 2837 2811
f 2836 2811 2810
f 2837 2838 2812
f 2837 2812 2811
f 2838 2839 2813
f 2838 2813 2812
f 2839 2840 2814
f 2839 2814 2813
f 2840 2841 2815
f 2840 2815 2814
f 2841 2842 2816
f 2841 2816 2815
f 2842 2843 2817
f 2842 2817 2816
f 2843 2844 2818
f 2843 2818 2817
f 2844 2845 2819
f 2844 2819 2818
f 2845 2846 2820
f 2845 2820 2819
f 2846 2847 2821
f 2846 2821 2820
f 2847 2848 2822
f 2847 2822 2821
f 2848 2849 2823
f 2848 2823 2822
f 2849 2850 2824
f 2849 2824 2823
f 2850 2851 2825
f 2850 2825 2824
f 2851 2852 2826
f 2851 2826 2825
f 2852 2853 2827
f 2852 2827 2826
f 2853 2854 2828
f 2853 2828 2827
f 2854 2855 2829
f 2854 2829 2828
f 2855 2856 2830
f 2855 2830 2829
f 2856 2857 2831
f 2856 2831 2830
f 2857 2858 2832
f 2857 2832 2831
f 2859 2860 2834
f 2859 2834 2833
f 2860 2861 2835
f 2860 2835 2834
f 2861 2862 2836
f 2861 2836 2835
f 2862 2863 2837
f 2862 2837 2836
f 2863 2864 2838
f 2863 2838 2837
f 2864 2865 2839
f 2864 2839 2838
f 2865 2866 2840
f 2865 2840 2839
f 2866 2867 2841
f 2866 2841 2840
f 2867 2868 2842
f 2867 2842 2841
f 2868 2869 2843
f 2868 2843 2842
f 2869 2870 2844
f 2869 2844 2843
f 2870 2871 2845
f 2870 2845 2844
f 2871 2872 2846
f 2871 2846 2845
f 2872 2873 2847
f 2872 2847 2846
f 2873 2874 2848
f 2873 2848 2847
f 2874 2875 2849
f 2874 2849 2848
f 2875 2876 2850
f 2875 2850 2849
f 2876 2877 2851
f 2876 2851 2850
f 2877 2878 2852
f 2877 2852 2851
f 2878 2879 2853
f 2878 2853 2852
f 2879 2880 2854
f 2879 2854 2853
f 2880 2881 2855
f 2880 2855 2854
f 2881 2882 2856
f 2881 2856 2855
f 2882 2883 2857
f 2882 2857 2856
f 2883 2884 2858
f 2883 2858 2857
f 2885 2886 2860
f 2885 2860 2859
f 2886 2887 2861
f 2886 2861 2860
f 2887 2888 2862
f 2887 2862 2861
f 2888 2889 2863
f 2888 2863 2862
f 2889 2890 2864
f 2889 2864 2863
f 2890 2891 2865
f 2890 2865 2864
f 2891 2892 2866
f 2891 2866 2865
f 2892 2893 2867
f 2892 2867 2866
f 2893 2894 2868
f 2893 2868 2867
f 2894 2895 2869
f 2894 2869 2868
f 2895 2896 2870
f 2895 2870 2869
f 2896 2897 2871
f 2896 2871 2870
f 2897 2898 2872
f 2897 2872 2871
f 2898 2899 2873
f 2898 2873 2872
f 2899 2900 2874
f 2899 2874 2873
f 2900 2901 2875
f 2900 2875 2874
f 2901 2902 2876
f 2901 2876 2875
f 2902 2903 2877
f 2902 2877 2876
f 2903 2904 2878
f 2903 2878 2877
f 2904 2905 2879
f 2904 2879 2878
f 2905 2906 2880
f 2905 2880 2879
f 2906 2907 2881
f 2906 2881 2880
f 2907 2908 2882
f 2907 2882 2881
f 2908 2909 2883
f 2908 2883 2882
f 2909 2910 2884
f 2909 2884 2883
f 2911 2912 2886
f 2911 2886 2885
f 2912 2913 2887
f 2912 2887 2886
f 2913 2914 2888
f 2913 2888 2887
f 2914 2915 2889
f 2914 2889 2888
f 2915 2916 2890
f 2915 2890 2889
f 2916 2917 2891
f 2916 2891 2890
f 2917 2918 2892
f 2917 2892 2891
f 2918 2919 2893
f 2918 2893 2892
f 2919 2920 2894
f 2919 2894 2893
f 2920 2921 2895
f 2920 2895 2894
f 2921 2922 2896
f 2921 2896 2895
f 2922 2923 2897
f 2922 2897 2896
f 2923 2924 2898
f 2923 2898 2897
f 2924 2925 2899
f 2924 2899 2898
f 2925 2926 2900
f 2925 2900 2899
f 2926 2927 2901
f 2926 2901 2900
f 2927 2928 2902
f 2927 2902 2901
f 2928 2929 2903
f 2928 2903 2902
f 2929 2930 2904
f 2929 2904 2903
f 2930 2931 2905
f 2930 2905 2904
f 2931 2932 2906
f 2931 2906 2905
f 2932 2933 2907
f 2932 2907 2906
f 2933 2934 2908
f 2933 2908 2907
f 2934 2935 2909
f 2934 2909 2908
f 2935 2936 2910
f 2935 2910 2909
f 2937 2938 2912
f 2937 2912 2911
f 2938 2939 2913
f 2938 2913 2912
f 2939 2940 2914
f 2939 2914 2913
f 2940 2941 2915
f 2940 2915 2914
f 2941 2942 2916
f 2941 2916 2915
f 2942 2943 2917
f 2942 2917 2916
f 2943 2944 2918
f 2943 2918 2917
f 2944 2945 2919
f 2944 2919 2918
f 2945 2946 2920
f 2945 2920 2919
f 2946 2947 2921
f 2946 2921 2920
f 2947 2948 2922
f 2947 2922 2921
f 2948 2949 2923
f 2948 2923 2922
f 2949 2950 2924
f 2949 2924 2923
f 2950 2951 2925
f 2950 2925 2924
f 2951 2952 2926
f 2951 2926 2925
f 2952 2953 2927
f 2952 2927 2926
f 2953 2954 2928
f 2953 2928 2927
f 2954 2955 2929
f 2954 2929 2928
f 2955 2956 2930
f 2955 2930 2929
f 2956 2957 2931
f 2956 2931 2930
f 2957 2958 2932
f 2957 2932 2931
f 2958 2959 2933
f 2958 2933 2932
f 2959 2960 2934
f 2959 2934 2933
f 2960 2961 2935
f 2960 2935 2934
f 2961 2962 2936
f 2961 2936 2935
f 2963 2964 2938
f 2963 2938 2937
f 2964 2965 2939
f 2964 2939 2938
f 2965 2966 2940
f 2965 2940 2939
f 2966 2967 2941
f 2966 2941 2940
f 2967 2968 2942
f 2967 2942 2941
f 2968 2969 2943
f 2968 2943 2942
f 2969 2970 2944
f 2969 2944 2943
f 2970 2971 2945
f 2970 2945 2944
f 2971 2972 2946
f 2971 2946 2945
f 2972 2973 2947
f 2972 2947 2946
f 2973 2974 2948
f 2973 2948 2947
f 2974 2975 2949
f 2974 2949 2948
f 2975 2976 2950
f 2975 2950 2949
f 2976 2977 2951
f 2976 2951 2950
f 2977 2978 2952
f 2977 2952 2951
f 2978 2979 2953
f 2978 2953 2952
f 2979 2980 2954
f 2979 2954 2953
f 2980 2981 2955
f 2980 2955 2954
f 2981 2982 2956
f 2981 2956 2955
f 2982 2983 2957
f 2982 2957 2956
f 2983 2984 2958
f 2983 2958 2957
f 2984 2985 2959
f 2984 2959 2958
f 2985 2986 2960
f 2985 2960 2959
f 2986 2987 2961
f 2986 2961 2960
f 2987 2988 2962
f 2987 2962 2961
f 2989 2990 2964
f 2989 2964 2963
f 2990 2991 2965
f 2990 2965 2964
f 2991 2992 2966
f 2991 2966 2965
f 2992 2993 2967
f 2992 2967 2966
f 2993 2994 2968
f 2993 2968 2967
f 2994 2995 2969
f 2994 2969 2968
f 2995 2996 2970
f 2995 2970 2969
f 2996 2997 2971
f 2996 2971 2970
f 2997 2998 2972
f 2997 2972 2971
f 2998 2999 2973
f 2998 2973 2972
f 2999 3000 2974
f 2999 2974 2973
f 3000 3001 2975
f 3000 2975 2974
f 3001 3002 2976
f 3001 2976 2975
f 3002 3003 2977
f 3002 2977 2976
f 3003 3004 2978
f 3003 2978 2977
f 3004 3005 2979
f 3004 2979 2978
f 3005 3006 2980
f 3005 2980 2979
f 3006 3007 2981
f 3006 2981 2980
f 3007 3008 2982
f 3007 2982 2981
f 3008 3009 2983
f 3008 2983 2982
f 3009 3010 2984
f 3009 2984 2983
f 3010 3011 2985
f 3010 2985 2984
f 3011 3012 2986
f 3011 2986 2985
f 3012 3013 2987
f 3012 2987 2986
f 3013 3014 2988
f 3013 2988 2987
f 3015 3016 2990
f 3015 2990 2989
f 3016 3017 2991
f 3016 2991 2990
f 3017 3018 2992
f 3017 2992 2991
f 3018 3019 2993
f 3018 2993 2992
f 3019 3020 2994
f 3019 2994 2993
f 3020 3021 2995
f 3020 2995 2994
f 3021 3022 2996
f 3021 2996 2995
f 3022 3023 2997
f 3022 2997 2996
f 3023 3024 2998
f 3023 2998 2997
f 3024 3025 2999
f 3024 2999 2998
f 3025 3026 3000
f 3025 3000 2999
f 3026 3027 3001
f 3026 3001 3000
f 3027 3028 3002
f 3027 3002 3001
f 3028 3029 3003
f 3028 3003 3002
f 3029 3030 3004
f 3029 3004 3003
f 3030 3031 3005
f 3030 3005 3004
f 3031 3032 3006
f 3031 3006 3005
f 3032 3033 3007
f 3032 3007 3006
f 3033 3034 3008
f 3033 3008 3007
f 3034 3035 3009
f 3034 3009 3008
f 3035 3036 3010
f 3035 3010 3009
f 3036 3037 3011
f 3036 3011 3010
f 3037 3038 3012
f 3037 3012 3011
f 3038 3039 3013
f 3038 3013 3012
f 3039 3040 3014
f 3039 3014 3013
f 3042 3068 3067
f 3042 3067 3041
f 3043 3069 3068
f 3043 3068 3042
f 3044 3070 3069
f 3044 3069 3043
f 3044 3070 3071
f 3044 3071 3045
f 3045 3071 3072
f 3045 3072 3046
f 3046 3072 3073
f 3046 3073 3047
f 3047 3073 3074
f 3047 3074 3048
f 3048 3074 3075
f 3048 3075 3049
f 3049 3075 3076
f 3049 3076 3050
f 3050 3076 3077
f 3050 3077 3051
f 3051 3077 3078
f 3051 3078 3052
f 3052 3078 3079
f 3052 3079 3053
f 3053 3079 3080
f 3053 3080 3054
f 3054 3080 3081
f 3054 3081 3055
f 3055 3081 3082
f 3055 3082 3056
f 3056 3082 3083
f 3056 3083 3057
f 3057 3083 3084
f 3057 3084 3058
f 3058 3084 3085
f 3058 3085 3059
f 3059 3085 3086
f 3059 3086 3060
f 3060 3086 3087
f 3060 3087 3061
f 3061 3087 3088
f 3061 3088 3062
f 3062 3088 3089
f 3062 3089 3063
f 3063 3089 3090
f 3063 3090 3064
f 3065 3091 3090
f 3065 3090 3064
f 3066 3092 3091
f 3066 3091 3065
f 3068 3094 3093
f 3068 3093 3067
f 3069 3095 3094
f 3069 3094 3068
f 3069 3095 3096
f 3069 3096 3070
f 3070 3096 3097
f 3070 3097 3071
f 3071 3097 3098
f 3071 3098 3072
f 3072 3098 3099
f 3072 3099 3073
f 3073 3099 3100
f 3073 3100 3074
f 3074 3100 3101
f 3074 3101 3075
f 3075 3101 3102
f 3075 3102 3076
f 3076 3102 3103
f 3076 3103 3077
f 3077 3103 3104
f 3077 3104 3078
f 3078 3104 3105
f 3078 3105 3079
f 3079 3105 3106
f 3079 3106 3080
f 3080 3106 3107
f 3080 3107 3081
f 3081 3107 3108
f 3081 3108 3082
f 3082 3108 3109
f 3082 3109 3083
f 3083 3109 3110
f 3083 3110 3084
f 3084 3110 3111
f 3084 3111 3085
f 3085 3111 3112
f 3085 3112 3086
f 3086 3112 3113
f 3086 3113 3087
f 3087 3113 3114
f 3087 3114 3088
f 3088 3114 3115
f 3088 3115 3089
f 3089 3115 3116
f 3089 3116 3090
f 3090 3116 3117
f 3090 3117 3091
f 3092 3118 3117
f 3092 3117 3091
f 3094 3120 3119
f 3094 3119 3093
f 3094 3120 3121
f 3094 3121 3095
f 3095 3121 3122
f 3095 3122 3096
f 3096 3122 3123
f 3096 3123 3097
f 3097 3123 3124
f 3097 3124 3098
f 3098 3124 3125
f 3098 3125 3099
f 3099 3125 3126
f 3099 3126 3100
f 3100 3126 3127
f 3100 3127 3101
f 3101 3127 3128
f 3101 3128 3102
f 3102 3128 3129
f 3102 3129 3103
f 3103 3129 3130
f 3103 3130 3104
f 3104 3130 3131
f 3104 3131 3105
f 3105 3131 3132
f 3105 3132 3106
f 3106 3132 3133
f 3106 3133 3107
f 3107 3133 3134
f 3107 3134 3108
f 3108 3134 3135
f 3108 3135 3109
f 3109 3135 3136
f 3109 3136 3110
f 3110 3136 3137
f 3110 3137 3111
f 3111 3137 3138
f 3111 3138 3112
f 3112 3138 3139
f 3112 3139 3113
f 3113 3139 3140
f 3113 3140 3114
f 3114 3140 3141
f 3114 3141 3115
f 3115 3141 3142
f 3115 3142 3116
f 3116 3142 3143
f 3116 3143 3117
f 3117 3143 3144
f 3117 3144 3118
f 3119 3145 3146
f 3119 3146 3120
f 3120 3146 3147
f 3120 3147 3121
f 3121 3147 3148
f 3121 3148 3122
f 3122 3148 3149
f 3122 3149 3123
f 3123 3149 3150
f 3123 3150 3124
f 3124 3150 3151
f 3124 3151 3125
f 3125 3151 3152
f 3125 3152 3126
f 3126 3152 3153
f 3126 3153 3127
f 3127 3153 3154
f 3127 3154 3128
f 3128 3154 3155
f 3128 3155 3129
f 3129 3155 3156
f 3129 3156 3130
f 3130 3156 3157
f 3130 3157 3131
f 3131 3157 3158
f 3131 3158 3132
f 3132 3158 3159
f 3132 3159 3133
f 3133 3159 3160
f 3133 3160 3134
f 3134 3160 3161
f 3134 3161 3135
f 3135 3161 3162
f 3135 3162 3136
f 3136 3162 3163
f 3136 3163 3137
f 3137 3163 3164
f 3137 3164 3138
f 3138 3164 3165
f 3138 3165 3139
f 3139 3165 3166
f 3139 3166 3140
f 3140 3166 3167
f 3140 3167 3141
f 3141 3167 3168
f 3141 3168 3142
f 3142 3168 3169
f 3142 3169 3143
f 3143 3169 3170
f 3143 3170 3144
f 3145 3171 3172
f 3145 3172 3146
f 3146 3172 3173
f 3146 3173 3147
f 3147 3173 3174
f 3147 3174 3148
f 3148 3174 3175
f 3148 3175 3149
f 3149 3175 3176
f 3149 3176 3150
f 3150 3176 3177
f 3150 3177 3151
f 3151 3177 3178
f 3151 3178 3152
f 3152 3178 3179
f 3152 3179 3153
f 3153 3179 3180
f 3153 3180 3154
f 3154 3180 3181
f 3154 3181 3155
f 3155 3181 3182
f 3155 3182 3156
f 3156 3182 3183
f 3156 3183 3157
f 3157 3183 3184
f 3157 3184 3158
f 3158 3184 3185
f 3158 3185 3159
f 3159 3185 3186
f 3159 3186 3160
f 3160 3186 3187
f 3160 3187 3161
f 3161 3187 3188
f 3161 3188 3162
f 3162 3188 3189
f 3162 3189 3163
f 3163 3189 3190
f 3163 3190 3164
f 3164 3190 3191
f 3164 3191 3165
f 3165 3191 3192
f 3165 3192 3166
f 3166 3192 3193
f 3166 3193 3167
f 3167 3193 3194
f 3167 3194 3168
f 3168 3194 3195
f 3168 3195 3169
f 3169 3195 3196
f 3169 3196 3170
f 3171 3197 3198
f 3171 3198 3172
f 3172 3198 3199
f 3172 3199 3173
f 3173 3199 3200
f 3173 3200 3174
f 3174 3200 3201
f 3174 3201 3175
f 3175 3201 3202
f 3175 3202 3176
f 3176 3202 3203
f 3176 3203 3177
f 3177 3203 3204
f 3177 3204 3178
f 3178 3204 3205
f 3178 3205 3179
f 3179 3205 3206
f 3179 3206 3180
f 3180 3206 3207
f 3180 3207 3181
f 3181 3207 3208
f 3181 3208 3182
f 3182 3208 3209
f 3182 3209 3183
f 3183 3209 3210
f 3183 3210 3184
f 3184 3210 3211
f 3184 3211 3185
f 3185 3211 3212
f 3185 3212 3186
f 3186 3212 3213
f 3186 3213 3187
f 3187 3213 3214
f 3187 3214 3188
f 3188 3214 3215
f 3188 3215 3189
f 3189 3215 3216
f 3189 3216 3190
f 3190 3216 3217
f 3190 3217 3191
f 3191 3217 3218
f 3191 3218 3192
f 3192 3218 3219
f 3192 3219 3193
f 3193 3219 3220
f 3193 3220 3194
f 3194 3220 3221
f 3194 3221 3195
f 3195 3221 3222
f 3195 3222 3196
f 3197 3223 3224
f 3197 3224 3198
f 3198 3224 3225
f 3198 3225 3199
f 3199 3225 3226
f 3199 3226 3200
f 3200 3226 3227
f 3200 3227 3201
f 3201 3227 3228
f 3201 3228 3202
f 3202 3228 3229
f 3202 3229 3203
f 3203 3229 3230
f 3203 3230 3204
f 3204 3230 3231
f 3204 3231 3205
f 3205 3231 3232
f 3205 3232 3206
f 3206 3232 3233
f 3206 3233 3207
f 3207 3233 3234
f 3207 3234 3208
f 3208 3234 3235
f 3208 3235 3209
f 3209 3235 3236
f 3209 3236 3210
f 3210 3236 3237
f 3210 3237 3211
f 3211 3237 3238
f 3211 3238 3212
f 3212 3238 3239
f 3212 3239 3213
f 3213 3239 3240
f 3213 3240 3214
f 3214 3240 3241
f 3214 3241 3215
f 3215 3241 3242
f 3215 3242 3216
f 3216 3242 3243
f 3216 3243 3217
f 3217 3243 3244
f 3217 3244 3218
f 3218 3244 3245
f 3218 3245 3219
f 3219 3245 3246
f 3219 3246 3220
f 3220 3246 3247
f 3220 3247 3221
f 3221 3247 3248
f 3221 3248 3222
f 3223 3249 3250
f 3223 3250 3224
f 3224 3250 3251
f 3224 3251 3225
f 3225 3251 3252
f 3225 3252 3226
f 3226 3252 3253
f 3226 3253 3227
f 3227 3253 3254
f 3227 3254 3228
f 3228 3254 3255
f 3228 3255 3229
f 3229 3255 3256
f 3229 3256 3230
f 3230 3256 3257
f 3230 3257 3231
f 3231 3257 3258
f 3231 3258 3232
f 3232 3258 3259
f 3232 3259 3233
f 3233 3259 3260
f 3233 3260 3234
f 3234 3260 3261
f 3234 3261 3235
f 3235 3261 3262
f 3235 3262 3236
f 3236 3262 3263
f 3236 3263 3237
f 3237 3263 3264
f 3237 3264 3238
f 3238 3264 3265
f 3238 3265 3239
f 3239 3265 3266
f 3239 3266 3240
f 3240 3266 3267
f 3240 3267 3241
f 3241 3267 3268
f 3241 3268 3242
f 3242 3268 3269
f 3242 3269 3243
f 3243 3269 3270
f 3243 3270 3244
f 3244 3270 3271
f 3244 3271 3245
f 3245 3271 3272
f 3245 3272 3246
f 3246 3272 3273
f 3246 3273 3247
f 3247 3273 3274
f 3247 3274 3248
f 3249 3275 3276
f 3249 3276 3250
f 3250 3276 3277
f 3250 3277 3251
f 3251 3277 3278
f 3251 3278 3252
f 3252 3278 3279
f 3252 3279 3253
f 3253 3279 3280
f 3253 3280 3254
f 3254 3280 3281
f 3254 3281 3255
f 3255 3281 3282
f 3255 3282 3256
f 3256 3282 3283
f 3256 3283 3257
f 3257 3283 3284
f 3257 3284 3258
f 3258 3284 3285
f 3258 3285 3259
f 3259 3285 3286
f 3259 3286 3260
f 3260 3286 3287
f 3260 3287 3261
f 3261 3287 3288
f 3261 3288 3262
f 3262 3288 3289
f 3262 3289 3263
f 3263 3289 3290
f 3263 3290 3264
f 3264 3290 3291
f 3264 3291 3265
f 3265 3291 3292
f 3265 3292 3266
f 3266 3292 3293
f 3266 3293 3267
f 3267 3293 3294
f 3267 3294 3268
f 3268 3294 3295
f 3268 3295 3269
f 3269 3295 3296
f 3269 3296 3270
f 3270 3296 3297
f 3270 3297 3271
f 3271 3297 3298
f 3271 3298 3272
f 3272 3298 3299
f 3272 3299 3273
f 3273 3299 3300
f 3273 3300 3274
f 3275 3301 3302
f 3275 3302 3276
f 3276 3302 3303
f 3276 3303 3277
f 3277 3303 3304
f 3277 3304 3278
f 3278 3304 3305
f 3278 3305 3279
f 3279 3305 3306
f 3279 3306 3280
f 3280 3306 3307
f 3280 3307 3281
f 3281 3307 3308
f 3281 3308 3282
f 3282 3308 3309
f 3282 3309 3283
f 3283 3309 3310
f 3283 3310 3284
f 3284 3310 3311
f 3284 3311 3285
f 3285 3311 3312
f 3285 3312 3286
f 3286 3312 3313
f 3286 3313 3287
f 3287 3313 3314
f 3287 3314 3288
f 3288 3314 3315
f 3288 3315 3289
f 3289 3315 3316
f 3289 3316 3290
f 3290 3316 3317
f 3290 3317 3291
f 3291 3317 3318
f 3291 3318 3292
f 3292 3318 3319
f 3292 3319 3293
f 3293 3319 3320
f 3293 3320 3294
f 3294 3320 3321
f 3294 3321 3295
f 3295 3321 3322
f 3295 3322 3296
f 3296 3322 3323
f 3296 3323 3297
f 3297 3323 3324
f 3297 3324 3298
f 3298 3324 3325
f 3298 3325 3299
f 3299 3325 3326
f 3299 3326 3300
f 3301 3327 3328
f 3301 3328 3302
f 3302 3328 3329
f 3302 3329 3303
f 3303 3329 3330
f 3303 3330 3304
f 3304 3330 3331
f 3304 3331 3305
f 3305 3331 3332
f 3305 3332 3306
f 3306 3332 3333
f 3306 3333 3307
f 3307 3333 3334
f 3307 3334 3308
f 3308 3334 3335
f 3308 3335 3309
f 3309 3335 3336
f 3309 3336 3310
f 3310 3336 3337
f 3310 3337 3311
f 3311 3337 3338
f 3311 3338 3312
f 3312 3338 3339
f 3312 3339 3313
f 3313 3339 3340
f 3313 3340 3314
f 3314 3340 3341
f 3314 3341 3315
f 3315 3341 3342
f 3315 3342 3316
f 3316 3342 3343
f 3316 3343 3317
f 3317 3343 3344
f 3317 3344 3318
f 3318 3344 3345
f 3318 3345 3319
f 3319 3345 3346
f 3319 3346 3320
f 3320 3346 3347
f 3320 3347 3321
f 3321 3347 3348
f 3321 3348 3322
f 3322 3348 3349
f 3322 3349 3323
f 3323 3349 3350
f 3323 3350 3324
f 3324 3350 3351
f 3324 3351 3325
f 3325 3351 3352
f 3325 3352 3326
f 3327 3353 3354
f 3327 3354 3328
f 3328 3354 3355
f 3328 3355 3329
f 3329 3355 3356
f 3329 3356 3330
f 3330 3356 3357
f 3330 3357 3331
f 3331 3357 3358
f 3331 3358 3332
f 3332 3358 3359
f 3332 3359 3333
f 3333 3359 3360
f 3333 3360 3334
f 3334 3360 3361
f 3334 3361 3335
f 3335 3361 3362
f 3335 3362 3336
f 3336 3362 3363
f 3336 3363 3337
f 3337 3363 3364
f 3337 3364 3338
f 3338 3364 3365
f 3338 3365 3339
f 3339 3365 3366
f 3339 3366 3340
f 3340 3366 3367
f 3340 3367 3341
f 3341 3367 3368
f 3341 3368 3342
f 3342 3368 3369
f 3342 3369 3343
f 3343 3369 3370
f 3343 3370 3344
f 3344 3370 3371
f 3344 3371 3345
f 3345 3371 3372
f 3345 3372 3346
f 3346 3372 3373
f 3346 3373 3347
f 3347 3373 3374
f 3347 3374 3348
f 3348 3374 3375
f 3348 3375 3349
f 3349 3375 3376
f 3349 3376 3350
f 3350 3376 3377
f 3350 3377 3351
f 3351 3377 3378
f 3351 3378 3352
f 3353 3379 3380
f 3353 3380 3354
f 3354 3380 3381
f 3354 3381 3355
f 3355 3381 3382
f 3355 3382 3356
f 3357 3383 3382
f 3357 3382 3356
f 3357 3383 3384
f 3357 3384 3358
f 3358 3384 3385
f 3358 3385 3359
f 3359 3385 3386
f 3359 3386 3360
f 3360 3386 3387
f 3360 3387 3361
f 3361 3387 3388
f 3361 3388 3362
f 3362 3388 3389
f 3362 3389 3363
f 3363 3389 3390
f 3363 3390 3364
f 3364 3390 3391
f 3364 3391 3365
f 3365 3391 3392
f 3365 3392 3366
f 3366 3392 3393
f 3366 3393 3367
f 3367 3393 3394
f 3367 3394 3368
f 3368 3394 3395
f 3368 3395 3369
f 3369 3395 3396
f 3369 3396 3370
f 3370 3396 3397
f 3370 3397 3371
f 3371 3397 3398
f 3371 3398 3372
f 3372 3398 3399
f 3372 3399 3373
f 3373 3399 3400
f 3373 3400 3374
f 3375 3401 3400
f 3375 3400 3374
f 3375 3401 3402
f 3375 3402 3376
f 3376 3402 3403
f 3376 3403 3377
f 3377 3403 3404
f 3377 3404 3378
f 3379 3405 3406
f 3379 3406 3380
f 3380 3406 3407
f 3380 3407 3381
f 3381 3407 3408
f 3381 3408 3382
f 3383 3409 3408
f 3383 3408 3382
f 3383 3409 3410
f 3383 3410 3384
f 3384 3410 3411
f 3384 3411 3385
f 3385 3411 3412
f 3385 3412 3386
f 3386 3412 3413
f 3386 3413 3387
f 3387 3413 3414
f 3387 3414 3388
f 3388 3414 3415
f 3388 3415 3389
f 3389 3415 3416
f 3389 3416 3390
f 3390 3416 3417
f 3390 3417 3391
f 3391 3417 3418
f 3391 3418 3392
f 3392 3418 3419
f 3392 3419 3393
f 3393 3419 3420
f 3393 3420 3394
f 3394 3420 3421
f 3394 3421 3395
f 3395 3421 3422
f 3395 3422 3396
f 3396 3422 3423
f 3396 3423 3397
f 3397 3423 3424
f 3397 3424 3398
f 3398 3424 3425
f 3398 3425 3399
f 3399 3425 3426
f 3399 3426 3400
f 3401 3427 3426
f 3401 3426 3400
f 3401 3427 3428
f 3401 3428 3402
f 3402 3428 3429
f 3402 3429 3403
f 3403 3429 3430
f 3403 3430 3404
f 3405 3431 3432
f 3405 3432 3406
f 3406 3432 3433
f 3406 3433 3407
f 3407 3433 3434
f 3407 3434 3408
f 3409 3435 3434
f 3409 3434 3408
f 3409 3435 3436
f 3409 3436 3410
f 3410 3436 3437
f 3410 3437 3411
f 3411 3437 3438
f 3411 3438 3412
f 3412 3438 3439
f 3412 3439 3413
f 3413 3439 3440
f 3413 3440 3414
f 3414 3440 3441
f 3414 3441 3415
f 3415 3441 3442
f 3415 3442 3416
f 3416 3442 3443
f 3416 3443 3417
f 3417 3443 3444
f 3417 3444 3418
f 3418 3444 3445
f 3418 3445 3419
f 3419 3445 3446
f 3419 3446 3420
f 3420 3446 3447
f 3420 3447 3421
f 3421 3447 3448
f 3421 3448 3422
f 3422 3448 3449
f 3422 3449 3423
f 3423 3449 3450
f 3423 3450 3424
f 3424 3450 3451
f 3424 3451 3425
f 3425 3451 3452
f 3425 3452 3426
f 3427 3453 3452
f 3427 3452 3426
f 3427 3453 3454
f 3427 3454 3428
f 3428 3454 3455
f 3428 3455 3429
f 3429 3455 3456
f 3429 3456 3430
f 3431 3457 3458
f 3431 3458 3432
f 3432 3458 3459
f 3432 3459 3433
f 3433 3459 3460
f 3433 3460 3434
f 3435 3461 3460
f 3435 3460 3434
f 3435 3461 3462
f 3435 3462 3436
f 3436 3462 3463
f 3436 3463 3437
f 3437 3463 3464
f 3437 3464 3438
f 3438 3464 3465
f 3438 3465 3439
f 3439 3465 3466
f 3439 3466 3440
f 3440 3466 3467
f 3440 3467 3441
f 3441 3467 3468
f 3441 3468 3442
f 3442 3468 3469
f 3442 3469 3443
f 3443 3469 3470
f 3443 3470 3444
f 3444 3470 3471
f 3444 3471 3445
f 3445 3471 3472
f 3445 3472 3446
f 3446 3472 3473
f 3446 3473 3447
f 3447 3473 3474
f 3447 3474 3448
f 3448 3474 3475
f 3448 3475 3449
f 3449 3475 3476
f 3449 3476 3450
f 3450 3476 3477
f 3450 3477 3451
f 3451 3477 3478
f 3451 3478 3452
f 3453 3479 3478
f 3453 3478 3452
f 3453 3479 3480
f 3453 3480 3454
f 3454 3480 3481
f 3454 3481 3455
f 3455 3481 3482
f 3455 3482 3456
f 3457 3483 3484
f 3457 3484 3458
f 3458 3484 3485
f 3458 3485 3459
f 3459 3485 3486
f 3459 3486 3460
f 3461 3487 3486
f 3461 3486 3460
f 3461 3487 3488
f 3461 3488 3462
f 3462 3488 3489
f 3462 3489 3463
f 3463 3489 3490
f 3463 3490 3464
f 3464 3490 3491
f 3464 3491 3465
f 3465 3491 3492
f 3465 3492 3466
f 3466 3492 3493
f 3466 3493 3467
f 3467 3493 3494
f 3467 3494 3468
f 3468 3494 3495
f 3468 3495 3469
f 3469 3495 3496
f 3469 3496 3470
f 3470 3496 3497
f 3470 3497 3471
f 3471 3497 3498
f 3471 3498 3472
f 3472 3498 3499
f 3472 3499 3473
f 3473 3499 3500
f 3473 3500 3474
f 3474 3500 3501
f 3474 3501 3475
f 3475 3501 3502
f 3475 3502 3476
f 3476 3502 3503
f 3476 3503 3477
f 3477 3503 3504
f 3477 3504 3478
f 3479 3505 3504
f 3479 3504 3478
f 3479 3505 3506
f 3479 3506 3480
f 3480 3506 3507
f 3480 3507 3481
f 3481 3507 3508
f 3481 3508 3482
f 3483 3509 3510
f 3483 3510 3484
f 3484 3510 3511
f 3484 3511 3485
f 3485 3511 3512
f 3485 3512 3486
f 3487 3513 3512
f 3487 3512 3486
f 3487 3513 3514
f 3487 3514 3488
f 3488 3514 3515
f 3488 3515 3489
f 3489 3515 3516
f 3489 3516 3490
f 3490 3516 3517
f 3490 3517 3491
f 3491 3517 3518
f 3491 3518 3492
f 3492 3518 3519
f 3492 3519 3493
f 3493 3519 3520
f 3493 3520 3494
f 3494 3520 3521
f 3494 3521 3495
f 3495 3521 3522
f 3495 3522 3496
f 3496 3522 3523
f 3496 3523 3497
f 3497 3523 3524
f 3497 3524 3498
f 3498 3524 3525
f 3498 3525 3499
f 3499 3525 3526
f 3499 3526 3500
f 3500 3526 3527
f 3500 3527 3501
f 3501 3527 3528
f 3501 3528 3502
f 3502 3528 3529
f 3502 3529 3503
f 3503 3529 3530
f 3503 3530 3504
f 3505 3531 3530
f 3505 3530 3504
f 3505 3531 3532
f 3505 3532 3506
f 3506 3532 3533
f 3506 3533 3507
f 3507 3533 3534
f 3507 3534 3508
f 3509 3535 3536
f 3509 3536 3510
f 3510 3536 3537
f 3510 3537 3511
f 3511 3537 3538
f 3511 3538 3512
f 3513 3539 3538
f 3513 3538 3512
f 3513 3539 3540
f 3513 3540 3514
f 3514 3540 3541
f 3514 3541 3515
f 3515 3541 3542
f 3515 3542 3516
f 3516 3542 3543
f 3516 3543 3517
f 3517 3543 3544
f 3517 3544 3518
f 3518 3544 3545
f 3518 3545 3519
f 3519 3545 3546
f 3519 3546 3520
f 3520 3546 3547
f 3520 3547 3521
f 3521 3547 3548
f 3521 3548 3522
f 3522 3548 3549
f 3522 3549 3523
f 3523 3549 3550
f 3523 3550 3524
f 3524 3550 3551
f 3524 3551 3525
f 3525 3551 3552
f 3525 3552 3526
f 3526 3552 3553
f 3526 3553 3527
f 3527 3553 3554
f 3527 3554 3528
f 3528 3554 3555
f 3528 3555 3529
f 3529 3555 3556
f 3529 3556 3530
f 3531 3557 3556
f 3531 3556 3530
f 3531 3557 3558
f 3531 3558 3532
f 3532 3558 3559
f 3532 3559 3533
f 3533 3559 3560
f 3533 3560 3534
f 3535 3561 3562
f 3535 3562 3536
f 3536 3562 3563
f 3536 3563 3537
f 3537 3563 3564
f 3537 3564 3538
f 3539 3565 3564
f 3539 3564 3538
f 3539 3565 3566
f 3539 3566 3540
f 3540 3566 3567
f 3540 3567 3541
f 3541 3567 3568
f 3541 3568 3542
f 3542 3568 3569
f 3542 3569 3543
f 3543 3569 3570
f 3543 3570 3544
f 3544 3570 3571
f 3544 3571 3545
f 3545 3571 3572
f 3545 3572 3546
f 3546 3572 3573
f 3546 3573 3547
f 3547 3573 3574
f 3547 3574 3548
f 3548 3574 3575
f 3548 3575 3549
f 3549 3575 3576
f 3549 3576 3550
f 3550 3576 3577
f 3550 3577 3551
f 3551 3577 3578
f 3551 3578 3552
f 3552 3578 3579
f 3552 3579 3553
f 3553 3579 3580
f 3553 3580 3554
f 3554 3580 3581
f 3554 3581 3555
f 3555 3581 3582
f 3555 3582 3556
f 3557 3583 3582
f 3557 3582 3556
f 3557 3583 3584
f 3557 3584 3558
f 3558 3584 3585
f 3558 3585 3559
f 3559 3585 3586
f 3559 3586 3560
f 3561 3587 3588
f 3561 3588 3562
f 3562 3588 3589
f 3562 3589 3563
f 3563 3589 3590
f 3563 3590 3564
f 3565 3591 3590
f 3565 3590 3564
f 3565 3591 3592
f 3565 3592 3566
f 3566 3592 3593
f 3566 3593 3567
f 3567 3593 3594
f 3567 3594 3568
f 3568 3594 3595
f 3568 3595 3569
f 3569 3595 3596
f 3569 3596 3570
f 3570 3596 3597
f 3570 3597 3571
f 3571 3597 3598
f 3571 3598 3572
f 3572 3598 3599
f 3572 3599 3573
f 3573 3599 3600
f 3573 3600 3574
f 3574 3600 3601
f 3574 3601 3575
f 3575 3601 3602
f 3575 3602 3576
f 3576 3602 3603
f 3576 3603 3577
f 3577 3603 3604
f 3577 3604 3578
f 3578 3604 3605
f 3578 3605 3579
f 3579 3605 3606
f 3579 3606 3580
f 3580 3606 3607
f 3580 3607 3581
f 3581 3607 3608
f 3581 3608 3582
f 3583 3609 3608
f 3583 3608 3582
f 3583 3609 3610
f 3583 3610 3584
f 3584 3610 3611
f 3584 3611 3585
f 3585 3611 3612
f 3585 3612 3586
f 3588 3614 3613
f 3588 3613 3587
f 3588 3614 3615
f 3588 3615 3589
f 3589 3615 3616
f 3589 3616 3590
f 3591 3617 3616
f 3591 3616 3590
f 3591 3617 3618
f 3591 3618 3592
f 3592 3618 3619
f 3592 3619 3593
f 3593 3619 3620
f 3593 3620 3594
f 3594 3620 3621
f 3594 3621 3595
f 3595 3621 3622
f 3595 3622 3596
f 3596 3622 3623
f 3596 3623 3597
f 3597 3623 3624
f 3597 3624 3598
f 3598 3624 3625
f 3598 3625 3599
f 3599 3625 3626
f 3599 3626 3600
f 3600 3626 3627
f 3600 3627 3601
f 3601 3627 3628
f 3601 3628 3602
f 3602 3628 3629
f 3602 3629 3603
f 3603 3629 3630
f 3603 3630 3604
f 3604 3630 3631
f 3604 3631 3605
f 3605 3631 3632
f 3605 3632 3606
f 3606 3632 3633
f 3606 3633 3607
f 3607 3633 3634
f 3607 3634 3608
f 3609 3635 3634
f 3609 3634 3608
f 3609 3635 3636
f 3609 3636 3610
f 3610 3636 3637
f 3610 3637 3611
f 3611 3637 3638
f 3611 3638 3612
f 3614 3640 3639
f 3614 3639 3613
f 3615 3641 3640
f 3615 3640 3614
f 3615 3641 3642
f 3615 3642 3616
f 3617 3643 3642
f 3617 3642 3616
f 3617 3643 3644
f 3617 3644 3618
f 3618 3644 3645
f 3618 3645 3619
f 3619 3645 3646
f 3619 3646 3620
f 3620 3646 3647
f 3620 3647 3621
f 3621 3647 3648
f 3621 3648 3622
f 3622 3648 3649
f 3622 3649 3623
f 3623 3649 3650
f 3623 3650 3624
f 3624 3650 3651
f 3624 3651 3625
f 3625 3651 3652
f 3625 3652 3626
f 3626 3652 3653
f 3626 3653 3627
f 3627 3653 3654
f 3627 3654 3628
f 3628 3654 3655
f 3628 3655 3629
f 3629 3655 3656
f 3629 3656 3630
f 3630 3656 3657
f 3630 3657 3631
f 3631 3657 3658
f 3631 3658 3632
f 3632 3658 3659
f 3632 3659 3633
f 3633 3659 3660
f 3633 3660 3634
f 3635 3661 3660
f 3635 3660 3634
f 3635 3661 3662
f 3635 3662 3636
f 3636 3662 3663
f 3636 3663 3637
f 3638 3664 3663
f 3638 3663 3637
f 3640 3666 3665
f 3640 3665 3639
f 3641 3667 3666
f 3641 3666 3640
f 3641 3667 3668
f 3641 3668 3642
f 3642 3668 3669
f 3642 3669 3643
f 3643 3669 3670
f 3643 3670 3644
f 3644 3670 3671
f 3644 3671 3645
f 3645 3671 3672
f 3645 3672 3646
f 3646 3672 3673
f 3646 3673 3647
f 3647 3673 3674
f 3647 3674 3648
f 3648 3674 3675
f 3648 3675 3649
f 3649 3675 3676
f 3649 3676 3650
f 3650 3676 3677
f 3650 3677 3651
f 3651 3677 3678
f 3651 3678 3652
f 3652 3678 3679
f 3652 3679 3653
f 3653 3679 3680
f 3653 3680 3654
f 3654 3680 3681
f 3654 3681 3655
f 3655 3681 3682
f 3655 3682 3656
f 3656 3682 3683
f 3656 3683 3657
f 3657 3683 3684
f 3657 3684 3658
f 3658 3684 3685
f 3658 3685 3659
f 3659 3685 3686
f 3659 3686 3660
f 3660 3686 3687
f 3660 3687 3661
f 3661 3687 3688
f 3661 3688 3662
f 3663 3689 3688
f 3663 3688 3662
f 3664 3690 3689
f 3664 3689 3663
f 3666 3692 3691
f 3666 3691 3665
f 3667 3693 3692
f 3667 3692 3666
f 3668 3694 3693
f 3668 3693 3667
f 3668 3694 3695
f 3668 3695 3669
f 3669 3695 3696
f 3669 3696 3670
f 3670 3696 3697
f 3670 3697 3671
f 3671 3697 3698
f 3671 3698 3672
f 3672 3698 3699
f 3672 3699 3673
f 3673 3699 3700
f 3673 3700 3674
f 3674 3700 3701
f 3674 3701 3675
f 3675 3701 3702
f 3675 3702 3676
f 3676 3702 3703
f 3676 3703 3677
f 3677 3703 3704
f 3677 3704 3678
f 3678 3704 3705
f 3678 3705 3679
f 3679 3705 3706
f 3679 3706 3680
f 3680 3706 3707
f 3680 3707 3681
f 3681 3707 3708
f 3681 3708 3682
f 3682 3708 3709
f 3682 3709 3683
f 3683 3709 3710
f 3683 3710 3684
f 3684 3710 3711
f 3684 3711 3685
f 3685 3711 3712
f 3685 3712 3686
f 3686 3712 3713
f 3686 3713 3687
f 3687 3713 3714
f 3687 3714 3688
f 3689 3715 3714
f 3689 3714 3688
f 3690 3716 3715
f 3690 3715 3689
f 3041 3067 2391
f 3041 2391 2365
f 2416 3092 3066
f 2416 3066 2390
f 3067 3093 2417
f 3067 2417 2391
f 2442 3118 3092
f 2442 3092 2416
f 3093 3119 2443
f 3093 2443 2417
f 2468 3144 3118
f 2468 3118 2442
f 3119 3145 2469
f 3119 2469 2443
f 2494 3170 3144
f 2494 3144 2468
f 3145 3171 2495
f 3145 2495 2469
f 2520 3196 3170
f 2520 3170 2494
f 3171 3197 2521
f 3171 2521 2495
f 2546 3222 3196
f 2546 3196 2520
f 3197 3223 2547
f 3197 2547 2521
f 2572 3248 3222
f 2572 3222 2546
f 3223 3249 2573
f 3223 2573 2547
f 2598 3274 3248
f 2598 3248 2572
f 3249 3275 2599
f 3249 2599 2573
f 2624 3300 3274
f 2624 3274 2598
f 3275 3301 2625
f 3275 2625 2599
f 2650 3326 3300
f 2650 3300 2624
f 3301 3327 2651
f 3301 2651 2625
f 2676 3352 3326
f 2676 3326 2650
f 3327 3353 2677
f 3327 2677 2651
f 2702 3378 3352
f 2702 3352 2676
f 3353 3379 2703
f 3353 2703 2677
f 2728 3404 3378
f 2728 3378 2702
f 3379 3405 2729
f 3379 2729 2703
f 2754 3430 3404
f 2754 3404 2728
f 3405 3431 2755
f 3405 2755 2729
f 2780 3456 3430
f 2780 3430 2754
f 3431 3457 2781
f 3431 2781 2755
f 2806 3482 3456
f 2806 3456 2780
f 3457 3483 2807
f 3457 2807 2781
f 2832 3508 3482
f 2832 3482 2806
f 3483 3509 2833
f 3483 2833 2807
f 2858 3534 3508
f 2858 3508 2832
f 3509 3535 2859
f 3509 2859 2833
f 2884 3560 3534
f 2884 3534 2858
f 3535 3561 2885
f 3535 2885 2859
f 2910 3586 3560
f 2910 3560 2884
f 3561 3587 2911
f 3561 2911 2885
f 2936 3612 3586
f 2936 3586 2910
f 3587 3613 2937
f 3587 2937 2911
f 2962 3638 3612
f 2962 3612 2936
f 3613 3639 2963
f 3613 2963 2937
f 2988 3664 3638
f 2988 3638 2962
f 3639 3665 2989
f 3639 2989 2963
f 3014 3690 3664
f 3014 3664 2988
f 3665 3691 3015
f 3665 3015 2989
f 3040 3716 3690
f 3040 3690 3014
f 2366 3042 3041
f 2366 3041 2365
f 3691 3692 3016
f 3691 3016 3015
f 2367 3043 3042
f 2367 3042 2366
f 3692 3693 3017
f 3692 3017 3016
f 2368 3044 3043
f 2368 3043 2367
f 3693 3694 3018
f 3693 3018 3017
f 2369 3045 3044
f 2369 3044 2368
f 3694 3695 3019
f 3694 3019 3018
f 2370 3046 3045
f 2370 3045 2369
f 3695 3696 3020
f 3695 3020 3019
f 2371 3047 3046
f 2371 3046 2370
f 3696 3697 3021
f 3696 3021 3020
f 2372 3048 3047
f 2372 3047 2371
f 3697 3698 3022
f 3697 3022 3021
f 2373 3049 3048
f 2373 3048 2372
f 3698 3699 3023
f 3698 3023 3022
f 2374 3050 3049
f 2374 3049 2373
f 3699 3700 3024
f 3699 3024 3023
f 2375 3051 3050
f 2375 3050 2374
f 3700 3701 3025
f 3700 3025 3024
f 2376 3052 3051
f 2376 3051 2375
f 3701 3702 3026
f 3701 3026 3025
f 2377 3053 3052
f 2377 3052 2376
f 3702 3703 3027
f 3702 3027 3026
f 2378 3054 3053
f 2378 3053 2377
f 3703 3704 3028
f 3703 3028 3027
f 2379 3055 3054
f 2379 3054 2378
f 3704 3705 3029
f 3704 3029 3028
f 2380 3056 3055
f 2380 3055 2379
f 3705 3706 3030
f 3705 3030 3029
f 2381 3057 3056
f 2381 3056 2380
f 3706 3707 3031
f 3706 3031 3030
f 2382 3058 3057
f 2382 3057 2381
f 3707 3708 3032
f 3707 3032 3031
f 2383 3059 3058
f 2383 3058 2382
f 3708 3709 3033
f 3708 3033 3032
f 2384 3060 3059
f 2384 3059 2383
f 3709 3710 3034
f 3709 3034 3033
f 2385 3061 3060
f 2385 3060 2384
f 3710 3711 3035
f 3710 3035 3034
f 2386 3062 3061
f 2386 3061 2385
f 3711 3712 3036
f 3711 3036 3035
f 2387 3063 3062
f 2387 3062 2386
f 3712 3713 3037
f 3712 3037 3036
f 2388 3064 3063
f 2388 3063 2387
f 3713 3714 3038
f 3713 3038 3037
f 2389 3065 3064
f 2389 3064 2388
f 3714 3715 3039
f 3714 3039 3038
f 2390 3066 3065
f 2390 3065 2389
f 3715 3716 3040
f 3715 3040 3039
o gorget
v 0.720000 2.850000 0.000000
v 1.020000 3.350000 0.000000
v 0.695467 2.850000 0.186350
v 0.985244 3.350000 0.263995
v 0.623538 2.850000 0.360000
v 0.883346 3.350000 0.510000
v 0.509117 2.850000 0.509117
v 0.721249 3.350000 0.721249
v 0.360000 2.850000 0.623538
v 0.510000 3.350000 0.883346
v 0.186350 2.850000 0.695467
v 0.263995 3.350000 0.985244
v 0.000000 2.850000 0.720000
v 0.000000 3.350000 1.020000
v -0.186350 2.850000 0.695467
v -0.263995 3.350000 0.985244
v -0.360000 2.850000 0.623538
v -0.510000 3.350000 0.883346
v -0.509117 2.850000 0.509117
v -0.721249 3.350000 0.721249
v -0.623538 2.850000 0.360000
v -0.883346 3.350000 0.510000
v -0.695467 2.850000 0.186350
v -0.985244 3.350000 0.263995
v -0.720000 2.850000 0.000000
v -1.020000 3.350000 0.000000
v -0.695467 2.850000 -0.186350
v -0.985244 3.350000 -0.263995
v -0.623538 2.850000 -0.360000
v -0.883346 3.350000 -0.510000
v -0.509117 2.850000 -0.509117
v -0.721249 3.350000 -0.721249
v -0.360000 2.850000 -0.623538
v -0.510000 3.350000 -0.883346
v -0.186350 2.850000 -0.695467
v -0.263995 3.350000 -0.985244
v -0.000000 2.850000 -0.720000
v -0.000000 3.350000 -1.020000
v 0.186350 2.850000 -0.695467
v 0.263995 3.350000 -0.985244
v 0.360000 2.850000 -0.623538
v 0.510000 3.350000 -0.883346
v 0.509117 2.850000 -0.509117
v 0.721249 3.350000 -0.721249
v 0.623538 2.850000 -0.360000
v 0.883346 3.350000 -0.510000
v 0.695467 2.850000 -0.186350
v 0.985244 3.350000 -0.263995
v 0.720000 2.850000 -0.000000
v 1.020000 3.350000 -0.000000
vn 0.852080 -0.511248 0.112179
vn 0.852080 -0.511248 0.112179
vn 0.817956 -0.514132 0.258101
vn 0.837421 -0.514132 0.185456
vn 0.723284 -0.514132 0.461009
vn 0.760887 -0.514132 0.395877
vn 0.579320 -0.514132 0.632500
vn 0.632500 -0.514132 0.579320
vn 0.395877 -0.514132 0.760887
vn 0.461009 -0.514132 0.723284
vn 0.185456 -0.514132 0.837421
vn 0.258101 -0.514132 0.817956
vn -0.037604 -0.514132 0.856886
vn 0.037604 -0.514132 0.856886
vn -0.258101 -0.514132 0.817956
vn -0.185456 -0.514132 0.837421
vn -0.461009 -0.514132 0.723284
vn -0.395877 -0.514132 0.760887
vn -0.632500 -0.514132 0.579320
vn -0.579320 -0.514132 0.632500
vn -0.760887 -0.514132 0.395877
vn -0.723284 -0.514132 0.461009
vn -0.837421 -0.514132 0.185456
vn -0.817956 -0.514132 0.258101
vn -0.856886 -0.514132 -0.037604
vn -0.856886 -0.514132 0.037604
vn -0.817956 -0.514132 -0.258101
vn -0.837421 -0.514132 -0.185456
vn -0.723284 -0.514132 -0.461009
vn -0.760887 -0.514132 -0.395877
vn -0.579320 -0.514132 -0.632500
vn -0.632500 -0.514132 -0.579320
vn -0.395877 -0.514132 -0.760887
vn -0.461009 -0.514132 -0.723284
vn -0.185456 -0.514132 -0.837421
vn -0.258101 -0.514132 -0.817956
vn 0.037604 -0.514132 -0.856886
vn -0.037604 -0.514132 -0.856886
vn 0.258101 -0.514132 -0.817956
vn 0.185456 -0.514132 -0.837421
vn 0.461009 -0.514132 -0.723284
vn 0.395877 -0.514132 -0.760887
vn 0.632500 -0.514132 -0.579320
vn 0.579320 -0.514132 -0.632500
vn 0.760887 -0.514132 -0.395877
vn 0.723284 -0.514132 -0.461009
vn 0.837421 -0.514132 -0.185456
vn 0.817956 -0.514132 -0.258101
vn 0.852080 -0.511248 -0.112179
vn 0.852080 -0.511248 -0.112179
usemtl steel
f 3717 3718 3720
f 3717 3720 3719
f 3719 3720 3722
f 3719 3722 3721
f 3721 3722 3724
f 3721 3724 3723
f 3723 3724 3726
f 3723 3726 3725
f 3725 3726 3728
f 3725 3728 3727
f 3727 3728 3730
f 3727 3730 3729
f 3729 3730 3732
f 3729 3732 3731
f 3731 3732 3734
f 3731 3734 3733
f 3733 3734 3736
f 3733 3736 3735
f 3735 3736 3738
f 3735 3738 3737
f 3737 3738 3740
f 3737 3740 3739
f 3739 3740 3742
f 3739 3742 3741
f 3741 3742 3744
f 3741 3744 3743
f 3743 3744 3746
f 3743 3746 3745
f 3745 3746 3748
f 3745 3748 3747
f 3747 3748 3750
f 3747 3750 3749
f 3749 3750 3752
f 3749 3752 3751
f 3751 3752 3754
f 3751 3754 3753
f 3753 3754 3756
f 3753 3756 3755
f 3755 3756 3758
f 3755 3758 3757
f 3757 3758 3760
f 3757 3760 3759
f 3759 3760 3762
f 3759 3762 3761
f 3761 3762 3764
f 3761 3764 3763
f 3763 3764 3766
f 3763 3766 3765
o fauld_v2_front_0
v 0.883346 1.790000 0.377400
v 0.744782 1.950000 0.318200
v 0.835535 1.790000 0.432935
v 0.704471 1.950000 0.365024
v 0.781365 1.790000 0.485176
v 0.658798 1.950000 0.409070
v 0.721249 1.790000 0.533724
v 0.608112 1.950000 0.450003
v 0.655643 1.790000 0.578210
v 0.552797 1.950000 0.487511
v 0.585048 1.790000 0.618296
v 0.493276 1.950000 0.521308
v 0.510000 1.790000 0.653676
v 0.430000 1.950000 0.551139
v 0.431071 1.790000 0.684081
v 0.363452 1.950000 0.576774
v 0.348861 1.790000 0.709280
v 0.294137 1.950000 0.598020
v 0.263995 1.790000 0.729081
v 0.222584 1.950000 0.614715
v 0.177121 1.790000 0.743333
v 0.149337 1.950000 0.626732
v 0.088899 1.790000 0.751928
v 0.074954 1.950000 0.633978
v 0.000000 1.790000 0.754800
v 0.000000 1.950000 0.636400
v -0.088899 1.790000 0.751928
v -0.074954 1.950000 0.633978
v -0.177121 1.790000 0.743333
v -0.149337 1.950000 0.626732
v -0.263995 1.790000 0.729081
v -0.222584 1.950000 0.614715
v -0.348861 1.790000 0.709280
v -0.294137 1.950000 0.598020
v -0.431071 1.790000 0.684081
v -0.363452 1.950000 0.576774
v -0.510000 1.790000 0.653676
v -0.430000 1.950000 0.551139
v -0.585048 1.790000 0.618296
v -0.493276 1.950000 0.521308
v -0.655643 1.790000 0.578210
v -0.552797 1.950000 0.487511
v -0.721249 1.790000 0.533724
v -0.608112 1.950000 0.450003
v -0.781365 1.790000 0.485176
v -0.658798 1.950000 0.409070
v -0.835535 1.790000 0.432935
v -0.704471 1.950000 0.365024
v -0.883346 1.790000 0.377400
v -0.744782 1.950000 0.318200
vn 0.563943 0.668024 0.485502
vn 0.563943 0.668024 0.485502
vn 0.536704 0.661804 0.523416
vn 0.550480 0.665100 0.504594
vn 0.493393 0.651878 0.575864
vn 0.508149 0.655179 0.559040
vn 0.447587 0.642142 0.622350
vn 0.463102 0.645346 0.607507
vn 0.399883 0.632874 0.662996
vn 0.415969 0.635894 0.650083
vn 0.350775 0.624304 0.697998
vn 0.367279 0.627069 0.686943
vn 0.300659 0.616614 0.727593
vn 0.317460 0.619068 0.718314
vn 0.249840 0.609947 0.752027
vn 0.266846 0.612046 0.744441
vn 0.198549 0.604411 0.771534
vn 0.215690 0.606124 0.765566
vn 0.146951 0.600085 0.786322
vn 0.164178 0.601388 0.781907
vn 0.095165 0.597024 0.796559
vn 0.112444 0.597900 0.793645
vn 0.043276 0.595263 0.802365
vn 0.060581 0.595703 0.800917
vn -0.008657 0.594821 0.803812
vn 0.008657 0.594821 0.803812
vn -0.060581 0.595703 0.800917
vn -0.043276 0.595263 0.802365
vn -0.112444 0.597900 0.793645
vn -0.095165 0.597024 0.796559
vn -0.164178 0.601388 0.781907
vn -0.146951 0.600085 0.786322
vn -0.215690 0.606124 0.765566
vn -0.198549 0.604411 0.771534
vn -0.266846 0.612046 0.744441
vn -0.249840 0.609947 0.752027
vn -0.317460 0.619068 0.718314
vn -0.300659 0.616614 0.727593
vn -0.367279 0.627069 0.686943
vn -0.350775 0.624304 0.697998
vn -0.415969 0.635894 0.650083
vn -0.399883 0.632874 0.662996
vn -0.463102 0.645346 0.607507
vn -0.447587 0.642142 0.622350
vn -0.508149 0.655179 0.559040
vn -0.493393 0.651878 0.575864
vn -0.550480 0.665100 0.504594
vn -0.536704 0.661804 0.523416
vn -0.563943 0.668024 0.485502
vn -0.563943 0.668024 0.485502
usemtl steel
f 3767 3768 3770
f 3767 3770 3769
f 3769 3770 3772
f 3769 3772 3771
f 3771 3772 3774
f 3771 3774 3773
f 3773 3774 3776
f 3773 3776 3775
f 3775 3776 3778
f 3775 3778 3777
f 3777 3778 3780
f 3777 3780 3779
f 3779 3780 3782
f 3779 3782 3781
f 3781 3782 3784
f 3781 3784 3783
f 3783 3784 3786
f 3783 3786 3785
f 3785 3786 3788
f 3785 3788 3787
f 3787 3788 3790
f 3787 3790 3789
f 3789 3790 3792
f 3789 3792 3791
f 3791 3792 3794
f 3791 3794 3793
f 3793 3794 3796
f 3793 3796 3795
f 3795 3796 3798
f 3795 3798 3797
f 3797 3798 3800
f 3797 3800 3799
f 3799 3800 3802
f 3799 3802 3801
f 3801 3802 3804
f 3801 3804 3803
f 3803 3804 3806
f 3803 3806 3805
f 3805 3806 3808
f 3805 3808 3807
f 3807 3808 3810
f 3807 3810 3809
f 3809 3810 3812
f 3809 3812 3811
f 3811 3812 3814
f 3811 3814 3813
f 3813 3814 3816
f 3813 3816 3815
o fauld_v2_front_1
v 0.969948 1.610000 0.414400
v 0.831384 1.770000 0.355200
v 0.917450 1.610000 0.475380
v 0.786386 1.770000 0.407469
v 0.857970 1.610000 0.532742
v 0.735403 1.770000 0.456636
v 0.791960 1.610000 0.586050
v 0.678823 1.770000 0.502329
v 0.719922 1.610000 0.634898
v 0.617076 1.770000 0.544198
v 0.642406 1.610000 0.678913
v 0.550633 1.770000 0.581926
v 0.560000 1.610000 0.717762
v 0.480000 1.770000 0.615224
v 0.473332 1.610000 0.751148
v 0.405714 1.770000 0.643841
v 0.383063 1.610000 0.778817
v 0.328339 1.770000 0.667558
v 0.289877 1.610000 0.800559
v 0.248466 1.770000 0.686194
v 0.194486 1.610000 0.816209
v 0.166702 1.770000 0.699607
v 0.097614 1.610000 0.825646
v 0.083670 1.770000 0.707697
v 0.000000 1.610000 0.828800
v 0.000000 1.770000 0.710400
v -0.097614 1.610000 0.825646
v -0.083670 1.770000 0.707697
v -0.194486 1.610000 0.816209
v -0.166702 1.770000 0.699607
v -0.289877 1.610000 0.800559
v -0.248466 1.770000 0.686194
v -0.383063 1.610000 0.778817
v -0.328339 1.770000 0.667558
v -0.473332 1.610000 0.751148
v -0.405714 1.770000 0.643841
v -0.560000 1.610000 0.717762
v -0.480000 1.770000 0.615224
v -0.642406 1.610000 0.678913
v -0.550633 1.770000 0.581926
v -0.719922 1.610000 0.634898
v -0.617076 1.770000 0.544198
v -0.791960 1.610000 0.586050
v -0.678823 1.770000 0.502329
v -0.857970 1.610000 0.532742
v -0.735403 1.770000 0.456636
v -0.917450 1.610000 0.475380
v -0.786386 1.770000 0.407469
v -0.969948 1.610000 0.414400
v -0.831384 1.770000 0.355200
vn 0.563943 0.668024 0.485502
vn 0.563943 0.668024 0.485502
vn 0.536704 0.661804 0.523416
vn 0.550480 0.665100 0.504594
vn 0.493393 0.651878 0.575864
vn 0.508149 0.655179 0.559040
vn 0.447587 0.642142 0.622350
vn 0.463102 0.645346 0.607507
vn 0.399883 0.632874 0.662996
vn 0.415969 0.635894 0.650083
vn 0.350775 0.624304 0.697998
vn 0.367279 0.627069 0.686943
vn 0.300659 0.616614 0.727593
vn 0.317460 0.619068 0.718314
vn 0.249840 0.609947 0.752027
vn 0.266846 0.612046 0.744441
vn 0.198549 0.604411 0.771534
vn 0.215690 0.606124 0.765566
vn 0.146951 0.600085 0.786322
vn 0.164178 0.601388 0.781907
vn 0.095165 0.597024 0.796559
vn 0.112444 0.597900 0.793645
vn 0.043276 0.595263 0.802365
vn 0.060581 0.595703 0.800917
vn -0.008657 0.594821 0.803812
vn 0.008657 0.594821 0.803812
vn -0.060581 0.595703 0.800917
vn -0.043276 0.595263 0.802365
vn -0.112444 0.597900 0.793645
vn -0.095165 0.597024 0.796559
vn -0.164178 0.601388 0.781907
vn -0.146951 0.600085 0.786322
vn -0.215690 0.606124 0.765566
vn -0.198549 0.604411 0.771534
vn -0.266846 0.612046 0.744441
vn -0.249840 0.609947 0.752027
vn -0.317460 0.619068 0.718314
vn -0.300659 0.616614 0.727593
vn -0.367279 0.627069 0.686943
vn -0.350775 0.624304 0.697998
vn -0.415969 0.635894 0.650083
vn -0.399883 0.632874 0.662996
vn -0.463102 0.645346 0.607507
vn -0.447587 0.642142 0.622350
vn -0.508149 0.655179 0.559040
vn -0.493393 0.651878 0.575864
vn -0.550480 0.665100 0.504594
vn -0.536704 0.661804 0.523416
vn -0.563943 0.668024 0.485502
vn -0.563943 0.668024 0.485502
usemtl steel
f 3817 3818 3820
f 3817 3820 3819
f 3819 3820 3822
f 3819 3822 3821
f 3821 3822 3824
f 3821 3824 3823
f 3823 3824 3826
f 3823 3826 3825
f 3825 3826 3828
f 3825 3828 3827
f 3827 3828 3830
f 3827 3830 3829
f 3829 3830 3832
f 3829 3832 3831
f 3831 3832 3834
f 3831 3834 3833
f 3833 3834 3836
f 3833 3836 3835
f 3835 3836 3838
f 3835 3838 3837
f 3837 3838 3840
f 3837 3840 3839
f 3839 3840 3842
f 3839 3842 3841
f 3841 3842 3844
f 3841 3844 3843
f 3843 3844 3846
f 3843 3846 3845
f 3845 3846 3848
f 3845 3848 3847
f 3847 3848 3850
f 3847 3850 3849
f 3849 3850 3852
f 3849 3852 3851
f 3851 3852 3854
f 3851 3854 3853
f 3853 3854 3856
f 3853 3856 3855
f 3855 3856 3858
f 3855 3858 3857
f 3857 3858 3860
f 3857 3860 3859
f 3859 3860 3862
f 3859 3862 3861
f 3861 3862 3864
f 3861 3864 3863
f 3863 3864 3866
f 3863 3866 3865
o fauld_v2_front_2
v 1.056551 1.430000 0.451400
v 0.917987 1.590000 0.392200
v 0.999365 1.430000 0.517825
v 0.868301 1.590000 0.449913
v 0.934574 1.430000 0.580309
v 0.812007 1.590000 0.504203
v 0.862670 1.430000 0.638376
v 0.749533 1.590000 0.554655
v 0.784201 1.430000 0.691585
v 0.681355 1.590000 0.600885
v 0.699763 1.430000 0.739530
v 0.607991 1.590000 0.642543
v 0.610000 1.430000 0.781848
v 0.530000 1.590000 0.679310
v 0.515594 1.430000 0.818215
v 0.447975 1.590000 0.710908
v 0.417265 1.430000 0.848354
v 0.362541 1.590000 0.737095
v 0.315759 1.430000 0.872038
v 0.274348 1.590000 0.757672
v 0.211851 1.430000 0.889084
v 0.184067 1.590000 0.772483
v 0.106330 1.430000 0.899365
v 0.092385 1.590000 0.781415
v 0.000000 1.430000 0.902800
v 0.000000 1.590000 0.784400
v -0.106330 1.430000 0.899365
v -0.092385 1.590000 0.781415
v -0.211851 1.430000 0.889084
v -0.184067 1.590000 0.772483
v -0.315759 1.430000 0.872038
v -0.274348 1.590000 0.757672
v -0.417265 1.430000 0.848354
v -0.362541 1.590000 0.737095
v -0.515594 1.430000 0.818215
v -0.447975 1.590000 0.710908
v -0.610000 1.430000 0.781848
v -0.530000 1.590000 0.679310
v -0.699763 1.430000 0.739530
v -0.607991 1.590000 0.642543
v -0.784201 1.430000 0.691585
v -0.681355 1.590000 0.600885
v -0.862670 1.430000 0.638376
v -0.749533 1.590000 0.554655
v -0.934574 1.430000 0.580309
v -0.812007 1.590000 0.504203
v -0.999365 1.430000 0.517825
v -0.868301 1.590000 0.449913
v -1.056551 1.430000 0.451400
v -0.917987 1.590000 0.392200
vn 0.563943 0.668024 0.485502
vn 0.563943 0.668024 0.485502
vn 0.536704 0.661804 0.523416
vn 0.550480 0.665100 0.504594
vn 0.493393 0.651878 0.575864
vn 0.508149 0.655179 0.559040
vn 0.447587 0.642142 0.622350
vn 0.463102 0.645346 0.607507
vn 0.399883 0.632874 0.662996
vn 0.415969 0.635894 0.650083
vn 0.350775 0.624304 0.697998
vn 0.367279 0.627069 0.686943
vn 0.300659 0.616614 0.727593
vn 0.317460 0.619068 0.718314
vn 0.249840 0.609947 0.752027
vn 0.266846 0.612046 0.744441
vn 0.198549 0.604411 0.771534
vn 0.215690 0.606124 0.765566
vn 0.146951 0.600085 0.786322
vn 0.164178 0.601388 0.781907
vn 0.095165 0.597024 0.796559
vn 0.112444 0.597900 0.793645
vn 0.043276 0.595263 0.802365
vn 0.060581 0.595703 0.800917
vn -0.008657 0.594821 0.803812
vn 0.008657 0.594821 0.803812
vn -0.060581 0.595703 0.800917
vn -0.043276 0.595263 0.802365
vn -0.112444 0.597900 0.793645
vn -0.095165 0.597024 0.796559
vn -0.164178 0.601388 0.781907
vn -0.146951 0.600085 0.786322
vn -0.215690 0.606124 0.765566
vn -0.198549 0.604411 0.771534
vn -0.266846 0.612046 0.744441
vn -0.249840 0.609947 0.752027
vn -0.317460 0.619068 0.718314
vn -0.300659 0.616614 0.727593
vn -0.367279 0.627069 0.686943
vn -0.350775 0.624304 0.697998
vn -0.415969 0.635894 0.650083
vn -0.399883 0.632874 0.662996
vn -0.463102 0.645346 0.607507
vn -0.447587 0.642142 0.622350
vn -0.508149 0.655179 0.559040
vn -0.493393 0.651878 0.575864
vn -0.550480 0.665100 0.504594
vn -0.536704 0.661804 0.523416
vn -0.563943 0.668024 0.485502
vn -0.563943 0.668024 0.485502
usemtl steel
f 3867 3868 3870
f 3867 3870 3869
f 3869 3870 3872
f 3869 3872 3871
f 3871 3872 3874
f 3871 3874 3873
f 3873 3874 3876
f 3873 3876 3875
f 3875 3876 3878
f 3875 3878 3877
f 3877 3878 3880
f 3877 3880 3879
f 3879 3880 3882
f 3879 3882 3881
f 3881 3882 3884
f 3881 3884 3883
f 3883 3884 3886
f 3883 3886 3885
f 3885 3886 3888
f 3885 3888 3887
f 3887 3888 3890
f 3887 3890 3889
f 3889 3890 3892
f 3889 3892 3891
f 3891 3892 3894
f 3891 3894 3893
f 3893 3894 3896
f 3893 3896 3895
f 3895 3896 3898
f 3895 3898 3897
f 3897 3898 3900
f 3897 3900 3899
f 3899 3900 3902
f 3899 3902 3901
f 3901 3902 3904
f 3901 3904 3903
f 3903 3904 3906
f 3903 3906 3905
f 3905 3906 3908
f 3905 3908 3907
f 3907 3908 3910
f 3907 3910 3909
f 3909 3910 3912
f 3909 3912 3911
f 3911 3912 3914
f 3911 3914 3913
f 3913 3914 3916
f 3913 3916 3915
o fauld_v2_back_0
v -0.883346 1.780000 -0.377400
v -0.779423 1.920000 -0.333000
v -0.835535 1.780000 -0.432935
v -0.737237 1.920000 -0.382002
v -0.781365 1.780000 -0.485176
v -0.689440 1.920000 -0.428097
v -0.721249 1.780000 -0.533724
v -0.636396 1.920000 -0.470933
v -0.655643 1.780000 -0.578210
v -0.578509 1.920000 -0.510186
v -0.585048 1.780000 -0.618296
v -0.516219 1.920000 -0.545555
v -0.510000 1.780000 -0.653676
v -0.450000 1.920000 -0.576773
v -0.431071 1.780000 -0.684081
v -0.380356 1.920000 -0.603601
v -0.348861 1.780000 -0.709280
v -0.307818 1.920000 -0.625835
v -0.263995 1.780000 -0.729081
v -0.232937 1.920000 -0.643307
v -0.177121 1.780000 -0.743333
v -0.156283 1.920000 -0.655882
v -0.088899 1.780000 -0.751928
v -0.078440 1.920000 -0.663466
v -0.000000 1.780000 -0.754800
v -0.000000 1.920000 -0.666000
v 0.088899 1.780000 -0.751928
v 0.078440 1.920000 -0.663466
v 0.177121 1.780000 -0.743333
v 0.156283 1.920000 -0.655882
v 0.263995 1.780000 -0.729081
v 0.232937 1.920000 -0.643307
v 0.348861 1.780000 -0.709280
v 0.307818 1.920000 -0.625835
v 0.431071 1.780000 -0.684081
v 0.380356 1.920000 -0.603601
v 0.510000 1.780000 -0.653676
v 0.450000 1.920000 -0.576773
v 0.585048 1.780000 -0.618296
v 0.516219 1.920000 -0.545555
v 0.655643 1.780000 -0.578210
v 0.578509 1.920000 -0.510186
v 0.721249 1.780000 -0.533724
v 0.636396 1.920000 -0.470933
v 0.781365 1.780000 -0.485176
v 0.689440 1.920000 -0.428097
v 0.835535 1.780000 -0.432935
v 0.737237 1.920000 -0.382002
v 0.883346 1.780000 -0.377400
v 0.779423 1.920000 -0.333000
vn -0.600617 0.609830 -0.517075
vn -0.600617 0.609830 -0.517075
vn -0.570917 0.603405 -0.556737
vn -0.585955 0.606808 -0.537067
vn -0.523823 0.593195 -0.611334
vn -0.539837 0.596583 -0.593856
vn -0.474301 0.583238 -0.659448
vn -0.491043 0.586508 -0.644116
vn -0.423007 0.573811 -0.701289
vn -0.440274 0.576877 -0.688021
vn -0.370469 0.565136 -0.737139
vn -0.388097 0.567930 -0.725835
vn -0.317092 0.557388 -0.767314
vn -0.334961 0.559856 -0.757867
vn -0.263179 0.550697 -0.792130
vn -0.281197 0.552801 -0.784435
vn -0.208942 0.545160 -0.811877
vn -0.227049 0.546871 -0.805842
vn -0.154526 0.540843 -0.826807
vn -0.172679 0.542141 -0.822353
vn -0.100017 0.537795 -0.837122
vn -0.118194 0.538667 -0.834187
vn -0.045468 0.536043 -0.842965
vn -0.063654 0.536481 -0.841508
vn 0.009094 0.535604 -0.844420
vn -0.009094 0.535604 -0.844420
vn 0.063654 0.536481 -0.841508
vn 0.045468 0.536043 -0.842965
vn 0.118194 0.538667 -0.834187
vn 0.100017 0.537795 -0.837122
vn 0.172679 0.542141 -0.822353
vn 0.154526 0.540843 -0.826807
vn 0.227049 0.546871 -0.805842
vn 0.208942 0.545160 -0.811877
vn 0.281197 0.552801 -0.784435
vn 0.263179 0.550697 -0.792130
vn 0.334961 0.559856 -0.757867
vn 0.317092 0.557388 -0.767314
vn 0.388097 0.567930 -0.725835
vn 0.370469 0.565136 -0.737139
vn 0.440274 0.576877 -0.688021
vn 0.423007 0.573811 -0.701289
vn 0.491043 0.586508 -0.644116
vn 0.474301 0.583238 -0.659448
vn 0.539837 0.596583 -0.593856
vn 0.523823 0.593195 -0.611334
vn 0.585955 0.606808 -0.537067
vn 0.570917 0.603405 -0.556737
vn 0.600617 0.609830 -0.517075
vn 0.600617 0.609830 -0.517075
usemtl steel
f 3917 3918 3920
f 3917 3920 3919
f 3919 3920 3922
f 3919 3922 3921
f 3921 3922 3924
f 3921 3924 3923
f 3923 3924 3926
f 3923 3926 3925
f 3925 3926 3928
f 3925 3928 3927
f 3927 3928 3930
f 3927 3930 3929
f 3929 3930 3932
f 3929 3932 3931
f 3931 3932 3934
f 3931 3934 3933
f 3933 3934 3936
f 3933 3936 3935
f 3935 3936 3938
f 3935 3938 3937
f 3937 3938 3940
f 3937 3940 3939
f 3939 3940 3942
f 3939 3942 3941
f 3941 3942 3944
f 3941 3944 3943
f 3943 3944 3946
f 3943 3946 3945
f 3945 3946 3948
f 3945 3948 3947
f 3947 3948 3950
f 3947 3950 3949
f 3949 3950 3952
f 3949 3952 3951
f 3951 3952 3954
f 3951 3954 3953
f 3953 3954 3956
f 3953 3956 3955
f 3955 3956 3958
f 3955 3958 3957
f 3957 3958 3960
f 3957 3960 3959
f 3959 3960 3962
f 3959 3962 3961
f 3961 3962 3964
f 3961 3964 3963
f 3963 3964 3966
f 3963 3966 3965
o fauld_v2_back_1
v -0.952628 1.620000 -0.407000
v -0.848705 1.760000 -0.362600
v -0.901067 1.620000 -0.466891
v -0.802769 1.760000 -0.415958
v -0.842649 1.620000 -0.523229
v -0.750724 1.760000 -0.466150
v -0.777817 1.620000 -0.575585
v -0.692965 1.760000 -0.512794
v -0.707066 1.620000 -0.623560
v -0.629932 1.760000 -0.555535
v -0.630934 1.620000 -0.666790
v -0.562105 1.760000 -0.594049
v -0.550000 1.620000 -0.704945
v -0.490000 1.760000 -0.628042
v -0.464880 1.620000 -0.737735
v -0.414166 1.760000 -0.657254
v -0.376222 1.620000 -0.764910
v -0.335180 1.760000 -0.681465
v -0.284701 1.620000 -0.786264
v -0.253643 1.760000 -0.700489
v -0.191013 1.620000 -0.801634
v -0.170175 1.760000 -0.714183
v -0.095871 1.620000 -0.810902
v -0.085413 1.760000 -0.722440
v -0.000000 1.620000 -0.814000
v -0.000000 1.760000 -0.725200
v 0.095871 1.620000 -0.810902
v 0.085413 1.760000 -0.722440
v 0.191013 1.620000 -0.801634
v 0.170175 1.760000 -0.714183
v 0.284701 1.620000 -0.786264
v 0.253643 1.760000 -0.700489
v 0.376222 1.620000 -0.764910
v 0.335180 1.760000 -0.681465
v 0.464880 1.620000 -0.737735
v 0.414166 1.760000 -0.657254
v 0.550000 1.620000 -0.704945
v 0.490000 1.760000 -0.628042
v 0.630934 1.620000 -0.666790
v 0.562105 1.760000 -0.594049
v 0.707066 1.620000 -0.623560
v 0.629932 1.760000 -0.555535
v 0.777817 1.620000 -0.575585
v 0.692965 1.760000 -0.512794
v 0.842649 1.620000 -0.523229
v 0.750724 1.760000 -0.466150
v 0.901067 1.620000 -0.466891
v 0.802769 1.760000 -0.415958
v 0.952628 1.620000 -0.407000
v 0.848705 1.760000 -0.362600
vn -0.600617 0.609830 -0.517075
vn -0.600617 0.609830 -0.517075
vn -0.570917 0.603405 -0.556737
vn -0.585955 0.606808 -0.537067
vn -0.523823 0.593195 -0.611334
vn -0.539837 0.596583 -0.593856
vn -0.474301 0.583238 -0.659448
vn -0.491043 0.586508 -0.644116
vn -0.423007 0.573811 -0.701289
vn -0.440274 0.576877 -0.688021
vn -0.370469 0.565136 -0.737139
vn -0.388097 0.567930 -0.725835
vn -0.317092 0.557388 -0.767314
vn -0.334961 0.559856 -0.757867
vn -0.263179 0.550697 -0.792130
vn -0.281197 0.552801 -0.784435
vn -0.208942 0.545160 -0.811877
vn -0.227049 0.546871 -0.805842
vn -0.154526 0.540843 -0.826807
vn -0.172679 0.542141 -0.822353
vn -0.100017 0.537795 -0.837122
vn -0.118194 0.538667 -0.834187
vn -0.045468 0.536043 -0.842965
vn -0.063654 0.536481 -0.841508
vn 0.009094 0.535604 -0.844420
vn -0.009094 0.535604 -0.844420
vn 0.063654 0.536481 -0.841508
vn 0.045468 0.536043 -0.842965
vn 0.118194 0.538667 -0.834187
vn 0.100017 0.537795 -0.837122
vn 0.172679 0.542141 -0.822353
vn 0.154526 0.540843 -0.826807
vn 0.227049 0.546871 -0.805842
vn 0.208942 0.545160 -0.811877
vn 0.281197 0.552801 -0.784435
vn 0.263179 0.550697 -0.792130
vn 0.334961 0.559856 -0.757867
vn 0.317092 0.557388 -0.767314
vn 0.388097 0.567930 -0.725835
vn 0.370469 0.565136 -0.737139
vn 0.440274 0.576877 -0.688021
vn 0.423007 0.573811 -0.701289
vn 0.491043 0.586508 -0.644116
vn 0.474301 0.583238 -0.659448
vn 0.539837 0.596583 -0.593856
vn 0.523823 0.593195 -0.611334
vn 0.585955 0.606808 -0.537067
vn 0.570917 0.603405 -0.556737
vn 0.600617 0.609830 -0.517075
vn 0.600617 0.609830 -0.517075
usemtl steel
f 3967 3968 3970
f 3967 3970 3969
f 3969 3970 3972
f 3969 3972 3971
f 3971 3972 3974
f 3971 3974 3973
f 3973 3974 3976
f 3973 3976 3975
f 3975 3976 3978
f 3975 3978 3977
f 3977 3978 3980
f 3977 3980 3979
f 3979 3980 3982
f 3979 3982 3981
f 3981 3982 3984
f 3981 3984 3983
f 3983 3984 3986
f 3983 3986 3985
f 3985 3986 3988
f 3985 3988 3987
f 3987 3988 3990
f 3987 3990 3989
f 3989 3990 3992
f 3989 3992 3991
f 3991 3992 3994
f 3991 3994 3993
f 3993 3994 3996
f 3993 3996 3995
f 3995 3996 3998
f 3995 3998 3997
f 3997 3998 4000
f 3997 4000 3999
f 3999 4000 4002
f 3999 4002 4001
f 4001 4002 4004
f 4001 4004 4003
f 4003 4004 4006
f 4003 4006 4005
f 4005 4006 4008
f 4005 4008 4007
f 4007 4008 4010
f 4007 4010 4009
f 4009 4010 4012
f 4009 4012 4011
f 4011 4012 4014
f 4011 4014 4013
f 4013 4014 4016
f 4013 4016 4015
o tasset_v2_R
v 0.170000 1.450000 0.620000
v 0.252500 1.450000 0.658268
v 0.335000 1.450000 0.690711
v 0.417500 1.450000 0.712388
v 0.500000 1.450000 0.720000
v 0.582500 1.450000 0.712388
v 0.665000 1.450000 0.690711
v 0.747500 1.450000 0.658268
v 0.830000 1.450000 0.620000
v 0.170000 1.395455 0.616364
v 0.252500 1.395455 0.654632
v 0.335000 1.395455 0.687074
v 0.417500 1.395455 0.708752
v 0.500000 1.395455 0.716364
v 0.582500 1.395455 0.708752
v 0.665000 1.395455 0.687074
v 0.747500 1.395455 0.654632
v 0.830000 1.395455 0.616364
v 0.170000 1.340909 0.612727
v 0.252500 1.340909 0.650996
v 0.335000 1.340909 0.683438
v 0.417500 1.340909 0.705115
v 0.500000 1.340909 0.712727
v 0.582500 1.340909 0.705115
v 0.665000 1.340909 0.683438
v 0.747500 1.340909 0.650996
v 0.830000 1.340909 0.612727
v 0.170000 1.286364 0.609091
v 0.252500 1.286364 0.647359
v 0.335000 1.286364 0.679802
v 0.417500 1.286364 0.701479
v 0.500000 1.286364 0.709091
v 0.582500 1.286364 0.701479
v 0.665000 1.286364 0.679802
v 0.747500 1.286364 0.647359
v 0.830000 1.286364 0.609091
v 0.170000 1.231818 0.605455
v 0.252500 1.231818 0.643723
v 0.335000 1.231818 0.676165
v 0.417500 1.231818 0.697842
v 0.500000 1.231818 0.705455
v 0.582500 1.231818 0.697842
v 0.665000 1.231818 0.676165
v 0.747500 1.231818 0.643723
v 0.830000 1.231818 0.605455
v 0.170000 1.177273 0.601818
v 0.252500 1.177273 0.640087
v 0.335000 1.177273 0.672529
v 0.417500 1.177273 0.694206
v 0.500000 1.177273 0.701818
v 0.582500 1.177273 0.694206
v 0.665000 1.177273 0.672529
v 0.747500 1.177273 0.640087
v 0.830000 1.177273 0.601818
v 0.170000 1.122727 0.598182
v 0.252500 1.122727 0.636450
v 0.335000 1.122727 0.668892
v 0.417500 1.122727 0.690570
v 0.500000 1.122727 0.698182
v 0.582500 1.122727 0.690570
v 0.665000 1.122727 0.668892
v 0.747500 1.122727 0.636450
v 0.830000 1.122727 0.598182
v 0.170000 1.068182 0.594545
v 0.252500 1.068182 0.632814
v 0.335000 1.068182 0.665256
v 0.417500 1.068182 0.686933
v 0.500000 1.068182 0.694545
v 0.582500 1.068182 0.686933
v 0.665000 1.068182 0.665256
v 0.747500 1.068182 0.632814
v 0.830000 1.068182 0.594545
v 0.170000 1.013636 0.590909
v 0.252500 1.013636 0.629177
v 0.335000 1.013636 0.661620
v 0.417500 1.013636 0.683297
v 0.500000 1.013636 0.690909
v 0.582500 1.013636 0.683297
v 0.665000 1.013636 0.661620
v 0.747500 1.013636 0.629177
v 0.830000 1.013636 0.590909
v 0.170000 0.959091 0.587273
v 0.252500 0.959091 0.625541
v 0.335000 0.959091 0.657983
v 0.417500 0.959091 0.679661
v 0.500000 0.959091 0.687273
v 0.582500 0.959091 0.679661
v 0.665000 0.959091 0.657983
v 0.747500 0.959091 0.625541
v 0.830000 0.959091 0.587273
v 0.170000 0.904545 0.583636
v 0.252500 0.904545 0.621905
v 0.335000 0.904545 0.654347
v 0.417500 0.904545 0.676024
v 0.500000 0.904545 0.683636
v 0.582500 0.904545 0.676024
v 0.665000 0.904545 0.654347
v 0.747500 0.904545 0.621905
v 0.830000 0.904545 0.583636
v 0.170000 0.850000 0.580000
v 0.252500 0.850000 0.618268
v 0.335000 0.850000 0.650711
v 0.417500 0.850000 0.672388
v 0.500000 0.850000 0.680000
v 0.582500 0.850000 0.672388
v 0.665000 0.850000 0.650711
v 0.747500 0.850000 0.618268
v 0.830000 0.850000 0.580000
v 0.148999 1.446982 0.665275
v 0.232842 1.446942 0.704140
v 0.319448 1.446839 0.738125
v 0.408780 1.446725 0.761513
v 0.500000 1.446674 0.769889
v 0.591220 1.446725 0.761513
v 0.680552 1.446839 0.738125
v 0.767158 1.446942 0.704140
v 0.851001 1.446982 0.665275
v 0.148999 1.392436 0.661639
v 0.232842 1.392396 0.700504
v 0.319448 1.392294 0.734489
v 0.408780 1.392180 0.757876
v 0.500000 1.392129 0.766253
v 0.591220 1.392180 0.757876
v 0.680552 1.392294 0.734489
v 0.767158 1.392396 0.700504
v 0.851001 1.392436 0.661639
v 0.148999 1.337891 0.658002
v 0.232842 1.337851 0.696867
v 0.319448 1.337748 0.730853
v 0.408780 1.337634 0.754240
v 0.500000 1.337583 0.762617
v 0.591220 1.337634 0.754240
v 0.680552 1.337748 0.730853
v 0.767158 1.337851 0.696867
v 0.851001 1.337891 0.658002
v 0.148999 1.283345 0.654366
v 0.232842 1.283306 0.693231
v 0.319448 1.283203 0.727216
v 0.408780 1.283089 0.750604
v 0.500000 1.283038 0.758980
v 0.591220 1.283089 0.750604
v 0.680552 1.283203 0.727216
v 0.767158 1.283306 0.693231
v 0.851001 1.283345 0.654366
v 0.148999 1.228800 0.650730
v 0.232842 1.228760 0.689594
v 0.319448 1.228657 0.723580
v 0.408780 1.228543 0.746967
v 0.500000 1.228492 0.755344
v 0.591220 1.228543 0.746967
v 0.680552 1.228657 0.723580
v 0.767158 1.228760 0.689594
v 0.851001 1.228800 0.650730
v 0.148999 1.174254 0.647093
v 0.232842 1.174215 0.685958
v 0.319448 1.174112 0.719943
v 0.408780 1.173998 0.743331
v 0.500000 1.173947 0.751707
v 0.591220 1.173998 0.743331
v 0.680552 1.174112 0.719943
v 0.767158 1.174215 0.685958
v 0.851001 1.174254 0.647093
v 0.148999 1.119709 0.643457
v 0.232842 1.119669 0.682322
v 0.319448 1.119566 0.716307
v 0.408780 1.119452 0.739694
v 0.500000 1.119401 0.748071
v 0.591220 1.119452 0.739694
v 0.680552 1.119566 0.716307
v 0.767158 1.119669 0.682322
v 0.851001 1.119709 0.643457
v 0.148999 1.065163 0.639821
v 0.232842 1.065124 0.678685
v 0.319448 1.065021 0.712671
v 0.408780 1.064907 0.736058
v 0.500000 1.064856 0.744435
v 0.591220 1.064907 0.736058
v 0.680552 1.065021 0.712671
v 0.767158 1.065124 0.678685
v 0.851001 1.065163 0.639821
v 0.148999 1.010618 0.636184
v 0.232842 1.010578 0.675049
v 0.319448 1.010475 0.709034
v 0.408780 1.010361 0.732422
v 0.500000 1.010310 0.740798
v 0.591220 1.010361 0.732422
v 0.680552 1.010475 0.709034
v 0.767158 1.010578 0.675049
v 0.851001 1.010618 0.636184
v 0.148999 0.956073 0.632548
v 0.232842 0.956033 0.671413
v 0.319448 0.955930 0.705398
v 0.408780 0.955816 0.728785
v 0.500000 0.955765 0.737162
v 0.591220 0.955816 0.728785
v 0.680552 0.955930 0.705398
v 0.767158 0.956033 0.671413
v 0.851001 0.956073 0.632548
v 0.148999 0.901527 0.628911
v 0.232842 0.901487 0.667776
v 0.319448 0.901384 0.701762
v 0.408780 0.901270 0.725149
v 0.500000 0.901220 0.733526
v 0.591220 0.901270 0.725149
v 0.680552 0.901384 0.701762
v 0.767158 0.901487 0.667776
v 0.851001 0.901527 0.628911
v 0.148999 0.846982 0.625275
v 0.232842 0.846942 0.664140
v 0.319448 0.846839 0.698125
v 0.408780 0.846725 0.721513
v 0.500000 0.846674 0.729889
v 0.591220 0.846725 0.721513
v 0.680552 0.846839 0.698125
v 0.767158 0.846942 0.664140
v 0.851001 0.846982 0.625275
vn -0.752632 0.655834 0.058533
vn -0.300571 0.662513 0.686100
vn -0.244911 0.661425 0.708898
vn -0.148006 0.660413 0.736172
vn -0.020365 0.660082 0.750917
vn 0.112078 0.660604 0.742321
vn 0.220215 0.661684 0.716715
vn 0.288560 0.662687 0.691071
vn 0.887986 0.309190 0.340415
vn -0.938711 -0.022929 0.343942
vn -0.392816 -0.061172 0.917580
vn -0.309965 -0.063243 0.948642
vn -0.173225 -0.065513 0.982701
vn 0.000000 -0.066519 0.997785
vn 0.173225 -0.065513 0.982701
vn 0.309965 -0.063243 0.948642
vn 0.392816 -0.061172 0.917580
vn 0.938711 -0.022929 0.343942
vn -0.938711 -0.022929 0.343942
vn -0.392816 -0.061172 0.917580
vn -0.309965 -0.063243 0.948642
vn -0.173225 -0.065513 0.982701
vn 0.000000 -0.066519 0.997785
vn 0.173225 -0.065513 0.982701
vn 0.309965 -0.063243 0.948642
vn 0.392816 -0.061172 0.917580
vn 0.938711 -0.022929 0.343942
vn -0.938711 -0.022929 0.343942
vn -0.392816 -0.061172 0.917580
vn -0.309965 -0.063243 0.948642
vn -0.173225 -0.065513 0.982701
vn -0.000000 -0.066519 0.997785
vn 0.173225 -0.065513 0.982701
vn 0.309965 -0.063243 0.948642
vn 0.392816 -0.061172 0.917580
vn 0.938711 -0.022929 0.343942
vn -0.938711 -0.022929 0.343942
vn -0.392816 -0.061172 0.917580
vn -0.309965 -0.063243 0.948642
vn -0.173225 -0.065513 0.982701
vn 0.000000 -0.066519 0.997785
vn 0.173225 -0.065513 0.982701
vn 0.309965 -0.063243 0.948642
vn 0.392816 -0.061172 0.917580
vn 0.938711 -0.022929 0.343942
vn -0.938711 -0.022929 0.343942
vn -0.392816 -0.061172 0.917580
vn -0.309965 -0.063243 0.948642
vn -0.173225 -0.065513 0.982701
vn 0.000000 -0.066519 0.997785
vn 0.173225 -0.065513 0.982701
vn 0.309965 -0.063243 0.948642
vn 0.392816 -0.061172 0.917580
vn 0.938711 -0.022929 0.343942
vn -0.938711 -0.022929 0.343942
vn -0.392816 -0.061172 0.917580
vn -0.309965 -0.063243 0.948642
vn -0.173225 -0.065513 0.982701
vn 0.000000 -0.066519 0.997785
vn 0.173225 -0.065513 0.982701
vn 0.309965 -0.063243 0.948642
vn 0.392816 -0.061172 0.917580
vn 0.938711 -0.022929 0.343942
vn -0.938711 -0.022929 0.343942
vn -0.392816 -0.061172 0.917580
vn -0.309965 -0.063243 0.948642
vn -0.173225 -0.065513 0.982701
vn 0.000000 -0.066519 0.997785
vn 0.173225 -0.065513 0.982701
vn 0.309965 -0.063243 0.948642
vn 0.392816 -0.061172 0.917580
vn 0.938711 -0.022929 0.343942
vn -0.938711 -0.022929 0.343942
vn -0.392816 -0.061172 0.917580
vn -0.309965 -0.063243 0.948642
vn -0.173225 -0.065513 0.982701
vn -0.000000 -0.066519 0.997785
vn 0.173225 -0.065513 0.982701
vn 0.309965 -0.063243 0.948642
vn 0.392816 -0.061172 0.917580
vn 0.938711 -0.022929 0.343942
vn -0.938711 -0.022929 0.343942
vn -0.392816 -0.061172 0.917580
vn -0.309965 -0.063243 0.948642
vn -0.173225 -0.065513 0.982701
vn 0.000000 -0.066519 0.997785
vn 0.173225 -0.065513 0.982701
vn 0.309965 -0.063243 0.948642
vn 0.392816 -0.061172 0.917580
vn 0.938711 -0.022929 0.343942
vn -0.938711 -0.022929 0.343942
vn -0.392816 -0.061172 0.917580
vn -0.309965 -0.063243 0.948642
vn -0.173225 -0.065513 0.982701
vn -0.000000 -0.066519 0.997785
vn 0.173225 -0.065513 0.982701
vn 0.309965 -0.063243 0.948642
vn 0.392816 -0.061172 0.917580
vn 0.938711 -0.022929 0.343942
vn -0.569234 -0.700833 0.429891
vn -0.254733 -0.749488 0.611048
vn -0.192926 -0.751307 0.631124
vn -0.096470 -0.753120 0.650771
vn 0.020358 -0.753685 0.656921
vn 0.132474 -0.752525 0.645102
vn 0.217816 -0.750536 0.623900
vn 0.266907 -0.748987 0.606448
vn 0.758902 -0.600650 0.251569
vn -0.720230 0.367959 0.588111
vn -0.287979 0.662681 0.691319
vn -0.219420 0.661664 0.716977
vn -0.111577 0.660572 0.742425
vn 0.020130 0.660059 0.750944
vn 0.147243 0.660420 0.736319
vn 0.244183 0.661445 0.709130
vn 0.300231 0.662524 0.686238
vn 0.557405 0.794354 0.241457
vn -0.938671 -0.022937 0.344052
vn -0.392411 -0.061184 0.917753
vn -0.309273 -0.063258 0.948867
vn -0.172631 -0.065520 0.982805
vn -0.000000 -0.066519 0.997785
vn 0.172631 -0.065520 0.982805
vn 0.309273 -0.063258 0.948867
vn 0.392411 -0.061184 0.917753
vn 0.938671 -0.022937 0.344052
vn -0.938671 -0.022937 0.344052
vn -0.392411 -0.061184 0.917753
vn -0.309273 -0.063258 0.948867
vn -0.172631 -0.065520 0.982805
vn -0.000000 -0.066519 0.997785
vn 0.172631 -0.065520 0.982805
vn 0.309273 -0.063258 0.948867
vn 0.392411 -0.061184 0.917753
vn 0.938671 -0.022937 0.344052
vn -0.938671 -0.022937 0.344052
vn -0.392411 -0.061184 0.917753
vn -0.309273 -0.063258 0.948867
vn -0.172631 -0.065520 0.982805
vn -0.000000 -0.066519 0.997785
vn 0.172631 -0.065520 0.982805
vn 0.309273 -0.063258 0.948867
vn 0.392411 -0.061184 0.917753
vn 0.938671 -0.022937 0.344052
vn -0.938671 -0.022937 0.344052
vn -0.392411 -0.061184 0.917753
vn -0.309273 -0.063258 0.948867
vn -0.172631 -0.065520 0.982805
vn -0.000000 -0.066519 0.997785
vn 0.172631 -0.065520 0.982805
vn 0.309273 -0.063258 0.948867
vn 0.392411 -0.061184 0.917753
vn 0.938671 -0.022937 0.344052
vn -0.938671 -0.022937 0.344052
vn -0.392411 -0.061184 0.917753
vn -0.309273 -0.063258 0.948867
vn -0.172631 -0.065520 0.982805
vn -0.000000 -0.066519 0.997785
vn 0.172631 -0.065520 0.982805
vn 0.309273 -0.063258 0.948867
vn 0.392411 -0.061184 0.917753
vn 0.938671 -0.022937 0.344052
vn -0.938671 -0.022937 0.344052
vn -0.392411 -0.061184 0.917753
vn -0.309273 -0.063258 0.948867
vn -0.172631 -0.065520 0.982805
vn -0.000000 -0.066519 0.997785
vn 0.172631 -0.065520 0.982805
vn 0.309273 -0.063258 0.948867
vn 0.392411 -0.061184 0.917753
vn 0.938671 -0.022937 0.344052
vn -0.938671 -0.022937 0.344052
vn -0.392411 -0.061184 0.917753
vn -0.309273 -0.063258 0.948867
vn -0.172631 -0.065520 0.982805
vn -0.000000 -0.066519 0.997785
vn 0.172631 -0.065520 0.982805
vn 0.309273 -0.063258 0.948867
vn 0.392411 -0.061184 0.917753
vn 0.938671 -0.022937 0.344052
vn -0.938671 -0.022937 0.344052
vn -0.392411 -0.061184 0.917753
vn -0.309273 -0.063258 0.948867
vn -0.172631 -0.065520 0.982805
vn -0.000000 -0.066519 0.997785
vn 0.172631 -0.065520 0.982805
vn 0.309273 -0.063258 0.948867
vn 0.392411 -0.061184 0.917753
vn 0.938671 -0.022937 0.344052
vn -0.938671 -0.022937 0.344052
vn -0.392411 -0.061184 0.917753
vn -0.309273 -0.063258 0.948867
vn -0.172631 -0.065520 0.982805
vn -0.000000 -0.066519 0.997785
vn 0.172631 -0.065520 0.982805
vn 0.309273 -0.063258 0.948867
vn 0.392411 -0.061184 0.917753
vn 0.938671 -0.022937 0.344052
vn -0.938671 -0.022937 0.344052
vn -0.392411 -0.061184 0.917753
vn -0.309273 -0.063258 0.948867
vn -0.172631 -0.065520 0.982805
vn -0.000000 -0.066519 0.997785
vn 0.172631 -0.065520 0.982805
vn 0.309273 -0.063258 0.948867
vn 0.392411 -0.061184 0.917753
vn 0.938671 -0.022937 0.344052
vn -0.910634 -0.413182 0.005135
vn -0.266911 -0.748992 0.606440
vn -0.217630 -0.750550 0.623948
vn -0.132138 -0.752541 0.645152
vn -0.020124 -0.753688 0.656924
vn 0.096400 -0.753111 0.650793
vn 0.192677 -0.751297 0.631212
vn 0.254499 -0.749483 0.611150
vn 0.758903 -0.600723 0.251393
usemtl steel
f 4026 4027 4018
f 4026 4018 4017
f 4027 4028 4019
f 4027 4019 4018
f 4028 4029 4020
f 4028 4020 4019
f 4029 4030 4021
f 4029 4021 4020
f 4030 4031 4022
f 4030 4022 4021
f 4031 4032 4023
f 4031 4023 4022
f 4032 4033 4024
f 4032 4024 4023
f 4033 4034 4025
f 4033 4025 4024
f 4035 4036 4027
f 4035 4027 4026
f 4036 4037 4028
f 4036 4028 4027
f 4037 4038 4029
f 4037 4029 4028
f 4038 4039 4030
f 4038 4030 4029
f 4039 4040 4031
f 4039 4031 4030
f 4040 4041 4032
f 4040 4032 4031
f 4041 4042 4033
f 4041 4033 4032
f 4042 4043 4034
f 4042 4034 4033
f 4044 4045 4036
f 4044 4036 4035
f 4045 4046 4037
f 4045 4037 4036
f 4046 4047 4038
f 4046 4038 4037
f 4047 4048 4039
f 4047 4039 4038
f 4048 4049 4040
f 4048 4040 4039
f 4049 4050 4041
f 4049 4041 4040
f 4050 4051 4042
f 4050 4042 4041
f 4051 4052 4043
f 4051 4043 4042
f 4053 4054 4045
f 4053 4045 4044
f 4054 4055 4046
f 4054 4046 4045
f 4055 4056 4047
f 4055 4047 4046
f 4056 4057 4048
f 4056 4048 4047
f 4057 4058 4049
f 4057 4049 4048
f 4058 4059 4050
f 4058 4050 4049
f 4059 4060 4051
f 4059 4051 4050
f 4060 4061 4052
f 4060 4052 4051
f 4062 4063 4054
f 4062 4054 4053
f 4063 4064 4055
f 4063 4055 4054
f 4064 4065 4056
f 4064 4056 4055
f 4065 4066 4057
f 4065 4057 4056
f 4066 4067 4058
f 4066 4058 4057
f 4067 4068 4059
f 4067 4059 4058
f 4068 4069 4060
f 4068 4060 4059
f 4069 4070 4061
f 4069 4061 4060
f 4071 4072 4063
f 4071 4063 4062
f 4072 4073 4064
f 4072 4064 4063
f 4073 4074 4065
f 4073 4065 4064
f 4074 4075 4066
f 4074 4066 4065
f 4075 4076 4067
f 4075 4067 4066
f 4076 4077 4068
f 4076 4068 4067
f 4077 4078 4069
f 4077 4069 4068
f 4078 4079 4070
f 4078 4070 4069
f 4080 4081 4072
f 4080 4072 4071
f 4081 4082 4073
f 4081 4073 4072
f 4082 4083 4074
f 4082 4074 4073
f 4083 4084 4075
f 4083 4075 4074
f 4084 4085 4076
f 4084 4076 4075
f 4085 4086 4077
f 4085 4077 4076
f 4086 4087 4078
f 4086 4078 4077
f 4087 4088 4079
f 4087 4079 4078
f 4089 4090 4081
f 4089 4081 4080
f 4090 4091 4082
f 4090 4082 4081
f 4091 4092 4083
f 4091 4083 4082
f 4092 4093 4084
f 4092 4084 4083
f 4093 4094 4085
f 4093 4085 4084
f 4094 4095 4086
f 4094 4086 4085
f 4095 4096 4087
f 4095 4087 4086
f 4096 4097 4088
f 4096 4088 4087
f 4098 4099 4090
f 4098 4090 4089
f 4099 4100 4091
f 4099 4091 4090
f 4100 4101 4092
f 4100 4092 4091
f 4101 4102 4093
f 4101 4093 4092
f 4102 4103 4094
f 4102 4094 4093
f 4103 4104 4095
f 4103 4095 4094
f 4104 4105 4096
f 4104 4096 4095
f 4105 4106 4097
f 4105 4097 4096
f 4107 4108 4099
f 4107 4099 4098
f 4108 4109 4100
f 4108 4100 4099
f 4109 4110 4101
f 4109 4101 4100
f 4110 4111 4102
f 4110 4102 4101
f 4111 4112 4103
f 4111 4103 4102
f 4112 4113 4104
f 4112 4104 4103
f 4113 4114 4105
f 4113 4105 4104
f 4114 4115 4106
f 4114 4106 4105
f 4116 4117 4108
f 4116 4108 4107
f 4117 4118 4109
f 4117 4109 4108
f 4118 4119 4110
f 4118 4110 4109
f 4119 4120 4111
f 4119 4111 4110
f 4120 4121 4112
f 4120 4112 4111
f 4121 4122 4113
f 4121 4113 4112
f 4122 4123 4114
f 4122 4114 4113
f 4123 4124 4115
f 4123 4115 4114
f 4125 4134 4135
f 4125 4135 4126
f 4126 4135 4136
f 4126 4136 4127
f 4127 4136 4137
f 4127 4137 4128
f 4128 4137 4138
f 4128 4138 4129
f 4129 4138 4139
f 4129 4139 4130
f 4130 4139 4140
f 4130 4140 4131
f 4131 4140 4141
f 4131 4141 4132
f 4132 4141 4142
f 4132 4142 4133
f 4134 4143 4144
f 4134 4144 4135
f 4135 4144 4145
f 4135 4145 4136
f 4136 4145 4146
f 4136 4146 4137
f 4137 4146 4147
f 4137 4147 4138
f 4138 4147 4148
f 4138 4148 4139
f 4139 4148 4149
f 4139 4149 4140
f 4140 4149 4150
f 4140 4150 4141
f 4141 4150 4151
f 4141 4151 4142
f 4143 4152 4153
f 4143 4153 4144
f 4144 4153 4154
f 4144 4154 4145
f 4145 4154 4155
f 4145 4155 4146
f 4146 4155 4156
f 4146 4156 4147
f 4147 4156 4157
f 4147 4157 4148
f 4148 4157 4158
f 4148 4158 4149
f 4149 4158 4159
f 4149 4159 4150
f 4150 4159 4160
f 4150 4160 4151
f 4152 4161 4162
f 4152 4162 4153
f 4153 4162 4163
f 4153 4163 4154
f 4154 4163 4164
f 4154 4164 4155
f 4155 4164 4165
f 4155 4165 4156
f 4156 4165 4166
f 4156 4166 4157
f 4157 4166 4167
f 4157 4167 4158
f 4158 4167 4168
f 4158 4168 4159
f 4159 4168 4169
f 4159 4169 4160
f 4161 4170 4171
f 4161 4171 4162
f 4162 4171 4172
f 4162 4172 4163
f 4163 4172 4173
f 4163 4173 4164
f 4164 4173 4174
f 4164 4174 4165
f 4165 4174 4175
f 4165 4175 4166
f 4166 4175 4176
f 4166 4176 4167
f 4167 4176 4177
f 4167 4177 4168
f 4168 4177 4178
f 4168 4178 4169
f 4170 4179 4180
f 4170 4180 4171
f 4171 4180 4181
f 4171 4181 4172
f 4172 4181 4182
f 4172 4182 4173
f 4173 4182 4183
f 4173 4183 4174
f 4174 4183 4184
f 4174 4184 4175
f 4175 4184 4185
f 4175 4185 4176
f 4176 4185 4186
f 4176 4186 4177
f 4177 4186 4187
f 4177 4187 4178
f 4179 4188 4189
f 4179 4189 4180
f 4180 4189 4190
f 4180 4190 4181
f 4181 4190 4191
f 4181 4191 4182
f 4182 4191 4192
f 4182 4192 4183
f 4183 4192 4193
f 4183 4193 4184
f 4184 4193 4194
f 4184 4194 4185
f 4185 4194 4195
f 4185 4195 4186
f 4186 4195 4196
f 4186 4196 4187
f 4188 4197 4198
f 4188 4198 4189
f 4189 4198 4199
f 4189 4199 4190
f 4190 4199 4200
f 4190 4200 4191
f 4191 4200 4201
f 4191 4201 4192
f 4192 4201 4202
f 4192 4202 4193
f 4193 4202 4203
f 4193 4203 4194
f 4194 4203 4204
f 4194 4204 4195
f 4195 4204 4205
f 4195 4205 4196
f 4197 4206 4207
f 4197 4207 4198
f 4198 4207 4208
f 4198 4208 4199
f 4199 4208 4209
f 4199 4209 4200
f 4200 4209 4210
f 4200 4210 4201
f 4201 4210 4211
f 4201 4211 4202
f 4202 4211 4212
f 4202 4212 4203
f 4203 4212 4213
f 4203 4213 4204
f 4204 4213 4214
f 4204 4214 4205
f 4206 4215 4216
f 4206 4216 4207
f 4207 4216 4217
f 4207 4217 4208
f 4208 4217 4218
f 4208 4218 4209
f 4209 4218 4219
f 4209 4219 4210
f 4210 4219 4220
f 4210 4220 4211
f 4211 4220 4221
f 4211 4221 4212
f 4212 4221 4222
f 4212 4222 4213
f 4213 4222 4223
f 4213 4223 4214
f 4215 4224 4225
f 4215 4225 4216
f 4216 4225 4226
f 4216 4226 4217
f 4217 4226 4227
f 4217 4227 4218
f 4218 4227 4228
f 4218 4228 4219
f 4219 4228 4229
f 4219 4229 4220
f 4220 4229 4230
f 4220 4230 4221
f 4221 4230 4231
f 4221 4231 4222
f 4222 4231 4232
f 4222 4232 4223
f 4017 4026 4134
f 4017 4134 4125
f 4025 4133 4142
f 4025 4142 4034
f 4026 4035 4143
f 4026 4143 4134
f 4034 4142 4151
f 4034 4151 4043
f 4035 4044 4152
f 4035 4152 4143
f 4043 4151 4160
f 4043 4160 4052
f 4044 4053 4161
f 4044 4161 4152
f 4052 4160 4169
f 4052 4169 4061
f 4053 4062 4170
f 4053 4170 4161
f 4061 4169 4178
f 4061 4178 4070
f 4062 4071 4179
f 4062 4179 4170
f 4070 4178 4187
f 4070 4187 4079
f 4071 4080 4188
f 4071 4188 4179
f 4079 4187 4196
f 4079 4196 4088
f 4080 4089 4197
f 4080 4197 4188
f 4088 4196 4205
f 4088 4205 4097
f 4089 4098 4206
f 4089 4206 4197
f 4097 4205 4214
f 4097 4214 4106
f 4098 4107 4215
f 4098 4215 4206
f 4106 4214 4223
f 4106 4223 4115
f 4107 4116 4224
f 4107 4224 4215
f 4115 4223 4232
f 4115 4232 4124
f 4017 4125 4126
f 4017 4126 4018
f 4116 4117 4225
f 4116 4225 4224
f 4018 4126 4127
f 4018 4127 4019
f 4117 4118 4226
f 4117 4226 4225
f 4019 4127 4128
f 4019 4128 4020
f 4118 4119 4227
f 4118 4227 4226
f 4020 4128 4129
f 4020 4129 4021
f 4119 4120 4228
f 4119 4228 4227
f 4021 4129 4130
f 4021 4130 4022
f 4120 4121 4229
f 4120 4229 4228
f 4022 4130 4131
f 4022 4131 4023
f 4121 4122 4230
f 4121 4230 4229
f 4023 4131 4132
f 4023 4132 4024
f 4122 4123 4231
f 4122 4231 4230
f 4024 4132 4133
f 4024 4133 4025
f 4123 4124 4232
f 4123 4232 4231
o pauldron_v2_R
v 2.100000 2.940000 0.000000
v 2.075696 2.940000 0.169040
v 2.004752 2.940000 0.324384
v 1.892916 2.940000 0.453450
v 1.749249 2.940000 0.545779
v 1.585389 2.940000 0.593893
v 1.414611 2.940000 0.593893
v 1.250751 2.940000 0.545779
v 1.107084 2.940000 0.453450
v 0.995248 2.940000 0.324384
v 0.924304 2.940000 0.169040
v 0.900000 2.940000 0.000000
v 0.924304 2.940000 -0.169040
v 0.995248 2.940000 -0.324384
v 1.107084 2.940000 -0.453450
v 1.250751 2.940000 -0.545779
v 1.414611 2.940000 -0.593893
v 1.585389 2.940000 -0.593893
v 1.749249 2.940000 -0.545779
v 1.892916 2.940000 -0.453450
v 2.004752 2.940000 -0.324384
v 2.075696 2.940000 -0.169040
v 2.100000 2.940000 -0.000000
v 2.094867 2.981768 0.000000
v 2.070771 2.981768 0.167593
v 2.000434 2.981768 0.321609
v 1.889555 2.981768 0.449570
v 1.747117 2.981768 0.541110
v 1.584658 2.981768 0.588812
v 1.415342 2.981768 0.588812
v 1.252883 2.981768 0.541110
v 1.110445 2.981768 0.449570
v 0.999566 2.981768 0.321609
v 0.929229 2.981768 0.167593
v 0.905133 2.981768 0.000000
v 0.929229 2.981768 -0.167593
v 0.999566 2.981768 -0.321609
v 1.110445 2.981768 -0.449570
v 1.252883 2.981768 -0.541110
v 1.415342 2.981768 -0.588812
v 1.584658 2.981768 -0.588812
v 1.747117 2.981768 -0.541110
v 1.889555 2.981768 -0.449570
v 2.000434 2.981768 -0.321609
v 2.070771 2.981768 -0.167593
v 2.094867 2.981768 -0.000000
v 2.079555 3.022822 0.000000
v 2.056079 3.022822 0.163280
v 1.987553 3.022822 0.313331
v 1.879528 3.022822 0.437999
v 1.740756 3.022822 0.527182
v 1.582479 3.022822 0.573656
v 1.417521 3.022822 0.573656
v 1.259244 3.022822 0.527182
v 1.120472 3.022822 0.437999
v 1.012447 3.022822 0.313331
v 0.943921 3.022822 0.163280
v 0.920445 3.022822 0.000000
v 0.943921 3.022822 -0.163280
v 1.012447 3.022822 -0.313331
v 1.120472 3.022822 -0.437999
v 1.259244 3.022822 -0.527182
v 1.417521 3.022822 -0.573656
v 1.582479 3.022822 -0.573656
v 1.740756 3.022822 -0.527182
v 1.879528 3.022822 -0.437999
v 1.987553 3.022822 -0.313331
v 2.056079 3.022822 -0.163280
v 2.079555 3.022822 -0.000000
v 2.054328 3.062459 0.000000
v 2.031874 3.062459 0.156172
v 1.966330 3.062459 0.299692
v 1.863007 3.062459 0.418933
v 1.730276 3.062459 0.504234
v 1.578889 3.062459 0.548685
v 1.421111 3.062459 0.548685
v 1.269724 3.062459 0.504234
v 1.136993 3.062459 0.418933
v 1.033670 3.062459 0.299692
v 0.968126 3.062459 0.156172
v 0.945672 3.062459 0.000000
v 0.968126 3.062459 -0.156172
v 1.033670 3.062459 -0.299692
v 1.136993 3.062459 -0.418933
v 1.269724 3.062459 -0.504234
v 1.421111 3.062459 -0.548685
v 1.578889 3.062459 -0.548685
v 1.730276 3.062459 -0.504234
v 1.863007 3.062459 -0.418933
v 1.966330 3.062459 -0.299692
v 2.031874 3.062459 -0.156172
v 2.054328 3.062459 -0.000000
v 2.019615 3.100000 0.000000
v 1.998567 3.100000 0.146393
v 1.937128 3.100000 0.280925
v 1.840276 3.100000 0.392699
v 1.715856 3.100000 0.472659
v 1.573949 3.100000 0.514326
v 1.426051 3.100000 0.514326
v 1.284144 3.100000 0.472659
v 1.159724 3.100000 0.392699
v 1.062872 3.100000 0.280925
v 1.001433 3.100000 0.146393
v 0.980385 3.100000 0.000000
v 1.001433 3.100000 -0.146393
v 1.062872 3.100000 -0.280925
v 1.159724 3.100000 -0.392699
v 1.284144 3.100000 -0.472659
v 1.426051 3.100000 -0.514326
v 1.573949 3.100000 -0.514326
v 1.715856 3.100000 -0.472659
v 1.840276 3.100000 -0.392699
v 1.937128 3.100000 -0.280925
v 1.998567 3.100000 -0.146393
v 2.019615 3.100000 -0.000000
v 1.976012 3.134804 0.000000
v 1.956730 3.134804 0.134108
v 1.900447 3.134804 0.257352
v 1.811722 3.134804 0.359746
v 1.697743 3.134804 0.432996
v 1.567744 3.134804 0.471167
v 1.432256 3.134804 0.471167
v 1.302257 3.134804 0.432996
v 1.188278 3.134804 0.359746
v 1.099553 3.134804 0.257352
v 1.043270 3.134804 0.134108
v 1.023988 3.134804 0.000000
v 1.043270 3.134804 -0.134108
v 1.099553 3.134804 -0.257352
v 1.188278 3.134804 -0.359746
v 1.302257 3.134804 -0.432996
v 1.432256 3.134804 -0.471167
v 1.567744 3.134804 -0.471167
v 1.697743 3.134804 -0.432996
v 1.811722 3.134804 -0.359746
v 1.900447 3.134804 -0.257352
v 1.956730 3.134804 -0.134108
v 1.976012 3.134804 -0.000000
v 1.924264 3.166274 0.000000
v 1.907078 3.166274 0.119529
v 1.856914 3.166274 0.229374
v 1.777834 3.166274 0.320637
v 1.676246 3.166274 0.385924
v 1.560379 3.166274 0.419946
v 1.439621 3.166274 0.419946
v 1.323754 3.166274 0.385924
v 1.222166 3.166274 0.320637
v 1.143086 3.166274 0.229374
v 1.092922 3.166274 0.119529
v 1.075736 3.166274 0.000000
v 1.092922 3.166274 -0.119529
v 1.143086 3.166274 -0.229374
v 1.222166 3.166274 -0.320637
v 1.323754 3.166274 -0.385924
v 1.439621 3.166274 -0.419946
v 1.560379 3.166274 -0.419946
v 1.676246 3.166274 -0.385924
v 1.777834 3.166274 -0.320637
v 1.856914 3.166274 -0.229374
v 1.907078 3.166274 -0.119529
v 1.924264 3.166274 -0.000000
v 1.865257 3.193873 0.000000
v 1.850461 3.193873 0.102905
v 1.807274 3.193873 0.197473
v 1.739192 3.193873 0.276043
v 1.651733 3.193873 0.332249
v 1.551981 3.193873 0.361539
v 1.448019 3.193873 0.361539
v 1.348267 3.193873 0.332249
v 1.260808 3.193873 0.276043
v 1.192726 3.193873 0.197473
v 1.149539 3.193873 0.102905
v 1.134743 3.193873 0.000000
v 1.149539 3.193873 -0.102905
v 1.192726 3.193873 -0.197473
v 1.260808 3.193873 -0.276043
v 1.348267 3.193873 -0.332249
v 1.448019 3.193873 -0.361539
v 1.551981 3.193873 -0.361539
v 1.651733 3.193873 -0.332249
v 1.739192 3.193873 -0.276043
v 1.807274 3.193873 -0.197473
v 1.850461 3.193873 -0.102905
v 1.865257 3.193873 -0.000000
v 1.800000 3.217128 0.000000
v 1.787848 3.217128 0.084520
v 1.752376 3.217128 0.162192
v 1.696458 3.217128 0.226725
v 1.624625 3.217128 0.272890
v 1.542694 3.217128 0.296946
v 1.457306 3.217128 0.296946
v 1.375375 3.217128 0.272890
v 1.303542 3.217128 0.226725
v 1.247624 3.217128 0.162192
v 1.212152 3.217128 0.084520
v 1.200000 3.217128 0.000000
v 1.212152 3.217128 -0.084520
v 1.247624 3.217128 -0.162192
v 1.303542 3.217128 -0.226725
v 1.375375 3.217128 -0.272890
v 1.457306 3.217128 -0.296946
v 1.542694 3.217128 -0.296946
v 1.624625 3.217128 -0.272890
v 1.696458 3.217128 -0.226725
v 1.752376 3.217128 -0.162192
v 1.787848 3.217128 -0.084520
v 1.800000 3.217128 -0.000000
v 1.729610 3.235641 0.000000
v 1.720309 3.235641 0.064689
v 1.693160 3.235641 0.124137
v 1.650363 3.235641 0.173528
v 1.595383 3.235641 0.208861
v 1.532677 3.235641 0.227273
v 1.467323 3.235641 0.227273
v 1.404617 3.235641 0.208861
v 1.349637 3.235641 0.173528
v 1.306840 3.235641 0.124137
v 1.279691 3.235641 0.064689
v 1.270390 3.235641 0.000000
v 1.279691 3.235641 -0.064689
v 1.306840 3.235641 -0.124137
v 1.349637 3.235641 -0.173528
v 1.404617 3.235641 -0.208861
v 1.467323 3.235641 -0.227273
v 1.532677 3.235641 -0.227273
v 1.595383 3.235641 -0.208861
v 1.650363 3.235641 -0.173528
v 1.693160 3.235641 -0.124137
v 1.720309 3.235641 -0.064689
v 1.729610 3.235641 -0.000000
v 1.655291 3.249096 0.000000
v 1.649001 3.249096 0.043751
v 1.630639 3.249096 0.083957
v 1.601694 3.249096 0.117361
v 1.564510 3.249096 0.141258
v 1.522100 3.249096 0.153711
v 1.477900 3.249096 0.153711
v 1.435490 3.249096 0.141258
v 1.398306 3.249096 0.117361
v 1.369361 3.249096 0.083957
v 1.350999 3.249096 0.043751
v 1.344709 3.249096 0.000000
v 1.350999 3.249096 -0.043751
v 1.369361 3.249096 -0.083957
v 1.398306 3.249096 -0.117361
v 1.435490 3.249096 -0.141258
v 1.477900 3.249096 -0.153711
v 1.522100 3.249096 -0.153711
v 1.564510 3.249096 -0.141258
v 1.601694 3.249096 -0.117361
v 1.630639 3.249096 -0.083957
v 1.649001 3.249096 -0.043751
v 1.655291 3.249096 -0.000000
v 1.578316 3.257262 0.000000
v 1.575143 3.257262 0.022064
v 1.565883 3.257262 0.042341
v 1.551286 3.257262 0.059187
v 1.532534 3.257262 0.071238
v 1.511145 3.257262 0.077519
v 1.488855 3.257262 0.077519
v 1.467466 3.257262 0.071238
v 1.448714 3.257262 0.059187
v 1.434117 3.257262 0.042341
v 1.424857 3.257262 0.022064
v 1.421684 3.257262 0.000000
v 1.424857 3.257262 -0.022064
v 1.434117 3.257262 -0.042341
v 1.448714 3.257262 -0.059187
v 1.467466 3.257262 -0.071238
v 1.488855 3.257262 -0.077519
v 1.511145 3.257262 -0.077519
v 1.532534 3.257262 -0.071238
v 1.551286 3.257262 -0.059187
v 1.565883 3.257262 -0.042341
v 1.575143 3.257262 -0.022064
v 1.578316 3.257262 -0.000000
v 1.504800 3.260000 0.000000
v 1.504606 3.260000 0.001352
v 1.504038 3.260000 0.002595
v 1.503143 3.260000 0.003628
v 1.501994 3.260000 0.004366
v 1.500683 3.260000 0.004751
v 1.499317 3.260000 0.004751
v 1.498006 3.260000 0.004366
v 1.496857 3.260000 0.003628
v 1.495962 3.260000 0.002595
v 1.495394 3.260000 0.001352
v 1.495200 3.260000 0.000000
v 1.495394 3.260000 -0.001352
v 1.495962 3.260000 -0.002595
v 1.496857 3.260000 -0.003628
v 1.498006 3.260000 -0.004366
v 1.499317 3.260000 -0.004751
v 1.500683 3.260000 -0.004751
v 1.501994 3.260000 -0.004366
v 1.503143 3.260000 -0.003628
v 1.504038 3.260000 -0.002595
v 1.504606 3.260000 -0.001352
v 1.504800 3.260000 -0.000000
vn 0.982579 0.120753 0.141273
vn 0.937866 0.121839 0.324903
vn 0.808341 0.121839 0.575970
vn 0.613328 0.121839 0.780375
vn 0.368627 0.121839 0.921558
vn 0.094062 0.121839 0.988083
vn -0.188124 0.121839 0.974559
vn -0.455068 0.121839 0.882082
vn -0.685146 0.121839 0.718144
vn -0.859717 0.121839 0.496026
vn -0.964639 0.121839 0.233723
vn -0.991412 0.121839 -0.047515
vn -0.937866 0.121839 -0.324903
vn -0.808341 0.121839 -0.575970
vn -0.613328 0.121839 -0.780375
vn -0.368627 0.121839 -0.921558
vn -0.094062 0.121839 -0.988083
vn 0.188124 0.121839 -0.974559
vn 0.455068 0.121839 -0.882082
vn 0.685146 0.121839 -0.718144
vn 0.859717 0.121839 -0.496026
vn 0.964639 0.121839 -0.233723
vn 0.982579 0.120753 -0.141273
vn 0.952287 0.272768 0.136918
vn 0.932431 0.237406 0.272415
vn 0.817913 0.237406 0.524077
vn 0.637132 0.237406 0.733281
vn 0.404735 0.237406 0.883079
vn 0.139548 0.237406 0.961335
vn -0.136944 0.237406 0.961709
vn -0.402341 0.237406 0.884172
vn -0.635144 0.237406 0.735004
vn -0.816490 0.237406 0.526290
vn -0.931690 0.237406 0.274940
vn -0.971410 0.237406 0.001316
vn -0.932431 0.237406 -0.272415
vn -0.817913 0.237406 -0.524077
vn -0.637132 0.237406 -0.733281
vn -0.404735 0.237406 -0.883079
vn -0.139548 0.237406 -0.961335
vn 0.136944 0.237406 -0.961709
vn 0.402341 0.237406 -0.884172
vn 0.635144 0.237406 -0.735004
vn 0.816490 0.237406 -0.526290
vn 0.931690 0.237406 -0.274940
vn 0.970400 0.197125 -0.139522
vn 0.872052 0.473081 0.125382
vn 0.859530 0.445724 0.250075
vn 0.754259 0.445724 0.482103
vn 0.587882 0.445724 0.675073
vn 0.373879 0.445724 0.813354
vn 0.129586 0.445724 0.885741
vn -0.125205 0.445724 0.886371
vn -0.369853 0.445724 0.815192
vn -0.584538 0.445724 0.677971
vn -0.751866 0.445724 0.485826
vn -0.858283 0.445724 0.254321
vn -0.895167 0.445724 0.002213
vn -0.859530 0.445724 -0.250075
vn -0.754259 0.445724 -0.482103
vn -0.587882 0.445724 -0.675073
vn -0.373879 0.445724 -0.813354
vn -0.129586 0.445724 -0.885741
vn 0.125205 0.445724 -0.886371
vn 0.369853 0.445724 -0.815192
vn 0.584538 0.445724 -0.677971
vn 0.751866 0.445724 -0.485826
vn 0.858283 0.445724 -0.254321
vn 0.902561 0.410540 -0.129769
vn 0.768674 0.630020 0.110519
vn 0.760707 0.610439 0.220656
vn 0.667727 0.610439 0.426033
vn 0.520652 0.610439 0.596897
vn 0.331397 0.610439 0.719403
vn 0.115294 0.610439 0.783627
vn -0.110150 0.610439 0.784367
vn -0.326670 0.610439 0.721562
vn -0.516724 0.610439 0.600300
vn -0.664917 0.610439 0.430405
vn -0.759243 0.610439 0.225642
vn -0.792059 0.610439 0.002598
vn -0.760707 0.610439 -0.220656
vn -0.667727 0.610439 -0.426033
vn -0.520652 0.610439 -0.596897
vn -0.331397 0.610439 -0.719403
vn -0.115294 0.610439 -0.783627
vn 0.110150 0.610439 -0.784367
vn 0.326670 0.610439 -0.721562
vn 0.516724 0.610439 -0.600300
vn 0.664917 0.610439 -0.430405
vn 0.759243 0.610439 -0.225642
vn 0.804572 0.582480 -0.115680
vn 0.659285 0.745894 0.094791
vn 0.654081 0.732351 0.189317
vn 0.574249 0.732351 0.365924
vn 0.447895 0.732351 0.512886
vn 0.285256 0.732351 0.618297
vn 0.099507 0.732351 0.673618
vn -0.094304 0.732351 0.674366
vn -0.280475 0.732351 0.620481
vn -0.443923 0.732351 0.516328
vn -0.571408 0.732351 0.370345
vn -0.652600 0.732351 0.194360
vn -0.680923 0.732351 0.002628
vn -0.654081 0.732351 -0.189317
vn -0.574249 0.732351 -0.365924
vn -0.447895 0.732351 -0.512886
vn -0.285256 0.732351 -0.618297
vn -0.099507 0.732351 -0.673618
vn 0.094304 0.732351 -0.674366
vn 0.280475 0.732351 -0.620481
vn 0.443923 0.732351 -0.516328
vn 0.571408 0.732351 -0.370345
vn 0.652600 0.732351 -0.194360
vn 0.695654 0.711380 -0.100020
vn 0.553557 0.829000 0.079589
vn 0.550341 0.819660 0.159004
vn 0.483252 0.819660 0.307612
vn 0.377012 0.819660 0.431299
vn 0.240229 0.819660 0.520045
vn 0.083985 0.819660 0.566660
vn -0.079064 0.819660 0.567368
vn -0.235707 0.819660 0.522111
vn -0.373255 0.819660 0.434555
vn -0.480564 0.819660 0.311794
vn -0.548940 0.819660 0.163774
vn -0.572845 0.819660 0.002486
vn -0.550341 0.819660 -0.159004
vn -0.483252 0.819660 -0.307612
vn -0.377012 0.819660 -0.431299
vn -0.240229 0.819660 -0.520045
vn -0.083985 0.819660 -0.566660
vn 0.079064 0.819660 -0.567368
vn 0.235707 0.819660 -0.522111
vn 0.373255 0.819660 -0.434555
vn 0.480564 0.819660 -0.311794
vn 0.548940 0.819660 -0.163774
vn 0.588011 0.804423 -0.084543
vn 0.455251 0.887954 0.065455
vn 0.453828 0.881427 0.130867
vn 0.398575 0.881427 0.253424
vn 0.311032 0.881427 0.355451
vn 0.198291 0.881427 0.428680
vn 0.069486 0.881427 0.467181
vn -0.064949 0.881427 0.467833
vn -0.194122 0.881427 0.430584
vn -0.307568 0.881427 0.358452
vn -0.396097 0.881427 0.257280
vn -0.452537 0.881427 0.135265
vn -0.472314 0.881427 0.002292
vn -0.453828 0.881427 -0.130867
vn -0.398575 0.881427 -0.253424
vn -0.311032 0.881427 -0.355451
vn -0.198291 0.881427 -0.428680
vn -0.069486 0.881427 -0.467181
vn 0.064949 0.881427 -0.467833
vn 0.194122 0.881427 -0.430584
vn 0.307568 0.881427 -0.358452
vn 0.396097 0.881427 -0.257280
vn 0.452537 0.881427 -0.135265
vn 0.487053 0.870561 -0.070028
vn 0.364863 0.929582 0.052459
vn 0.365287 0.924947 0.105065
vn 0.320891 0.924947 0.203722
vn 0.250497 0.924947 0.285875
vn 0.159810 0.924947 0.344869
vn 0.056176 0.924947 0.375923
vn -0.052009 0.924947 0.376522
vn -0.155981 0.924947 0.346617
vn -0.247316 0.924947 0.288632
vn -0.318615 0.924947 0.207263
vn -0.364102 0.924947 0.109103
vn -0.380091 0.924947 0.002105
vn -0.365287 0.924947 -0.105065
vn -0.320891 0.924947 -0.203722
vn -0.250497 0.924947 -0.285875
vn -0.159810 0.924947 -0.344869
vn -0.056176 0.924947 -0.375923
vn 0.052009 0.924947 -0.376522
vn 0.155981 0.924947 -0.346617
vn 0.247316 0.924947 -0.288632
vn 0.318615 0.924947 -0.207263
vn 0.364102 0.924947 -0.109103
vn 0.394090 0.917323 -0.056662
vn 0.281455 0.958721 0.040467
vn 0.283867 0.955409 0.081322
vn 0.249457 0.955409 0.158002
vn 0.194838 0.955409 0.221882
vn 0.124434 0.955409 0.267786
vn 0.043950 0.955409 0.291996
vn -0.040095 0.955409 0.292551
vn -0.120892 0.955409 0.269404
vn -0.191895 0.955409 0.224432
vn -0.247352 0.955409 0.161278
vn -0.282770 0.955409 0.085058
vn -0.295279 0.955409 0.001947
vn -0.283867 0.955409 -0.081322
vn -0.249457 0.955409 -0.158002
vn -0.194838 0.955409 -0.221882
vn -0.124434 0.955409 -0.267786
vn -0.043950 0.955409 -0.291996
vn 0.040095 0.955409 -0.292551
vn 0.120892 0.955409 -0.269404
vn 0.191895 0.955409 -0.224432
vn 0.247352 0.955409 -0.161278
vn 0.282770 0.955409 -0.085058
vn 0.308512 0.950186 -0.044357
vn 0.203596 0.978617 0.029273
vn 0.208160 0.976301 0.059218
vn 0.183044 0.976301 0.115465
vn 0.143099 0.976301 0.162357
vn 0.091561 0.976301 0.196096
vn 0.032606 0.976301 0.213949
vn -0.028991 0.976301 0.214469
vn -0.088240 0.976301 0.197613
vn -0.140339 0.976301 0.164749
vn -0.181070 0.976301 0.118537
vn -0.207131 0.976301 0.062722
vn -0.216411 0.976301 0.001826
vn -0.208160 0.976301 -0.059218
vn -0.183044 0.976301 -0.115465
vn -0.143099 0.976301 -0.162357
vn -0.091561 0.976301 -0.196096
vn -0.032606 0.976301 -0.213949
vn 0.028991 0.976301 -0.214469
vn 0.088240 0.976301 -0.197613
vn 0.140339 0.976301 -0.164749
vn 0.181070 0.976301 -0.118537
vn 0.207131 0.976301 -0.062722
vn 0.228981 0.972874 -0.032922
vn 0.129764 0.991369 0.018657
vn 0.136654 0.989878 0.038310
vn 0.120325 0.989878 0.075258
vn 0.094249 0.989878 0.106110
vn 0.060536 0.989878 0.128364
vn 0.021920 0.989878 0.140220
vn -0.018473 0.989878 0.140715
vn -0.057368 0.989878 0.129811
vn -0.091617 0.989878 0.108390
vn -0.118442 0.989878 0.078188
vn -0.135673 0.989878 0.041652
vn -0.141912 0.989878 0.001741
vn -0.136654 0.989878 -0.038310
vn -0.120325 0.989878 -0.075258
vn -0.094249 0.989878 -0.106110
vn -0.060536 0.989878 -0.128364
vn -0.021920 0.989878 -0.140220
vn 0.018473 0.989878 -0.140715
vn 0.057368 0.989878 -0.129811
vn 0.091617 0.989878 -0.108390
vn 0.118442 0.989878 -0.078188
vn 0.135673 0.989878 -0.041652
vn 0.153980 0.987826 -0.022139
vn 0.060001 0.998161 0.008627
vn 0.068963 0.997447 0.018543
vn 0.060945 0.997447 0.037221
vn 0.047990 0.997447 0.052884
vn 0.031147 0.997447 0.064262
vn 0.011781 0.997447 0.070434
vn -0.008540 0.997447 0.070900
vn -0.028169 0.997447 0.065622
vn -0.045516 0.997447 0.055028
vn -0.059175 0.997447 0.039976
vn -0.068041 0.997447 0.021685
vn -0.071394 0.997447 0.001637
vn -0.068963 0.997447 -0.018543
vn -0.060945 0.997447 -0.037221
vn -0.047990 0.997447 -0.052884
vn -0.031147 0.997447 -0.064262
vn -0.011781 0.997447 -0.070434
vn 0.008540 0.997447 -0.070900
vn 0.028169 0.997447 -0.065622
vn 0.045516 0.997447 -0.055028
vn 0.059175 0.997447 -0.039976
vn 0.068041 0.997447 -0.021685
vn 0.082770 0.996498 -0.011901
vn 0.037213 0.999293 0.005350
vn 0.036208 0.999306 0.008773
vn 0.032270 0.999306 0.018619
vn 0.025717 0.999306 0.026956
vn 0.017081 0.999306 0.033109
vn 0.007061 0.999306 0.036580
vn -0.003531 0.999306 0.037088
vn -0.013837 0.999306 0.034591
vn -0.023022 0.999306 0.029292
vn -0.030341 0.999306 0.021619
vn -0.035203 0.999306 0.012195
vn -0.037213 0.999306 0.001783
vn -0.036208 0.999306 -0.008773
vn -0.032270 0.999306 -0.018619
vn -0.025717 0.999306 -0.026956
vn -0.017081 0.999306 -0.033109
vn -0.007061 0.999306 -0.036580
vn 0.003531 0.999306 -0.037088
vn 0.013837 0.999306 -0.034591
vn 0.023022 0.999306 -0.029292
vn 0.030341 0.999306 -0.021619
vn 0.035203 0.999306 -0.012195
vn 0.037213 0.999293 -0.005350
usemtl steel
f 4233 4256 4257
f 4233 4257 4234
f 4234 4257 4258
f 4234 4258 4235
f 4235 4258 4259
f 4235 4259 4236
f 4236 4259 4260
f 4236 4260 4237
f 4237 4260 4261
f 4237 4261 4238
f 4238 4261 4262
f 4238 4262 4239
f 4239 4262 4263
f 4239 4263 4240
f 4240 4263 4264
f 4240 4264 4241
f 4241 4264 4265
f 4241 4265 4242
f 4242 4265 4266
f 4242 4266 4243
f 4243 4266 4267
f 4243 4267 4244
f 4244 4267 4268
f 4244 4268 4245
f 4245 4268 4269
f 4245 4269 4246
f 4246 4269 4270
f 4246 4270 4247
f 4247 4270 4271
f 4247 4271 4248
f 4248 4271 4272
f 4248 4272 4249
f 4249 4272 4273
f 4249 4273 4250
f 4250 4273 4274
f 4250 4274 4251
f 4251 4274 4275
f 4251 4275 4252
f 4252 4275 4276
f 4252 4276 4253
f 4253 4276 4277
f 4253 4277 4254
f 4254 4277 4278
f 4254 4278 4255
f 4256 4279 4280
f 4256 4280 4257
f 4257 4280 4281
f 4257 4281 4258
f 4258 4281 4282
f 4258 4282 4259
f 4259 4282 4283
f 4259 4283 4260
f 4260 4283 4284
f 4260 4284 4261
f 4261 4284 4285
f 4261 4285 4262
f 4262 4285 4286
f 4262 4286 4263
f 4263 4286 4287
f 4263 4287 4264
f 4264 4287 4288
f 4264 4288 4265
f 4265 4288 4289
f 4265 4289 4266
f 4266 4289 4290
f 4266 4290 4267
f 4267 4290 4291
f 4267 4291 4268
f 4268 4291 4292
f 4268 4292 4269
f 4269 4292 4293
f 4269 4293 4270
f 4270 4293 4294
f 4270 4294 4271
f 4271 4294 4295
f 4271 4295 4272
f 4272 4295 4296
f 4272 4296 4273
f 4273 4296 4297
f 4273 4297 4274
f 4274 4297 4298
f 4274 4298 4275
f 4275 4298 4299
f 4275 4299 4276
f 4276 4299 4300
f 4276 4300 4277
f 4277 4300 4301
f 4277 4301 4278
f 4279 4302 4303
f 4279 4303 4280
f 4280 4303 4304
f 4280 4304 4281
f 4281 4304 4305
f 4281 4305 4282
f 4282 4305 4306
f 4282 4306 4283
f 4283 4306 4307
f 4283 4307 4284
f 4284 4307 4308
f 4284 4308 4285
f 4285 4308 4309
f 4285 4309 4286
f 4286 4309 4310
f 4286 4310 4287
f 4287 4310 4311
f 4287 4311 4288
f 4288 4311 4312
f 4288 4312 4289
f 4289 4312 4313
f 4289 4313 4290
f 4290 4313 4314
f 4290 4314 4291
f 4291 4314 4315
f 4291 4315 4292
f 4292 4315 4316
f 4292 4316 4293
f 4293 4316 4317
f 4293 4317 4294
f 4294 4317 4318
f 4294 4318 4295
f 4295 4318 4319
f 4295 4319 4296
f 4296 4319 4320
f 4296 4320 4297
f 4297 4320 4321
f 4297 4321 4298
f 4298 4321 4322
f 4298 4322 4299
f 4299 4322 4323
f 4299 4323 4300
f 4300 4323 4324
f 4300 4324 4301
f 4302 4325 4326
f 4302 4326 4303
f 4303 4326 4327
f 4303 4327 4304
f 4304 4327 4328
f 4304 4328 4305
f 4305 4328 4329
f 4305 4329 4306
f 4306 4329 4330
f 4306 4330 4307
f 4307 4330 4331
f 4307 4331 4308
f 4308 4331 4332
f 4308 4332 4309
f 4309 4332 4333
f 4309 4333 4310
f 4310 4333 4334
f 4310 4334 4311
f 4311 4334 4335
f 4311 4335 4312
f 4312 4335 4336
f 4312 4336 4313
f 4313 4336 4337
f 4313 4337 4314
f 4314 4337 4338
f 4314 4338 4315
f 4315 4338 4339
f 4315 4339 4316
f 4316 4339 4340
f 4316 4340 4317
f 4317 4340 4341
f 4317 4341 4318
f 4318 4341 4342
f 4318 4342 4319
f 4319 4342 4343
f 4319 4343 4320
f 4320 4343 4344
f 4320 4344 4321
f 4321 4344 4345
f 4321 4345 4322
f 4322 4345 4346
f 4322 4346 4323
f 4323 4346 4347
f 4323 4347 4324
f 4325 4348 4349
f 4325 4349 4326
f 4326 4349 4350
f 4326 4350 4327
f 4327 4350 4351
f 4327 4351 4328
f 4328 4351 4352
f 4328 4352 4329
f 4329 4352 4353
f 4329 4353 4330
f 4330 4353 4354
f 4330 4354 4331
f 4331 4354 4355
f 4331 4355 4332
f 4332 4355 4356
f 4332 4356 4333
f 4333 4356 4357
f 4333 4357 4334
f 4334 4357 4358
f 4334 4358 4335
f 4335 4358 4359
f 4335 4359 4336
f 4336 4359 4360
f 4336 4360 4337
f 4337 4360 4361
f 4337 4361 4338
f 4338 4361 4362
f 4338 4362 4339
f 4339 4362 4363
f 4339 4363 4340
f 4340 4363 4364
f 4340 4364 4341
f 4341 4364 4365
f 4341 4365 4342
f 4342 4365 4366
f 4342 4366 4343
f 4343 4366 4367
f 4343 4367 4344
f 4344 4367 4368
f 4344 4368 4345
f 4345 4368 4369
f 4345 4369 4346
f 4346 4369 4370
f 4346 4370 4347
f 4348 4371 4372
f 4348 4372 4349
f 4349 4372 4373
f 4349 4373 4350
f 4350 4373 4374
f 4350 4374 4351
f 4351 4374 4375
f 4351 4375 4352
f 4352 4375 4376
f 4352 4376 4353
f 4353 4376 4377
f 4353 4377 4354
f 4354 4377 4378
f 4354 4378 4355
f 4355 4378 4379
f 4355 4379 4356
f 4356 4379 4380
f 4356 4380 4357
f 4357 4380 4381
f 4357 4381 4358
f 4358 4381 4382
f 4358 4382 4359
f 4359 4382 4383
f 4359 4383 4360
f 4360 4383 4384
f 4360 4384 4361
f 4361 4384 4385
f 4361 4385 4362
f 4362 4385 4386
f 4362 4386 4363
f 4363 4386 4387
f 4363 4387 4364
f 4364 4387 4388
f 4364 4388 4365
f 4365 4388 4389
f 4365 4389 4366
f 4366 4389 4390
f 4366 4390 4367
f 4367 4390 4391
f 4367 4391 4368
f 4368 4391 4392
f 4368 4392 4369
f 4369 4392 4393
f 4369 4393 4370
f 4371 4394 4395
f 4371 4395 4372
f 4372 4395 4396
f 4372 4396 4373
f 4373 4396 4397
f 4373 4397 4374
f 4374 4397 4398
f 4374 4398 4375
f 4375 4398 4399
f 4375 4399 4376
f 4376 4399 4400
f 4376 4400 4377
f 4377 4400 4401
f 4377 4401 4378
f 4378 4401 4402
f 4378 4402 4379
f 4379 4402 4403
f 4379 4403 4380
f 4380 4403 4404
f 4380 4404 4381
f 4381 4404 4405
f 4381 4405 4382
f 4382 4405 4406
f 4382 4406 4383
f 4383 4406 4407
f 4383 4407 4384
f 4384 4407 4408
f 4384 4408 4385
f 4385 4408 4409
f 4385 4409 4386
f 4386 4409 4410
f 4386 4410 4387
f 4387 4410 4411
f 4387 4411 4388
f 4388 4411 4412
f 4388 4412 4389
f 4389 4412 4413
f 4389 4413 4390
f 4390 4413 4414
f 4390 4414 4391
f 4391 4414 4415
f 4391 4415 4392
f 4392 4415 4416
f 4392 4416 4393
f 4394 4417 4418
f 4394 4418 4395
f 4395 4418 4419
f 4395 4419 4396
f 4396 4419 4420
f 4396 4420 4397
f 4397 4420 4421
f 4397 4421 4398
f 4398 4421 4422
f 4398 4422 4399
f 4399 4422 4423
f 4399 4423 4400
f 4400 4423 4424
f 4400 4424 4401
f 4401 4424 4425
f 4401 4425 4402
f 4402 4425 4426
f 4402 4426 4403
f 4403 4426 4427
f 4403 4427 4404
f 4404 4427 4428
f 4404 4428 4405
f 4405 4428 4429
f 4405 4429 4406
f 4406 4429 4430
f 4406 4430 4407
f 4407 4430 4431
f 4407 4431 4408
f 4408 4431 4432
f 4408 4432 4409
f 4409 4432 4433
f 4409 4433 4410
f 4410 4433 4434
f 4410 4434 4411
f 4411 4434 4435
f 4411 4435 4412
f 4412 4435 4436
f 4412 4436 4413
f 4413 4436 4437
f 4413 4437 4414
f 4414 4437 4438
f 4414 4438 4415
f 4415 4438 4439
f 4415 4439 4416
f 4417 4440 4441
f 4417 4441 4418
f 4418 4441 4442
f 4418 4442 4419
f 4419 4442 4443
f 4419 4443 4420
f 4420 4443 4444
f 4420 4444 4421
f 4421 4444 4445
f 4421 4445 4422
f 4422 4445 4446
f 4422 4446 4423
f 4423 4446 4447
f 4423 4447 4424
f 4424 4447 4448
f 4424 4448 4425
f 4425 4448 4449
f 4425 4449 4426
f 4426 4449 4450
f 4426 4450 4427
f 4427 4450 4451
f 4427 4451 4428
f 4428 4451 4452
f 4428 4452 4429
f 4429 4452 4453
f 4429 4453 4430
f 4430 4453 4454
f 4430 4454 4431
f 4431 4454 4455
f 4431 4455 4432
f 4432 4455 4456
f 4432 4456 4433
f 4433 4456 4457
f 4433 4457 4434
f 4434 4457 4458
f 4434 4458 4435
f 4435 4458 4459
f 4435 4459 4436
f 4436 4459 4460
f 4436 4460 4437
f 4437 4460 4461
f 4437 4461 4438
f 4438 4461 4462
f 4438 4462 4439
f 4440 4463 4464
f 4440 4464 4441
f 4441 4464 4465
f 4441 4465 4442
f 4442 4465 4466
f 4442 4466 4443
f 4443 4466 4467
f 4443 4467 4444
f 4444 4467 4468
f 4444 4468 4445
f 4445 4468 4469
f 4445 4469 4446
f 4446 4469 4470
f 4446 4470 4447
f 4447 4470 4471
f 4447 4471 4448
f 4448 4471 4472
f 4448 4472 4449
f 4449 4472 4473
f 4449 4473 4450
f 4450 4473 4474
f 4450 4474 4451
f 4451 4474 4475
f 4451 4475 4452
f 4452 4475 4476
f 4452 4476 4453
f 4453 4476 4477
f 4453 4477 4454
f 4454 4477 4478
f 4454 4478 4455
f 4455 4478 4479
f 4455 4479 4456
f 4456 4479 4480
f 4456 4480 4457
f 4457 4480 4481
f 4457 4481 4458
f 4458 4481 4482
f 4458 4482 4459
f 4459 4482 4483
f 4459 4483 4460
f 4460 4483 4484
f 4460 4484 4461
f 4461 4484 4485
f 4461 4485 4462
f 4463 4486 4487
f 4463 4487 4464
f 4464 4487 4488
f 4464 4488 4465
f 4465 4488 4489
f 4465 4489 4466
f 4466 4489 4490
f 4466 4490 4467
f 4467 4490 4491
f 4467 4491 4468
f 4468 4491 4492
f 4468 4492 4469
f 4469 4492 4493
f 4469 4493 4470
f 4470 4493 4494
f 4470 4494 4471
f 4471 4494 4495
f 4471 4495 4472
f 4472 4495 4496
f 4472 4496 4473
f 4473 4496 4497
f 4473 4497 4474
f 4474 4497 4498
f 4474 4498 4475
f 4475 4498 4499
f 4475 4499 4476
f 4476 4499 4500
f 4476 4500 4477
f 4477 4500 4501
f 4477 4501 4478
f 4478 4501 4502
f 4478 4502 4479
f 4479 4502 4503
f 4479 4503 4480
f 4480 4503 4504
f 4480 4504 4481
f 4481 4504 4505
f 4481 4505 4482
f 4482 4505 4506
f 4482 4506 4483
f 4483 4506 4507
f 4483 4507 4484
f 4484 4507 4508
f 4484 4508 4485
f 4486 4509 4510
f 4486 4510 4487
f 4487 4510 4511
f 4487 4511 4488
f 4488 4511 4512
f 4488 4512 4489
f 4489 4512 4513
f 4489 4513 4490
f 4490 4513 4514
f 4490 4514 4491
f 4491 4514 4515
f 4491 4515 4492
f 4492 4515 4516
f 4492 4516 4493
f 4493 4516 4517
f 4493 4517 4494
f 4494 4517 4518
f 4494 4518 4495
f 4495 4518 4519
f 4495 4519 4496
f 4496 4519 4520
f 4496 4520 4497
f 4497 4520 4521
f 4497 4521 4498
f 4498 4521 4522
f 4498 4522 4499
f 4499 4522 4523
f 4499 4523 4500
f 4500 4523 4524
f 4500 4524 4501
f 4501 4524 4525
f 4501 4525 4502
f 4502 4525 4526
f 4502 4526 4503
f 4503 4526 4527
f 4503 4527 4504
f 4504 4527 4528
f 4504 4528 4505
f 4505 4528 4529
f 4505 4529 4506
f 4506 4529 4530
f 4506 4530 4507
f 4507 4530 4531
f 4507 4531 4508
o pauldron_v2_lame_0_R
v 2.155220 2.840000 0.181899
v 2.078135 2.940000 0.160499
v 2.131711 2.840000 0.251676
v 2.057392 2.940000 0.222067
v 2.100796 2.840000 0.318502
v 2.030114 2.940000 0.281032
v 2.062837 2.840000 0.381594
v 1.996621 2.940000 0.336701
v 2.018279 2.840000 0.440212
v 1.957305 2.940000 0.388422
v 1.967644 2.840000 0.493669
v 1.912627 2.940000 0.435590
v 1.911527 2.840000 0.541337
v 1.863112 2.940000 0.477650
v 1.850584 2.840000 0.582658
v 1.809339 2.940000 0.514110
v 1.785531 2.840000 0.617148
v 1.751939 2.940000 0.544543
v 1.717130 2.840000 0.644402
v 1.691585 2.940000 0.568590
v 1.646183 2.840000 0.664101
v 1.628985 2.940000 0.585972
v 1.573523 2.840000 0.676014
v 1.564873 2.940000 0.596483
v 1.500000 2.840000 0.680000
v 1.500000 2.940000 0.600000
v 1.426477 2.840000 0.676014
v 1.435127 2.940000 0.596483
v 1.353817 2.840000 0.664101
v 1.371015 2.940000 0.585972
v 1.282870 2.840000 0.644402
v 1.308415 2.940000 0.568590
v 1.214469 2.840000 0.617148
v 1.248061 2.940000 0.544543
v 1.149416 2.840000 0.582658
v 1.190661 2.940000 0.514110
v 1.088473 2.840000 0.541337
v 1.136888 2.940000 0.477650
v 1.032356 2.840000 0.493669
v 1.087373 2.940000 0.435590
v 0.981721 2.840000 0.440212
v 1.042695 2.940000 0.388422
v 0.937163 2.840000 0.381594
v 1.003379 2.940000 0.336701
v 0.899204 2.840000 0.318502
v 0.969886 2.940000 0.281032
v 0.868289 2.840000 0.251676
v 0.942608 2.940000 0.222067
v 0.844780 2.840000 0.181899
v 0.921865 2.940000 0.160499
vn 0.740424 0.624136 0.249454
vn 0.740424 0.624136 0.249454
vn 0.720122 0.624633 0.302090
vn 0.730568 0.624633 0.275871
vn 0.683238 0.624633 0.378179
vn 0.696457 0.624633 0.353244
vn 0.638343 0.624633 0.449835
vn 0.654181 0.624633 0.426475
vn 0.585964 0.624633 0.516217
vn 0.604235 0.624633 0.494706
vn 0.526715 0.624633 0.576546
vn 0.547204 0.624633 0.557137
vn 0.461290 0.624633 0.630115
vn 0.483758 0.624633 0.613035
vn 0.390457 0.624633 0.676297
vn 0.414640 0.624633 0.661746
vn 0.315046 0.624633 0.714549
vn 0.340660 0.624633 0.702698
vn 0.235941 0.624633 0.744423
vn 0.262686 0.624633 0.735411
vn 0.154069 0.624633 0.765569
vn 0.181632 0.624633 0.759502
vn 0.070392 0.624633 0.777740
vn 0.098449 0.624633 0.774688
vn -0.014111 0.624633 0.780791
vn 0.014111 0.624633 0.780791
vn -0.098449 0.624633 0.774688
vn -0.070392 0.624633 0.777740
vn -0.181632 0.624633 0.759502
vn -0.154069 0.624633 0.765569
vn -0.262686 0.624633 0.735411
vn -0.235941 0.624633 0.744423
vn -0.340660 0.624633 0.702698
vn -0.315046 0.624633 0.714549
vn -0.414640 0.624633 0.661746
vn -0.390457 0.624633 0.676297
vn -0.483758 0.624633 0.613035
vn -0.461290 0.624633 0.630115
vn -0.547204 0.624633 0.557137
vn -0.526715 0.624633 0.576546
vn -0.604235 0.624633 0.494706
vn -0.585964 0.624633 0.516217
vn -0.654181 0.624633 0.426475
vn -0.638343 0.624633 0.449835
vn -0.696457 0.624633 0.353244
vn -0.683238 0.624633 0.378179
vn -0.730568 0.624633 0.275871
vn -0.720122 0.624633 0.302090
vn -0.740424 0.624136 0.249454
vn -0.740424 0.624136 0.249454
usemtl steel
f 4532 4533 4535
f 4532 4535 4534
f 4534 4535 4537
f 4534 4537 4536
f 4536 4537 4539
f 4536 4539 4538
f 4538 4539 4541
f 4538 4541 4540
f 4540 4541 4543
f 4540 4543 4542
f 4542 4543 4545
f 4542 4545 4544
f 4544 4545 4547
f 4544 4547 4546
f 4546 4547 4549
f 4546 4549 4548
f 4548 4549 4551
f 4548 4551 4550
f 4550 4551 4553
f 4550 4553 4552
f 4552 4553 4555
f 4552 4555 4554
f 4554 4555 4557
f 4554 4557 4556
f 4556 4557 4559
f 4556 4559 4558
f 4558 4559 4561
f 4558 4561 4560
f 4560 4561 4563
f 4560 4563 4562
f 4562 4563 4565
f 4562 4565 4564
f 4564 4565 4567
f 4564 4567 4566
f 4566 4567 4569
f 4566 4569 4568
f 4568 4569 4571
f 4568 4571 4570
f 4570 4571 4573
f 4570 4573 4572
f 4572 4573 4575
f 4572 4575 4574
f 4574 4575 4577
f 4574 4577 4576
f 4576 4577 4579
f 4576 4579 4578
f 4578 4579 4581
f 4578 4581 4580
o pauldron_v2_lame_1_R
v 2.222669 2.730000 0.200624
v 2.145584 2.830000 0.179224
v 2.196740 2.730000 0.277584
v 2.122421 2.830000 0.247975
v 2.162643 2.730000 0.351289
v 2.091961 2.830000 0.313819
v 2.120776 2.730000 0.420876
v 2.054560 2.830000 0.375983
v 2.071631 2.730000 0.485528
v 2.010657 2.830000 0.433738
v 2.015784 2.730000 0.544487
v 1.960767 2.830000 0.486409
v 1.953890 2.730000 0.597063
v 1.905475 2.830000 0.533376
v 1.886674 2.730000 0.642638
v 1.845428 2.830000 0.574090
v 1.814924 2.730000 0.680678
v 1.781332 2.830000 0.608073
v 1.739482 2.730000 0.710738
v 1.713937 2.830000 0.634926
v 1.661232 2.730000 0.732465
v 1.644034 2.830000 0.654335
v 1.581091 2.730000 0.745603
v 1.572441 2.830000 0.666072
v 1.500000 2.730000 0.750000
v 1.500000 2.830000 0.670000
v 1.418909 2.730000 0.745603
v 1.427559 2.830000 0.666072
v 1.338768 2.730000 0.732465
v 1.355966 2.830000 0.654335
v 1.260518 2.730000 0.710738
v 1.286063 2.830000 0.634926
v 1.185076 2.730000 0.680678
v 1.218668 2.830000 0.608073
v 1.113326 2.730000 0.642638
v 1.154572 2.830000 0.574090
v 1.046110 2.730000 0.597063
v 1.094525 2.830000 0.533376
v 0.984216 2.730000 0.544487
v 1.039233 2.830000 0.486409
v 0.928369 2.730000 0.485528
v 0.989343 2.830000 0.433738
v 0.879224 2.730000 0.420876
v 0.945440 2.830000 0.375983
v 0.837357 2.730000 0.351289
v 0.908039 2.830000 0.313819
v 0.803260 2.730000 0.277584
v 0.877579 2.830000 0.247975
v 0.777331 2.730000 0.200624
v 0.854416 2.830000 0.179224
vn 0.740424 0.624136 0.249454
vn 0.740424 0.624136 0.249454
vn 0.720122 0.624633 0.302090
vn 0.730568 0.624633 0.275871
vn 0.683238 0.624633 0.378179
vn 0.696457 0.624633 0.353244
vn 0.638343 0.624633 0.449835
vn 0.654181 0.624633 0.426475
vn 0.585964 0.624633 0.516217
vn 0.604235 0.624633 0.494706
vn 0.526715 0.624633 0.576546
vn 0.547204 0.624633 0.557137
vn 0.461290 0.624633 0.630115
vn 0.483758 0.624633 0.613035
vn 0.390457 0.624633 0.676297
vn 0.414640 0.624633 0.661746
vn 0.315046 0.624633 0.714549
vn 0.340660 0.624633 0.702698
vn 0.235941 0.624633 0.744423
vn 0.262686 0.624633 0.735411
vn 0.154069 0.624633 0.765569
vn 0.181632 0.624633 0.759502
vn 0.070392 0.624633 0.777740
vn 0.098449 0.624633 0.774688
vn -0.014111 0.624633 0.780791
vn 0.014111 0.624633 0.780791
vn -0.098449 0.624633 0.774688
vn -0.070392 0.624633 0.777740
vn -0.181632 0.624633 0.759502
vn -0.154069 0.624633 0.765569
vn -0.262686 0.624633 0.735411
vn -0.235941 0.624633 0.744423
vn -0.340660 0.624633 0.702698
vn -0.315046 0.624633 0.714549
vn -0.414640 0.624633 0.661746
vn -0.390457 0.624633 0.676297
vn -0.483758 0.624633 0.613035
vn -0.461290 0.624633 0.630115
vn -0.547204 0.624633 0.557137
vn -0.526715 0.624633 0.576546
vn -0.604235 0.624633 0.494706
vn -0.585964 0.624633 0.516217
vn -0.654181 0.624633 0.426475
vn -0.638343 0.624633 0.449835
vn -0.696457 0.624633 0.353244
vn -0.683238 0.624633 0.378179
vn -0.730568 0.624633 0.275871
vn -0.720122 0.624633 0.302090
vn -0.740424 0.624136 0.249454
vn -0.740424 0.624136 0.249454
usemtl steel_dark
f 4582 4583 4585
f 4582 4585 4584
f 4584 4585 4587
f 4584 4587 4586
f 4586 4587 4589
f 4586 4589 4588
f 4588 4589 4591
f 4588 4591 4590
f 4590 4591 4593
f 4590 4593 4592
f 4592 4593 4595
f 4592 4595 4594
f 4594 4595 4597
f 4594 4597 4596
f 4596 4597 4599
f 4596 4599 4598
f 4598 4599 4601
f 4598 4601 4600
f 4600 4601 4603
f 4600 4603 4602
f 4602 4603 4605
f 4602 4605 4604
f 4604 4605 4607
f 4604 4607 4606
f 4606 4607 4609
f 4606 4609 4608
f 4608 4609 4611
f 4608 4611 4610
f 4610 4611 4613
f 4610 4613 4612
f 4612 4613 4615
f 4612 4615 4614
f 4614 4615 4617
f 4614 4617 4616
f 4616 4617 4619
f 4616 4619 4618
f 4618 4619 4621
f 4618 4621 4620
f 4620 4621 4623
f 4620 4623 4622
f 4622 4623 4625
f 4622 4625 4624
f 4624 4625 4627
f 4624 4627 4626
f 4626 4627 4629
f 4626 4629 4628
f 4628 4629 4631
f 4628 4631 4630
o pauldron_v2_lame_2_R
v 2.290118 2.620000 0.219349
v 2.213033 2.720000 0.197949
v 2.261769 2.620000 0.303492
v 2.187450 2.720000 0.273883
v 2.224490 2.620000 0.384076
v 2.153808 2.720000 0.346606
v 2.178716 2.620000 0.460158
v 2.112499 2.720000 0.415264
v 2.124984 2.620000 0.530844
v 2.064010 2.720000 0.479054
v 2.063924 2.620000 0.595306
v 2.008907 2.720000 0.537228
v 1.996253 2.620000 0.652789
v 1.947838 2.720000 0.589102
v 1.922763 2.620000 0.702617
v 1.881518 2.720000 0.634069
v 1.844317 2.620000 0.744208
v 1.810725 2.720000 0.671603
v 1.761833 2.620000 0.777074
v 1.736289 2.720000 0.701262
v 1.676280 2.620000 0.800828
v 1.659082 2.720000 0.722698
v 1.588660 2.620000 0.815193
v 1.580010 2.720000 0.735662
v 1.500000 2.620000 0.820000
v 1.500000 2.720000 0.740000
v 1.411340 2.620000 0.815193
v 1.419990 2.720000 0.735662
v 1.323720 2.620000 0.800828
v 1.340918 2.720000 0.722698
v 1.238167 2.620000 0.777074
v 1.263711 2.720000 0.701262
v 1.155683 2.620000 0.744208
v 1.189275 2.720000 0.671603
v 1.077237 2.620000 0.702617
v 1.118482 2.720000 0.634069
v 1.003747 2.620000 0.652789
v 1.052162 2.720000 0.589102
v 0.936076 2.620000 0.595306
v 0.991093 2.720000 0.537228
v 0.875016 2.620000 0.530844
v 0.935990 2.720000 0.479054
v 0.821284 2.620000 0.460158
v 0.887501 2.720000 0.415264
v 0.775510 2.620000 0.384076
v 0.846192 2.720000 0.346606
v 0.738231 2.620000 0.303492
v 0.812550 2.720000 0.273883
v 0.709882 2.620000 0.219349
v 0.786967 2.720000 0.197949
vn 0.740424 0.624136 0.249454
vn 0.740424 0.624136 0.249454
vn 0.720122 0.624633 0.302090
vn 0.730568 0.624633 0.275871
vn 0.683238 0.624633 0.378179
vn 0.696457 0.624633 0.353244
vn 0.638343 0.624633 0.449835
vn 0.654181 0.624633 0.426475
vn 0.585964 0.624633 0.516217
vn 0.604235 0.624633 0.494706
vn 0.526715 0.624633 0.576546
vn 0.547204 0.624633 0.557137
vn 0.461290 0.624633 0.630115
vn 0.483758 0.624633 0.613035
vn 0.390457 0.624633 0.676297
vn 0.414640 0.624633 0.661746
vn 0.315046 0.624633 0.714549
vn 0.340660 0.624633 0.702698
vn 0.235941 0.624633 0.744423
vn 0.262686 0.624633 0.735411
vn 0.154069 0.624633 0.765569
vn 0.181632 0.624633 0.759502
vn 0.070392 0.624633 0.777740
vn 0.098449 0.624633 0.774688
vn -0.014111 0.624633 0.780791
vn 0.014111 0.624633 0.780791
vn -0.098449 0.624633 0.774688
vn -0.070392 0.624633 0.777740
vn -0.181632 0.624633 0.759502
vn -0.154069 0.624633 0.765569
vn -0.262686 0.624633 0.735411
vn -0.235941 0.624633 0.744423
vn -0.340660 0.624633 0.702698
vn -0.315046 0.624633 0.714549
vn -0.414640 0.624633 0.661746
vn -0.390457 0.624633 0.676297
vn -0.483758 0.624633 0.613035
vn -0.461290 0.624633 0.630115
vn -0.547204 0.624633 0.557137
vn -0.526715 0.624633 0.576546
vn -0.604235 0.624633 0.494706
vn -0.585964 0.624633 0.516217
vn -0.654181 0.624633 0.426475
vn -0.638343 0.624633 0.449835
vn -0.696457 0.624633 0.353244
vn -0.683238 0.624633 0.378179
vn -0.730568 0.624633 0.275871
vn -0.720122 0.624633 0.302090
vn -0.740424 0.624136 0.249454
vn -0.740424 0.624136 0.249454
usemtl steel
f 4632 4633 4635
f 4632 4635 4634
f 4634 4635 4637
f 4634 4637 4636
f 4636 4637 4639
f 4636 4639 4638
f 4638 4639 4641
f 4638 4641 4640
f 4640 4641 4643
f 4640 4643 4642
f 4642 4643 4645
f 4642 4645 4644
f 4644 4645 4647
f 4644 4647 4646
f 4646 4647 4649
f 4646 4649 4648
f 4648 4649 4651
f 4648 4651 4650
f 4650 4651 4653
f 4650 4653 4652
f 4652 4653 4655
f 4652 4655 4654
f 4654 4655 4657
f 4654 4657 4656
f 4656 4657 4659
f 4656 4659 4658
f 4658 4659 4661
f 4658 4661 4660
f 4660 4661 4663
f 4660 4663 4662
f 4662 4663 4665
f 4662 4665 4664
f 4664 4665 4667
f 4664 4667 4666
f 4666 4667 4669
f 4666 4669 4668
f 4668 4669 4671
f 4668 4671 4670
f 4670 4671 4673
f 4670 4673 4672
f 4672 4673 4675
f 4672 4675 4674
f 4674 4675 4677
f 4674 4677 4676
f 4676 4677 4679
f 4676 4679 4678
f 4678 4679 4681
f 4678 4681 4680
o pauldron_v2_lame_3_R
v 2.357567 2.510000 0.238074
v 2.280482 2.610000 0.216674
v 2.326799 2.510000 0.329400
v 2.252480 2.610000 0.299791
v 2.286336 2.510000 0.416863
v 2.215654 2.610000 0.379393
v 2.236655 2.510000 0.499440
v 2.170439 2.610000 0.454546
v 2.178336 2.510000 0.576160
v 2.117362 2.610000 0.524370
v 2.112064 2.510000 0.646125
v 2.057047 2.610000 0.588046
v 2.038616 2.510000 0.708515
v 1.990201 2.610000 0.644828
v 1.958853 2.510000 0.762597
v 1.917607 2.610000 0.694049
v 1.873710 2.510000 0.807738
v 1.840118 2.610000 0.735133
v 1.784185 2.510000 0.843409
v 1.758640 2.610000 0.767597
v 1.691328 2.510000 0.869191
v 1.674130 2.610000 0.791062
v 1.596228 2.510000 0.884783
v 1.587578 2.610000 0.805252
v 1.500000 2.510000 0.890000
v 1.500000 2.610000 0.810000
v 1.403772 2.510000 0.884783
v 1.412422 2.610000 0.805252
v 1.308672 2.510000 0.869191
v 1.325870 2.610000 0.791062
v 1.215815 2.510000 0.843409
v 1.241360 2.610000 0.767597
v 1.126290 2.510000 0.807738
v 1.159882 2.610000 0.735133
v 1.041147 2.510000 0.762597
v 1.082393 2.610000 0.694049
v 0.961384 2.510000 0.708515
v 1.009799 2.610000 0.644828
v 0.887936 2.510000 0.646125
v 0.942953 2.610000 0.588046
v 0.821664 2.510000 0.576160
v 0.882638 2.610000 0.524370
v 0.763345 2.510000 0.499440
v 0.829561 2.610000 0.454546
v 0.713664 2.510000 0.416863
v 0.784346 2.610000 0.379393
v 0.673201 2.510000 0.329400
v 0.747520 2.610000 0.299791
v 0.642433 2.510000 0.238074
v 0.719518 2.610000 0.216674
vn 0.740424 0.624136 0.249454
vn 0.740424 0.624136 0.249454
vn 0.720122 0.624633 0.302090
vn 0.730568 0.624633 0.275871
vn 0.683238 0.624633 0.378179
vn 0.696457 0.624633 0.353244
vn 0.638343 0.624633 0.449835
vn 0.654181 0.624633 0.426475
vn 0.585964 0.624633 0.516217
vn 0.604235 0.624633 0.494706
vn 0.526715 0.624633 0.576546
vn 0.547204 0.624633 0.557137
vn 0.461290 0.624633 0.630115
vn 0.483758 0.624633 0.613035
vn 0.390457 0.624633 0.676297
vn 0.414640 0.624633 0.661746
vn 0.315046 0.624633 0.714549
vn 0.340660 0.624633 0.702698
vn 0.235941 0.624633 0.744423
vn 0.262686 0.624633 0.735411
vn 0.154069 0.624633 0.765569
vn 0.181632 0.624633 0.759502
vn 0.070392 0.624633 0.777740
vn 0.098449 0.624633 0.774688
vn -0.014111 0.624633 0.780791
vn 0.014111 0.624633 0.780791
vn -0.098449 0.624633 0.774688
vn -0.070392 0.624633 0.777740
vn -0.181632 0.624633 0.759502
vn -0.154069 0.624633 0.765569
vn -0.262686 0.624633 0.735411
vn -0.235941 0.624633 0.744423
vn -0.340660 0.624633 0.702698
vn -0.315046 0.624633 0.714549
vn -0.414640 0.624633 0.661746
vn -0.390457 0.624633 0.676297
vn -0.483758 0.624633 0.613035
vn -0.461290 0.624633 0.630115
vn -0.547204 0.624633 0.557137
vn -0.526715 0.624633 0.576546
vn -0.604235 0.624633 0.494706
vn -0.585964 0.624633 0.516217
vn -0.654181 0.624633 0.426475
vn -0.638343 0.624633 0.449835
vn -0.696457 0.624633 0.353244
vn -0.683238 0.624633 0.378179
vn -0.730568 0.624633 0.275871
vn -0.720122 0.624633 0.302090
vn -0.740424 0.624136 0.249454
vn -0.740424 0.624136 0.249454
usemtl steel_dark
f 4682 4683 4685
f 4682 4685 4684
f 4684 4685 4687
f 4684 4687 4686
f 4686 4687 4689
f 4686 4689 4688
f 4688 4689 4691
f 4688 4691 4690
f 4690 4691 4693
f 4690 4693 4692
f 4692 4693 4695
f 4692 4695 4694
f 4694 4695 4697
f 4694 4697 4696
f 4696 4697 4699
f 4696 4699 4698
f 4698 4699 4701
f 4698 4701 4700
f 4700 4701 4703
f 4700 4703 4702
f 4702 4703 4705
f 4702 4705 4704
f 4704 4705 4707
f 4704 4707 4706
f 4706 4707 4709
f 4706 4709 4708
f 4708 4709 4711
f 4708 4711 4710
f 4710 4711 4713
f 4710 4713 4712
f 4712 4713 4715
f 4712 4715 4714
f 4714 4715 4717
f 4714 4717 4716
f 4716 4717 4719
f 4716 4719 4718
f 4718 4719 4721
f 4718 4721 4720
f 4720 4721 4723
f 4720 4723 4722
f 4722 4723 4725
f 4722 4725 4724
f 4724 4725 4727
f 4724 4727 4726
f 4726 4727 4729
f 4726 4729 4728
f 4728 4729 4731
f 4728 4731 4730
o rondel_R
v 1.350000 2.820000 0.340000
v 1.338254 2.745836 0.340000
v 1.304164 2.678932 0.340000
v 1.251068 2.625836 0.340000
v 1.184164 2.591746 0.340000
v 1.110000 2.580000 0.340000
v 1.035836 2.591746 0.340000
v 0.968932 2.625836 0.340000
v 0.915836 2.678932 0.340000
v 0.881746 2.745836 0.340000
v 0.870000 2.820000 0.340000
v 0.881746 2.894164 0.340000
v 0.915836 2.961068 0.340000
v 0.968932 3.014164 0.340000
v 1.035836 3.048254 0.340000
v 1.110000 3.060000 0.340000
v 1.184164 3.048254 0.340000
v 1.251068 3.014164 0.340000
v 1.304164 2.961068 0.340000
v 1.338254 2.894164 0.340000
v 1.350000 2.820000 0.340000
v 1.347947 2.820000 0.353053
v 1.336301 2.746470 0.353053
v 1.302503 2.680138 0.353053
v 1.249862 2.627497 0.353053
v 1.183530 2.593699 0.353053
v 1.110000 2.582053 0.353053
v 1.036470 2.593699 0.353053
v 0.970138 2.627497 0.353053
v 0.917497 2.680138 0.353053
v 0.883699 2.746470 0.353053
v 0.872053 2.820000 0.353053
v 0.883699 2.893530 0.353053
v 0.917497 2.959862 0.353053
v 0.970138 3.012503 0.353053
v 1.036470 3.046301 0.353053
v 1.110000 3.057947 0.353053
v 1.183530 3.046301 0.353053
v 1.249862 3.012503 0.353053
v 1.302503 2.959862 0.353053
v 1.336301 2.893530 0.353053
v 1.347947 2.820000 0.353053
v 1.341822 2.820000 0.365882
v 1.330476 2.748363 0.365882
v 1.297548 2.683738 0.365882
v 1.246262 2.632452 0.365882
v 1.181637 2.599524 0.365882
v 1.110000 2.588178 0.365882
v 1.038363 2.599524 0.365882
v 0.973738 2.632452 0.365882
v 0.922452 2.683738 0.365882
v 0.889524 2.748363 0.365882
v 0.878178 2.820000 0.365882
v 0.889524 2.891637 0.365882
v 0.922452 2.956262 0.365882
v 0.973738 3.007548 0.365882
v 1.038363 3.040476 0.365882
v 1.110000 3.051822 0.365882
v 1.181637 3.040476 0.365882
v 1.246262 3.007548 0.365882
v 1.297548 2.956262 0.365882
v 1.330476 2.891637 0.365882
v 1.341822 2.820000 0.365882
v 1.331731 2.820000 0.378268
v 1.320879 2.751481 0.378268
v 1.289384 2.689670 0.378268
v 1.240330 2.640616 0.378268
v 1.178519 2.609121 0.378268
v 1.110000 2.598269 0.378268
v 1.041481 2.609121 0.378268
v 0.979670 2.640616 0.378268
v 0.930616 2.689670 0.378268
v 0.899121 2.751481 0.378268
v 0.888269 2.820000 0.378268
v 0.899121 2.888519 0.378268
v 0.930616 2.950330 0.378268
v 0.979670 2.999384 0.378268
v 1.041481 3.030879 0.378268
v 1.110000 3.041731 0.378268
v 1.178519 3.030879 0.378268
v 1.240330 2.999384 0.378268
v 1.289384 2.950330 0.378268
v 1.320879 2.888519 0.378268
v 1.331731 2.820000 0.378268
v 1.317846 2.820000 0.390000
v 1.307673 2.755772 0.390000
v 1.278151 2.697831 0.390000
v 1.232169 2.651849 0.390000
v 1.174228 2.622327 0.390000
v 1.110000 2.612154 0.390000
v 1.045772 2.622327 0.390000
v 0.987831 2.651849 0.390000
v 0.941849 2.697831 0.390000
v 0.912327 2.755772 0.390000
v 0.902154 2.820000 0.390000
v 0.912327 2.884228 0.390000
v 0.941849 2.942169 0.390000
v 0.987831 2.988151 0.390000
v 1.045772 3.017673 0.390000
v 1.110000 3.027846 0.390000
v 1.174228 3.017673 0.390000
v 1.232169 2.988151 0.390000
v 1.278151 2.942169 0.390000
v 1.307673 2.884228 0.390000
v 1.317846 2.820000 0.390000
v 1.300405 2.820000 0.400876
v 1.291086 2.761162 0.400876
v 1.264041 2.708083 0.400876
v 1.221917 2.665959 0.400876
v 1.168838 2.638914 0.400876
v 1.110000 2.629595 0.400876
v 1.051162 2.638914 0.400876
v 0.998083 2.665959 0.400876
v 0.955959 2.708083 0.400876
v 0.928914 2.761162 0.400876
v 0.919595 2.820000 0.400876
v 0.928914 2.878838 0.400876
v 0.955959 2.931917 0.400876
v 0.998083 2.974041 0.400876
v 1.051162 3.001086 0.400876
v 1.110000 3.010405 0.400876
v 1.168838 3.001086 0.400876
v 1.221917 2.974041 0.400876
v 1.264041 2.931917 0.400876
v 1.291086 2.878838 0.400876
v 1.300405 2.820000 0.400876
v 1.279706 2.820000 0.410711
v 1.271400 2.767558 0.410711
v 1.247295 2.720250 0.410711
v 1.209750 2.682705 0.410711
v 1.162442 2.658600 0.410711
v 1.110000 2.650294 0.410711
v 1.057558 2.658600 0.410711
v 1.010250 2.682705 0.410711
v 0.972705 2.720250 0.410711
v 0.948600 2.767558 0.410711
v 0.940294 2.820000 0.410711
v 0.948600 2.872442 0.410711
v 0.972705 2.919750 0.410711
v 1.010250 2.957295 0.410711
v 1.057558 2.981400 0.410711
v 1.110000 2.989706 0.410711
v 1.162442 2.981400 0.410711
v 1.209750 2.957295 0.410711
v 1.247295 2.919750 0.410711
v 1.271400 2.872442 0.410711
v 1.279706 2.820000 0.410711
v 1.256103 2.820000 0.419335
v 1.248952 2.774852 0.419335
v 1.228200 2.734123 0.419335
v 1.195877 2.701800 0.419335
v 1.155148 2.681048 0.419335
v 1.110000 2.673897 0.419335
v 1.064852 2.681048 0.419335
v 1.024123 2.701800 0.419335
v 0.991800 2.734123 0.419335
v 0.971048 2.774852 0.419335
v 0.963897 2.820000 0.419335
v 0.971048 2.865148 0.419335
v 0.991800 2.905877 0.419335
v 1.024123 2.938200 0.419335
v 1.064852 2.958952 0.419335
v 1.110000 2.966103 0.419335
v 1.155148 2.958952 0.419335
v 1.195877 2.938200 0.419335
v 1.228200 2.905877 0.419335
v 1.248952 2.865148 0.419335
v 1.256103 2.820000 0.419335
v 1.230000 2.820000 0.426603
v 1.224127 2.782918 0.426603
v 1.207082 2.749466 0.426603
v 1.180534 2.722918 0.426603
v 1.147082 2.705873 0.426603
v 1.110000 2.700000 0.426603
v 1.072918 2.705873 0.426603
v 1.039466 2.722918 0.426603
v 1.012918 2.749466 0.426603
v 0.995873 2.782918 0.426603
v 0.990000 2.820000 0.426603
v 0.995873 2.857082 0.426603
v 1.012918 2.890534 0.426603
v 1.039466 2.917082 0.426603
v 1.072918 2.934127 0.426603
v 1.110000 2.940000 0.426603
v 1.147082 2.934127 0.426603
v 1.180534 2.917082 0.426603
v 1.207082 2.890534 0.426603
v 1.224127 2.857082 0.426603
v 1.230000 2.820000 0.426603
v 1.201844 2.820000 0.432388
v 1.197349 2.791619 0.432388
v 1.184303 2.766015 0.432388
v 1.163985 2.745697 0.432388
v 1.138381 2.732651 0.432388
v 1.110000 2.728156 0.432388
v 1.081619 2.732651 0.432388
v 1.056015 2.745697 0.432388
v 1.035697 2.766015 0.432388
v 1.022651 2.791619 0.432388
v 1.018156 2.820000 0.432388
v 1.022651 2.848381 0.432388
v 1.035697 2.873985 0.432388
v 1.056015 2.894303 0.432388
v 1.081619 2.907349 0.432388
v 1.110000 2.911844 0.432388
v 1.138381 2.907349 0.432388
v 1.163985 2.894303 0.432388
v 1.184303 2.873985 0.432388
v 1.197349 2.848381 0.432388
v 1.201844 2.820000 0.432388
v 1.172117 2.820000 0.436593
v 1.169076 2.800805 0.436593
v 1.160253 2.783489 0.436593
v 1.146511 2.769747 0.436593
v 1.129195 2.760924 0.436593
v 1.110000 2.757883 0.436593
v 1.090805 2.760924 0.436593
v 1.073489 2.769747 0.436593
v 1.059747 2.783489 0.436593
v 1.050924 2.800805 0.436593
v 1.047883 2.820000 0.436593
v 1.050924 2.839195 0.436593
v 1.059747 2.856511 0.436593
v 1.073489 2.870253 0.436593
v 1.090805 2.879076 0.436593
v 1.110000 2.882117 0.436593
v 1.129195 2.879076 0.436593
v 1.146511 2.870253 0.436593
v 1.160253 2.856511 0.436593
v 1.169076 2.839195 0.436593
v 1.172117 2.820000 0.436593
v 1.141326 2.820000 0.439144
v 1.139793 2.810320 0.439144
v 1.135343 2.801587 0.439144
v 1.128413 2.794657 0.439144
v 1.119680 2.790207 0.439144
v 1.110000 2.788674 0.439144
v 1.100320 2.790207 0.439144
v 1.091587 2.794657 0.439144
v 1.084657 2.801587 0.439144
v 1.080207 2.810320 0.439144
v 1.078674 2.820000 0.439144
v 1.080207 2.829680 0.439144
v 1.084657 2.838413 0.439144
v 1.091587 2.845343 0.439144
v 1.100320 2.849793 0.439144
v 1.110000 2.851326 0.439144
v 1.119680 2.849793 0.439144
v 1.128413 2.845343 0.439144
v 1.135343 2.838413 0.439144
v 1.139793 2.829680 0.439144
v 1.141326 2.820000 0.439144
v 1.111920 2.820000 0.440000
v 1.111826 2.819407 0.440000
v 1.111553 2.818871 0.440000
v 1.111129 2.818447 0.440000
v 1.110593 2.818174 0.440000
v 1.110000 2.818080 0.440000
v 1.109407 2.818174 0.440000
v 1.108871 2.818447 0.440000
v 1.108447 2.818871 0.440000
v 1.108174 2.819407 0.440000
v 1.108080 2.820000 0.440000
v 1.108174 2.820593 0.440000
v 1.108447 2.821129 0.440000
v 1.108871 2.821553 0.440000
v 1.109407 2.821826 0.440000
v 1.110000 2.821920 0.440000
v 1.110593 2.821826 0.440000
v 1.111129 2.821553 0.440000
v 1.111553 2.821129 0.440000
v 1.111826 2.820593 0.440000
v 1.111920 2.820000 0.440000
vn 0.975979 -0.154580 0.153526
vn 0.922134 -0.354383 0.155183
vn 0.767491 -0.621993 0.155183
vn 0.537721 -0.828718 0.155183
vn 0.255315 -0.954323 0.155183
vn -0.052083 -0.986512 0.155183
vn -0.354383 -0.922134 0.155183
vn -0.621993 -0.767491 0.155183
vn -0.828718 -0.537721 0.155183
vn -0.954323 -0.255315 0.155183
vn -0.986512 0.052083 0.155183
vn -0.922134 0.354383 0.155183
vn -0.767491 0.621993 0.155183
vn -0.537721 0.828718 0.155183
vn -0.255315 0.954323 0.155183
vn 0.052083 0.986512 0.155183
vn 0.354383 0.922134 0.155183
vn 0.621993 0.767491 0.155183
vn 0.828718 0.537721 0.155183
vn 0.954323 0.255315 0.155183
vn 0.975979 0.154580 0.153526
vn 0.929355 -0.147195 0.338576
vn 0.909025 -0.293017 0.296336
vn 0.773987 -0.559580 0.296336
vn 0.563185 -0.771367 0.296336
vn 0.297256 -0.907647 0.296336
vn 0.002229 -0.955081 0.296336
vn -0.293017 -0.909025 0.296336
vn -0.559580 -0.773987 0.296336
vn -0.771367 -0.563185 0.296336
vn -0.907647 -0.297256 0.296336
vn -0.955081 -0.002229 0.296336
vn -0.909025 0.293017 0.296336
vn -0.773987 0.559580 0.296336
vn -0.563185 0.771367 0.296336
vn -0.297256 0.907647 0.296336
vn -0.002229 0.955081 0.296336
vn 0.293017 0.909025 0.296336
vn 0.559580 0.773987 0.296336
vn 0.771367 0.563185 0.296336
vn 0.907647 0.297256 0.296336
vn 0.957147 0.151597 0.246756
vn 0.815872 -0.129221 0.563609
vn 0.804440 -0.257886 0.535136
vn 0.685377 -0.493849 0.535136
vn 0.499224 -0.681472 0.535136
vn 0.264204 -0.802387 0.535136
vn 0.003322 -0.844759 0.535136
vn -0.257886 -0.804440 0.535136
vn -0.493849 -0.685377 0.535136
vn -0.681472 -0.499224 0.535136
vn -0.802387 -0.264204 0.535136
vn -0.844759 -0.003322 0.535136
vn -0.804440 0.257886 0.535136
vn -0.685377 0.493849 0.535136
vn -0.499224 0.681472 0.535136
vn -0.264204 0.802387 0.535136
vn -0.003322 0.844759 0.535136
vn 0.257886 0.804440 0.535136
vn 0.493849 0.685377 0.535136
vn 0.681472 0.499224 0.535136
vn 0.802387 0.264204 0.535136
vn 0.857416 0.135801 0.496382
vn 0.687158 -0.108835 0.718310
vn 0.679467 -0.217197 0.700821
vn 0.579094 -0.416533 0.700821
vn 0.422035 -0.575096 0.700821
vn 0.223665 -0.677365 0.700821
vn 0.003401 -0.713329 0.700821
vn -0.217197 -0.679467 0.700821
vn -0.416533 -0.579094 0.700821
vn -0.575096 -0.422035 0.700821
vn -0.677365 -0.223665 0.700821
vn -0.713329 -0.003401 0.700821
vn -0.679467 0.217197 0.700821
vn -0.579094 0.416533 0.700821
vn -0.422035 0.575096 0.700821
vn -0.223665 0.677365 0.700821
vn -0.003401 0.713329 0.700821
vn 0.217197 0.679467 0.700821
vn 0.416533 0.579094 0.700821
vn 0.575096 0.422035 0.700821
vn 0.677365 0.223665 0.700821
vn 0.729807 0.115590 0.673811
vn 0.566854 -0.089781 0.818911
vn 0.560864 -0.179028 0.808320
vn 0.478090 -0.343582 0.808320
vn 0.348518 -0.474504 0.808320
vn 0.184830 -0.558978 0.808320
vn 0.003050 -0.588736 0.808320
vn -0.179028 -0.560864 0.808320
vn -0.343582 -0.478090 0.808320
vn -0.474504 -0.348518 0.808320
vn -0.558978 -0.184830 0.808320
vn -0.588736 -0.003050 0.808320
vn -0.560864 0.179028 0.808320
vn -0.478090 0.343582 0.808320
vn -0.348518 0.474504 0.808320
vn -0.184830 0.558978 0.808320
vn -0.003050 0.588736 0.808320
vn 0.179028 0.560864 0.808320
vn 0.343582 0.478090 0.808320
vn 0.474504 0.348518 0.808320
vn 0.558978 0.184830 0.808320
vn 0.605196 0.095854 0.790285
vn 0.461875 -0.073154 0.883923
vn 0.457213 -0.145793 0.877326
vn 0.389783 -0.279944 0.877326
vn 0.284198 -0.386692 0.877326
vn 0.150794 -0.455588 0.877326
vn 0.002629 -0.479888 0.877326
vn -0.145793 -0.457213 0.877326
vn -0.279944 -0.389783 0.877326
vn -0.386692 -0.284198 0.877326
vn -0.455588 -0.150794 0.877326
vn -0.479888 -0.002629 0.877326
vn -0.457213 0.145793 0.877326
vn -0.389783 0.279944 0.877326
vn -0.284198 0.386692 0.877326
vn -0.150794 0.455588 0.877326
vn -0.002629 0.479888 0.877326
vn 0.145793 0.457213 0.877326
vn 0.279944 0.389783 0.877326
vn 0.386692 0.284198 0.877326
vn 0.455588 0.150794 0.877326
vn 0.494968 0.078395 0.865368
vn 0.371554 -0.058848 0.926545
vn 0.368357 -0.117308 0.922254
vn 0.314078 -0.225395 0.922254
vn 0.229055 -0.311419 0.922254
vn 0.121611 -0.366959 0.922254
vn 0.002262 -0.386578 0.922254
vn -0.117308 -0.368357 0.922254
vn -0.225395 -0.314078 0.922254
vn -0.311419 -0.229055 0.922254
vn -0.366959 -0.121611 0.922254
vn -0.386578 -0.002262 0.922254
vn -0.368357 0.117308 0.922254
vn -0.314078 0.225395 0.922254
vn -0.229055 0.311419 0.922254
vn -0.121611 0.366959 0.922254
vn -0.002262 0.386578 0.922254
vn 0.117308 0.368357 0.922254
vn 0.225395 0.314078 0.922254
vn 0.311419 0.229055 0.922254
vn 0.366959 0.121611 0.922254
vn 0.400065 0.063364 0.914294
vn 0.293085 -0.046420 0.954959
vn 0.291573 -0.092659 0.952050
vn 0.248669 -0.178225 0.952050
vn 0.181424 -0.246345 0.952050
vn 0.096419 -0.290351 0.952050
vn 0.001977 -0.305935 0.952050
vn -0.092659 -0.291573 0.952050
vn -0.178225 -0.248669 0.952050
vn -0.246345 -0.181424 0.952050
vn -0.290351 -0.096419 0.952050
vn -0.305935 -0.001977 0.952050
vn -0.291573 0.092659 0.952050
vn -0.248669 0.178225 0.952050
vn -0.181424 0.246345 0.952050
vn -0.096419 0.290351 0.952050
vn -0.001977 0.305935 0.952050
vn 0.092659 0.291573 0.952050
vn 0.178225 0.248669 0.952050
vn 0.246345 0.181424 0.952050
vn 0.290351 0.096419 0.952050
vn 0.318016 0.050369 0.946746
vn 0.223556 -0.035408 0.974048
vn 0.223922 -0.070900 0.972025
vn 0.191053 -0.136626 0.972025
vn 0.139483 -0.188978 0.972025
vn 0.074259 -0.222831 0.972025
vn 0.001766 -0.234872 0.972025
vn -0.070900 -0.223922 0.972025
vn -0.136626 -0.191053 0.972025
vn -0.188978 -0.139483 0.972025
vn -0.222831 -0.074259 0.972025
vn -0.234872 -0.001766 0.972025
vn -0.223922 0.070900 0.972025
vn -0.191053 0.136626 0.972025
vn -0.139483 0.188978 0.972025
vn -0.074259 0.222831 0.972025
vn -0.001766 0.234872 0.972025
vn 0.070900 0.223922 0.972025
vn 0.136626 0.191053 0.972025
vn 0.188978 0.139483 0.972025
vn 0.222831 0.074259 0.972025
vn 0.245833 0.038936 0.968530
vn 0.160468 -0.025416 0.986714
vn 0.162880 -0.051224 0.985315
vn 0.139079 -0.099049 0.985315
vn 0.101664 -0.137179 0.985315
vn 0.054297 -0.161881 0.985315
vn 0.001616 -0.170737 0.985315
vn -0.051224 -0.162880 0.985315
vn -0.099049 -0.139079 0.985315
vn -0.137179 -0.101664 0.985315
vn -0.161881 -0.054297 0.985315
vn -0.170737 -0.001616 0.985315
vn -0.162880 0.051224 0.985315
vn -0.139079 0.099049 0.985315
vn -0.101664 0.137179 0.985315
vn -0.054297 0.161881 0.985315
vn -0.001616 0.170737 0.985315
vn 0.051224 0.162880 0.985315
vn 0.099049 0.139079 0.985315
vn 0.137179 0.101664 0.985315
vn 0.161881 0.054297 0.985315
vn 0.180863 0.028646 0.983091
vn 0.101769 -0.016119 0.994677
vn 0.106383 -0.032971 0.993778
vn 0.090988 -0.064232 0.993778
vn 0.066686 -0.089205 0.993778
vn 0.035856 -0.105446 0.993778
vn 0.001517 -0.111365 0.993778
vn -0.032971 -0.106383 0.993778
vn -0.064232 -0.090988 0.993778
vn -0.089205 -0.066686 0.993778
vn -0.105446 -0.035856 0.993778
vn -0.111365 -0.001517 0.993778
vn -0.106383 0.032971 0.993778
vn -0.090988 0.064232 0.993778
vn -0.066686 0.089205 0.993778
vn -0.035856 0.105446 0.993778
vn -0.001517 0.111365 0.993778
vn 0.032971 0.106383 0.993778
vn 0.064232 0.090988 0.993778
vn 0.089205 0.066686 0.993778
vn 0.105446 0.035856 0.993778
vn 0.120917 0.019151 0.992478
vn 0.046932 -0.007433 0.998870
vn 0.053561 -0.015917 0.998438
vn 0.046020 -0.031689 0.998438
vn 0.033976 -0.044359 0.998438
vn 0.018605 -0.052687 0.998438
vn 0.001413 -0.055858 0.998438
vn -0.015917 -0.053561 0.998438
vn -0.031689 -0.046020 0.998438
vn -0.044359 -0.033976 0.998438
vn -0.052687 -0.018605 0.998438
vn -0.055858 -0.001413 0.998438
vn -0.053561 0.015917 0.998438
vn -0.046020 0.031689 0.998438
vn -0.033976 0.044359 0.998438
vn -0.018605 0.052687 0.998438
vn -0.001413 0.055858 0.998438
vn 0.015917 0.053561 0.998438
vn 0.031689 0.046020 0.998438
vn 0.044359 0.033976 0.998438
vn 0.052687 0.018605 0.998438
vn 0.064775 0.010259 0.997847
vn 0.029080 -0.004606 0.999566
vn 0.028132 -0.007526 0.999576
vn 0.024429 -0.015851 0.999576
vn 0.018335 -0.022624 0.999576
vn 0.010447 -0.027183 0.999576
vn 0.001535 -0.029081 0.999576
vn -0.007526 -0.028132 0.999576
vn -0.015851 -0.024429 0.999576
vn -0.022624 -0.018335 0.999576
vn -0.027183 -0.010447 0.999576
vn -0.029081 -0.001535 0.999576
vn -0.028132 0.007526 0.999576
vn -0.024429 0.015851 0.999576
vn -0.018335 0.022624 0.999576
vn -0.010447 0.027183 0.999576
vn -0.001535 0.029081 0.999576
vn 0.007526 0.028132 0.999576
vn 0.015851 0.024429 0.999576
vn 0.022624 0.018335 0.999576
vn 0.027183 0.010447 0.999576
vn 0.029080 0.004606 0.999566
usemtl steel
f 4732 4753 4754
f 4732 4754 4733
f 4733 4754 4755
f 4733 4755 4734
f 4734 4755 4756
f 4734 4756 4735
f 4735 4756 4757
f 4735 4757 4736
f 4736 4757 4758
f 4736 4758 4737
f 4737 4758 4759
f 4737 4759 4738
f 4738 4759 4760
f 4738 4760 4739
f 4739 4760 4761
f 4739 4761 4740
f 4740 4761 4762
f 4740 4762 4741
f 4741 4762 4763
f 4741 4763 4742
f 4742 4763 4764
f 4742 4764 4743
f 4743 4764 4765
f 4743 4765 4744
f 4744 4765 4766
f 4744 4766 4745
f 4745 4766 4767
f 4745 4767 4746
f 4746 4767 4768
f 4746 4768 4747
f 4747 4768 4769
f 4747 4769 4748
f 4748 4769 4770
f 4748 4770 4749
f 4749 4770 4771
f 4749 4771 4750
f 4750 4771 4772
f 4750 4772 4751
f 4751 4772 4773
f 4751 4773 4752
f 4753 4774 4775
f 4753 4775 4754
f 4754 4775 4776
f 4754 4776 4755
f 4755 4776 4777
f 4755 4777 4756
f 4756 4777 4778
f 4756 4778 4757
f 4757 4778 4779
f 4757 4779 4758
f 4758 4779 4780
f 4758 4780 4759
f 4759 4780 4781
f 4759 4781 4760
f 4760 4781 4782
f 4760 4782 4761
f 4761 4782 4783
f 4761 4783 4762
f 4762 4783 4784
f 4762 4784 4763
f 4763 4784 4785
f 4763 4785 4764
f 4764 4785 4786
f 4764 4786 4765
f 4765 4786 4787
f 4765 4787 4766
f 4766 4787 4788
f 4766 4788 4767
f 4767 4788 4789
f 4767 4789 4768
f 4768 4789 4790
f 4768 4790 4769
f 4769 4790 4791
f 4769 4791 4770
f 4770 4791 4792
f 4770 4792 4771
f 4771 4792 4793
f 4771 4793 4772
f 4772 4793 4794
f 4772 4794 4773
f 4774 4795 4796
f 4774 4796 4775
f 4775 4796 4797
f 4775 4797 4776
f 4776 4797 4798
f 4776 4798 4777
f 4777 4798 4799
f 4777 4799 4778
f 4778 4799 4800
f 4778 4800 4779
f 4779 4800 4801
f 4779 4801 4780
f 4780 4801 4802
f 4780 4802 4781
f 4781 4802 4803
f 4781 4803 4782
f 4782 4803 4804
f 4782 4804 4783
f 4783 4804 4805
f 4783 4805 4784
f 4784 4805 4806
f 4784 4806 4785
f 4785 4806 4807
f 4785 4807 4786
f 4786 4807 4808
f 4786 4808 4787
f 4787 4808 4809
f 4787 4809 4788
f 4788 4809 4810
f 4788 4810 4789
f 4789 4810 4811
f 4789 4811 4790
f 4790 4811 4812
f 4790 4812 4791
f 4791 4812 4813
f 4791 4813 4792
f 4792 4813 4814
f 4792 4814 4793
f 4793 4814 4815
f 4793 4815 4794
f 4795 4816 4817
f 4795 4817 4796
f 4796 4817 4818
f 4796 4818 4797
f 4797 4818 4819
f 4797 4819 4798
f 4798 4819 4820
f 4798 4820 4799
f 4799 4820 4821
f 4799 4821 4800
f 4800 4821 4822
f 4800 4822 4801
f 4801 4822 4823
f 4801 4823 4802
f 4802 4823 4824
f 4802 4824 4803
f 4803 4824 4825
f 4803 4825 4804
f 4804 4825 4826
f 4804 4826 4805
f 4805 4826 4827
f 4805 4827 4806
f 4806 4827 4828
f 4806 4828 4807
f 4807 4828 4829
f 4807 4829 4808
f 4808 4829 4830
f 4808 4830 4809
f 4809 4830 4831
f 4809 4831 4810
f 4810 4831 4832
f 4810 4832 4811
f 4811 4832 4833
f 4811 4833 4812
f 4812 4833 4834
f 4812 4834 4813
f 4813 4834 4835
f 4813 4835 4814
f 4814 4835 4836
f 4814 4836 4815
f 4816 4837 4838
f 4816 4838 4817
f 4817 4838 4839
f 4817 4839 4818
f 4818 4839 4840
f 4818 4840 4819
f 4819 4840 4841
f 4819 4841 4820
f 4820 4841 4842
f 4820 4842 4821
f 4821 4842 4843
f 4821 4843 4822
f 4822 4843 4844
f 4822 4844 4823
f 4823 4844 4845
f 4823 4845 4824
f 4824 4845 4846
f 4824 4846 4825
f 4825 4846 4847
f 4825 4847 4826
f 4826 4847 4848
f 4826 4848 4827
f 4827 4848 4849
f 4827 4849 4828
f 4828 4849 4850
f 4828 4850 4829
f 4829 4850 4851
f 4829 4851 4830
f 4830 4851 4852
f 4830 4852 4831
f 4831 4852 4853
f 4831 4853 4832
f 4832 4853 4854
f 4832 4854 4833
f 4833 4854 4855
f 4833 4855 4834
f 4834 4855 4856
f 4834 4856 4835
f 4835 4856 4857
f 4835 4857 4836
f 4837 4858 4859
f 4837 4859 4838
f 4838 4859 4860
f 4838 4860 4839
f 4839 4860 4861
f 4839 4861 4840
f 4840 4861 4862
f 4840 4862 4841
f 4841 4862 4863
f 4841 4863 4842
f 4842 4863 4864
f 4842 4864 4843
f 4843 4864 4865
f 4843 4865 4844
f 4844 4865 4866
f 4844 4866 4845
f 4845 4866 4867
f 4845 4867 4846
f 4846 4867 4868
f 4846 4868 4847
f 4847 4868 4869
f 4847 4869 4848
f 4848 4869 4870
f 4848 4870 4849
f 4849 4870 4871
f 4849 4871 4850
f 4850 4871 4872
f 4850 4872 4851
f 4851 4872 4873
f 4851 4873 4852
f 4852 4873 4874
f 4852 4874 4853
f 4853 4874 4875
f 4853 4875 4854
f 4854 4875 4876
f 4854 4876 4855
f 4855 4876 4877
f 4855 4877 4856
f 4856 4877 4878
f 4856 4878 4857
f 4858 4879 4880
f 4858 4880 4859
f 4859 4880 4881
f 4859 4881 4860
f 4860 4881 4882
f 4860 4882 4861
f 4861 4882 4883
f 4861 4883 4862
f 4862 4883 4884
f 4862 4884 4863
f 4863 4884 4885
f 4863 4885 4864
f 4864 4885 4886
f 4864 4886 4865
f 4865 4886 4887
f 4865 4887 4866
f 4866 4887 4888
f 4866 4888 4867
f 4867 4888 4889
f 4867 4889 4868
f 4868 4889 4890
f 4868 4890 4869
f 4869 4890 4891
f 4869 4891 4870
f 4870 4891 4892
f 4870 4892 4871
f 4871 4892 4893
f 4871 4893 4872
f 4872 4893 4894
f 4872 4894 4873
f 4873 4894 4895
f 4873 4895 4874
f 4874 4895 4896
f 4874 4896 4875
f 4875 4896 4897
f 4875 4897 4876
f 4876 4897 4898
f 4876 4898 4877
f 4877 4898 4899
f 4877 4899 4878
f 4879 4900 4901
f 4879 4901 4880
f 4880 4901 4902
f 4880 4902 4881
f 4881 4902 4903
f 4881 4903 4882
f 4882 4903 4904
f 4882 4904 4883
f 4883 4904 4905
f 4883 4905 4884
f 4884 4905 4906
f 4884 4906 4885
f 4885 4906 4907
f 4885 4907 4886
f 4886 4907 4908
f 4886 4908 4887
f 4887 4908 4909
f 4887 4909 4888
f 4888 4909 4910
f 4888 4910 4889
f 4889 4910 4911
f 4889 4911 4890
f 4890 4911 4912
f 4890 4912 4891
f 4891 4912 4913
f 4891 4913 4892
f 4892 4913 4914
f 4892 4914 4893
f 4893 4914 4915
f 4893 4915 4894
f 4894 4915 4916
f 4894 4916 4895
f 4895 4916 4917
f 4895 4917 4896
f 4896 4917 4918
f 4896 4918 4897
f 4897 4918 4919
f 4897 4919 4898
f 4898 4919 4920
f 4898 4920 4899
f 4900 4921 4922
f 4900 4922 4901
f 4901 4922 4923
f 4901 4923 4902
f 4902 4923 4924
f 4902 4924 4903
f 4903 4924 4925
f 4903 4925 4904
f 4904 4925 4926
f 4904 4926 4905
f 4905 4926 4927
f 4905 4927 4906
f 4906 4927 4928
f 4906 4928 4907
f 4907 4928 4929
f 4907 4929 4908
f 4908 4929 4930
f 4908 4930 4909
f 4909 4930 4931
f 4909 4931 4910
f 4910 4931 4932
f 4910 4932 4911
f 4911 4932 4933
f 4911 4933 4912
f 4912 4933 4934
f 4912 4934 4913
f 4913 4934 4935
f 4913 4935 4914
f 4914 4935 4936
f 4914 4936 4915
f 4915 4936 4937
f 4915 4937 4916
f 4916 4937 4938
f 4916 4938 4917
f 4917 4938 4939
f 4917 4939 4918
f 4918 4939 4940
f 4918 4940 4919
f 4919 4940 4941
f 4919 4941 4920
f 4921 4942 4943
f 4921 4943 4922
f 4922 4943 4944
f 4922 4944 4923
f 4923 4944 4945
f 4923 4945 4924
f 4924 4945 4946
f 4924 4946 4925
f 4925 4946 4947
f 4925 4947 4926
f 4926 4947 4948
f 4926 4948 4927
f 4927 4948 4949
f 4927 4949 4928
f 4928 4949 4950
f 4928 4950 4929
f 4929 4950 4951
f 4929 4951 4930
f 4930 4951 4952
f 4930 4952 4931
f 4931 4952 4953
f 4931 4953 4932
f 4932 4953 4954
f 4932 4954 4933
f 4933 4954 4955
f 4933 4955 4934
f 4934 4955 4956
f 4934 4956 4935
f 4935 4956 4957
f 4935 4957 4936
f 4936 4957 4958
f 4936 4958 4937
f 4937 4958 4959
f 4937 4959 4938
f 4938 4959 4960
f 4938 4960 4939
f 4939 4960 4961
f 4939 4961 4940
f 4940 4961 4962
f 4940 4962 4941
f 4942 4963 4964
f 4942 4964 4943
f 4943 4964 4965
f 4943 4965 4944
f 4944 4965 4966
f 4944 4966 4945
f 4945 4966 4967
f 4945 4967 4946
f 4946 4967 4968
f 4946 4968 4947
f 4947 4968 4969
f 4947 4969 4948
f 4948 4969 4970
f 4948 4970 4949
f 4949 4970 4971
f 4949 4971 4950
f 4950 4971 4972
f 4950 4972 4951
f 4951 4972 4973
f 4951 4973 4952
f 4952 4973 4974
f 4952 4974 4953
f 4953 4974 4975
f 4953 4975 4954
f 4954 4975 4976
f 4954 4976 4955
f 4955 4976 4977
f 4955 4977 4956
f 4956 4977 4978
f 4956 4978 4957
f 4957 4978 4979
f 4957 4979 4958
f 4958 4979 4980
f 4958 4980 4959
f 4959 4980 4981
f 4959 4981 4960
f 4960 4981 4982
f 4960 4982 4961
f 4961 4982 4983
f 4961 4983 4962
f 4963 4984 4985
f 4963 4985 4964
f 4964 4985 4986
f 4964 4986 4965
f 4965 4986 4987
f 4965 4987 4966
f 4966 4987 4988
f 4966 4988 4967
f 4967 4988 4989
f 4967 4989 4968
f 4968 4989 4990
f 4968 4990 4969
f 4969 4990 4991
f 4969 4991 4970
f 4970 4991 4992
f 4970 4992 4971
f 4971 4992 4993
f 4971 4993 4972
f 4972 4993 4994
f 4972 4994 4973
f 4973 4994 4995
f 4973 4995 4974
f 4974 4995 4996
f 4974 4996 4975
f 4975 4996 4997
f 4975 4997 4976
f 4976 4997 4998
f 4976 4998 4977
f 4977 4998 4999
f 4977 4999 4978
f 4978 4999 5000
f 4978 5000 4979
f 4979 5000 5001
f 4979 5001 4980
f 4980 5001 5002
f 4980 5002 4981
f 4981 5002 5003
f 4981 5003 4982
f 4982 5003 5004
f 4982 5004 4983
o tasset_v2_L
v -0.830000 1.450000 0.620000
v -0.747500 1.450000 0.658268
v -0.665000 1.450000 0.690711
v -0.582500 1.450000 0.712388
v -0.500000 1.450000 0.720000
v -0.417500 1.450000 0.712388
v -0.335000 1.450000 0.690711
v -0.252500 1.450000 0.658268
v -0.170000 1.450000 0.620000
v -0.830000 1.395455 0.616364
v -0.747500 1.395455 0.654632
v -0.665000 1.395455 0.687074
v -0.582500 1.395455 0.708752
v -0.500000 1.395455 0.716364
v -0.417500 1.395455 0.708752
v -0.335000 1.395455 0.687074
v -0.252500 1.395455 0.654632
v -0.170000 1.395455 0.616364
v -0.830000 1.340909 0.612727
v -0.747500 1.340909 0.650996
v -0.665000 1.340909 0.683438
v -0.582500 1.340909 0.705115
v -0.500000 1.340909 0.712727
v -0.417500 1.340909 0.705115
v -0.335000 1.340909 0.683438
v -0.252500 1.340909 0.650996
v -0.170000 1.340909 0.612727
v -0.830000 1.286364 0.609091
v -0.747500 1.286364 0.647359
v -0.665000 1.286364 0.679802
v -0.582500 1.286364 0.701479
v -0.500000 1.286364 0.709091
v -0.417500 1.286364 0.701479
v -0.335000 1.286364 0.679802
v -0.252500 1.286364 0.647359
v -0.170000 1.286364 0.609091
v -0.830000 1.231818 0.605455
v -0.747500 1.231818 0.643723
v -0.665000 1.231818 0.676165
v -0.582500 1.231818 0.697842
v -0.500000 1.231818 0.705455
v -0.417500 1.231818 0.697842
v -0.335000 1.231818 0.676165
v -0.252500 1.231818 0.643723
v -0.170000 1.231818 0.605455
v -0.830000 1.177273 0.601818
v -0.747500 1.177273 0.640087
v -0.665000 1.177273 0.672529
v -0.582500 1.177273 0.694206
v -0.500000 1.177273 0.701818
v -0.417500 1.177273 0.694206
v -0.335000 1.177273 0.672529
v -0.252500 1.177273 0.640087
v -0.170000 1.177273 0.601818
v -0.830000 1.122727 0.598182
v -0.747500 1.122727 0.636450
v -0.665000 1.122727 0.668892
v -0.582500 1.122727 0.690570
v -0.500000 1.122727 0.698182
v -0.417500 1.122727 0.690570
v -0.335000 1.122727 0.668892
v -0.252500 1.122727 0.636450
v -0.170000 1.122727 0.598182
v -0.830000 1.068182 0.594545
v -0.747500 1.068182 0.632814
v -0.665000 1.068182 0.665256
v -0.582500 1.068182 0.686933
v -0.500000 1.068182 0.694545
v -0.417500 1.068182 0.686933
v -0.335000 1.068182 0.665256
v -0.252500 1.068182 0.632814
v -0.170000 1.068182 0.594545
v -0.830000 1.013636 0.590909
v -0.747500 1.013636 0.629177
v -0.665000 1.013636 0.661620
v -0.582500 1.013636 0.683297
v -0.500000 1.013636 0.690909
v -0.417500 1.013636 0.683297
v -0.335000 1.013636 0.661620
v -0.252500 1.013636 0.629177
v -0.170000 1.013636 0.590909
v -0.830000 0.959091 0.587273
v -0.747500 0.959091 0.625541
v -0.665000 0.959091 0.657983
v -0.582500 0.959091 0.679661
v -0.500000 0.959091 0.687273
v -0.417500 0.959091 0.679661
v -0.335000 0.959091 0.657983
v -0.252500 0.959091 0.625541
v -0.170000 0.959091 0.587273
v -0.830000 0.904545 0.583636
v -0.747500 0.904545 0.621905
v -0.665000 0.904545 0.654347
v -0.582500 0.904545 0.676024
v -0.500000 0.904545 0.683636
v -0.417500 0.904545 0.676024
v -0.335000 0.904545 0.654347
v -0.252500 0.904545 0.621905
v -0.170000 0.904545 0.583636
v -0.830000 0.850000 0.580000
v -0.747500 0.850000 0.618268
v -0.665000 0.850000 0.650711
v -0.582500 0.850000 0.672388
v -0.500000 0.850000 0.680000
v -0.417500 0.850000 0.672388
v -0.335000 0.850000 0.650711
v -0.252500 0.850000 0.618268
v -0.170000 0.850000 0.580000
v -0.851001 1.446982 0.665275
v -0.767158 1.446942 0.704140
v -0.680552 1.446839 0.738125
v -0.591220 1.446725 0.761513
v -0.500000 1.446674 0.769889
v -0.408780 1.446725 0.761513
v -0.319448 1.446839 0.738125
v -0.232842 1.446942 0.704140
v -0.148999 1.446982 0.665275
v -0.851001 1.392436 0.661639
v -0.767158 1.392396 0.700504
v -0.680552 1.392294 0.734489
v -0.591220 1.392180 0.757876
v -0.500000 1.392129 0.766253
v -0.408780 1.392180 0.757876
v -0.319448 1.392294 0.734489
v -0.232842 1.392396 0.700504
v -0.148999 1.392436 0.661639
v -0.851001 1.337891 0.658002
v -0.767158 1.337851 0.696867
v -0.680552 1.337748 0.730853
v -0.591220 1.337634 0.754240
v -0.500000 1.337583 0.762617
v -0.408780 1.337634 0.754240
v -0.319448 1.337748 0.730853
v -0.232842 1.337851 0.696867
v -0.148999 1.337891 0.658002
v -0.851001 1.283345 0.654366
v -0.767158 1.283306 0.693231
v -0.680552 1.283203 0.727216
v -0.591220 1.283089 0.750604
v -0.500000 1.283038 0.758980
v -0.408780 1.283089 0.750604
v -0.319448 1.283203 0.727216
v -0.232842 1.283306 0.693231
v -0.148999 1.283345 0.654366
v -0.851001 1.228800 0.650730
v -0.767158 1.228760 0.689594
v -0.680552 1.228657 0.723580
v -0.591220 1.228543 0.746967
v -0.500000 1.228492 0.755344
v -0.408780 1.228543 0.746967
v -0.319448 1.228657 0.723580
v -0.232842 1.228760 0.689594
v -0.148999 1.228800 0.650730
v -0.851001 1.174254 0.647093
v -0.767158 1.174215 0.685958
v -0.680552 1.174112 0.719943
v -0.591220 1.173998 0.743331
v -0.500000 1.173947 0.751707
v -0.408780 1.173998 0.743331
v -0.319448 1.174112 0.719943
v -0.232842 1.174215 0.685958
v -0.148999 1.174254 0.647093
v -0.851001 1.119709 0.643457
v -0.767158 1.119669 0.682322
v -0.680552 1.119566 0.716307
v -0.591220 1.119452 0.739694
v -0.500000 1.119401 0.748071
v -0.408780 1.119452 0.739694
v -0.319448 1.119566 0.716307
v -0.232842 1.119669 0.682322
v -0.148999 1.119709 0.643457
v -0.851001 1.065163 0.639821
v -0.767158 1.065124 0.678685
v -0.680552 1.065021 0.712671
v -0.591220 1.064907 0.736058
v -0.500000 1.064856 0.744435
v -0.408780 1.064907 0.736058
v -0.319448 1.065021 0.712671
v -0.232842 1.065124 0.678685
v -0.148999 1.065163 0.639821
v -0.851001 1.010618 0.636184
v -0.767158 1.010578 0.675049
v -0.680552 1.010475 0.709034
v -0.591220 1.010361 0.732422
v -0.500000 1.010310 0.740798
v -0.408780 1.010361 0.732422
v -0.319448 1.010475 0.709034
v -0.232842 1.010578 0.675049
v -0.148999 1.010618 0.636184
v -0.851001 0.956073 0.632548
v -0.767158 0.956033 0.671413
v -0.680552 0.955930 0.705398
v -0.591220 0.955816 0.728785
v -0.500000 0.955765 0.737162
v -0.408780 0.955816 0.728785
v -0.319448 0.955930 0.705398
v -0.232842 0.956033 0.671413
v -0.148999 0.956073 0.632548
v -0.851001 0.901527 0.628911
v -0.767158 0.901487 0.667776
v -0.680552 0.901384 0.701762
v -0.591220 0.901270 0.725149
v -0.500000 0.901220 0.733526
v -0.408780 0.901270 0.725149
v -0.319448 0.901384 0.701762
v -0.232842 0.901487 0.667776
v -0.148999 0.901527 0.628911
v -0.851001 0.846982 0.625275
v -0.767158 0.846942 0.664140
v -0.680552 0.846839 0.698125
v -0.591220 0.846725 0.721513
v -0.500000 0.846674 0.729889
v -0.408780 0.846725 0.721513
v -0.319448 0.846839 0.698125
v -0.232842 0.846942 0.664140
v -0.148999 0.846982 0.625275
vn -0.752632 0.655834 0.058533
vn -0.300571 0.662513 0.686100
vn -0.244911 0.661425 0.708898
vn -0.148006 0.660413 0.736172
vn -0.020365 0.660082 0.750917
vn 0.112078 0.660604 0.742321
vn 0.220215 0.661684 0.716715
vn 0.288560 0.662687 0.691071
vn 0.887986 0.309190 0.340415
vn -0.938711 -0.022929 0.343942
vn -0.392816 -0.061172 0.917580
vn -0.309965 -0.063243 0.948642
vn -0.173225 -0.065513 0.982701
vn 0.000000 -0.066519 0.997785
vn 0.173225 -0.065513 0.982701
vn 0.309965 -0.063243 0.948642
vn 0.392816 -0.061172 0.917580
vn 0.938711 -0.022929 0.343942
vn -0.938711 -0.022929 0.343942
vn -0.392816 -0.061172 0.917580
vn -0.309965 -0.063243 0.948642
vn -0.173225 -0.065513 0.982701
vn 0.000000 -0.066519 0.997785
vn 0.173225 -0.065513 0.982701
vn 0.309965 -0.063243 0.948642
vn 0.392816 -0.061172 0.917580
vn 0.938711 -0.022929 0.343942
vn -0.938711 -0.022929 0.343942
vn -0.392816 -0.061172 0.917580
vn -0.309965 -0.063243 0.948642
vn -0.173225 -0.065513 0.982701
vn -0.000000 -0.066519 0.997785
vn 0.173225 -0.065513 0.982701
vn 0.309965 -0.063243 0.948642
vn 0.392816 -0.061172 0.917580
vn 0.938711 -0.022929 0.343942
vn -0.938711 -0.022929 0.343942
vn -0.392816 -0.061172 0.917580
vn -0.309965 -0.063243 0.948642
vn -0.173225 -0.065513 0.982701
vn 0.000000 -0.066519 0.997785
vn 0.173225 -0.065513 0.982701
vn 0.309965 -0.063243 0.948642
vn 0.392816 -0.061172 0.917580
vn 0.938711 -0.022929 0.343942
vn -0.938711 -0.022929 0.343942
vn -0.392816 -0.061172 0.917580
vn -0.309965 -0.063243 0.948642
vn -0.173225 -0.065513 0.982701
vn 0.000000 -0.066519 0.997785
vn 0.173225 -0.065513 0.982701
vn 0.309965 -0.063243 0.948642
vn 0.392816 -0.061172 0.917580
vn 0.938711 -0.022929 0.343942
vn -0.938711 -0.022929 0.343942
vn -0.392816 -0.061172 0.917580
vn -0.309965 -0.063243 0.948642
vn -0.173225 -0.065513 0.982701
vn 0.000000 -0.066519 0.997785
vn 0.173225 -0.065513 0.982701
vn 0.309965 -0.063243 0.948642
vn 0.392816 -0.061172 0.917580
vn 0.938711 -0.022929 0.343942
vn -0.938711 -0.022929 0.343942
vn -0.392816 -0.061172 0.917580
vn -0.309965 -0.063243 0.948642
vn -0.173225 -0.065513 0.982701
vn 0.000000 -0.066519 0.997785
vn 0.173225 -0.065513 0.982701
vn 0.309965 -0.063243 0.948642
vn 0.392816 -0.061172 0.917580
vn 0.938711 -0.022929 0.343942
vn -0.938711 -0.022929 0.343942
vn -0.392816 -0.061172 0.917580
vn -0.309965 -0.063243 0.948642
vn -0.173225 -0.065513 0.982701
vn -0.000000 -0.066519 0.997785
vn 0.173225 -0.065513 0.982701
vn 0.309965 -0.063243 0.948642
vn 0.392816 -0.061172 0.917580
vn 0.938711 -0.022929 0.343942
vn -0.938711 -0.022929 0.343942
vn -0.392816 -0.061172 0.917580
vn -0.309965 -0.063243 0.948642
vn -0.173225 -0.065513 0.982701
vn 0.000000 -0.066519 0.997785
vn 0.173225 -0.065513 0.982701
vn 0.309965 -0.063243 0.948642
vn 0.392816 -0.061172 0.917580
vn 0.938711 -0.022929 0.343942
vn -0.938711 -0.022929 0.343942
vn -0.392816 -0.061172 0.917580
vn -0.309965 -0.063243 0.948642
vn -0.173225 -0.065513 0.982701
vn -0.000000 -0.066519 0.997785
vn 0.173225 -0.065513 0.982701
vn 0.309965 -0.063243 0.948642
vn 0.392816 -0.061172 0.917580
vn 0.938711 -0.022929 0.343942
vn -0.569234 -0.700833 0.429891
vn -0.254733 -0.749488 0.611048
vn -0.192926 -0.751307 0.631124
vn -0.096470 -0.753120 0.650771
vn 0.020358 -0.753685 0.656921
vn 0.132474 -0.752525 0.645102
vn 0.217816 -0.750536 0.623900
vn 0.266907 -0.748987 0.606448
vn 0.758902 -0.600650 0.251569
vn -0.720230 0.367959 0.588111
vn -0.287979 0.662681 0.691319
vn -0.219420 0.661664 0.716977
vn -0.111577 0.660572 0.742425
vn 0.020130 0.660059 0.750944
vn 0.147243 0.660420 0.736319
vn 0.244183 0.661445 0.709130
vn 0.300231 0.662524 0.686238
vn 0.557405 0.794354 0.241457
vn -0.938671 -0.022937 0.344052
vn -0.392411 -0.061184 0.917753
vn -0.309273 -0.063258 0.948867
vn -0.172631 -0.065520 0.982805
vn 0.000000 -0.066519 0.997785
vn 0.172631 -0.065520 0.982805
vn 0.309273 -0.063258 0.948867
vn 0.392411 -0.061184 0.917753
vn 0.938671 -0.022937 0.344052
vn -0.938671 -0.022937 0.344052
vn -0.392411 -0.061184 0.917753
vn -0.309273 -0.063258 0.948867
vn -0.172631 -0.065520 0.982805
vn 0.000000 -0.066519 0.997785
vn 0.172631 -0.065520 0.982805
vn 0.309273 -0.063258 0.948867
vn 0.392411 -0.061184 0.917753
vn 0.938671 -0.022937 0.344052
vn -0.938671 -0.022937 0.344052
vn -0.392411 -0.061184 0.917753
vn -0.309273 -0.063258 0.948867
vn -0.172631 -0.065520 0.982805
vn 0.000000 -0.066519 0.997785
vn 0.172631 -0.065520 0.982805
vn 0.309273 -0.063258 0.948867
vn 0.392411 -0.061184 0.917753
vn 0.938671 -0.022937 0.344052
vn -0.938671 -0.022937 0.344052
vn -0.392411 -0.061184 0.917753
vn -0.309273 -0.063258 0.948867
vn -0.172631 -0.065520 0.982805
vn 0.000000 -0.066519 0.997785
vn 0.172631 -0.065520 0.982805
vn 0.309273 -0.063258 0.948867
vn 0.392411 -0.061184 0.917753
vn 0.938671 -0.022937 0.344052
vn -0.938671 -0.022937 0.344052
vn -0.392411 -0.061184 0.917753
vn -0.309273 -0.063258 0.948867
vn -0.172631 -0.065520 0.982805
vn 0.000000 -0.066519 0.997785
vn 0.172631 -0.065520 0.982805
vn 0.309273 -0.063258 0.948867
vn 0.392411 -0.061184 0.917753
vn 0.938671 -0.022937 0.344052
vn -0.938671 -0.022937 0.344052
vn -0.392411 -0.061184 0.917753
vn -0.309273 -0.063258 0.948867
vn -0.172631 -0.065520 0.982805
vn 0.000000 -0.066519 0.997785
vn 0.172631 -0.065520 0.982805
vn 0.309273 -0.063258 0.948867
vn 0.392411 -0.061184 0.917753
vn 0.938671 -0.022937 0.344052
vn -0.938671 -0.022937 0.344052
vn -0.392411 -0.061184 0.917753
vn -0.309273 -0.063258 0.948867
vn -0.172631 -0.065520 0.982805
vn 0.000000 -0.066519 0.997785
vn 0.172631 -0.065520 0.982805
vn 0.309273 -0.063258 0.948867
vn 0.392411 -0.061184 0.917753
vn 0.938671 -0.022937 0.344052
vn -0.938671 -0.022937 0.344052
vn -0.392411 -0.061184 0.917753
vn -0.309273 -0.063258 0.948867
vn -0.172631 -0.065520 0.982805
vn 0.000000 -0.066519 0.997785
vn 0.172631 -0.065520 0.982805
vn 0.309273 -0.063258 0.948867
vn 0.392411 -0.061184 0.917753
vn 0.938671 -0.022937 0.344052
vn -0.938671 -0.022937 0.344052
vn -0.392411 -0.061184 0.917753
vn -0.309273 -0.063258 0.948867
vn -0.172631 -0.065520 0.982805
vn 0.000000 -0.066519 0.997785
vn 0.172631 -0.065520 0.982805
vn 0.309273 -0.063258 0.948867
vn 0.392411 -0.061184 0.917753
vn 0.938671 -0.022937 0.344052
vn -0.938671 -0.022937 0.344052
vn -0.392411 -0.061184 0.917753
vn -0.309273 -0.063258 0.948867
vn -0.172631 -0.065520 0.982805
vn 0.000000 -0.066519 0.997785
vn 0.172631 -0.065520 0.982805
vn 0.309273 -0.063258 0.948867
vn 0.392411 -0.061184 0.917753
vn 0.938671 -0.022937 0.344052
vn -0.910634 -0.413182 0.005135
vn -0.266911 -0.748992 0.606440
vn -0.217630 -0.750550 0.623948
vn -0.132138 -0.752541 0.645152
vn -0.020124 -0.753688 0.656924
vn 0.096400 -0.753111 0.650793
vn 0.192677 -0.751297 0.631212
vn 0.254499 -0.749483 0.611150
vn 0.758903 -0.600723 0.251393
usemtl steel
f 5014 5015 5006
f 5014 5006 5005
f 5015 5016 5007
f 5015 5007 5006
f 5016 5017 5008
f 5016 5008 5007
f 5017 5018 5009
f 5017 5009 5008
f 5018 5019 5010
f 5018 5010 5009
f 5019 5020 5011
f 5019 5011 5010
f 5020 5021 5012
f 5020 5012 5011
f 5021 5022 5013
f 5021 5013 5012
f 5023 5024 5015
f 5023 5015 5014
f 5024 5025 5016
f 5024 5016 5015
f 5025 5026 5017
f 5025 5017 5016
f 5026 5027 5018
f 5026 5018 5017
f 5027 5028 5019
f 5027 5019 5018
f 5028 5029 5020
f 5028 5020 5019
f 5029 5030 5021
f 5029 5021 5020
f 5030 5031 5022
f 5030 5022 5021
f 5032 5033 5024
f 5032 5024 5023
f 5033 5034 5025
f 5033 5025 5024
f 5034 5035 5026
f 5034 5026 5025
f 5035 5036 5027
f 5035 5027 5026
f 5036 5037 5028
f 5036 5028 5027
f 5037 5038 5029
f 5037 5029 5028
f 5038 5039 5030
f 5038 5030 5029
f 5039 5040 5031
f 5039 5031 5030
f 5041 5042 5033
f 5041 5033 5032
f 5042 5043 5034
f 5042 5034 5033
f 5043 5044 5035
f 5043 5035 5034
f 5044 5045 5036
f 5044 5036 5035
f 5045 5046 5037
f 5045 5037 5036
f 5046 5047 5038
f 5046 5038 5037
f 5047 5048 5039
f 5047 5039 5038
f 5048 5049 5040
f 5048 5040 5039
f 5050 5051 5042
f 5050 5042 5041
f 5051 5052 5043
f 5051 5043 5042
f 5052 5053 5044
f 5052 5044 5043
f 5053 5054 5045
f 5053 5045 5044
f 5054 5055 5046
f 5054 5046 5045
f 5055 5056 5047
f 5055 5047 5046
f 5056 5057 5048
f 5056 5048 5047
f 5057 5058 5049
f 5057 5049 5048
f 5059 5060 5051
f 5059 5051 5050
f 5060 5061 5052
f 5060 5052 5051
f 5061 5062 5053
f 5061 5053 5052
f 5062 5063 5054
f 5062 5054 5053
f 5063 5064 5055
f 5063 5055 5054
f 5064 5065 5056
f 5064 5056 5055
f 5065 5066 5057
f 5065 5057 5056
f 5066 5067 5058
f 5066 5058 5057
f 5068 5069 5060
f 5068 5060 5059
f 5069 5070 5061
f 5069 5061 5060
f 5070 5071 5062
f 5070 5062 5061
f 5071 5072 5063
f 5071 5063 5062
f 5072 5073 5064
f 5072 5064 5063
f 5073 5074 5065
f 5073 5065 5064
f 5074 5075 5066
f 5074 5066 5065
f 5075 5076 5067
f 5075 5067 5066
f 5077 5078 5069
f 5077 5069 5068
f 5078 5079 5070
f 5078 5070 5069
f 5079 5080 5071
f 5079 5071 5070
f 5080 5081 5072
f 5080 5072 5071
f 5081 5082 5073
f 5081 5073 5072
f 5082 5083 5074
f 5082 5074 5073
f 5083 5084 5075
f 5083 5075 5074
f 5084 5085 5076
f 5084 5076 5075
f 5086 5087 5078
f 5086 5078 5077
f 5087 5088 5079
f 5087 5079 5078
f 5088 5089 5080
f 5088 5080 5079
f 5089 5090 5081
f 5089 5081 5080
f 5090 5091 5082
f 5090 5082 5081
f 5091 5092 5083
f 5091 5083 5082
f 5092 5093 5084
f 5092 5084 5083
f 5093 5094 5085
f 5093 5085 5084
f 5095 5096 5087
f 5095 5087 5086
f 5096 5097 5088
f 5096 5088 5087
f 5097 5098 5089
f 5097 5089 5088
f 5098 5099 5090
f 5098 5090 5089
f 5099 5100 5091
f 5099 5091 5090
f 5100 5101 5092
f 5100 5092 5091
f 5101 5102 5093
f 5101 5093 5092
f 5102 5103 5094
f 5102 5094 5093
f 5104 5105 5096
f 5104 5096 5095
f 5105 5106 5097
f 5105 5097 5096
f 5106 5107 5098
f 5106 5098 5097
f 5107 5108 5099
f 5107 5099 5098
f 5108 5109 5100
f 5108 5100 5099
f 5109 5110 5101
f 5109 5101 5100
f 5110 5111 5102
f 5110 5102 5101
f 5111 5112 5103
f 5111 5103 5102
f 5113 5122 5123
f 5113 5123 5114
f 5114 5123 5124
f 5114 5124 5115
f 5115 5124 5125
f 5115 5125 5116
f 5116 5125 5126
f 5116 5126 5117
f 5117 5126 5127
f 5117 5127 5118
f 5118 5127 5128
f 5118 5128 5119
f 5119 5128 5129
f 5119 5129 5120
f 5120 5129 5130
f 5120 5130 5121
f 5122 5131 5132
f 5122 5132 5123
f 5123 5132 5133
f 5123 5133 5124
f 5124 5133 5134
f 5124 5134 5125
f 5125 5134 5135
f 5125 5135 5126
f 5126 5135 5136
f 5126 5136 5127
f 5127 5136 5137
f 5127 5137 5128
f 5128 5137 5138
f 5128 5138 5129
f 5129 5138 5139
f 5129 5139 5130
f 5131 5140 5141
f 5131 5141 5132
f 5132 5141 5142
f 5132 5142 5133
f 5133 5142 5143
f 5133 5143 5134
f 5134 5143 5144
f 5134 5144 5135
f 5135 5144 5145
f 5135 5145 5136
f 5136 5145 5146
f 5136 5146 5137
f 5137 5146 5147
f 5137 5147 5138
f 5138 5147 5148
f 5138 5148 5139
f 5140 5149 5150
f 5140 5150 5141
f 5141 5150 5151
f 5141 5151 5142
f 5142 5151 5152
f 5142 5152 5143
f 5143 5152 5153
f 5143 5153 5144
f 5144 5153 5154
f 5144 5154 5145
f 5145 5154 5155
f 5145 5155 5146
f 5146 5155 5156
f 5146 5156 5147
f 5147 5156 5157
f 5147 5157 5148
f 5149 5158 5159
f 5149 5159 5150
f 5150 5159 5160
f 5150 5160 5151
f 5151 5160 5161
f 5151 5161 5152
f 5152 5161 5162
f 5152 5162 5153
f 5153 5162 5163
f 5153 5163 5154
f 5154 5163 5164
f 5154 5164 5155
f 5155 5164 5165
f 5155 5165 5156
f 5156 5165 5166
f 5156 5166 5157
f 5158 5167 5168
f 5158 5168 5159
f 5159 5168 5169
f 5159 5169 5160
f 5160 5169 5170
f 5160 5170 5161
f 5161 5170 5171
f 5161 5171 5162
f 5162 5171 5172
f 5162 5172 5163
f 5163 5172 5173
f 5163 5173 5164
f 5164 5173 5174
f 5164 5174 5165
f 5165 5174 5175
f 5165 5175 5166
f 5167 5176 5177
f 5167 5177 5168
f 5168 5177 5178
f 5168 5178 5169
f 5169 5178 5179
f 5169 5179 5170
f 5170 5179 5180
f 5170 5180 5171
f 5171 5180 5181
f 5171 5181 5172
f 5172 5181 5182
f 5172 5182 5173
f 5173 5182 5183
f 5173 5183 5174
f 5174 5183 5184
f 5174 5184 5175
f 5176 5185 5186
f 5176 5186 5177
f 5177 5186 5187
f 5177 5187 5178
f 5178 5187 5188
f 5178 5188 5179
f 5179 5188 5189
f 5179 5189 5180
f 5180 5189 5190
f 5180 5190 5181
f 5181 5190 5191
f 5181 5191 5182
f 5182 5191 5192
f 5182 5192 5183
f 5183 5192 5193
f 5183 5193 5184
f 5185 5194 5195
f 5185 5195 5186
f 5186 5195 5196
f 5186 5196 5187
f 5187 5196 5197
f 5187 5197 5188
f 5188 5197 5198
f 5188 5198 5189
f 5189 5198 5199
f 5189 5199 5190
f 5190 5199 5200
f 5190 5200 5191
f 5191 5200 5201
f 5191 5201 5192
f 5192 5201 5202
f 5192 5202 5193
f 5194 5203 5204
f 5194 5204 5195
f 5195 5204 5205
f 5195 5205 5196
f 5196 5205 5206
f 5196 5206 5197
f 5197 5206 5207
f 5197 5207 5198
f 5198 5207 5208
f 5198 5208 5199
f 5199 5208 5209
f 5199 5209 5200
f 5200 5209 5210
f 5200 5210 5201
f 5201 5210 5211
f 5201 5211 5202
f 5203 5212 5213
f 5203 5213 5204
f 5204 5213 5214
f 5204 5214 5205
f 5205 5214 5215
f 5205 5215 5206
f 5206 5215 5216
f 5206 5216 5207
f 5207 5216 5217
f 5207 5217 5208
f 5208 5217 5218
f 5208 5218 5209
f 5209 5218 5219
f 5209 5219 5210
f 5210 5219 5220
f 5210 5220 5211
f 5005 5014 5122
f 5005 5122 5113
f 5013 5121 5130
f 5013 5130 5022
f 5014 5023 5131
f 5014 5131 5122
f 5022 5130 5139
f 5022 5139 5031
f 5023 5032 5140
f 5023 5140 5131
f 5031 5139 5148
f 5031 5148 5040
f 5032 5041 5149
f 5032 5149 5140
f 5040 5148 5157
f 5040 5157 5049
f 5041 5050 5158
f 5041 5158 5149
f 5049 5157 5166
f 5049 5166 5058
f 5050 5059 5167
f 5050 5167 5158
f 5058 5166 5175
f 5058 5175 5067
f 5059 5068 5176
f 5059 5176 5167
f 5067 5175 5184
f 5067 5184 5076
f 5068 5077 5185
f 5068 5185 5176
f 5076 5184 5193
f 5076 5193 5085
f 5077 5086 5194
f 5077 5194 5185
f 5085 5193 5202
f 5085 5202 5094
f 5086 5095 5203
f 5086 5203 5194
f 5094 5202 5211
f 5094 5211 5103
f 5095 5104 5212
f 5095 5212 5203
f 5103 5211 5220
f 5103 5220 5112
f 5005 5113 5114
f 5005 5114 5006
f 5104 5105 5213
f 5104 5213 5212
f 5006 5114 5115
f 5006 5115 5007
f 5105 5106 5214
f 5105 5214 5213
f 5007 5115 5116
f 5007 5116 5008
f 5106 5107 5215
f 5106 5215 5214
f 5008 5116 5117
f 5008 5117 5009
f 5107 5108 5216
f 5107 5216 5215
f 5009 5117 5118
f 5009 5118 5010
f 5108 5109 5217
f 5108 5217 5216
f 5010 5118 5119
f 5010 5119 5011
f 5109 5110 5218
f 5109 5218 5217
f 5011 5119 5120
f 5011 5120 5012
f 5110 5111 5219
f 5110 5219 5218
f 5012 5120 5121
f 5012 5121 5013
f 5111 5112 5220
f 5111 5220 5219
o pauldron_v2_L
v -0.900000 2.940000 0.000000
v -0.924304 2.940000 0.169040
v -0.995248 2.940000 0.324384
v -1.107084 2.940000 0.453450
v -1.250751 2.940000 0.545779
v -1.414611 2.940000 0.593893
v -1.585389 2.940000 0.593893
v -1.749249 2.940000 0.545779
v -1.892916 2.940000 0.453450
v -2.004752 2.940000 0.324384
v -2.075696 2.940000 0.169040
v -2.100000 2.940000 0.000000
v -2.075696 2.940000 -0.169040
v -2.004752 2.940000 -0.324384
v -1.892916 2.940000 -0.453450
v -1.749249 2.940000 -0.545779
v -1.585389 2.940000 -0.593893
v -1.414611 2.940000 -0.593893
v -1.250751 2.940000 -0.545779
v -1.107084 2.940000 -0.453450
v -0.995248 2.940000 -0.324384
v -0.924304 2.940000 -0.169040
v -0.900000 2.940000 -0.000000
v -0.905133 2.981768 0.000000
v -0.929229 2.981768 0.167593
v -0.999566 2.981768 0.321609
v -1.110445 2.981768 0.449570
v -1.252883 2.981768 0.541110
v -1.415342 2.981768 0.588812
v -1.584658 2.981768 0.588812
v -1.747117 2.981768 0.541110
v -1.889555 2.981768 0.449570
v -2.000434 2.981768 0.321609
v -2.070771 2.981768 0.167593
v -2.094867 2.981768 0.000000
v -2.070771 2.981768 -0.167593
v -2.000434 2.981768 -0.321609
v -1.889555 2.981768 -0.449570
v -1.747117 2.981768 -0.541110
v -1.584658 2.981768 -0.588812
v -1.415342 2.981768 -0.588812
v -1.252883 2.981768 -0.541110
v -1.110445 2.981768 -0.449570
v -0.999566 2.981768 -0.321609
v -0.929229 2.981768 -0.167593
v -0.905133 2.981768 -0.000000
v -0.920445 3.022822 0.000000
v -0.943921 3.022822 0.163280
v -1.012447 3.022822 0.313331
v -1.120472 3.022822 0.437999
v -1.259244 3.022822 0.527182
v -1.417521 3.022822 0.573656
v -1.582479 3.022822 0.573656
v -1.740756 3.022822 0.527182
v -1.879528 3.022822 0.437999
v -1.987553 3.022822 0.313331
v -2.056079 3.022822 0.163280
v -2.079555 3.022822 0.000000
v -2.056079 3.022822 -0.163280
v -1.987553 3.022822 -0.313331
v -1.879528 3.022822 -0.437999
v -1.740756 3.022822 -0.527182
v -1.582479 3.022822 -0.573656
v -1.417521 3.022822 -0.573656
v -1.259244 3.022822 -0.527182
v -1.120472 3.022822 -0.437999
v -1.012447 3.022822 -0.313331
v -0.943921 3.022822 -0.163280
v -0.920445 3.022822 -0.000000
v -0.945672 3.062459 0.000000
v -0.968126 3.062459 0.156172
v -1.033670 3.062459 0.299692
v -1.136993 3.062459 0.418933
v -1.269724 3.062459 0.504234
v -1.421111 3.062459 0.548685
v -1.578889 3.062459 0.548685
v -1.730276 3.062459 0.504234
v -1.863007 3.062459 0.418933
v -1.966330 3.062459 0.299692
v -2.031874 3.062459 0.156172
v -2.054328 3.062459 0.000000
v -2.031874 3.062459 -0.156172
v -1.966330 3.062459 -0.299692
v -1.863007 3.062459 -0.418933
v -1.730276 3.062459 -0.504234
v -1.578889 3.062459 -0.548685
v -1.421111 3.062459 -0.548685
v -1.269724 3.062459 -0.504234
v -1.136993 3.062459 -0.418933
v -1.033670 3.062459 -0.299692
v -0.968126 3.062459 -0.156172
v -0.945672 3.062459 -0.000000
v -0.980385 3.100000 0.000000
v -1.001433 3.100000 0.146393
v -1.062872 3.100000 0.280925
v -1.159724 3.100000 0.392699
v -1.284144 3.100000 0.472659
v -1.426051 3.100000 0.514326
v -1.573949 3.100000 0.514326
v -1.715856 3.100000 0.472659
v -1.840276 3.100000 0.392699
v -1.937128 3.100000 0.280925
v -1.998567 3.100000 0.146393
v -2.019615 3.100000 0.000000
v -1.998567 3.100000 -0.146393
v -1.937128 3.100000 -0.280925
v -1.840276 3.100000 -0.392699
v -1.715856 3.100000 -0.472659
v -1.573949 3.100000 -0.514326
v -1.426051 3.100000 -0.514326
v -1.284144 3.100000 -0.472659
v -1.159724 3.100000 -0.392699
v -1.062872 3.100000 -0.280925
v -1.001433 3.100000 -0.146393
v -0.980385 3.100000 -0.000000
v -1.023988 3.134804 0.000000
v -1.043270 3.134804 0.134108
v -1.099553 3.134804 0.257352
v -1.188278 3.134804 0.359746
v -1.302257 3.134804 0.432996
v -1.432256 3.134804 0.471167
v -1.567744 3.134804 0.471167
v -1.697743 3.134804 0.432996
v -1.811722 3.134804 0.359746
v -1.900447 3.134804 0.257352
v -1.956730 3.134804 0.134108
v -1.976012 3.134804 0.000000
v -1.956730 3.134804 -0.134108
v -1.900447 3.134804 -0.257352
v -1.811722 3.134804 -0.359746
v -1.697743 3.134804 -0.432996
v -1.567744 3.134804 -0.471167
v -1.432256 3.134804 -0.471167
v -1.302257 3.134804 -0.432996
v -1.188278 3.134804 -0.359746
v -1.099553 3.134804 -0.257352
v -1.043270 3.134804 -0.134108
v -1.023988 3.134804 -0.000000
v -1.075736 3.166274 0.000000
v -1.092922 3.166274 0.119529
v -1.143086 3.166274 0.229374
v -1.222166 3.166274 0.320637
v -1.323754 3.166274 0.385924
v -1.439621 3.166274 0.419946
v -1.560379 3.166274 0.419946
v -1.676246 3.166274 0.385924
v -1.777834 3.166274 0.320637
v -1.856914 3.166274 0.229374
v -1.907078 3.166274 0.119529
v -1.924264 3.166274 0.000000
v -1.907078 3.166274 -0.119529
v -1.856914 3.166274 -0.229374
v -1.777834 3.166274 -0.320637
v -1.676246 3.166274 -0.385924
v -1.560379 3.166274 -0.419946
v -1.439621 3.166274 -0.419946
v -1.323754 3.166274 -0.385924
v -1.222166 3.166274 -0.320637
v -1.143086 3.166274 -0.229374
v -1.092922 3.166274 -0.119529
v -1.075736 3.166274 -0.000000
v -1.134743 3.193873 0.000000
v -1.149539 3.193873 0.102905
v -1.192726 3.193873 0.197473
v -1.260808 3.193873 0.276043
v -1.348267 3.193873 0.332249
v -1.448019 3.193873 0.361539
v -1.551981 3.193873 0.361539
v -1.651733 3.193873 0.332249
v -1.739192 3.193873 0.276043
v -1.807274 3.193873 0.197473
v -1.850461 3.193873 0.102905
v -1.865257 3.193873 0.000000
v -1.850461 3.193873 -0.102905
v -1.807274 3.193873 -0.197473
v -1.739192 3.193873 -0.276043
v -1.651733 3.193873 -0.332249
v -1.551981 3.193873 -0.361539
v -1.448019 3.193873 -0.361539
v -1.348267 3.193873 -0.332249
v -1.260808 3.193873 -0.276043
v -1.192726 3.193873 -0.197473
v -1.149539 3.193873 -0.102905
v -1.134743 3.193873 -0.000000
v -1.200000 3.217128 0.000000
v -1.212152 3.217128 0.084520
v -1.247624 3.217128 0.162192
v -1.303542 3.217128 0.226725
v -1.375375 3.217128 0.272890
v -1.457306 3.217128 0.296946
v -1.542694 3.217128 0.296946
v -1.624625 3.217128 0.272890
v -1.696458 3.217128 0.226725
v -1.752376 3.217128 0.162192
v -1.787848 3.217128 0.084520
v -1.800000 3.217128 0.000000
v -1.787848 3.217128 -0.084520
v -1.752376 3.217128 -0.162192
v -1.696458 3.217128 -0.226725
v -1.624625 3.217128 -0.272890
v -1.542694 3.217128 -0.296946
v -1.457306 3.217128 -0.296946
v -1.375375 3.217128 -0.272890
v -1.303542 3.217128 -0.226725
v -1.247624 3.217128 -0.162192
v -1.212152 3.217128 -0.084520
v -1.200000 3.217128 -0.000000
v -1.270390 3.235641 0.000000
v -1.279691 3.235641 0.064689
v -1.306840 3.235641 0.124137
v -1.349637 3.235641 0.173528
v -1.404617 3.235641 0.208861
v -1.467323 3.235641 0.227273
v -1.532677 3.235641 0.227273
v -1.595383 3.235641 0.208861
v -1.650363 3.235641 0.173528
v -1.693160 3.235641 0.124137
v -1.720309 3.235641 0.064689
v -1.729610 3.235641 0.000000
v -1.720309 3.235641 -0.064689
v -1.693160 3.235641 -0.124137
v -1.650363 3.235641 -0.173528
v -1.595383 3.235641 -0.208861
v -1.532677 3.235641 -0.227273
v -1.467323 3.235641 -0.227273
v -1.404617 3.235641 -0.208861
v -1.349637 3.235641 -0.173528
v -1.306840 3.235641 -0.124137
v -1.279691 3.235641 -0.064689
v -1.270390 3.235641 -0.000000
v -1.344709 3.249096 0.000000
v -1.350999 3.249096 0.043751
v -1.369361 3.249096 0.083957
v -1.398306 3.249096 0.117361
v -1.435490 3.249096 0.141258
v -1.477900 3.249096 0.153711
v -1.522100 3.249096 0.153711
v -1.564510 3.249096 0.141258
v -1.601694 3.249096 0.117361
v -1.630639 3.249096 0.083957
v -1.649001 3.249096 0.043751
v -1.655291 3.249096 0.000000
v -1.649001 3.249096 -0.043751
v -1.630639 3.249096 -0.083957
v -1.601694 3.249096 -0.117361
v -1.564510 3.249096 -0.141258
v -1.522100 3.249096 -0.153711
v -1.477900 3.249096 -0.153711
v -1.435490 3.249096 -0.141258
v -1.398306 3.249096 -0.117361
v -1.369361 3.249096 -0.083957
v -1.350999 3.249096 -0.043751
v -1.344709 3.249096 -0.000000
v -1.421684 3.257262 0.000000
v -1.424857 3.257262 0.022064
v -1.434117 3.257262 0.042341
v -1.448714 3.257262 0.059187
v -1.467466 3.257262 0.071238
v -1.488855 3.257262 0.077519
v -1.511145 3.257262 0.077519
v -1.532534 3.257262 0.071238
v -1.551286 3.257262 0.059187
v -1.565883 3.257262 0.042341
v -1.575143 3.257262 0.022064
v -1.578316 3.257262 0.000000
v -1.575143 3.257262 -0.022064
v -1.565883 3.257262 -0.042341
v -1.551286 3.257262 -0.059187
v -1.532534 3.257262 -0.071238
v -1.511145 3.257262 -0.077519
v -1.488855 3.257262 -0.077519
v -1.467466 3.257262 -0.071238
v -1.448714 3.257262 -0.059187
v -1.434117 3.257262 -0.042341
v -1.424857 3.257262 -0.022064
v -1.421684 3.257262 -0.000000
v -1.495200 3.260000 0.000000
v -1.495394 3.260000 0.001352
v -1.495962 3.260000 0.002595
v -1.496857 3.260000 0.003628
v -1.498006 3.260000 0.004366
v -1.499317 3.260000 0.004751
v -1.500683 3.260000 0.004751
v -1.501994 3.260000 0.004366
v -1.503143 3.260000 0.003628
v -1.504038 3.260000 0.002595
v -1.504606 3.260000 0.001352
v -1.504800 3.260000 0.000000
v -1.504606 3.260000 -0.001352
v -1.504038 3.260000 -0.002595
v -1.503143 3.260000 -0.003628
v -1.501994 3.260000 -0.004366
v -1.500683 3.260000 -0.004751
v -1.499317 3.260000 -0.004751
v -1.498006 3.260000 -0.004366
v -1.496857 3.260000 -0.003628
v -1.495962 3.260000 -0.002595
v -1.495394 3.260000 -0.001352
v -1.495200 3.260000 -0.000000
vn 0.982579 0.120753 0.141273
vn 0.937866 0.121839 0.324903
vn 0.808341 0.121839 0.575970
vn 0.613328 0.121839 0.780375
vn 0.368627 0.121839 0.921558
vn 0.094062 0.121839 0.988083
vn -0.188124 0.121839 0.974559
vn -0.455068 0.121839 0.882082
vn -0.685146 0.121839 0.718144
vn -0.859717 0.121839 0.496026
vn -0.964639 0.121839 0.233723
vn -0.991412 0.121839 -0.047515
vn -0.937866 0.121839 -0.324903
vn -0.808341 0.121839 -0.575970
vn -0.613328 0.121839 -0.780375
vn -0.368627 0.121839 -0.921558
vn -0.094062 0.121839 -0.988083
vn 0.188124 0.121839 -0.974559
vn 0.455068 0.121839 -0.882082
vn 0.685146 0.121839 -0.718144
vn 0.859717 0.121839 -0.496026
vn 0.964639 0.121839 -0.233723
vn 0.982579 0.120753 -0.141273
vn 0.952287 0.272768 0.136918
vn 0.932431 0.237406 0.272415
vn 0.817913 0.237406 0.524077
vn 0.637132 0.237406 0.733281
vn 0.404735 0.237406 0.883079
vn 0.139548 0.237406 0.961335
vn -0.136944 0.237406 0.961709
vn -0.402341 0.237406 0.884172
vn -0.635144 0.237406 0.735004
vn -0.816490 0.237406 0.526290
vn -0.931690 0.237406 0.274940
vn -0.971410 0.237406 0.001316
vn -0.932431 0.237406 -0.272415
vn -0.817913 0.237406 -0.524077
vn -0.637132 0.237406 -0.733281
vn -0.404735 0.237406 -0.883079
vn -0.139548 0.237406 -0.961335
vn 0.136944 0.237406 -0.961709
vn 0.402341 0.237406 -0.884172
vn 0.635144 0.237406 -0.735004
vn 0.816490 0.237406 -0.526290
vn 0.931690 0.237406 -0.274940
vn 0.970400 0.197125 -0.139522
vn 0.872052 0.473081 0.125382
vn 0.859530 0.445724 0.250075
vn 0.754259 0.445724 0.482103
vn 0.587882 0.445724 0.675073
vn 0.373879 0.445724 0.813354
vn 0.129586 0.445724 0.885741
vn -0.125205 0.445724 0.886371
vn -0.369853 0.445724 0.815192
vn -0.584538 0.445724 0.677971
vn -0.751866 0.445724 0.485826
vn -0.858283 0.445724 0.254321
vn -0.895167 0.445724 0.002213
vn -0.859530 0.445724 -0.250075
vn -0.754259 0.445724 -0.482103
vn -0.587882 0.445724 -0.675073
vn -0.373879 0.445724 -0.813354
vn -0.129586 0.445724 -0.885741
vn 0.125205 0.445724 -0.886371
vn 0.369853 0.445724 -0.815192
vn 0.584538 0.445724 -0.677971
vn 0.751866 0.445724 -0.485826
vn 0.858283 0.445724 -0.254321
vn 0.902561 0.410540 -0.129769
vn 0.768674 0.630020 0.110519
vn 0.760707 0.610439 0.220656
vn 0.667727 0.610439 0.426033
vn 0.520652 0.610439 0.596897
vn 0.331397 0.610439 0.719403
vn 0.115294 0.610439 0.783627
vn -0.110150 0.610439 0.784367
vn -0.326670 0.610439 0.721562
vn -0.516724 0.610439 0.600300
vn -0.664917 0.610439 0.430405
vn -0.759243 0.610439 0.225642
vn -0.792059 0.610439 0.002598
vn -0.760707 0.610439 -0.220656
vn -0.667727 0.610439 -0.426033
vn -0.520652 0.610439 -0.596897
vn -0.331397 0.610439 -0.719403
vn -0.115294 0.610439 -0.783627
vn 0.110150 0.610439 -0.784367
vn 0.326670 0.610439 -0.721562
vn 0.516724 0.610439 -0.600300
vn 0.664917 0.610439 -0.430405
vn 0.759243 0.610439 -0.225642
vn 0.804572 0.582480 -0.115680
vn 0.659285 0.745894 0.094791
vn 0.654081 0.732351 0.189317
vn 0.574249 0.732351 0.365924
vn 0.447895 0.732351 0.512886
vn 0.285256 0.732351 0.618297
vn 0.099507 0.732351 0.673618
vn -0.094304 0.732351 0.674366
vn -0.280475 0.732351 0.620481
vn -0.443923 0.732351 0.516328
vn -0.571408 0.732351 0.370345
vn -0.652600 0.732351 0.194360
vn -0.680923 0.732351 0.002628
vn -0.654081 0.732351 -0.189317
vn -0.574249 0.732351 -0.365924
vn -0.447895 0.732351 -0.512886
vn -0.285256 0.732351 -0.618297
vn -0.099507 0.732351 -0.673618
vn 0.094304 0.732351 -0.674366
vn 0.280475 0.732351 -0.620481
vn 0.443923 0.732351 -0.516328
vn 0.571408 0.732351 -0.370345
vn 0.652600 0.732351 -0.194360
vn 0.695654 0.711380 -0.100020
vn 0.553557 0.829000 0.079589
vn 0.550341 0.819660 0.159004
vn 0.483252 0.819660 0.307612
vn 0.377012 0.819660 0.431299
vn 0.240229 0.819660 0.520045
vn 0.083985 0.819660 0.566660
vn -0.079064 0.819660 0.567368
vn -0.235707 0.819660 0.522111
vn -0.373255 0.819660 0.434555
vn -0.480564 0.819660 0.311794
vn -0.548940 0.819660 0.163774
vn -0.572845 0.819660 0.002486
vn -0.550341 0.819660 -0.159004
vn -0.483252 0.819660 -0.307612
vn -0.377012 0.819660 -0.431299
vn -0.240229 0.819660 -0.520045
vn -0.083985 0.819660 -0.566660
vn 0.079064 0.819660 -0.567368
vn 0.235707 0.819660 -0.522111
vn 0.373255 0.819660 -0.434555
vn 0.480564 0.819660 -0.311794
vn 0.548940 0.819660 -0.163774
vn 0.588011 0.804423 -0.084543
vn 0.455251 0.887954 0.065455
vn 0.453828 0.881427 0.130867
vn 0.398575 0.881427 0.253424
vn 0.311032 0.881427 0.355451
vn 0.198291 0.881427 0.428680
vn 0.069486 0.881427 0.467181
vn -0.064949 0.881427 0.467833
vn -0.194122 0.881427 0.430584
vn -0.307568 0.881427 0.358452
vn -0.396097 0.881427 0.257280
vn -0.452537 0.881427 0.135265
vn -0.472314 0.881427 0.002292
vn -0.453828 0.881427 -0.130867
vn -0.398575 0.881427 -0.253424
vn -0.311032 0.881427 -0.355451
vn -0.198291 0.881427 -0.428680
vn -0.069486 0.881427 -0.467181
vn 0.064949 0.881427 -0.467833
vn 0.194122 0.881427 -0.430584
vn 0.307568 0.881427 -0.358452
vn 0.396097 0.881427 -0.257280
vn 0.452537 0.881427 -0.135265
vn 0.487053 0.870561 -0.070028
vn 0.364863 0.929582 0.052459
vn 0.365287 0.924947 0.105065
vn 0.320891 0.924947 0.203722
vn 0.250497 0.924947 0.285875
vn 0.159810 0.924947 0.344869
vn 0.056176 0.924947 0.375923
vn -0.052009 0.924947 0.376522
vn -0.155981 0.924947 0.346617
vn -0.247316 0.924947 0.288632
vn -0.318615 0.924947 0.207263
vn -0.364102 0.924947 0.109103
vn -0.380091 0.924947 0.002105
vn -0.365287 0.924947 -0.105065
vn -0.320891 0.924947 -0.203722
vn -0.250497 0.924947 -0.285875
vn -0.159810 0.924947 -0.344869
vn -0.056176 0.924947 -0.375923
vn 0.052009 0.924947 -0.376522
vn 0.155981 0.924947 -0.346617
vn 0.247316 0.924947 -0.288632
vn 0.318615 0.924947 -0.207263
vn 0.364102 0.924947 -0.109103
vn 0.394090 0.917323 -0.056662
vn 0.281455 0.958721 0.040467
vn 0.283867 0.955409 0.081322
vn 0.249457 0.955409 0.158002
vn 0.194838 0.955409 0.221882
vn 0.124434 0.955409 0.267786
vn 0.043950 0.955409 0.291996
vn -0.040095 0.955409 0.292551
vn -0.120892 0.955409 0.269404
vn -0.191895 0.955409 0.224432
vn -0.247352 0.955409 0.161278
vn -0.282770 0.955409 0.085058
vn -0.295279 0.955409 0.001947
vn -0.283867 0.955409 -0.081322
vn -0.249457 0.955409 -0.158002
vn -0.194838 0.955409 -0.221882
vn -0.124434 0.955409 -0.267786
vn -0.043950 0.955409 -0.291996
vn 0.040095 0.955409 -0.292551
vn 0.120892 0.955409 -0.269404
vn 0.191895 0.955409 -0.224432
vn 0.247352 0.955409 -0.161278
vn 0.282770 0.955409 -0.085058
vn 0.308512 0.950186 -0.044357
vn 0.203596 0.978617 0.029273
vn 0.208160 0.976301 0.059218
vn 0.183044 0.976301 0.115465
vn 0.143099 0.976301 0.162357
vn 0.091561 0.976301 0.196096
vn 0.032606 0.976301 0.213949
vn -0.028991 0.976301 0.214469
vn -0.088240 0.976301 0.197613
vn -0.140339 0.976301 0.164749
vn -0.181070 0.976301 0.118537
vn -0.207131 0.976301 0.062722
vn -0.216411 0.976301 0.001826
vn -0.208160 0.976301 -0.059218
vn -0.183044 0.976301 -0.115465
vn -0.143099 0.976301 -0.162357
vn -0.091561 0.976301 -0.196096
vn -0.032606 0.976301 -0.213949
vn 0.028991 0.976301 -0.214469
vn 0.088240 0.976301 -0.197613
vn 0.140339 0.976301 -0.164749
vn 0.181070 0.976301 -0.118537
vn 0.207131 0.976301 -0.062722
vn 0.228981 0.972874 -0.032922
vn 0.129764 0.991369 0.018657
vn 0.136654 0.989878 0.038310
vn 0.120325 0.989878 0.075258
vn 0.094249 0.989878 0.106110
vn 0.060536 0.989878 0.128364
vn 0.021920 0.989878 0.140220
vn -0.018473 0.989878 0.140715
vn -0.057368 0.989878 0.129811
vn -0.091617 0.989878 0.108390
vn -0.118442 0.989878 0.078188
vn -0.135673 0.989878 0.041652
vn -0.141912 0.989878 0.001741
vn -0.136654 0.989878 -0.038310
vn -0.120325 0.989878 -0.075258
vn -0.094249 0.989878 -0.106110
vn -0.060536 0.989878 -0.128364
vn -0.021920 0.989878 -0.140220
vn 0.018473 0.989878 -0.140715
vn 0.057368 0.989878 -0.129811
vn 0.091617 0.989878 -0.108390
vn 0.118442 0.989878 -0.078188
vn 0.135673 0.989878 -0.041652
vn 0.153980 0.987826 -0.022139
vn 0.060001 0.998161 0.008627
vn 0.068963 0.997447 0.018543
vn 0.060945 0.997447 0.037221
vn 0.047990 0.997447 0.052884
vn 0.031147 0.997447 0.064262
vn 0.011781 0.997447 0.070434
vn -0.008540 0.997447 0.070900
vn -0.028169 0.997447 0.065622
vn -0.045516 0.997447 0.055028
vn -0.059175 0.997447 0.039976
vn -0.068041 0.997447 0.021685
vn -0.071394 0.997447 0.001637
vn -0.068963 0.997447 -0.018543
vn -0.060945 0.997447 -0.037221
vn -0.047990 0.997447 -0.052884
vn -0.031147 0.997447 -0.064262
vn -0.011781 0.997447 -0.070434
vn 0.008540 0.997447 -0.070900
vn 0.028169 0.997447 -0.065622
vn 0.045516 0.997447 -0.055028
vn 0.059175 0.997447 -0.039976
vn 0.068041 0.997447 -0.021685
vn 0.082770 0.996498 -0.011901
vn 0.037213 0.999293 0.005350
vn 0.036208 0.999306 0.008773
vn 0.032270 0.999306 0.018619
vn 0.025717 0.999306 0.026956
vn 0.017081 0.999306 0.033109
vn 0.007061 0.999306 0.036580
vn -0.003531 0.999306 0.037088
vn -0.013837 0.999306 0.034591
vn -0.023022 0.999306 0.029292
vn -0.030341 0.999306 0.021619
vn -0.035203 0.999306 0.012195
vn -0.037213 0.999306 0.001783
vn -0.036208 0.999306 -0.008773
vn -0.032270 0.999306 -0.018619
vn -0.025717 0.999306 -0.026956
vn -0.017081 0.999306 -0.033109
vn -0.007061 0.999306 -0.036580
vn 0.003531 0.999306 -0.037088
vn 0.013837 0.999306 -0.034591
vn 0.023022 0.999306 -0.029292
vn 0.030341 0.999306 -0.021619
vn 0.035203 0.999306 -0.012195
vn 0.037213 0.999293 -0.005350
usemtl steel
f 5221 5244 5245
f 5221 5245 5222
f 5222 5245 5246
f 5222 5246 5223
f 5223 5246 5247
f 5223 5247 5224
f 5224 5247 5248
f 5224 5248 5225
f 5225 5248 5249
f 5225 5249 5226
f 5226 5249 5250
f 5226 5250 5227
f 5227 5250 5251
f 5227 5251 5228
f 5228 5251 5252
f 5228 5252 5229
f 5229 5252 5253
f 5229 5253 5230
f 5230 5253 5254
f 5230 5254 5231
f 5231 5254 5255
f 5231 5255 5232
f 5232 5255 5256
f 5232 5256 5233
f 5233 5256 5257
f 5233 5257 5234
f 5234 5257 5258
f 5234 5258 5235
f 5235 5258 5259
f 5235 5259 5236
f 5236 5259 5260
f 5236 5260 5237
f 5237 5260 5261
f 5237 5261 5238
f 5238 5261 5262
f 5238 5262 5239
f 5239 5262 5263
f 5239 5263 5240
f 5240 5263 5264
f 5240 5264 5241
f 5241 5264 5265
f 5241 5265 5242
f 5242 5265 5266
f 5242 5266 5243
f 5244 5267 5268
f 5244 5268 5245
f 5245 5268 5269
f 5245 5269 5246
f 5246 5269 5270
f 5246 5270 5247
f 5247 5270 5271
f 5247 5271 5248
f 5248 5271 5272
f 5248 5272 5249
f 5249 5272 5273
f 5249 5273 5250
f 5250 5273 5274
f 5250 5274 5251
f 5251 5274 5275
f 5251 5275 5252
f 5252 5275 5276
f 5252 5276 5253
f 5253 5276 5277
f 5253 5277 5254
f 5254 5277 5278
f 5254 5278 5255
f 5255 5278 5279
f 5255 5279 5256
f 5256 5279 5280
f 5256 5280 5257
f 5257 5280 5281
f 5257 5281 5258
f 5258 5281 5282
f 5258 5282 5259
f 5259 5282 5283
f 5259 5283 5260
f 5260 5283 5284
f 5260 5284 5261
f 5261 5284 5285
f 5261 5285 5262
f 5262 5285 5286
f 5262 5286 5263
f 5263 5286 5287
f 5263 5287 5264
f 5264 5287 5288
f 5264 5288 5265
f 5265 5288 5289
f 5265 5289 5266
f 5267 5290 5291
f 5267 5291 5268
f 5268 5291 5292
f 5268 5292 5269
f 5269 5292 5293
f 5269 5293 5270
f 5270 5293 5294
f 5270 5294 5271
f 5271 5294 5295
f 5271 5295 5272
f 5272 5295 5296
f 5272 5296 5273
f 5273 5296 5297
f 5273 5297 5274
f 5274 5297 5298
f 5274 5298 5275
f 5275 5298 5299
f 5275 5299 5276
f 5276 5299 5300
f 5276 5300 5277
f 5277 5300 5301
f 5277 5301 5278
f 5278 5301 5302
f 5278 5302 5279
f 5279 5302 5303
f 5279 5303 5280
f 5280 5303 5304
f 5280 5304 5281
f 5281 5304 5305
f 5281 5305 5282
f 5282 5305 5306
f 5282 5306 5283
f 5283 5306 5307
f 5283 5307 5284
f 5284 5307 5308
f 5284 5308 5285
f 5285 5308 5309
f 5285 5309 5286
f 5286 5309 5310
f 5286 5310 5287
f 5287 5310 5311
f 5287 5311 5288
f 5288 5311 5312
f 5288 5312 5289
f 5290 5313 5314
f 5290 5314 5291
f 5291 5314 5315
f 5291 5315 5292
f 5292 5315 5316
f 5292 5316 5293
f 5293 5316 5317
f 5293 5317 5294
f 5294 5317 5318
f 5294 5318 5295
f 5295 5318 5319
f 5295 5319 5296
f 5296 5319 5320
f 5296 5320 5297
f 5297 5320 5321
f 5297 5321 5298
f 5298 5321 5322
f 5298 5322 5299
f 5299 5322 5323
f 5299 5323 5300
f 5300 5323 5324
f 5300 5324 5301
f 5301 5324 5325
f 5301 5325 5302
f 5302 5325 5326
f 5302 5326 5303
f 5303 5326 5327
f 5303 5327 5304
f 5304 5327 5328
f 5304 5328 5305
f 5305 5328 5329
f 5305 5329 5306
f 5306 5329 5330
f 5306 5330 5307
f 5307 5330 5331
f 5307 5331 5308
f 5308 5331 5332
f 5308 5332 5309
f 5309 5332 5333
f 5309 5333 5310
f 5310 5333 5334
f 5310 5334 5311
f 5311 5334 5335
f 5311 5335 5312
f 5313 5336 5337
f 5313 5337 5314
f 5314 5337 5338
f 5314 5338 5315
f 5315 5338 5339
f 5315 5339 5316
f 5316 5339 5340
f 5316 5340 5317
f 5317 5340 5341
f 5317 5341 5318
f 5318 5341 5342
f 5318 5342 5319
f 5319 5342 5343
f 5319 5343 5320
f 5320 5343 5344
f 5320 5344 5321
f 5321 5344 5345
f 5321 5345 5322
f 5322 5345 5346
f 5322 5346 5323
f 5323 5346 5347
f 5323 5347 5324
f 5324 5347 5348
f 5324 5348 5325
f 5325 5348 5349
f 5325 5349 5326
f 5326 5349 5350
f 5326 5350 5327
f 5327 5350 5351
f 5327 5351 5328
f 5328 5351 5352
f 5328 5352 5329
f 5329 5352 5353
f 5329 5353 5330
f 5330 5353 5354
f 5330 5354 5331
f 5331 5354 5355
f 5331 5355 5332
f 5332 5355 5356
f 5332 5356 5333
f 5333 5356 5357
f 5333 5357 5334
f 5334 5357 5358
f 5334 5358 5335
f 5336 5359 5360
f 5336 5360 5337
f 5337 5360 5361
f 5337 5361 5338
f 5338 5361 5362
f 5338 5362 5339
f 5339 5362 5363
f 5339 5363 5340
f 5340 5363 5364
f 5340 5364 5341
f 5341 5364 5365
f 5341 5365 5342
f 5342 5365 5366
f 5342 5366 5343
f 5343 5366 5367
f 5343 5367 5344
f 5344 5367 5368
f 5344 5368 5345
f 5345 5368 5369
f 5345 5369 5346
f 5346 5369 5370
f 5346 5370 5347
f 5347 5370 5371
f 5347 5371 5348
f 5348 5371 5372
f 5348 5372 5349
f 5349 5372 5373
f 5349 5373 5350
f 5350 5373 5374
f 5350 5374 5351
f 5351 5374 5375
f 5351 5375 5352
f 5352 5375 5376
f 5352 5376 5353
f 5353 5376 5377
f 5353 5377 5354
f 5354 5377 5378
f 5354 5378 5355
f 5355 5378 5379
f 5355 5379 5356
f 5356 5379 5380
f 5356 5380 5357
f 5357 5380 5381
f 5357 5381 5358
f 5359 5382 5383
f 5359 5383 5360
f 5360 5383 5384
f 5360 5384 5361
f 5361 5384 5385
f 5361 5385 5362
f 5362 5385 5386
f 5362 5386 5363
f 5363 5386 5387
f 5363 5387 5364
f 5364 5387 5388
f 5364 5388 5365
f 5365 5388 5389
f 5365 5389 5366
f 5366 5389 5390
f 5366 5390 5367
f 5367 5390 5391
f 5367 5391 5368
f 5368 5391 5392
f 5368 5392 5369
f 5369 5392 5393
f 5369 5393 5370
f 5370 5393 5394
f 5370 5394 5371
f 5371 5394 5395
f 5371 5395 5372
f 5372 5395 5396
f 5372 5396 5373
f 5373 5396 5397
f 5373 5397 5374
f 5374 5397 5398
f 5374 5398 5375
f 5375 5398 5399
f 5375 5399 5376
f 5376 5399 5400
f 5376 5400 5377
f 5377 5400 5401
f 5377 5401 5378
f 5378 5401 5402
f 5378 5402 5379
f 5379 5402 5403
f 5379 5403 5380
f 5380 5403 5404
f 5380 5404 5381
f 5382 5405 5406
f 5382 5406 5383
f 5383 5406 5407
f 5383 5407 5384
f 5384 5407 5408
f 5384 5408 5385
f 5385 5408 5409
f 5385 5409 5386
f 5386 5409 5410
f 5386 5410 5387
f 5387 5410 5411
f 5387 5411 5388
f 5388 5411 5412
f 5388 5412 5389
f 5389 5412 5413
f 5389 5413 5390
f 5390 5413 5414
f 5390 5414 5391
f 5391 5414 5415
f 5391 5415 5392
f 5392 5415 5416
f 5392 5416 5393
f 5393 5416 5417
f 5393 5417 5394
f 5394 5417 5418
f 5394 5418 5395
f 5395 5418 5419
f 5395 5419 5396
f 5396 5419 5420
f 5396 5420 5397
f 5397 5420 5421
f 5397 5421 5398
f 5398 5421 5422
f 5398 5422 5399
f 5399 5422 5423
f 5399 5423 5400
f 5400 5423 5424
f 5400 5424 5401
f 5401 5424 5425
f 5401 5425 5402
f 5402 5425 5426
f 5402 5426 5403
f 5403 5426 5427
f 5403 5427 5404
f 5405 5428 5429
f 5405 5429 5406
f 5406 5429 5430
f 5406 5430 5407
f 5407 5430 5431
f 5407 5431 5408
f 5408 5431 5432
f 5408 5432 5409
f 5409 5432 5433
f 5409 5433 5410
f 5410 5433 5434
f 5410 5434 5411
f 5411 5434 5435
f 5411 5435 5412
f 5412 5435 5436
f 5412 5436 5413
f 5413 5436 5437
f 5413 5437 5414
f 5414 5437 5438
f 5414 5438 5415
f 5415 5438 5439
f 5415 5439 5416
f 5416 5439 5440
f 5416 5440 5417
f 5417 5440 5441
f 5417 5441 5418
f 5418 5441 5442
f 5418 5442 5419
f 5419 5442 5443
f 5419 5443 5420
f 5420 5443 5444
f 5420 5444 5421
f 5421 5444 5445
f 5421 5445 5422
f 5422 5445 5446
f 5422 5446 5423
f 5423 5446 5447
f 5423 5447 5424
f 5424 5447 5448
f 5424 5448 5425
f 5425 5448 5449
f 5425 5449 5426
f 5426 5449 5450
f 5426 5450 5427
f 5428 5451 5452
f 5428 5452 5429
f 5429 5452 5453
f 5429 5453 5430
f 5430 5453 5454
f 5430 5454 5431
f 5431 5454 5455
f 5431 5455 5432
f 5432 5455 5456
f 5432 5456 5433
f 5433 5456 5457
f 5433 5457 5434
f 5434 5457 5458
f 5434 5458 5435
f 5435 5458 5459
f 5435 5459 5436
f 5436 5459 5460
f 5436 5460 5437
f 5437 5460 5461
f 5437 5461 5438
f 5438 5461 5462
f 5438 5462 5439
f 5439 5462 5463
f 5439 5463 5440
f 5440 5463 5464
f 5440 5464 5441
f 5441 5464 5465
f 5441 5465 5442
f 5442 5465 5466
f 5442 5466 5443
f 5443 5466 5467
f 5443 5467 5444
f 5444 5467 5468
f 5444 5468 5445
f 5445 5468 5469
f 5445 5469 5446
f 5446 5469 5470
f 5446 5470 5447
f 5447 5470 5471
f 5447 5471 5448
f 5448 5471 5472
f 5448 5472 5449
f 5449 5472 5473
f 5449 5473 5450
f 5451 5474 5475
f 5451 5475 5452
f 5452 5475 5476
f 5452 5476 5453
f 5453 5476 5477
f 5453 5477 5454
f 5454 5477 5478
f 5454 5478 5455
f 5455 5478 5479
f 5455 5479 5456
f 5456 5479 5480
f 5456 5480 5457
f 5457 5480 5481
f 5457 5481 5458
f 5458 5481 5482
f 5458 5482 5459
f 5459 5482 5483
f 5459 5483 5460
f 5460 5483 5484
f 5460 5484 5461
f 5461 5484 5485
f 5461 5485 5462
f 5462 5485 5486
f 5462 5486 5463
f 5463 5486 5487
f 5463 5487 5464
f 5464 5487 5488
f 5464 5488 5465
f 5465 5488 5489
f 5465 5489 5466
f 5466 5489 5490
f 5466 5490 5467
f 5467 5490 5491
f 5467 5491 5468
f 5468 5491 5492
f 5468 5492 5469
f 5469 5492 5493
f 5469 5493 5470
f 5470 5493 5494
f 5470 5494 5471
f 5471 5494 5495
f 5471 5495 5472
f 5472 5495 5496
f 5472 5496 5473
f 5474 5497 5498
f 5474 5498 5475
f 5475 5498 5499
f 5475 5499 5476
f 5476 5499 5500
f 5476 5500 5477
f 5477 5500 5501
f 5477 5501 5478
f 5478 5501 5502
f 5478 5502 5479
f 5479 5502 5503
f 5479 5503 5480
f 5480 5503 5504
f 5480 5504 5481
f 5481 5504 5505
f 5481 5505 5482
f 5482 5505 5506
f 5482 5506 5483
f 5483 5506 5507
f 5483 5507 5484
f 5484 5507 5508
f 5484 5508 5485
f 5485 5508 5509
f 5485 5509 5486
f 5486 5509 5510
f 5486 5510 5487
f 5487 5510 5511
f 5487 5511 5488
f 5488 5511 5512
f 5488 5512 5489
f 5489 5512 5513
f 5489 5513 5490
f 5490 5513 5514
f 5490 5514 5491
f 5491 5514 5515
f 5491 5515 5492
f 5492 5515 5516
f 5492 5516 5493
f 5493 5516 5517
f 5493 5517 5494
f 5494 5517 5518
f 5494 5518 5495
f 5495 5518 5519
f 5495 5519 5496
o pauldron_v2_lame_0_L
v -0.844780 2.840000 0.181899
v -0.921865 2.940000 0.160499
v -0.868289 2.840000 0.251676
v -0.942608 2.940000 0.222067
v -0.899204 2.840000 0.318502
v -0.969886 2.940000 0.281032
v -0.937163 2.840000 0.381594
v -1.003379 2.940000 0.336701
v -0.981721 2.840000 0.440212
v -1.042695 2.940000 0.388422
v -1.032356 2.840000 0.493669
v -1.087373 2.940000 0.435590
v -1.088473 2.840000 0.541337
v -1.136888 2.940000 0.477650
v -1.149416 2.840000 0.582658
v -1.190661 2.940000 0.514110
v -1.214469 2.840000 0.617148
v -1.248061 2.940000 0.544543
v -1.282870 2.840000 0.644402
v -1.308415 2.940000 0.568590
v -1.353817 2.840000 0.664101
v -1.371015 2.940000 0.585972
v -1.426477 2.840000 0.676014
v -1.435127 2.940000 0.596483
v -1.500000 2.840000 0.680000
v -1.500000 2.940000 0.600000
v -1.573523 2.840000 0.676014
v -1.564873 2.940000 0.596483
v -1.646183 2.840000 0.664101
v -1.628985 2.940000 0.585972
v -1.717130 2.840000 0.644402
v -1.691585 2.940000 0.568590
v -1.785531 2.840000 0.617148
v -1.751939 2.940000 0.544543
v -1.850584 2.840000 0.582658
v -1.809339 2.940000 0.514110
v -1.911527 2.840000 0.541337
v -1.863112 2.940000 0.477650
v -1.967644 2.840000 0.493669
v -1.912627 2.940000 0.435590
v -2.018279 2.840000 0.440212
v -1.957305 2.940000 0.388422
v -2.062837 2.840000 0.381594
v -1.996621 2.940000 0.336701
v -2.100796 2.840000 0.318502
v -2.030114 2.940000 0.281032
v -2.131711 2.840000 0.251676
v -2.057392 2.940000 0.222067
v -2.155220 2.840000 0.181899
v -2.078135 2.940000 0.160499
vn 0.740424 0.624136 0.249454
vn 0.740424 0.624136 0.249454
vn 0.720122 0.624633 0.302090
vn 0.730568 0.624633 0.275871
vn 0.683238 0.624633 0.378179
vn 0.696457 0.624633 0.353244
vn 0.638343 0.624633 0.449835
vn 0.654181 0.624633 0.426475
vn 0.585964 0.624633 0.516217
vn 0.604235 0.624633 0.494706
vn 0.526715 0.624633 0.576546
vn 0.547204 0.624633 0.557137
vn 0.461290 0.624633 0.630115
vn 0.483758 0.624633 0.613035
vn 0.390457 0.624633 0.676297
vn 0.414640 0.624633 0.661746
vn 0.315046 0.624633 0.714549
vn 0.340660 0.624633 0.702698
vn 0.235941 0.624633 0.744423
vn 0.262686 0.624633 0.735411
vn 0.154069 0.624633 0.765569
vn 0.181632 0.624633 0.759502
vn 0.070392 0.624633 0.777740
vn 0.098449 0.624633 0.774688
vn -0.014111 0.624633 0.780791
vn 0.014111 0.624633 0.780791
vn -0.098449 0.624633 0.774688
vn -0.070392 0.624633 0.777740
vn -0.181632 0.624633 0.759502
vn -0.154069 0.624633 0.765569
vn -0.262686 0.624633 0.735411
vn -0.235941 0.624633 0.744423
vn -0.340660 0.624633 0.702698
vn -0.315046 0.624633 0.714549
vn -0.414640 0.624633 0.661746
vn -0.390457 0.624633 0.676297
vn -0.483758 0.624633 0.613035
vn -0.461290 0.624633 0.630115
vn -0.547204 0.624633 0.557137
vn -0.526715 0.624633 0.576546
vn -0.604235 0.624633 0.494706
vn -0.585964 0.624633 0.516217
vn -0.654181 0.624633 0.426475
vn -0.638343 0.624633 0.449835
vn -0.696457 0.624633 0.353244
vn -0.683238 0.624633 0.378179
vn -0.730568 0.624633 0.275871
vn -0.720122 0.624633 0.302090
vn -0.740424 0.624136 0.249454
vn -0.740424 0.624136 0.249454
usemtl steel
f 5520 5521 5523
f 5520 5523 5522
f 5522 5523 5525
f 5522 5525 5524
f 5524 5525 5527
f 5524 5527 5526
f 5526 5527 5529
f 5526 5529 5528
f 5528 5529 5531
f 5528 5531 5530
f 5530 5531 5533
f 5530 5533 5532
f 5532 5533 5535
f 5532 5535 5534
f 5534 5535 5537
f 5534 5537 5536
f 5536 5537 5539
f 5536 5539 5538
f 5538 5539 5541
f 5538 5541 5540
f 5540 5541 5543
f 5540 5543 5542
f 5542 5543 5545
f 5542 5545 5544
f 5544 5545 5547
f 5544 5547 5546
f 5546 5547 5549
f 5546 5549 5548
f 5548 5549 5551
f 5548 5551 5550
f 5550 5551 5553
f 5550 5553 5552
f 5552 5553 5555
f 5552 5555 5554
f 5554 5555 5557
f 5554 5557 5556
f 5556 5557 5559
f 5556 5559 5558
f 5558 5559 5561
f 5558 5561 5560
f 5560 5561 5563
f 5560 5563 5562
f 5562 5563 5565
f 5562 5565 5564
f 5564 5565 5567
f 5564 5567 5566
f 5566 5567 5569
f 5566 5569 5568
o pauldron_v2_lame_1_L
v -0.777331 2.730000 0.200624
v -0.854416 2.830000 0.179224
v -0.803260 2.730000 0.277584
v -0.877579 2.830000 0.247975
v -0.837357 2.730000 0.351289
v -0.908039 2.830000 0.313819
v -0.879224 2.730000 0.420876
v -0.945440 2.830000 0.375983
v -0.928369 2.730000 0.485528
v -0.989343 2.830000 0.433738
v -0.984216 2.730000 0.544487
v -1.039233 2.830000 0.486409
v -1.046110 2.730000 0.597063
v -1.094525 2.830000 0.533376
v -1.113326 2.730000 0.642638
v -1.154572 2.830000 0.574090
v -1.185076 2.730000 0.680678
v -1.218668 2.830000 0.608073
v -1.260518 2.730000 0.710738
v -1.286063 2.830000 0.634926
v -1.338768 2.730000 0.732465
v -1.355966 2.830000 0.654335
v -1.418909 2.730000 0.745603
v -1.427559 2.830000 0.666072
v -1.500000 2.730000 0.750000
v -1.500000 2.830000 0.670000
v -1.581091 2.730000 0.745603
v -1.572441 2.830000 0.666072
v -1.661232 2.730000 0.732465
v -1.644034 2.830000 0.654335
v -1.739482 2.730000 0.710738
v -1.713937 2.830000 0.634926
v -1.814924 2.730000 0.680678
v -1.781332 2.830000 0.608073
v -1.886674 2.730000 0.642638
v -1.845428 2.830000 0.574090
v -1.953890 2.730000 0.597063
v -1.905475 2.830000 0.533376
v -2.015784 2.730000 0.544487
v -1.960767 2.830000 0.486409
v -2.071631 2.730000 0.485528
v -2.010657 2.830000 0.433738
v -2.120776 2.730000 0.420876
v -2.054560 2.830000 0.375983
v -2.162643 2.730000 0.351289
v -2.091961 2.830000 0.313819
v -2.196740 2.730000 0.277584
v -2.122421 2.830000 0.247975
v -2.222669 2.730000 0.200624
v -2.145584 2.830000 0.179224
vn 0.740424 0.624136 0.249454
vn 0.740424 0.624136 0.249454
vn 0.720122 0.624633 0.302090
vn 0.730568 0.624633 0.275871
vn 0.683238 0.624633 0.378179
vn 0.696457 0.624633 0.353244
vn 0.638343 0.624633 0.449835
vn 0.654181 0.624633 0.426475
vn 0.585964 0.624633 0.516217
vn 0.604235 0.624633 0.494706
vn 0.526715 0.624633 0.576546
vn 0.547204 0.624633 0.557137
vn 0.461290 0.624633 0.630115
vn 0.483758 0.624633 0.613035
vn 0.390457 0.624633 0.676297
vn 0.414640 0.624633 0.661746
vn 0.315046 0.624633 0.714549
vn 0.340660 0.624633 0.702698
vn 0.235941 0.624633 0.744423
vn 0.262686 0.624633 0.735411
vn 0.154069 0.624633 0.765569
vn 0.181632 0.624633 0.759502
vn 0.070392 0.624633 0.777740
vn 0.098449 0.624633 0.774688
vn -0.014111 0.624633 0.780791
vn 0.014111 0.624633 0.780791
vn -0.098449 0.624633 0.774688
vn -0.070392 0.624633 0.777740
vn -0.181632 0.624633 0.759502
vn -0.154069 0.624633 0.765569
vn -0.262686 0.624633 0.735411
vn -0.235941 0.624633 0.744423
vn -0.340660 0.624633 0.702698
vn -0.315046 0.624633 0.714549
vn -0.414640 0.624633 0.661746
vn -0.390457 0.624633 0.676297
vn -0.483758 0.624633 0.613035
vn -0.461290 0.624633 0.630115
vn -0.547204 0.624633 0.557137
vn -0.526715 0.624633 0.576546
vn -0.604235 0.624633 0.494706
vn -0.585964 0.624633 0.516217
vn -0.654181 0.624633 0.426475
vn -0.638343 0.624633 0.449835
vn -0.696457 0.624633 0.353244
vn -0.683238 0.624633 0.378179
vn -0.730568 0.624633 0.275871
vn -0.720122 0.624633 0.302090
vn -0.740424 0.624136 0.249454
vn -0.740424 0.624136 0.249454
usemtl steel_dark
f 5570 5571 5573
f 5570 5573 5572
f 5572 5573 5575
f 5572 5575 5574
f 5574 5575 5577
f 5574 5577 5576
f 5576 5577 5579
f 5576 5579 5578
f 5578 5579 5581
f 5578 5581 5580
f 5580 5581 5583
f 5580 5583 5582
f 5582 5583 5585
f 5582 5585 5584
f 5584 5585 5587
f 5584 5587 5586
f 5586 5587 5589
f 5586 5589 5588
f 5588 5589 5591
f 5588 5591 5590
f 5590 5591 5593
f 5590 5593 5592
f 5592 5593 5595
f 5592 5595 5594
f 5594 5595 5597
f 5594 5597 5596
f 5596 5597 5599
f 5596 5599 5598
f 5598 5599 5601
f 5598 5601 5600
f 5600 5601 5603
f 5600 5603 5602
f 5602 5603 5605
f 5602 5605 5604
f 5604 5605 5607
f 5604 5607 5606
f 5606 5607 5609
f 5606 5609 5608
f 5608 5609 5611
f 5608 5611 5610
f 5610 5611 5613
f 5610 5613 5612
f 5612 5613 5615
f 5612 5615 5614
f 5614 5615 5617
f 5614 5617 5616
f 5616 5617 5619
f 5616 5619 5618
o pauldron_v2_lame_2_L
v -0.709882 2.620000 0.219349
v -0.786967 2.720000 0.197949
v -0.738231 2.620000 0.303492
v -0.812550 2.720000 0.273883
v -0.775510 2.620000 0.384076
v -0.846192 2.720000 0.346606
v -0.821284 2.620000 0.460158
v -0.887501 2.720000 0.415264
v -0.875016 2.620000 0.530844
v -0.935990 2.720000 0.479054
v -0.936076 2.620000 0.595306
v -0.991093 2.720000 0.537228
v -1.003747 2.620000 0.652789
v -1.052162 2.720000 0.589102
v -1.077237 2.620000 0.702617
v -1.118482 2.720000 0.634069
v -1.155683 2.620000 0.744208
v -1.189275 2.720000 0.671603
v -1.238167 2.620000 0.777074
v -1.263711 2.720000 0.701262
v -1.323720 2.620000 0.800828
v -1.340918 2.720000 0.722698
v -1.411340 2.620000 0.815193
v -1.419990 2.720000 0.735662
v -1.500000 2.620000 0.820000
v -1.500000 2.720000 0.740000
v -1.588660 2.620000 0.815193
v -1.580010 2.720000 0.735662
v -1.676280 2.620000 0.800828
v -1.659082 2.720000 0.722698
v -1.761833 2.620000 0.777074
v -1.736289 2.720000 0.701262
v -1.844317 2.620000 0.744208
v -1.810725 2.720000 0.671603
v -1.922763 2.620000 0.702617
v -1.881518 2.720000 0.634069
v -1.996253 2.620000 0.652789
v -1.947838 2.720000 0.589102
v -2.063924 2.620000 0.595306
v -2.008907 2.720000 0.537228
v -2.124984 2.620000 0.530844
v -2.064010 2.720000 0.479054
v -2.178716 2.620000 0.460158
v -2.112499 2.720000 0.415264
v -2.224490 2.620000 0.384076
v -2.153808 2.720000 0.346606
v -2.261769 2.620000 0.303492
v -2.187450 2.720000 0.273883
v -2.290118 2.620000 0.219349
v -2.213033 2.720000 0.197949
vn 0.740424 0.624136 0.249454
vn 0.740424 0.624136 0.249454
vn 0.720122 0.624633 0.302090
vn 0.730568 0.624633 0.275871
vn 0.683238 0.624633 0.378179
vn 0.696457 0.624633 0.353244
vn 0.638343 0.624633 0.449835
vn 0.654181 0.624633 0.426475
vn 0.585964 0.624633 0.516217
vn 0.604235 0.624633 0.494706
vn 0.526715 0.624633 0.576546
vn 0.547204 0.624633 0.557137
vn 0.461290 0.624633 0.630115
vn 0.483758 0.624633 0.613035
vn 0.390457 0.624633 0.676297
vn 0.414640 0.624633 0.661746
vn 0.315046 0.624633 0.714549
vn 0.340660 0.624633 0.702698
vn 0.235941 0.624633 0.744423
vn 0.262686 0.624633 0.735411
vn 0.154069 0.624633 0.765569
vn 0.181632 0.624633 0.759502
vn 0.070392 0.624633 0.777740
vn 0.098449 0.624633 0.774688
vn -0.014111 0.624633 0.780791
vn 0.014111 0.624633 0.780791
vn -0.098449 0.624633 0.774688
vn -0.070392 0.624633 0.777740
vn -0.181632 0.624633 0.759502
vn -0.154069 0.624633 0.765569
vn -0.262686 0.624633 0.735411
vn -0.235941 0.624633 0.744423
vn -0.340660 0.624633 0.702698
vn -0.315046 0.624633 0.714549
vn -0.414640 0.624633 0.661746
vn -0.390457 0.624633 0.676297
vn -0.483758 0.624633 0.613035
vn -0.461290 0.624633 0.630115
vn -0.547204 0.624633 0.557137
vn -0.526715 0.624633 0.576546
vn -0.604235 0.624633 0.494706
vn -0.585964 0.624633 0.516217
vn -0.654181 0.624633 0.426475
vn -0.638343 0.624633 0.449835
vn -0.696457 0.624633 0.353244
vn -0.683238 0.624633 0.378179
vn -0.730568 0.624633 0.275871
vn -0.720122 0.624633 0.302090
vn -0.740424 0.624136 0.249454
vn -0.740424 0.624136 0.249454
usemtl steel
f 5620 5621 5623
f 5620 5623 5622
f 5622 5623 5625
f 5622 5625 5624
f 5624 5625 5627
f 5624 5627 5626
f 5626 5627 5629
f 5626 5629 5628
f 5628 5629 5631
f 5628 5631 5630
f 5630 5631 5633
f 5630 5633 5632
f 5632 5633 5635
f 5632 5635 5634
f 5634 5635 5637
f 5634 5637 5636
f 5636 5637 5639
f 5636 5639 5638
f 5638 5639 5641
f 5638 5641 5640
f 5640 5641 5643
f 5640 5643 5642
f 5642 5643 5645
f 5642 5645 5644
f 5644 5645 5647
f 5644 5647 5646
f 5646 5647 5649
f 5646 5649 5648
f 5648 5649 5651
f 5648 5651 5650
f 5650 5651 5653
f 5650 5653 5652
f 5652 5653 5655
f 5652 5655 5654
f 5654 5655 5657
f 5654 5657 5656
f 5656 5657 5659
f 5656 5659 5658
f 5658 5659 5661
f 5658 5661 5660
f 5660 5661 5663
f 5660 5663 5662
f 5662 5663 5665
f 5662 5665 5664
f 5664 5665 5667
f 5664 5667 5666
f 5666 5667 5669
f 5666 5669 5668
o pauldron_v2_lame_3_L
v -0.642433 2.510000 0.238074
v -0.719518 2.610000 0.216674
v -0.673201 2.510000 0.329400
v -0.747520 2.610000 0.299791
v -0.713664 2.510000 0.416863
v -0.784346 2.610000 0.379393
v -0.763345 2.510000 0.499440
v -0.829561 2.610000 0.454546
v -0.821664 2.510000 0.576160
v -0.882638 2.610000 0.524370
v -0.887936 2.510000 0.646125
v -0.942953 2.610000 0.588046
v -0.961384 2.510000 0.708515
v -1.009799 2.610000 0.644828
v -1.041147 2.510000 0.762597
v -1.082393 2.610000 0.694049
v -1.126290 2.510000 0.807738
v -1.159882 2.610000 0.735133
v -1.215815 2.510000 0.843409
v -1.241360 2.610000 0.767597
v -1.308672 2.510000 0.869191
v -1.325870 2.610000 0.791062
v -1.403772 2.510000 0.884783
v -1.412422 2.610000 0.805252
v -1.500000 2.510000 0.890000
v -1.500000 2.610000 0.810000
v -1.596228 2.510000 0.884783
v -1.587578 2.610000 0.805252
v -1.691328 2.510000 0.869191
v -1.674130 2.610000 0.791062
v -1.784185 2.510000 0.843409
v -1.758640 2.610000 0.767597
v -1.873710 2.510000 0.807738
v -1.840118 2.610000 0.735133
v -1.958853 2.510000 0.762597
v -1.917607 2.610000 0.694049
v -2.038616 2.510000 0.708515
v -1.990201 2.610000 0.644828
v -2.112064 2.510000 0.646125
v -2.057047 2.610000 0.588046
v -2.178336 2.510000 0.576160
v -2.117362 2.610000 0.524370
v -2.236655 2.510000 0.499440
v -2.170439 2.610000 0.454546
v -2.286336 2.510000 0.416863
v -2.215654 2.610000 0.379393
v -2.326799 2.510000 0.329400
v -2.252480 2.610000 0.299791
v -2.357567 2.510000 0.238074
v -2.280482 2.610000 0.216674
vn 0.740424 0.624136 0.249454
vn 0.740424 0.624136 0.249454
vn 0.720122 0.624633 0.302090
vn 0.730568 0.624633 0.275871
vn 0.683238 0.624633 0.378179
vn 0.696457 0.624633 0.353244
vn 0.638343 0.624633 0.449835
vn 0.654181 0.624633 0.426475
vn 0.585964 0.624633 0.516217
vn 0.604235 0.624633 0.494706
vn 0.526715 0.624633 0.576546
vn 0.547204 0.624633 0.557137
vn 0.461290 0.624633 0.630115
vn 0.483758 0.624633 0.613035
vn 0.390457 0.624633 0.676297
vn 0.414640 0.624633 0.661746
vn 0.315046 0.624633 0.714549
vn 0.340660 0.624633 0.702698
vn 0.235941 0.624633 0.744423
vn 0.262686 0.624633 0.735411
vn 0.154069 0.624633 0.765569
vn 0.181632 0.624633 0.759502
vn 0.070392 0.624633 0.777740
vn 0.098449 0.624633 0.774688
vn -0.014111 0.624633 0.780791
vn 0.014111 0.624633 0.780791
vn -0.098449 0.624633 0.774688
vn -0.070392 0.624633 0.777740
vn -0.181632 0.624633 0.759502
vn -0.154069 0.624633 0.765569
vn -0.262686 0.624633 0.735411
vn -0.235941 0.624633 0.744423
vn -0.340660 0.624633 0.702698
vn -0.315046 0.624633 0.714549
vn -0.414640 0.624633 0.661746
vn -0.390457 0.624633 0.676297
vn -0.483758 0.624633 0.613035
vn -0.461290 0.624633 0.630115
vn -0.547204 0.624633 0.557137
vn -0.526715 0.624633 0.576546
vn -0.604235 0.624633 0.494706
vn -0.585964 0.624633 0.516217
vn -0.654181 0.624633 0.426475
vn -0.638343 0.624633 0.449835
vn -0.696457 0.624633 0.353244
vn -0.683238 0.624633 0.378179
vn -0.730568 0.624633 0.275871
vn -0.720122 0.624633 0.302090
vn -0.740424 0.624136 0.249454
vn -0.740424 0.624136 0.249454
usemtl steel_dark
f 5670 5671 5673
f 5670 5673 5672
f 5672 5673 5675
f 5672 5675 5674
f 5674 5675 5677
f 5674 5677 5676
f 5676 5677 5679
f 5676 5679 5678
f 5678 5679 5681
f 5678 5681 5680
f 5680 5681 5683
f 5680 5683 5682
f 5682 5683 5685
f 5682 5685 5684
f 5684 5685 5687
f 5684 5687 5686
f 5686 5687 5689
f 5686 5689 5688
f 5688 5689 5691
f 5688 5691 5690
f 5690 5691 5693
f 5690 5693 5692
f 5692 5693 5695
f 5692 5695 5694
f 5694 5695 5697
f 5694 5697 5696
f 5696 5697 5699
f 5696 5699 5698
f 5698 5699 5701
f 5698 5701 5700
f 5700 5701 5703
f 5700 5703 5702
f 5702 5703 5705
f 5702 5705 5704
f 5704 5705 5707
f 5704 5707 5706
f 5706 5707 5709
f 5706 5709 5708
f 5708 5709 5711
f 5708 5711 5710
f 5710 5711 5713
f 5710 5713 5712
f 5712 5713 5715
f 5712 5715 5714
f 5714 5715 5717
f 5714 5717 5716
f 5716 5717 5719
f 5716 5719 5718
o rondel_L
v -0.870000 2.820000 0.340000
v -0.881746 2.745836 0.340000
v -0.915836 2.678932 0.340000
v -0.968932 2.625836 0.340000
v -1.035836 2.591746 0.340000
v -1.110000 2.580000 0.340000
v -1.184164 2.591746 0.340000
v -1.251068 2.625836 0.340000
v -1.304164 2.678932 0.340000
v -1.338254 2.745836 0.340000
v -1.350000 2.820000 0.340000
v -1.338254 2.894164 0.340000
v -1.304164 2.961068 0.340000
v -1.251068 3.014164 0.340000
v -1.184164 3.048254 0.340000
v -1.110000 3.060000 0.340000
v -1.035836 3.048254 0.340000
v -0.968932 3.014164 0.340000
v -0.915836 2.961068 0.340000
v -0.881746 2.894164 0.340000
v -0.870000 2.820000 0.340000
v -0.872053 2.820000 0.353053
v -0.883699 2.746470 0.353053
v -0.917497 2.680138 0.353053
v -0.970138 2.627497 0.353053
v -1.036470 2.593699 0.353053
v -1.110000 2.582053 0.353053
v -1.183530 2.593699 0.353053
v -1.249862 2.627497 0.353053
v -1.302503 2.680138 0.353053
v -1.336301 2.746470 0.353053
v -1.347947 2.820000 0.353053
v -1.336301 2.893530 0.353053
v -1.302503 2.959862 0.353053
v -1.249862 3.012503 0.353053
v -1.183530 3.046301 0.353053
v -1.110000 3.057947 0.353053
v -1.036470 3.046301 0.353053
v -0.970138 3.012503 0.353053
v -0.917497 2.959862 0.353053
v -0.883699 2.893530 0.353053
v -0.872053 2.820000 0.353053
v -0.878178 2.820000 0.365882
v -0.889524 2.748363 0.365882
v -0.922452 2.683738 0.365882
v -0.973738 2.632452 0.365882
v -1.038363 2.599524 0.365882
v -1.110000 2.588178 0.365882
v -1.181637 2.599524 0.365882
v -1.246262 2.632452 0.365882
v -1.297548 2.683738 0.365882
v -1.330476 2.748363 0.365882
v -1.341822 2.820000 0.365882
v -1.330476 2.891637 0.365882
v -1.297548 2.956262 0.365882
v -1.246262 3.007548 0.365882
v -1.181637 3.040476 0.365882
v -1.110000 3.051822 0.365882
v -1.038363 3.040476 0.365882
v -0.973738 3.007548 0.365882
v -0.922452 2.956262 0.365882
v -0.889524 2.891637 0.365882
v -0.878178 2.820000 0.365882
v -0.888269 2.820000 0.378268
v -0.899121 2.751481 0.378268
v -0.930616 2.689670 0.378268
v -0.979670 2.640616 0.378268
v -1.041481 2.609121 0.378268
v -1.110000 2.598269 0.378268
v -1.178519 2.609121 0.378268
v -1.240330 2.640616 0.378268
v -1.289384 2.689670 0.378268
v -1.320879 2.751481 0.378268
v -1.331731 2.820000 0.378268
v -1.320879 2.888519 0.378268
v -1.289384 2.950330 0.378268
v -1.240330 2.999384 0.378268
v -1.178519 3.030879 0.378268
v -1.110000 3.041731 0.378268
v -1.041481 3.030879 0.378268
v -0.979670 2.999384 0.378268
v -0.930616 2.950330 0.378268
v -0.899121 2.888519 0.378268
v -0.888269 2.820000 0.378268
v -0.902154 2.820000 0.390000
v -0.912327 2.755772 0.390000
v -0.941849 2.697831 0.390000
v -0.987831 2.651849 0.390000
v -1.045772 2.622327 0.390000
v -1.110000 2.612154 0.390000
v -1.174228 2.622327 0.390000
v -1.232169 2.651849 0.390000
v -1.278151 2.697831 0.390000
v -1.307673 2.755772 0.390000
v -1.317846 2.820000 0.390000
v -1.307673 2.884228 0.390000
v -1.278151 2.942169 0.390000
v -1.232169 2.988151 0.390000
v -1.174228 3.017673 0.390000
v -1.110000 3.027846 0.390000
v -1.045772 3.017673 0.390000
v -0.987831 2.988151 0.390000
v -0.941849 2.942169 0.390000
v -0.912327 2.884228 0.390000
v -0.902154 2.820000 0.390000
v -0.919595 2.820000 0.400876
v -0.928914 2.761162 0.400876
v -0.955959 2.708083 0.400876
v -0.998083 2.665959 0.400876
v -1.051162 2.638914 0.400876
v -1.110000 2.629595 0.400876
v -1.168838 2.638914 0.400876
v -1.221917 2.665959 0.400876
v -1.264041 2.708083 0.400876
v -1.291086 2.761162 0.400876
v -1.300405 2.820000 0.400876
v -1.291086 2.878838 0.400876
v -1.264041 2.931917 0.400876
v -1.221917 2.974041 0.400876
v -1.168838 3.001086 0.400876
v -1.110000 3.010405 0.400876
v -1.051162 3.001086 0.400876
v -0.998083 2.974041 0.400876
v -0.955959 2.931917 0.400876
v -0.928914 2.878838 0.400876
v -0.919595 2.820000 0.400876
v -0.940294 2.820000 0.410711
v -0.948600 2.767558 0.410711
v -0.972705 2.720250 0.410711
v -1.010250 2.682705 0.410711
v -1.057558 2.658600 0.410711
v -1.110000 2.650294 0.410711
v -1.162442 2.658600 0.410711
v -1.209750 2.682705 0.410711
v -1.247295 2.720250 0.410711
v -1.271400 2.767558 0.410711
v -1.279706 2.820000 0.410711
v -1.271400 2.872442 0.410711
v -1.247295 2.919750 0.410711
v -1.209750 2.957295 0.410711
v -1.162442 2.981400 0.410711
v -1.110000 2.989706 0.410711
v -1.057558 2.981400 0.410711
v -1.010250 2.957295 0.410711
v -0.972705 2.919750 0.410711
v -0.948600 2.872442 0.410711
v -0.940294 2.820000 0.410711
v -0.963897 2.820000 0.419335
v -0.971048 2.774852 0.419335
v -0.991800 2.734123 0.419335
v -1.024123 2.701800 0.419335
v -1.064852 2.681048 0.419335
v -1.110000 2.673897 0.419335
v -1.155148 2.681048 0.419335
v -1.195877 2.701800 0.419335
v -1.228200 2.734123 0.419335
v -1.248952 2.774852 0.419335
v -1.256103 2.820000 0.419335
v -1.248952 2.865148 0.419335
v -1.228200 2.905877 0.419335
v -1.195877 2.938200 0.419335
v -1.155148 2.958952 0.419335
v -1.110000 2.966103 0.419335
v -1.064852 2.958952 0.419335
v -1.024123 2.938200 0.419335
v -0.991800 2.905877 0.419335
v -0.971048 2.865148 0.419335
v -0.963897 2.820000 0.419335
v -0.990000 2.820000 0.426603
v -0.995873 2.782918 0.426603
v -1.012918 2.749466 0.426603
v -1.039466 2.722918 0.426603
v -1.072918 2.705873 0.426603
v -1.110000 2.700000 0.426603
v -1.147082 2.705873 0.426603
v -1.180534 2.722918 0.426603
v -1.207082 2.749466 0.426603
v -1.224127 2.782918 0.426603
v -1.230000 2.820000 0.426603
v -1.224127 2.857082 0.426603
v -1.207082 2.890534 0.426603
v -1.180534 2.917082 0.426603
v -1.147082 2.934127 0.426603
v -1.110000 2.940000 0.426603
v -1.072918 2.934127 0.426603
v -1.039466 2.917082 0.426603
v -1.012918 2.890534 0.426603
v -0.995873 2.857082 0.426603
v -0.990000 2.820000 0.426603
v -1.018156 2.820000 0.432388
v -1.022651 2.791619 0.432388
v -1.035697 2.766015 0.432388
v -1.056015 2.745697 0.432388
v -1.081619 2.732651 0.432388
v -1.110000 2.728156 0.432388
v -1.138381 2.732651 0.432388
v -1.163985 2.745697 0.432388
v -1.184303 2.766015 0.432388
v -1.197349 2.791619 0.432388
v -1.201844 2.820000 0.432388
v -1.197349 2.848381 0.432388
v -1.184303 2.873985 0.432388
v -1.163985 2.894303 0.432388
v -1.138381 2.907349 0.432388
v -1.110000 2.911844 0.432388
v -1.081619 2.907349 0.432388
v -1.056015 2.894303 0.432388
v -1.035697 2.873985 0.432388
v -1.022651 2.848381 0.432388
v -1.018156 2.820000 0.432388
v -1.047883 2.820000 0.436593
v -1.050924 2.800805 0.436593
v -1.059747 2.783489 0.436593
v -1.073489 2.769747 0.436593
v -1.090805 2.760924 0.436593
v -1.110000 2.757883 0.436593
v -1.129195 2.760924 0.436593
v -1.146511 2.769747 0.436593
v -1.160253 2.783489 0.436593
v -1.169076 2.800805 0.436593
v -1.172117 2.820000 0.436593
v -1.169076 2.839195 0.436593
v -1.160253 2.856511 0.436593
v -1.146511 2.870253 0.436593
v -1.129195 2.879076 0.436593
v -1.110000 2.882117 0.436593
v -1.090805 2.879076 0.436593
v -1.073489 2.870253 0.436593
v -1.059747 2.856511 0.436593
v -1.050924 2.839195 0.436593
v -1.047883 2.820000 0.436593
v -1.078674 2.820000 0.439144
v -1.080207 2.810320 0.439144
v -1.084657 2.801587 0.439144
v -1.091587 2.794657 0.439144
v -1.100320 2.790207 0.439144
v -1.110000 2.788674 0.439144
v -1.119680 2.790207 0.439144
v -1.128413 2.794657 0.439144
v -1.135343 2.801587 0.439144
v -1.139793 2.810320 0.439144
v -1.141326 2.820000 0.439144
v -1.139793 2.829680 0.439144
v -1.135343 2.838413 0.439144
v -1.128413 2.845343 0.439144
v -1.119680 2.849793 0.439144
v -1.110000 2.851326 0.439144
v -1.100320 2.849793 0.439144
v -1.091587 2.845343 0.439144
v -1.084657 2.838413 0.439144
v -1.080207 2.829680 0.439144
v -1.078674 2.820000 0.439144
v -1.108080 2.820000 0.440000
v -1.108174 2.819407 0.440000
v -1.108447 2.818871 0.440000
v -1.108871 2.818447 0.440000
v -1.109407 2.818174 0.440000
v -1.110000 2.818080 0.440000
v -1.110593 2.818174 0.440000
v -1.111129 2.818447 0.440000
v -1.111553 2.818871 0.440000
v -1.111826 2.819407 0.440000
v -1.111920 2.820000 0.440000
v -1.111826 2.820593 0.440000
v -1.111553 2.821129 0.440000
v -1.111129 2.821553 0.440000
v -1.110593 2.821826 0.440000
v -1.110000 2.821920 0.440000
v -1.109407 2.821826 0.440000
v -1.108871 2.821553 0.440000
v -1.108447 2.821129 0.440000
v -1.108174 2.820593 0.440000
v -1.108080 2.820000 0.440000
vn 0.975979 -0.154580 0.153526
vn 0.922134 -0.354383 0.155183
vn 0.767491 -0.621993 0.155183
vn 0.537721 -0.828718 0.155183
vn 0.255315 -0.954323 0.155183
vn -0.052083 -0.986512 0.155183
vn -0.354383 -0.922134 0.155183
vn -0.621993 -0.767491 0.155183
vn -0.828718 -0.537721 0.155183
vn -0.954323 -0.255315 0.155183
vn -0.986512 0.052083 0.155183
vn -0.922134 0.354383 0.155183
vn -0.767491 0.621993 0.155183
vn -0.537721 0.828718 0.155183
vn -0.255315 0.954323 0.155183
vn 0.052083 0.986512 0.155183
vn 0.354383 0.922134 0.155183
vn 0.621993 0.767491 0.155183
vn 0.828718 0.537721 0.155183
vn 0.954323 0.255315 0.155183
vn 0.975979 0.154580 0.153526
vn 0.929355 -0.147195 0.338576
vn 0.909025 -0.293017 0.296336
vn 0.773987 -0.559580 0.296336
vn 0.563185 -0.771367 0.296336
vn 0.297256 -0.907647 0.296336
vn 0.002229 -0.955081 0.296336
vn -0.293017 -0.909025 0.296336
vn -0.559580 -0.773987 0.296336
vn -0.771367 -0.563185 0.296336
vn -0.907647 -0.297256 0.296336
vn -0.955081 -0.002229 0.296336
vn -0.909025 0.293017 0.296336
vn -0.773987 0.559580 0.296336
vn -0.563185 0.771367 0.296336
vn -0.297256 0.907647 0.296336
vn -0.002229 0.955081 0.296336
vn 0.293017 0.909025 0.296336
vn 0.559580 0.773987 0.296336
vn 0.771367 0.563185 0.296336
vn 0.907647 0.297256 0.296336
vn 0.957147 0.151597 0.246756
vn 0.815872 -0.129221 0.563609
vn 0.804440 -0.257886 0.535136
vn 0.685377 -0.493849 0.535136
vn 0.499224 -0.681472 0.535136
vn 0.264204 -0.802387 0.535136
vn 0.003322 -0.844759 0.535136
vn -0.257886 -0.804440 0.535136
vn -0.493849 -0.685377 0.535136
vn -0.681472 -0.499224 0.535136
vn -0.802387 -0.264204 0.535136
vn -0.844759 -0.003322 0.535136
vn -0.804440 0.257886 0.535136
vn -0.685377 0.493849 0.535136
vn -0.499224 0.681472 0.535136
vn -0.264204 0.802387 0.535136
vn -0.003322 0.844759 0.535136
vn 0.257886 0.804440 0.535136
vn 0.493849 0.685377 0.535136
vn 0.681472 0.499224 0.535136
vn 0.802387 0.264204 0.535136
vn 0.857416 0.135801 0.496382
vn 0.687158 -0.108835 0.718310
vn 0.679467 -0.217197 0.700821
vn 0.579094 -0.416533 0.700821
vn 0.422035 -0.575096 0.700821
vn 0.223665 -0.677365 0.700821
vn 0.003401 -0.713329 0.700821
vn -0.217197 -0.679467 0.700821
vn -0.416533 -0.579094 0.700821
vn -0.575096 -0.422035 0.700821
vn -0.677365 -0.223665 0.700821
vn -0.713329 -0.003401 0.700821
vn -0.679467 0.217197 0.700821
vn -0.579094 0.416533 0.700821
vn -0.422035 0.575096 0.700821
vn -0.223665 0.677365 0.700821
vn -0.003401 0.713329 0.700821
vn 0.217197 0.679467 0.700821
vn 0.416533 0.579094 0.700821
vn 0.575096 0.422035 0.700821
vn 0.677365 0.223665 0.700821
vn 0.729807 0.115590 0.673811
vn 0.566854 -0.089781 0.818911
vn 0.560864 -0.179028 0.808320
vn 0.478090 -0.343582 0.808320
vn 0.348518 -0.474504 0.808320
vn 0.184830 -0.558978 0.808320
vn 0.003050 -0.588736 0.808320
vn -0.179028 -0.560864 0.808320
vn -0.343582 -0.478090 0.808320
vn -0.474504 -0.348518 0.808320
vn -0.558978 -0.184830 0.808320
vn -0.588736 -0.003050 0.808320
vn -0.560864 0.179028 0.808320
vn -0.478090 0.343582 0.808320
vn -0.348518 0.474504 0.808320
vn -0.184830 0.558978 0.808320
vn -0.003050 0.588736 0.808320
vn 0.179028 0.560864 0.808320
vn 0.343582 0.478090 0.808320
vn 0.474504 0.348518 0.808320
vn 0.558978 0.184830 0.808320
vn 0.605196 0.095854 0.790285
vn 0.461875 -0.073154 0.883923
vn 0.457213 -0.145793 0.877326
vn 0.389783 -0.279944 0.877326
vn 0.284198 -0.386692 0.877326
vn 0.150794 -0.455588 0.877326
vn 0.002629 -0.479888 0.877326
vn -0.145793 -0.457213 0.877326
vn -0.279944 -0.389783 0.877326
vn -0.386692 -0.284198 0.877326
vn -0.455588 -0.150794 0.877326
vn -0.479888 -0.002629 0.877326
vn -0.457213 0.145793 0.877326
vn -0.389783 0.279944 0.877326
vn -0.284198 0.386692 0.877326
vn -0.150794 0.455588 0.877326
vn -0.002629 0.479888 0.877326
vn 0.145793 0.457213 0.877326
vn 0.279944 0.389783 0.877326
vn 0.386692 0.284198 0.877326
vn 0.455588 0.150794 0.877326
vn 0.494968 0.078395 0.865368
vn 0.371554 -0.058848 0.926545
vn 0.368357 -0.117308 0.922254
vn 0.314078 -0.225395 0.922254
vn 0.229055 -0.311419 0.922254
vn 0.121611 -0.366959 0.922254
vn 0.002262 -0.386578 0.922254
vn -0.117308 -0.368357 0.922254
vn -0.225395 -0.314078 0.922254
vn -0.311419 -0.229055 0.922254
vn -0.366959 -0.121611 0.922254
vn -0.386578 -0.002262 0.922254
vn -0.368357 0.117308 0.922254
vn -0.314078 0.225395 0.922254
vn -0.229055 0.311419 0.922254
vn -0.121611 0.366959 0.922254
vn -0.002262 0.386578 0.922254
vn 0.117308 0.368357 0.922254
vn 0.225395 0.314078 0.922254
vn 0.311419 0.229055 0.922254
vn 0.366959 0.121611 0.922254
vn 0.400065 0.063364 0.914294
vn 0.293085 -0.046420 0.954959
vn 0.291573 -0.092659 0.952050
vn 0.248669 -0.178225 0.952050
vn 0.181424 -0.246345 0.952050
vn 0.096419 -0.290351 0.952050
vn 0.001977 -0.305935 0.952050
vn -0.092659 -0.291573 0.952050
vn -0.178225 -0.248669 0.952050
vn -0.246345 -0.181424 0.952050
vn -0.290351 -0.096419 0.952050
vn -0.305935 -0.001977 0.952050
vn -0.291573 0.092659 0.952050
vn -0.248669 0.178225 0.952050
vn -0.181424 0.246345 0.952050
vn -0.096419 0.290351 0.952050
vn -0.001977 0.305935 0.952050
vn 0.092659 0.291573 0.952050
vn 0.178225 0.248669 0.952050
vn 0.246345 0.181424 0.952050
vn 0.290351 0.096419 0.952050
vn 0.318016 0.050369 0.946746
vn 0.223556 -0.035408 0.974048
vn 0.223922 -0.070900 0.972025
vn 0.191053 -0.136626 0.972025
vn 0.139483 -0.188978 0.972025
vn 0.074259 -0.222831 0.972025
vn 0.001766 -0.234872 0.972025
vn -0.070900 -0.223922 0.972025
vn -0.136626 -0.191053 0.972025
vn -0.188978 -0.139483 0.972025
vn -0.222831 -0.074259 0.972025
vn -0.234872 -0.001766 0.972025
vn -0.223922 0.070900 0.972025
vn -0.191053 0.136626 0.972025
vn -0.139483 0.188978 0.972025
vn -0.074259 0.222831 0.972025
vn -0.001766 0.234872 0.972025
vn 0.070900 0.223922 0.972025
vn 0.136626 0.191053 0.972025
vn 0.188978 0.139483 0.972025
vn 0.222831 0.074259 0.972025
vn 0.245833 0.038936 0.968530
vn 0.160468 -0.025416 0.986714
vn 0.162880 -0.051224 0.985315
vn 0.139079 -0.099049 0.985315
vn 0.101664 -0.137179 0.985315
vn 0.054297 -0.161881 0.985315
vn 0.001616 -0.170737 0.985315
vn -0.051224 -0.162880 0.985315
vn -0.099049 -0.139079 0.985315
vn -0.137179 -0.101664 0.985315
vn -0.161881 -0.054297 0.985315
vn -0.170737 -0.001616 0.985315
vn -0.162880 0.051224 0.985315
vn -0.139079 0.099049 0.985315
vn -0.101664 0.137179 0.985315
vn -0.054297 0.161881 0.985315
vn -0.001616 0.170737 0.985315
vn 0.051224 0.162880 0.985315
vn 0.099049 0.139079 0.985315
vn 0.137179 0.101664 0.985315
vn 0.161881 0.054297 0.985315
vn 0.180863 0.028646 0.983091
vn 0.101769 -0.016119 0.994677
vn 0.106383 -0.032971 0.993778
vn 0.090988 -0.064232 0.993778
vn 0.066686 -0.089205 0.993778
vn 0.035856 -0.105446 0.993778
vn 0.001517 -0.111365 0.993778
vn -0.032971 -0.106383 0.993778
vn -0.064232 -0.090988 0.993778
vn -0.089205 -0.066686 0.993778
vn -0.105446 -0.035856 0.993778
vn -0.111365 -0.001517 0.993778
vn -0.106383 0.032971 0.993778
vn -0.090988 0.064232 0.993778
vn -0.066686 0.089205 0.993778
vn -0.035856 0.105446 0.993778
vn -0.001517 0.111365 0.993778
vn 0.032971 0.106383 0.993778
vn 0.064232 0.090988 0.993778
vn 0.089205 0.066686 0.993778
vn 0.105446 0.035856 0.993778
vn 0.120917 0.019151 0.992478
vn 0.046932 -0.007433 0.998870
vn 0.053561 -0.015917 0.998438
vn 0.046020 -0.031689 0.998438
vn 0.033976 -0.044359 0.998438
vn 0.018605 -0.052687 0.998438
vn 0.001413 -0.055858 0.998438
vn -0.015917 -0.053561 0.998438
vn -0.031689 -0.046020 0.998438
vn -0.044359 -0.033976 0.998438
vn -0.052687 -0.018605 0.998438
vn -0.055858 -0.001413 0.998438
vn -0.053561 0.015917 0.998438
vn -0.046020 0.031689 0.998438
vn -0.033976 0.044359 0.998438
vn -0.018605 0.052687 0.998438
vn -0.001413 0.055858 0.998438
vn 0.015917 0.053561 0.998438
vn 0.031689 0.046020 0.998438
vn 0.044359 0.033976 0.998438
vn 0.052687 0.018605 0.998438
vn 0.064775 0.010259 0.997847
vn 0.029080 -0.004606 0.999566
vn 0.028132 -0.007526 0.999576
vn 0.024429 -0.015851 0.999576
vn 0.018335 -0.022624 0.999576
vn 0.010447 -0.027183 0.999576
vn 0.001535 -0.029081 0.999576
vn -0.007526 -0.028132 0.999576
vn -0.015851 -0.024429 0.999576
vn -0.022624 -0.018335 0.999576
vn -0.027183 -0.010447 0.999576
vn -0.029081 -0.001535 0.999576
vn -0.028132 0.007526 0.999576
vn -0.024429 0.015851 0.999576
vn -0.018335 0.022624 0.999576
vn -0.010447 0.027183 0.999576
vn -0.001535 0.029081 0.999576
vn 0.007526 0.028132 0.999576
vn 0.015851 0.024429 0.999576
vn 0.022624 0.018335 0.999576
vn 0.027183 0.010447 0.999576
vn 0.029080 0.004606 0.999566
usemtl steel
f 5720 5741 5742
f 5720 5742 5721
f 5721 5742 5743
f 5721 5743 5722
f 5722 5743 5744
f 5722 5744 5723
f 5723 5744 5745
f 5723 5745 5724
f 5724 5745 5746
f 5724 5746 5725
f 5725 5746 5747
f 5725 5747 5726
f 5726 5747 5748
f 5726 5748 5727
f 5727 5748 5749
f 5727 5749 5728
f 5728 5749 5750
f 5728 5750 5729
f 5729 5750 5751
f 5729 5751 5730
f 5730 5751 5752
f 5730 5752 5731
f 5731 5752 5753
f 5731 5753 5732
f 5732 5753 5754
f 5732 5754 5733
f 5733 5754 5755
f 5733 5755 5734
f 5734 5755 5756
f 5734 5756 5735
f 5735 5756 5757
f 5735 5757 5736
f 5736 5757 5758
f 5736 5758 5737
f 5737 5758 5759
f 5737 5759 5738
f 5738 5759 5760
f 5738 5760 5739
f 5739 5760 5761
f 5739 5761 5740
f 5741 5762 5763
f 5741 5763 5742
f 5742 5763 5764
f 5742 5764 5743
f 5743 5764 5765
f 5743 5765 5744
f 5744 5765 5766
f 5744 5766 5745
f 5745 5766 5767
f 5745 5767 5746
f 5746 5767 5768
f 5746 5768 5747
f 5747 5768 5769
f 5747 5769 5748
f 5748 5769 5770
f 5748 5770 5749
f 5749 5770 5771
f 5749 5771 5750
f 5750 5771 5772
f 5750 5772 5751
f 5751 5772 5773
f 5751 5773 5752
f 5752 5773 5774
f 5752 5774 5753
f 5753 5774 5775
f 5753 5775 5754
f 5754 5775 5776
f 5754 5776 5755
f 5755 5776 5777
f 5755 5777 5756
f 5756 5777 5778
f 5756 5778 5757
f 5757 5778 5779
f 5757 5779 5758
f 5758 5779 5780
f 5758 5780 5759
f 5759 5780 5781
f 5759 5781 5760
f 5760 5781 5782
f 5760 5782 5761
f 5762 5783 5784
f 5762 5784 5763
f 5763 5784 5785
f 5763 5785 5764
f 5764 5785 5786
f 5764 5786 5765
f 5765 5786 5787
f 5765 5787 5766
f 5766 5787 5788
f 5766 5788 5767
f 5767 5788 5789
f 5767 5789 5768
f 5768 5789 5790
f 5768 5790 5769
f 5769 5790 5791
f 5769 5791 5770
f 5770 5791 5792
f 5770 5792 5771
f 5771 5792 5793
f 5771 5793 5772
f 5772 5793 5794
f 5772 5794 5773
f 5773 5794 5795
f 5773 5795 5774
f 5774 5795 5796
f 5774 5796 5775
f 5775 5796 5797
f 5775 5797 5776
f 5776 5797 5798
f 5776 5798 5777
f 5777 5798 5799
f 5777 5799 5778
f 5778 5799 5800
f 5778 5800 5779
f 5779 5800 5801
f 5779 5801 5780
f 5780 5801 5802
f 5780 5802 5781
f 5781 5802 5803
f 5781 5803 5782
f 5783 5804 5805
f 5783 5805 5784
f 5784 5805 5806
f 5784 5806 5785
f 5785 5806 5807
f 5785 5807 5786
f 5786 5807 5808
f 5786 5808 5787
f 5787 5808 5809
f 5787 5809 5788
f 5788 5809 5810
f 5788 5810 5789
f 5789 5810 5811
f 5789 5811 5790
f 5790 5811 5812
f 5790 5812 5791
f 5791 5812 5813
f 5791 5813 5792
f 5792 5813 5814
f 5792 5814 5793
f 5793 5814 5815
f 5793 5815 5794
f 5794 5815 5816
f 5794 5816 5795
f 5795 5816 5817
f 5795 5817 5796
f 5796 5817 5818
f 5796 5818 5797
f 5797 5818 5819
f 5797 5819 5798
f 5798 5819 5820
f 5798 5820 5799
f 5799 5820 5821
f 5799 5821 5800
f 5800 5821 5822
f 5800 5822 5801
f 5801 5822 5823
f 5801 5823 5802
f 5802 5823 5824
f 5802 5824 5803
f 5804 5825 5826
f 5804 5826 5805
f 5805 5826 5827
f 5805 5827 5806
f 5806 5827 5828
f 5806 5828 5807
f 5807 5828 5829
f 5807 5829 5808
f 5808 5829 5830
f 5808 5830 5809
f 5809 5830 5831
f 5809 5831 5810
f 5810 5831 5832
f 5810 5832 5811
f 5811 5832 5833
f 5811 5833 5812
f 5812 5833 5834
f 5812 5834 5813
f 5813 5834 5835
f 5813 5835 5814
f 5814 5835 5836
f 5814 5836 5815
f 5815 5836 5837
f 5815 5837 5816
f 5816 5837 5838
f 5816 5838 5817
f 5817 5838 5839
f 5817 5839 5818
f 5818 5839 5840
f 5818 5840 5819
f 5819 5840 5841
f 5819 5841 5820
f 5820 5841 5842
f 5820 5842 5821
f 5821 5842 5843
f 5821 5843 5822
f 5822 5843 5844
f 5822 5844 5823
f 5823 5844 5845
f 5823 5845 5824
f 5825 5846 5847
f 5825 5847 5826
f 5826 5847 5848
f 5826 5848 5827
f 5827 5848 5849
f 5827 5849 5828
f 5828 5849 5850
f 5828 5850 5829
f 5829 5850 5851
f 5829 5851 5830
f 5830 5851 5852
f 5830 5852 5831
f 5831 5852 5853
f 5831 5853 5832
f 5832 5853 5854
f 5832 5854 5833
f 5833 5854 5855
f 5833 5855 5834
f 5834 5855 5856
f 5834 5856 5835
f 5835 5856 5857
f 5835 5857 5836
f 5836 5857 5858
f 5836 5858 5837
f 5837 5858 5859
f 5837 5859 5838
f 5838 5859 5860
f 5838 5860 5839
f 5839 5860 5861
f 5839 5861 5840
f 5840 5861 5862
f 5840 5862 5841
f 5841 5862 5863
f 5841 5863 5842
f 5842 5863 5864
f 5842 5864 5843
f 5843 5864 5865
f 5843 5865 5844
f 5844 5865 5866
f 5844 5866 5845
f 5846 5867 5868
f 5846 5868 5847
f 5847 5868 5869
f 5847 5869 5848
f 5848 5869 5870
f 5848 5870 5849
f 5849 5870 5871
f 5849 5871 5850
f 5850 5871 5872
f 5850 5872 5851
f 5851 5872 5873
f 5851 5873 5852
f 5852 5873 5874
f 5852 5874 5853
f 5853 5874 5875
f 5853 5875 5854
f 5854 5875 5876
f 5854 5876 5855
f 5855 5876 5877
f 5855 5877 5856
f 5856 5877 5878
f 5856 5878 5857
f 5857 5878 5879
f 5857 5879 5858
f 5858 5879 5880
f 5858 5880 5859
f 5859 5880 5881
f 5859 5881 5860
f 5860 5881 5882
f 5860 5882 5861
f 5861 5882 5883
f 5861 5883 5862
f 5862 5883 5884
f 5862 5884 5863
f 5863 5884 5885
f 5863 5885 5864
f 5864 5885 5886
f 5864 5886 5865
f 5865 5886 5887
f 5865 5887 5866
f 5867 5888 5889
f 5867 5889 5868
f 5868 5889 5890
f 5868 5890 5869
f 5869 5890 5891
f 5869 5891 5870
f 5870 5891 5892
f 5870 5892 5871
f 5871 5892 5893
f 5871 5893 5872
f 5872 5893 5894
f 5872 5894 5873
f 5873 5894 5895
f 5873 5895 5874
f 5874 5895 5896
f 5874 5896 5875
f 5875 5896 5897
f 5875 5897 5876
f 5876 5897 5898
f 5876 5898 5877
f 5877 5898 5899
f 5877 5899 5878
f 5878 5899 5900
f 5878 5900 5879
f 5879 5900 5901
f 5879 5901 5880
f 5880 5901 5902
f 5880 5902 5881
f 5881 5902 5903
f 5881 5903 5882
f 5882 5903 5904
f 5882 5904 5883
f 5883 5904 5905
f 5883 5905 5884
f 5884 5905 5906
f 5884 5906 5885
f 5885 5906 5907
f 5885 5907 5886
f 5886 5907 5908
f 5886 5908 5887
f 5888 5909 5910
f 5888 5910 5889
f 5889 5910 5911
f 5889 5911 5890
f 5890 5911 5912
f 5890 5912 5891
f 5891 5912 5913
f 5891 5913 5892
f 5892 5913 5914
f 5892 5914 5893
f 5893 5914 5915
f 5893 5915 5894
f 5894 5915 5916
f 5894 5916 5895
f 5895 5916 5917
f 5895 5917 5896
f 5896 5917 5918
f 5896 5918 5897
f 5897 5918 5919
f 5897 5919 5898
f 5898 5919 5920
f 5898 5920 5899
f 5899 5920 5921
f 5899 5921 5900
f 5900 5921 5922
f 5900 5922 5901
f 5901 5922 5923
f 5901 5923 5902
f 5902 5923 5924
f 5902 5924 5903
f 5903 5924 5925
f 5903 5925 5904
f 5904 5925 5926
f 5904 5926 5905
f 5905 5926 5927
f 5905 5927 5906
f 5906 5927 5928
f 5906 5928 5907
f 5907 5928 5929
f 5907 5929 5908
f 5909 5930 5931
f 5909 5931 5910
f 5910 5931 5932
f 5910 5932 5911
f 5911 5932 5933
f 5911 5933 5912
f 5912 5933 5934
f 5912 5934 5913
f 5913 5934 5935
f 5913 5935 5914
f 5914 5935 5936
f 5914 5936 5915
f 5915 5936 5937
f 5915 5937 5916
f 5916 5937 5938
f 5916 5938 5917
f 5917 5938 5939
f 5917 5939 5918
f 5918 5939 5940
f 5918 5940 5919
f 5919 5940 5941
f 5919 5941 5920
f 5920 5941 5942
f 5920 5942 5921
f 5921 5942 5943
f 5921 5943 5922
f 5922 5943 5944
f 5922 5944 5923
f 5923 5944 5945
f 5923 5945 5924
f 5924 5945 5946
f 5924 5946 5925
f 5925 5946 5947
f 5925 5947 5926
f 5926 5947 5948
f 5926 5948 5927
f 5927 5948 5949
f 5927 5949 5928
f 5928 5949 5950
f 5928 5950 5929
f 5930 5951 5952
f 5930 5952 5931
f 5931 5952 5953
f 5931 5953 5932
f 5932 5953 5954
f 5932 5954 5933
f 5933 5954 5955
f 5933 5955 5934
f 5934 5955 5956
f 5934 5956 5935
f 5935 5956 5957
f 5935 5957 5936
f 5936 5957 5958
f 5936 5958 5937
f 5937 5958 5959
f 5937 5959 5938
f 5938 5959 5960
f 5938 5960 5939
f 5939 5960 5961
f 5939 5961 5940
f 5940 5961 5962
f 5940 5962 5941
f 5941 5962 5963
f 5941 5963 5942
f 5942 5963 5964
f 5942 5964 5943
f 5943 5964 5965
f 5943 5965 5944
f 5944 5965 5966
f 5944 5966 5945
f 5945 5966 5967
f 5945 5967 5946
f 5946 5967 5968
f 5946 5968 5947
f 5947 5968 5969
f 5947 5969 5948
f 5948 5969 5970
f 5948 5970 5949
f 5949 5970 5971
f 5949 5971 5950
f 5951 5972 5973
f 5951 5973 5952
f 5952 5973 5974
f 5952 5974 5953
f 5953 5974 5975
f 5953 5975 5954
f 5954 5975 5976
f 5954 5976 5955
f 5955 5976 5977
f 5955 5977 5956
f 5956 5977 5978
f 5956 5978 5957
f 5957 5978 5979
f 5957 5979 5958
f 5958 5979 5980
f 5958 5980 5959
f 5959 5980 5981
f 5959 5981 5960
f 5960 5981 5982
f 5960 5982 5961
f 5961 5982 5983
f 5961 5983 5962
f 5962 5983 5984
f 5962 5984 5963
f 5963 5984 5985
f 5963 5985 5964
f 5964 5985 5986
f 5964 5986 5965
f 5965 5986 5987
f 5965 5987 5966
f 5966 5987 5988
f 5966 5988 5967
f 5967 5988 5989
f 5967 5989 5968
f 5968 5989 5990
f 5968 5990 5969
f 5969 5990 5991
f 5969 5991 5970
f 5970 5991 5992
f 5970 5992 5971
o armet_skull
v 0.700000 3.060000 0.000000
v 0.682450 3.060000 0.155765
v 0.630678 3.060000 0.303719
v 0.547282 3.060000 0.436443
v 0.436443 3.060000 0.547282
v 0.303719 3.060000 0.630678
v 0.155765 3.060000 0.682450
v 0.000000 3.060000 0.700000
v -0.155765 3.060000 0.682450
v -0.303719 3.060000 0.630678
v -0.436443 3.060000 0.547282
v -0.547282 3.060000 0.436443
v -0.630678 3.060000 0.303719
v -0.682450 3.060000 0.155765
v -0.700000 3.060000 0.000000
v -0.682450 3.060000 -0.155765
v -0.630678 3.060000 -0.303719
v -0.547282 3.060000 -0.436443
v -0.436443 3.060000 -0.547282
v -0.303719 3.060000 -0.630678
v -0.155765 3.060000 -0.682450
v -0.000000 3.060000 -0.700000
v 0.155765 3.060000 -0.682450
v 0.303719 3.060000 -0.630678
v 0.436443 3.060000 -0.547282
v 0.547282 3.060000 -0.436443
v 0.630678 3.060000 -0.303719
v 0.682450 3.060000 -0.155765
v 0.700000 3.060000 -0.000000
v 0.720000 3.200000 0.000000
v 0.701948 3.200000 0.160215
v 0.648698 3.200000 0.312396
v 0.562919 3.200000 0.448913
v 0.448913 3.200000 0.562919
v 0.312396 3.200000 0.648698
v 0.160215 3.200000 0.701948
v 0.000000 3.200000 0.720000
v -0.160215 3.200000 0.701948
v -0.312396 3.200000 0.648698
v -0.448913 3.200000 0.562919
v -0.562919 3.200000 0.448913
v -0.648698 3.200000 0.312396
v -0.701948 3.200000 0.160215
v -0.720000 3.200000 0.000000
v -0.701948 3.200000 -0.160215
v -0.648698 3.200000 -0.312396
v -0.562919 3.200000 -0.448913
v -0.448913 3.200000 -0.562919
v -0.312396 3.200000 -0.648698
v -0.160215 3.200000 -0.701948
v -0.000000 3.200000 -0.720000
v 0.160215 3.200000 -0.701948
v 0.312396 3.200000 -0.648698
v 0.448913 3.200000 -0.562919
v 0.562919 3.200000 -0.448913
v 0.648698 3.200000 -0.312396
v 0.701948 3.200000 -0.160215
v 0.720000 3.200000 -0.000000
v 0.720000 3.420000 0.000000
v 0.701948 3.420000 0.160215
v 0.648698 3.420000 0.312396
v 0.562919 3.420000 0.448913
v 0.448913 3.420000 0.562919
v 0.312396 3.420000 0.648698
v 0.160215 3.420000 0.701948
v 0.000000 3.420000 0.720000
v -0.160215 3.420000 0.701948
v -0.312396 3.420000 0.648698
v -0.448913 3.420000 0.562919
v -0.562919 3.420000 0.448913
v -0.648698 3.420000 0.312396
v -0.701948 3.420000 0.160215
v -0.720000 3.420000 0.000000
v -0.701948 3.420000 -0.160215
v -0.648698 3.420000 -0.312396
v -0.562919 3.420000 -0.448913
v -0.448913 3.420000 -0.562919
v -0.312396 3.420000 -0.648698
v -0.160215 3.420000 -0.701948
v -0.000000 3.420000 -0.720000
v 0.160215 3.420000 -0.701948
v 0.312396 3.420000 -0.648698
v 0.448913 3.420000 -0.562919
v 0.562919 3.420000 -0.448913
v 0.648698 3.420000 -0.312396
v 0.701948 3.420000 -0.160215
v 0.720000 3.420000 -0.000000
v 0.660000 3.620000 0.000000
v 0.643452 3.620000 0.146864
v 0.594639 3.620000 0.286363
v 0.516009 3.620000 0.411503
v 0.411503 3.620000 0.516009
v 0.286363 3.620000 0.594639
v 0.146864 3.620000 0.643452
v 0.000000 3.620000 0.660000
v -0.146864 3.620000 0.643452
v -0.286363 3.620000 0.594639
v -0.411503 3.620000 0.516009
v -0.516009 3.620000 0.411503
v -0.594639 3.620000 0.286363
v -0.643452 3.620000 0.146864
v -0.660000 3.620000 0.000000
v -0.643452 3.620000 -0.146864
v -0.594639 3.620000 -0.286363
v -0.516009 3.620000 -0.411503
v -0.411503 3.620000 -0.516009
v -0.286363 3.620000 -0.594639
v -0.146864 3.620000 -0.643452
v -0.000000 3.620000 -0.660000
v 0.146864 3.620000 -0.643452
v 0.286363 3.620000 -0.594639
v 0.411503 3.620000 -0.516009
v 0.516009 3.620000 -0.411503
v 0.594639 3.620000 -0.286363
v 0.643452 3.620000 -0.146864
v 0.660000 3.620000 -0.000000
v 0.520000 3.760000 0.000000
v 0.506963 3.760000 0.115711
v 0.468504 3.760000 0.225620
v 0.406552 3.760000 0.324215
v 0.324215 3.760000 0.406552
v 0.225620 3.760000 0.468504
v 0.115711 3.760000 0.506963
v 0.000000 3.760000 0.520000
v -0.115711 3.760000 0.506963
v -0.225620 3.760000 0.468504
v -0.324215 3.760000 0.406552
v -0.406552 3.760000 0.324215
v -0.468504 3.760000 0.225620
v -0.506963 3.760000 0.115711
v -0.520000 3.760000 0.000000
v -0.506963 3.760000 -0.115711
v -0.468504 3.760000 -0.225620
v -0.406552 3.760000 -0.324215
v -0.324215 3.760000 -0.406552
v -0.225620 3.760000 -0.468504
v -0.115711 3.760000 -0.506963
v -0.000000 3.760000 -0.520000
v 0.115711 3.760000 -0.506963
v 0.225620 3.760000 -0.468504
v 0.324215 3.760000 -0.406552
v 0.406552 3.760000 -0.324215
v 0.468504 3.760000 -0.225620
v 0.506963 3.760000 -0.115711
v 0.520000 3.760000 -0.000000
v 0.040000 3.860000 0.000000
v 0.038997 3.860000 0.008901
v 0.036039 3.860000 0.017355
v 0.031273 3.860000 0.024940
v 0.024940 3.860000 0.031273
v 0.017355 3.860000 0.036039
v 0.008901 3.860000 0.038997
v 0.000000 3.860000 0.040000
v -0.008901 3.860000 0.038997
v -0.017355 3.860000 0.036039
v -0.024940 3.860000 0.031273
v -0.031273 3.860000 0.024940
v -0.036039 3.860000 0.017355
v -0.038997 3.860000 0.008901
v -0.040000 3.860000 0.000000
v -0.038997 3.860000 -0.008901
v -0.036039 3.860000 -0.017355
v -0.031273 3.860000 -0.024940
v -0.024940 3.860000 -0.031273
v -0.017355 3.860000 -0.036039
v -0.008901 3.860000 -0.038997
v -0.000000 3.860000 -0.040000
v 0.008901 3.860000 -0.038997
v 0.017355 3.860000 -0.036039
v 0.024940 3.860000 -0.031273
v 0.031273 3.860000 -0.024940
v 0.036039 3.860000 -0.017355
v 0.038997 3.860000 -0.008901
v 0.040000 3.860000 -0.000000
vn 0.983848 -0.140550 0.110853
vn 0.956195 -0.141324 0.256355
vn 0.875177 -0.141324 0.462701
vn 0.750274 -0.141324 0.645846
vn 0.587749 -0.141324 0.796605
vn 0.395751 -0.141324 0.907419
vn 0.183909 -0.141324 0.972731
vn -0.037155 -0.141324 0.989266
vn -0.256355 -0.141324 0.956195
vn -0.462701 -0.141324 0.875177
vn -0.645846 -0.141324 0.750274
vn -0.796605 -0.141324 0.587749
vn -0.907419 -0.141324 0.395751
vn -0.972731 -0.141324 0.183909
vn -0.989266 -0.141324 -0.037155
vn -0.956195 -0.141324 -0.256355
vn -0.875177 -0.141324 -0.462701
vn -0.750274 -0.141324 -0.645846
vn -0.587749 -0.141324 -0.796605
vn -0.395751 -0.141324 -0.907419
vn -0.183909 -0.141324 -0.972731
vn 0.037155 -0.141324 -0.989266
vn 0.256355 -0.141324 -0.956195
vn 0.462701 -0.141324 -0.875177
vn 0.645846 -0.141324 -0.750274
vn 0.796605 -0.141324 -0.587749
vn 0.907419 -0.141324 -0.395751
vn 0.972731 -0.141324 -0.183909
vn 0.983848 -0.140550 -0.110853
vn 0.992616 -0.046954 0.111841
vn 0.972433 -0.070893 0.222143
vn 0.898621 -0.070893 0.432960
vn 0.779748 -0.070893 0.622067
vn 0.621775 -0.070893 0.779981
vn 0.432624 -0.070893 0.898783
vn 0.221779 -0.070893 0.972516
vn -0.000187 -0.070893 0.997484
vn -0.222143 -0.070893 0.972433
vn -0.432960 -0.070893 0.898621
vn -0.622067 -0.070893 0.779748
vn -0.779981 -0.070893 0.621775
vn -0.898783 -0.070893 0.432624
vn -0.972516 -0.070893 0.221779
vn -0.997484 -0.070893 -0.000187
vn -0.972433 -0.070893 -0.222143
vn -0.898621 -0.070893 -0.432960
vn -0.779748 -0.070893 -0.622067
vn -0.621775 -0.070893 -0.779981
vn -0.432624 -0.070893 -0.898783
vn -0.221779 -0.070893 -0.972516
vn 0.000187 -0.070893 -0.997484
vn 0.222143 -0.070893 -0.972433
vn 0.432960 -0.070893 -0.898621
vn 0.622067 -0.070893 -0.779748
vn 0.779981 -0.070893 -0.621775
vn 0.898783 -0.070893 -0.432624
vn 0.972516 -0.070893 -0.221779
vn 0.989321 -0.093907 -0.111470
vn 0.975176 0.192248 0.109876
vn 0.964764 0.145251 0.219390
vn 0.891757 0.145251 0.428570
vn 0.774033 0.145251 0.616259
vn 0.617496 0.145251 0.773047
vn 0.429995 0.145251 0.891071
vn 0.220932 0.145251 0.964412
vn 0.000791 0.145251 0.989395
vn -0.219390 0.145251 0.964764
vn -0.428570 0.145251 0.891757
vn -0.616259 0.145251 0.774033
vn -0.773047 0.145251 0.617496
vn -0.891071 0.145251 0.429995
vn -0.964412 0.145251 0.220932
vn -0.989395 0.145251 0.000791
vn -0.964764 0.145251 -0.219390
vn -0.891757 0.145251 -0.428570
vn -0.774033 0.145251 -0.616259
vn -0.617496 0.145251 -0.773047
vn -0.429995 0.145251 -0.891071
vn -0.220932 0.145251 -0.964412
vn -0.000791 0.145251 -0.989395
vn 0.219390 0.145251 -0.964764
vn 0.428570 0.145251 -0.891757
vn 0.616259 0.145251 -0.774033
vn 0.773047 0.145251 -0.617496
vn 0.891071 0.145251 -0.429995
vn 0.964412 0.145251 -0.220932
vn 0.989111 0.096124 -0.111446
vn 0.809005 0.580691 0.091153
vn 0.837887 0.513065 0.186305
vn 0.775423 0.513065 0.368082
vn 0.674075 0.513065 0.531401
vn 0.538927 0.513065 0.668073
vn 0.376755 0.513065 0.771246
vn 0.195690 0.513065 0.835745
vn 0.004813 0.513065 0.858336
vn -0.186305 0.513065 0.837887
vn -0.368082 0.513065 0.775423
vn -0.531401 0.513065 0.674075
vn -0.668073 0.513065 0.538927
vn -0.771246 0.513065 0.376755
vn -0.835745 0.513065 0.195690
vn -0.858336 0.513065 0.004813
vn -0.837887 0.513065 -0.186305
vn -0.775423 0.513065 -0.368082
vn -0.674075 0.513065 -0.531401
vn -0.538927 0.513065 -0.668073
vn -0.376755 0.513065 -0.771246
vn -0.195690 0.513065 -0.835745
vn -0.004813 0.513065 -0.858336
vn 0.186305 0.513065 -0.837887
vn 0.368082 0.513065 -0.775423
vn 0.531401 0.513065 -0.674075
vn 0.668073 0.513065 -0.538927
vn 0.771246 0.513065 -0.376755
vn 0.835745 0.513065 -0.195690
vn 0.893748 0.437119 -0.100701
vn 0.385248 0.921791 0.043407
vn 0.465257 0.879943 0.096105
vn 0.432206 0.879943 0.197225
vn 0.377483 0.879943 0.288455
vn 0.303832 0.879943 0.365221
vn 0.214945 0.879943 0.423673
vn 0.115280 0.879943 0.460880
vn 0.009834 0.879943 0.474977
vn -0.096105 0.879943 0.465257
vn -0.197225 0.879943 0.432206
vn -0.288455 0.879943 0.377483
vn -0.365221 0.879943 0.303832
vn -0.423673 0.879943 0.214945
vn -0.460880 0.879943 0.115280
vn -0.474977 0.879943 0.009834
vn -0.465257 0.879943 -0.096105
vn -0.432206 0.879943 -0.197225
vn -0.377483 0.879943 -0.288455
vn -0.303832 0.879943 -0.365221
vn -0.214945 0.879943 -0.423673
vn -0.115280 0.879943 -0.460880
vn -0.009834 0.879943 -0.474977
vn 0.096105 0.879943 -0.465257
vn 0.197225 0.879943 -0.432206
vn 0.288455 0.879943 -0.377483
vn 0.365221 0.879943 -0.303832
vn 0.423673 0.879943 -0.214945
vn 0.460880 0.879943 -0.115280
vn 0.558703 0.826975 -0.062951
vn 0.203900 0.978722 0.022974
vn 0.200539 0.978952 0.037915
vn 0.187075 0.978952 0.081589
vn 0.164229 0.978952 0.121171
vn 0.133148 0.978952 0.154677
vn 0.095391 0.978952 0.180428
vn 0.052851 0.978952 0.197130
vn 0.007660 0.978952 0.203948
vn -0.037915 0.978952 0.200539
vn -0.081589 0.978952 0.187075
vn -0.121171 0.978952 0.164229
vn -0.154677 0.978952 0.133148
vn -0.180428 0.978952 0.095391
vn -0.197130 0.978952 0.052851
vn -0.203948 0.978952 0.007660
vn -0.200539 0.978952 -0.037915
vn -0.187075 0.978952 -0.081589
vn -0.164229 0.978952 -0.121171
vn -0.133148 0.978952 -0.154677
vn -0.095391 0.978952 -0.180428
vn -0.052851 0.978952 -0.197130
vn -0.007660 0.978952 -0.203948
vn 0.037915 0.978952 -0.200539
vn 0.081589 0.978952 -0.187075
vn 0.121171 0.978952 -0.164229
vn 0.154677 0.978952 -0.133148
vn 0.180428 0.978952 -0.095391
vn 0.197130 0.978952 -0.052851
vn 0.203900 0.978722 -0.022974
usemtl steel
f 5993 6022 6023
f 5993 6023 5994
f 5994 6023 6024
f 5994 6024 5995
f 5995 6024 6025
f 5995 6025 5996
f 5996 6025 6026
f 5996 6026 5997
f 5997 6026 6027
f 5997 6027 5998
f 5998 6027 6028
f 5998 6028 5999
f 5999 6028 6029
f 5999 6029 6000
f 6000 6029 6030
f 6000 6030 6001
f 6001 6030 6031
f 6001 6031 6002
f 6002 6031 6032
f 6002 6032 6003
f 6003 6032 6033
f 6003 6033 6004
f 6004 6033 6034
f 6004 6034 6005
f 6005 6034 6035
f 6005 6035 6006
f 6006 6035 6036
f 6006 6036 6007
f 6007 6036 6037
f 6007 6037 6008
f 6008 6037 6038
f 6008 6038 6009
f 6009 6038 6039
f 6009 6039 6010
f 6010 6039 6040
f 6010 6040 6011
f 6011 6040 6041
f 6011 6041 6012
f 6012 6041 6042
f 6012 6042 6013
f 6013 6042 6043
f 6013 6043 6014
f 6014 6043 6044
f 6014 6044 6015
f 6015 6044 6045
f 6015 6045 6016
f 6016 6045 6046
f 6016 6046 6017
f 6017 6046 6047
f 6017 6047 6018
f 6018 6047 6048
f 6018 6048 6019
f 6019 6048 6049
f 6019 6049 6020
f 6020 6049 6050
f 6020 6050 6021
f 6022 6051 6052
f 6022 6052 6023
f 6023 6052 6053
f 6023 6053 6024
f 6024 6053 6054
f 6024 6054 6025
f 6025 6054 6055
f 6025 6055 6026
f 6026 6055 6056
f 6026 6056 6027
f 6027 6056 6057
f 6027 6057 6028
f 6028 6057 6058
f 6028 6058 6029
f 6029 6058 6059
f 6029 6059 6030
f 6030 6059 6060
f 6030 6060 6031
f 6031 6060 6061
f 6031 6061 6032
f 6032 6061 6062
f 6032 6062 6033
f 6033 6062 6063
f 6033 6063 6034
f 6034 6063 6064
f 6034 6064 6035
f 6035 6064 6065
f 6035 6065 6036
f 6036 6065 6066
f 6036 6066 6037
f 6037 6066 6067
f 6037 6067 6038
f 6038 6067 6068
f 6038 6068 6039
f 6039 6068 6069
f 6039 6069 6040
f 6040 6069 6070
f 6040 6070 6041
f 6041 6070 6071
f 6041 6071 6042
f 6042 6071 6072
f 6042 6072 6043
f 6043 6072 6073
f 6043 6073 6044
f 6044 6073 6074
f 6044 6074 6045
f 6045 6074 6075
f 6045 6075 6046
f 6046 6075 6076
f 6046 6076 6047
f 6047 6076 6077
f 6047 6077 6048
f 6048 6077 6078
f 6048 6078 6049
f 6049 6078 6079
f 6049 6079 6050
f 6051 6080 6081
f 6051 6081 6052
f 6052 6081 6082
f 6052 6082 6053
f 6053 6082 6083
f 6053 6083 6054
f 6054 6083 6084
f 6054 6084 6055
f 6055 6084 6085
f 6055 6085 6056
f 6056 6085 6086
f 6056 6086 6057
f 6057 6086 6087
f 6057 6087 6058
f 6058 6087 6088
f 6058 6088 6059
f 6059 6088 6089
f 6059 6089 6060
f 6060 6089 6090
f 6060 6090 6061
f 6061 6090 6091
f 6061 6091 6062
f 6062 6091 6092
f 6062 6092 6063
f 6063 6092 6093
f 6063 6093 6064
f 6064 6093 6094
f 6064 6094 6065
f 6065 6094 6095
f 6065 6095 6066
f 6066 6095 6096
f 6066 6096 6067
f 6067 6096 6097
f 6067 6097 6068
f 6068 6097 6098
f 6068 6098 6069
f 6069 6098 6099
f 6069 6099 6070
f 6070 6099 6100
f 6070 6100 6071
f 6071 6100 6101
f 6071 6101 6072
f 6072 6101 6102
f 6072 6102 6073
f 6073 6102 6103
f 6073 6103 6074
f 6074 6103 6104
f 6074 6104 6075
f 6075 6104 6105
f 6075 6105 6076
f 6076 6105 6106
f 6076 6106 6077
f 6077 6106 6107
f 6077 6107 6078
f 6078 6107 6108
f 6078 6108 6079
f 6080 6109 6110
f 6080 6110 6081
f 6081 6110 6111
f 6081 6111 6082
f 6082 6111 6112
f 6082 6112 6083
f 6083 6112 6113
f 6083 6113 6084
f 6084 6113 6114
f 6084 6114 6085
f 6085 6114 6115
f 6085 6115 6086
f 6086 6115 6116
f 6086 6116 6087
f 6087 6116 6117
f 6087 6117 6088
f 6088 6117 6118
f 6088 6118 6089
f 6089 6118 6119
f 6089 6119 6090
f 6090 6119 6120
f 6090 6120 6091
f 6091 6120 6121
f 6091 6121 6092
f 6092 6121 6122
f 6092 6122 6093
f 6093 6122 6123
f 6093 6123 6094
f 6094 6123 6124
f 6094 6124 6095
f 6095 6124 6125
f 6095 6125 6096
f 6096 6125 6126
f 6096 6126 6097
f 6097 6126 6127
f 6097 6127 6098
f 6098 6127 6128
f 6098 6128 6099
f 6099 6128 6129
f 6099 6129 6100
f 6100 6129 6130
f 6100 6130 6101
f 6101 6130 6131
f 6101 6131 6102
f 6102 6131 6132
f 6102 6132 6103
f 6103 6132 6133
f 6103 6133 6104
f 6104 6133 6134
f 6104 6134 6105
f 6105 6134 6135
f 6105 6135 6106
f 6106 6135 6136
f 6106 6136 6107
f 6107 6136 6137
f 6107 6137 6108
f 6109 6138 6139
f 6109 6139 6110
f 6110 6139 6140
f 6110 6140 6111
f 6111 6140 6141
f 6111 6141 6112
f 6112 6141 6142
f 6112 6142 6113
f 6113 6142 6143
f 6113 6143 6114
f 6114 6143 6144
f 6114 6144 6115
f 6115 6144 6145
f 6115 6145 6116
f 6116 6145 6146
f 6116 6146 6117
f 6117 6146 6147
f 6117 6147 6118
f 6118 6147 6148
f 6118 6148 6119
f 6119 6148 6149
f 6119 6149 6120
f 6120 6149 6150
f 6120 6150 6121
f 6121 6150 6151
f 6121 6151 6122
f 6122 6151 6152
f 6122 6152 6123
f 6123 6152 6153
f 6123 6153 6124
f 6124 6153 6154
f 6124 6154 6125
f 6125 6154 6155
f 6125 6155 6126
f 6126 6155 6156
f 6126 6156 6127
f 6127 6156 6157
f 6127 6157 6128
f 6128 6157 6158
f 6128 6158 6129
f 6129 6158 6159
f 6129 6159 6130
f 6130 6159 6160
f 6130 6160 6131
f 6131 6160 6161
f 6131 6161 6132
f 6132 6161 6162
f 6132 6162 6133
f 6133 6162 6163
f 6133 6163 6134
f 6134 6163 6164
f 6134 6164 6135
f 6135 6164 6165
f 6135 6165 6136
f 6136 6165 6166
f 6136 6166 6137
o armet_comb
v -0.022000 3.800000 -0.460000
v 0.022000 3.800000 -0.460000
v 0.022000 3.920000 -0.460000
v -0.022000 3.920000 -0.460000
v -0.022000 3.800000 0.420000
v 0.022000 3.800000 0.420000
v 0.022000 3.920000 0.420000
v -0.022000 3.920000 0.420000
vn -0.666667 -0.666667 -0.333333
vn 0.408248 -0.408248 -0.816497
vn 0.816497 0.408248 -0.408248
vn -0.333333 0.666667 -0.666667
vn -0.408248 -0.408248 0.816497
vn 0.666667 -0.666667 0.333333
vn 0.333333 0.666667 0.666667
vn -0.816497 0.408248 0.408248
usemtl steel_dark
f 6171 6172 6173
f 6171 6173 6174
f 6168 6167 6170
f 6168 6170 6169
f 6167 6171 6174
f 6167 6174 6170
f 6172 6168 6169
f 6172 6169 6173
f 6170 6174 6173
f 6170 6173 6169
f 6167 6168 6172
f 6167 6172 6171
o armet_visor_upper
v 0.300000 3.400000 0.519615
v 0.290000 3.520000 0.502295
v 0.280361 3.400000 0.530469
v 0.271016 3.520000 0.512787
v 0.260330 3.400000 0.540581
v 0.251653 3.520000 0.522562
v 0.239935 3.400000 0.549937
v 0.231937 3.520000 0.531606
v 0.219205 3.400000 0.558524
v 0.211898 3.520000 0.539907
v 0.198167 3.400000 0.566330
v 0.191562 3.520000 0.547452
v 0.176853 3.400000 0.573344
v 0.170958 3.520000 0.554232
v 0.155291 3.400000 0.579555
v 0.150115 3.520000 0.560237
v 0.133513 3.400000 0.584957
v 0.129062 3.520000 0.565458
v 0.111547 3.400000 0.589540
v 0.107829 3.520000 0.569889
v 0.089425 3.400000 0.593298
v 0.086445 3.520000 0.573522
v 0.067179 3.400000 0.596227
v 0.064939 3.520000 0.576353
v 0.044838 3.400000 0.598322
v 0.043343 3.520000 0.578378
v 0.022435 3.400000 0.599580
v 0.021687 3.520000 0.579594
v 0.000000 3.400000 0.600000
v 0.000000 3.520000 0.580000
v -0.022435 3.400000 0.599580
v -0.021687 3.520000 0.579594
v -0.044838 3.400000 0.598322
v -0.043343 3.520000 0.578378
v -0.067179 3.400000 0.596227
v -0.064939 3.520000 0.576353
v -0.089425 3.400000 0.593298
v -0.086445 3.520000 0.573522
v -0.111547 3.400000 0.589540
v -0.107829 3.520000 0.569889
v -0.133513 3.400000 0.584957
v -0.129062 3.520000 0.565458
v -0.155291 3.400000 0.579555
v -0.150115 3.520000 0.560237
v -0.176853 3.400000 0.573344
v -0.170958 3.520000 0.554232
v -0.198167 3.400000 0.566330
v -0.191562 3.520000 0.547452
v -0.219205 3.400000 0.558524
v -0.211898 3.520000 0.539907
v -0.239935 3.400000 0.549937
v -0.231937 3.520000 0.531606
v -0.260330 3.400000 0.540581
v -0.251653 3.520000 0.522562
v -0.280361 3.400000 0.530469
v -0.271016 3.520000 0.512787
v -0.300000 3.400000 0.519615
v -0.290000 3.520000 0.502295
vn 0.477140 0.164371 0.863319
vn 0.477140 0.164371 0.863319
vn 0.455466 0.164396 0.874943
vn 0.466339 0.164396 0.869196
vn 0.422432 0.164396 0.891361
vn 0.433512 0.164396 0.886025
vn 0.388808 0.164396 0.906533
vn 0.400080 0.164396 0.901615
vn 0.354639 0.164396 0.920437
vn 0.366087 0.164396 0.915944
vn 0.319975 0.164396 0.933054
vn 0.331583 0.164396 0.928992
vn 0.284863 0.164396 0.944366
vn 0.296615 0.164396 0.940741
vn 0.249353 0.164396 0.954357
vn 0.261232 0.164396 0.951174
vn 0.213494 0.164396 0.963013
vn 0.225484 0.164396 0.960276
vn 0.177337 0.164396 0.970322
vn 0.189421 0.164396 0.968036
vn 0.140931 0.164396 0.976275
vn 0.153092 0.164396 0.974442
vn 0.104329 0.164396 0.980862
vn 0.116549 0.164396 0.979485
vn 0.067580 0.164396 0.984077
vn 0.079844 0.164396 0.983158
vn 0.030737 0.164396 0.985915
vn 0.043027 0.164396 0.985456
vn -0.006149 0.164396 0.986375
vn 0.006149 0.164396 0.986375
vn -0.043027 0.164396 0.985456
vn -0.030737 0.164396 0.985915
vn -0.079844 0.164396 0.983158
vn -0.067580 0.164396 0.984077
vn -0.116549 0.164396 0.979485
vn -0.104329 0.164396 0.980862
vn -0.153092 0.164396 0.974442
vn -0.140931 0.164396 0.976275
vn -0.189421 0.164396 0.968036
vn -0.177337 0.164396 0.970322
vn -0.225484 0.164396 0.960276
vn -0.213494 0.164396 0.963013
vn -0.261232 0.164396 0.951174
vn -0.249353 0.164396 0.954357
vn -0.296615 0.164396 0.940741
vn -0.284863 0.164396 0.944366
vn -0.331583 0.164396 0.928992
vn -0.319975 0.164396 0.933054
vn -0.366087 0.164396 0.915944
vn -0.354639 0.164396 0.920437
vn -0.400080 0.164396 0.901615
vn -0.388808 0.164396 0.906533
vn -0.433512 0.164396 0.886025
vn -0.422432 0.164396 0.891361
vn -0.466339 0.164396 0.869196
vn -0.455466 0.164396 0.874943
vn -0.477140 0.164371 0.863319
vn -0.477140 0.164371 0.863319
usemtl steel_dark
f 6175 6176 6178
f 6175 6178 6177
f 6177 6178 6180
f 6177 6180 6179
f 6179 6180 6182
f 6179 6182 6181
f 6181 6182 6184
f 6181 6184 6183
f 6183 6184 6186
f 6183 6186 6185
f 6185 6186 6188
f 6185 6188 6187
f 6187 6188 6190
f 6187 6190 6189
f 6189 6190 6192
f 6189 6192 6191
f 6191 6192 6194
f 6191 6194 6193
f 6193 6194 6196
f 6193 6196 6195
f 6195 6196 6198
f 6195 6198 6197
f 6197 6198 6200
f 6197 6200 6199
f 6199 6200 6202
f 6199 6202 6201
f 6201 6202 6204
f 6201 6204 6203
f 6203 6204 6206
f 6203 6206 6205
f 6205 6206 6208
f 6205 6208 6207
f 6207 6208 6210
f 6207 6210 6209
f 6209 6210 6212
f 6209 6212 6211
f 6211 6212 6214
f 6211 6214 6213
f 6213 6214 6216
f 6213 6216 6215
f 6215 6216 6218
f 6215 6218 6217
f 6217 6218 6220
f 6217 6220 6219
f 6219 6220 6222
f 6219 6222 6221
f 6221 6222 6224
f 6221 6224 6223
f 6223 6224 6226
f 6223 6226 6225
f 6225 6226 6228
f 6225 6228 6227
f 6227 6228 6230
f 6227 6230 6229
f 6229 6230 6232
f 6229 6232 6231
o armet_visor_lower
v 0.290000 3.160000 0.502295
v 0.280000 3.300000 0.484974
v 0.271016 3.160000 0.512787
v 0.261670 3.300000 0.495105
v 0.251653 3.160000 0.522562
v 0.242975 3.300000 0.504543
v 0.231937 3.160000 0.531606
v 0.223940 3.300000 0.513275
v 0.211898 3.160000 0.539907
v 0.204591 3.300000 0.521289
v 0.191562 3.160000 0.547452
v 0.184956 3.300000 0.528575
v 0.170958 3.160000 0.554232
v 0.165063 3.300000 0.535121
v 0.150115 3.160000 0.560237
v 0.144939 3.300000 0.540918
v 0.129062 3.160000 0.565458
v 0.124612 3.300000 0.545960
v 0.107829 3.160000 0.569889
v 0.104111 3.300000 0.550237
v 0.086445 3.160000 0.573522
v 0.083464 3.300000 0.553745
v 0.064939 3.160000 0.576353
v 0.062700 3.300000 0.556479
v 0.043343 3.160000 0.578378
v 0.041849 3.300000 0.558434
v 0.021687 3.160000 0.579594
v 0.020939 3.300000 0.559608
v 0.000000 3.160000 0.580000
v 0.000000 3.300000 0.560000
v -0.021687 3.160000 0.579594
v -0.020939 3.300000 0.559608
v -0.043343 3.160000 0.578378
v -0.041849 3.300000 0.558434
v -0.064939 3.160000 0.576353
v -0.062700 3.300000 0.556479
v -0.086445 3.160000 0.573522
v -0.083464 3.300000 0.553745
v -0.107829 3.160000 0.569889
v -0.104111 3.300000 0.550237
v -0.129062 3.160000 0.565458
v -0.124612 3.300000 0.545960
v -0.150115 3.160000 0.560237
v -0.144939 3.300000 0.540918
v -0.170958 3.160000 0.554232
v -0.165063 3.300000 0.535121
v -0.191562 3.160000 0.547452
v -0.184956 3.300000 0.528575
v -0.211898 3.160000 0.539907
v -0.204591 3.300000 0.521289
v -0.231937 3.160000 0.531606
v -0.223940 3.300000 0.513275
v -0.251653 3.160000 0.522562
v -0.242975 3.300000 0.504543
v -0.271016 3.160000 0.512787
v -0.261670 3.300000 0.495105
v -0.290000 3.160000 0.502295
v -0.280000 3.300000 0.484974
vn 0.478859 0.141397 0.866430
vn 0.478859 0.141397 0.866430
vn 0.457107 0.141419 0.878097
vn 0.468020 0.141419 0.872329
vn 0.423955 0.141419 0.894574
vn 0.435075 0.141419 0.889219
vn 0.390209 0.141419 0.909801
vn 0.401522 0.141419 0.904865
vn 0.355918 0.141419 0.923755
vn 0.367407 0.141419 0.919246
vn 0.321128 0.141419 0.936417
vn 0.332778 0.141419 0.932341
vn 0.285890 0.141419 0.947770
vn 0.297684 0.141419 0.944132
vn 0.250252 0.141419 0.957797
vn 0.262174 0.141419 0.954602
vn 0.214264 0.141419 0.966484
vn 0.226297 0.141419 0.963738
vn 0.177976 0.141419 0.973820
vn 0.190103 0.141419 0.971525
vn 0.141439 0.141419 0.979794
vn 0.153644 0.141419 0.977954
vn 0.104705 0.141419 0.984397
vn 0.116970 0.141419 0.983015
vn 0.067824 0.141419 0.987624
vn 0.080132 0.141419 0.986701
vn 0.030848 0.141419 0.989469
vn 0.043182 0.141419 0.989008
vn -0.006171 0.141419 0.989931
vn 0.006171 0.141419 0.989931
vn -0.043182 0.141419 0.989008
vn -0.030848 0.141419 0.989469
vn -0.080132 0.141419 0.986701
vn -0.067824 0.141419 0.987624
vn -0.116970 0.141419 0.983015
vn -0.104705 0.141419 0.984397
vn -0.153644 0.141419 0.977954
vn -0.141439 0.141419 0.979794
vn -0.190103 0.141419 0.971525
vn -0.177976 0.141419 0.973820
vn -0.226297 0.141419 0.963738
vn -0.214264 0.141419 0.966484
vn -0.262174 0.141419 0.954602
vn -0.250252 0.141419 0.957797
vn -0.297684 0.141419 0.944132
vn -0.285890 0.141419 0.947770
vn -0.332778 0.141419 0.932341
vn -0.321128 0.141419 0.936417
vn -0.367407 0.141419 0.919246
vn -0.355918 0.141419 0.923755
vn -0.401522 0.141419 0.904865
vn -0.390209 0.141419 0.909801
vn -0.435075 0.141419 0.889219
vn -0.423955 0.141419 0.894574
vn -0.468020 0.141419 0.872329
vn -0.457107 0.141419 0.878097
vn -0.478859 0.141397 0.866430
vn -0.478859 0.141397 0.866430
usemtl steel_dark
f 6233 6234 6236
f 6233 6236 6235
f 6235 6236 6238
f 6235 6238 6237
f 6237 6238 6240
f 6237 6240 6239
f 6239 6240 6242
f 6239 6242 6241
f 6241 6242 6244
f 6241 6244 6243
f 6243 6244 6246
f 6243 6246 6245
f 6245 6246 6248
f 6245 6248 6247
f 6247 6248 6250
f 6247 6250 6249
f 6249 6250 6252
f 6249 6252 6251
f 6251 6252 6254
f 6251 6254 6253
f 6253 6254 6256
f 6253 6256 6255
f 6255 6256 6258
f 6255 6258 6257
f 6257 6258 6260
f 6257 6260 6259
f 6259 6260 6262
f 6259 6262 6261
f 6261 6262 6264
f 6261 6264 6263
f 6263 6264 6266
f 6263 6266 6265
f 6265 6266 6268
f 6265 6268 6267
f 6267 6268 6270
f 6267 6270 6269
f 6269 6270 6272
f 6269 6272 6271
f 6271 6272 6274
f 6271 6274 6273
f 6273 6274 6276
f 6273 6276 6275
f 6275 6276 6278
f 6275 6278 6277
f 6277 6278 6280
f 6277 6280 6279
f 6279 6280 6282
f 6279 6282 6281
f 6281 6282 6284
f 6281 6284 6283
f 6283 6284 6286
f 6283 6286 6285
f 6285 6286 6288
f 6285 6288 6287
f 6287 6288 6290
f 6287 6290 6289
o armet_breaths
v 0.172274 3.205000 0.507436
v 0.222274 3.205000 0.507436
v 0.222274 3.255000 0.507436
v 0.172274 3.255000 0.507436
v 0.172274 3.205000 0.540769
v 0.222274 3.205000 0.540769
v 0.222274 3.255000 0.540769
v 0.172274 3.255000 0.540769
v 0.075257 3.205000 0.534286
v 0.125257 3.205000 0.534286
v 0.125257 3.255000 0.534286
v 0.075257 3.255000 0.534286
v 0.075257 3.205000 0.567619
v 0.125257 3.205000 0.567619
v 0.125257 3.255000 0.567619
v 0.075257 3.255000 0.567619
v -0.025000 3.205000 0.543333
v 0.025000 3.205000 0.543333
v 0.025000 3.255000 0.543333
v -0.025000 3.255000 0.543333
v -0.025000 3.205000 0.576667
v 0.025000 3.205000 0.576667
v 0.025000 3.255000 0.576667
v -0.025000 3.255000 0.576667
v -0.125257 3.205000 0.534286
v -0.075257 3.205000 0.534286
v -0.075257 3.255000 0.534286
v -0.125257 3.255000 0.534286
v -0.125257 3.205000 0.567619
v -0.075257 3.205000 0.567619
v -0.075257 3.255000 0.567619
v -0.125257 3.255000 0.567619
v -0.222274 3.205000 0.507436
v -0.172274 3.205000 0.507436
v -0.172274 3.255000 0.507436
v -0.222274 3.255000 0.507436
v -0.222274 3.205000 0.540769
v -0.172274 3.205000 0.540769
v -0.172274 3.255000 0.540769
v -0.222274 3.255000 0.540769
vn -0.666667 -0.666667 -0.333333
vn 0.408248 -0.408248 -0.816497
vn 0.816497 0.408248 -0.408248
vn -0.333333 0.666667 -0.666667
vn -0.408248 -0.408248 0.816497
vn 0.666667 -0.666667 0.333333
vn 0.333333 0.666667 0.666667
vn -0.816497 0.408248 0.408248
vn -0.666667 -0.666667 -0.333333
vn 0.408248 -0.408248 -0.816497
vn 0.816497 0.408248 -0.408248
vn -0.333333 0.666667 -0.666667
vn -0.408248 -0.408248 0.816497
vn 0.666667 -0.666667 0.333333
vn 0.333333 0.666667 0.666667
vn -0.816497 0.408248 0.408248
vn -0.666667 -0.666667 -0.333333
vn 0.408248 -0.408248 -0.816497
vn 0.816497 0.408248 -0.408248
vn -0.333333 0.666667 -0.666667
vn -0.408248 -0.408248 0.816497
vn 0.666667 -0.666667 0.333333
vn 0.333333 0.666667 0.666667
vn -0.816497 0.408248 0.408248
vn -0.666667 -0.666667 -0.333333
vn 0.408248 -0.408248 -0.816497
vn 0.816497 0.408248 -0.408248
vn -0.333333 0.666667 -0.666667
vn -0.408248 -0.408248 0.816497
vn 0.666667 -0.666667 0.333333
vn 0.333333 0.666667 0.666667
vn -0.816497 0.408248 0.408248
vn -0.666667 -0.666667 -0.333333
vn 0.408248 -0.408248 -0.816497
vn 0.816497 0.408248 -0.408248
vn -0.333333 0.666667 -0.666667
vn -0.408248 -0.408248 0.816497
vn 0.666667 -0.666667 0.333333
vn 0.333333 0.666667 0.666667
vn -0.816497 0.408248 0.408248
usemtl steel_dark
f 6295 6296 6297
f 6295 6297 6298
f 6292 6291 6294
f 6292 6294 6293
f 6291 6295 6298
f 6291 6298 6294
f 6296 6292 6293
f 6296 6293 6297
f 6294 6298 6297
f 6294 6297 6293
f 6291 6292 6296
f 6291 6296 6295
f 6303 6304 6305
f 6303 6305 6306
f 6300 6299 6302
f 6300 6302 6301
f 6299 6303 6306
f 6299 6306 6302
f 6304 6300 6301
f 6304 6301 6305
f 6302 6306 6305
f 6302 6305 6301
f 6299 6300 6304
f 6299 6304 6303
f 6311 6312 6313
f 6311 6313 6314
f 6308 6307 6310
f 6308 6310 6309
f 6307 6311 6314
f 6307 6314 6310
f 6312 6308 6309
f 6312 6309 6313
f 6310 6314 6313
f 6310 6313 6309
f 6307 6308 6312
f 6307 6312 6311
f 6319 6320 6321
f 6319 6321 6322
f 6316 6315 6318
f 6316 6318 6317
f 6315 6319 6322
f 6315 6322 6318
f 6320 6316 6317
f 6320 6317 6321
f 6318 6322 6321
f 6318 6321 6317
f 6315 6316 6320
f 6315 6320 6319
f 6327 6328 6329
f 6327 6329 6330
f 6324 6323 6326
f 6324 6326 6325
f 6323 6327 6330
f 6323 6330 6326
f 6328 6324 6325
f 6328 6325 6329
f 6326 6330 6329
f 6326 6329 6325
f 6323 6324 6328
f 6323 6328 6327
o armet_bevor
v 0.280000 3.040000 0.484974
v 0.270000 3.140000 0.467654
v 0.261670 3.040000 0.495105
v 0.252325 3.140000 0.477422
v 0.242975 3.040000 0.504543
v 0.234297 3.140000 0.486523
v 0.223940 3.040000 0.513275
v 0.215942 3.140000 0.494944
v 0.204591 3.040000 0.521289
v 0.197284 3.140000 0.502672
v 0.184956 3.040000 0.528575
v 0.178351 3.140000 0.509697
v 0.165063 3.040000 0.535121
v 0.159168 3.140000 0.516009
v 0.144939 3.040000 0.540918
v 0.139762 3.140000 0.521600
v 0.124612 3.040000 0.545960
v 0.120161 3.140000 0.526461
v 0.104111 3.040000 0.550237
v 0.100392 3.140000 0.530586
v 0.083464 3.040000 0.553745
v 0.080483 3.140000 0.533969
v 0.062700 3.040000 0.556479
v 0.060461 3.140000 0.536605
v 0.041849 3.040000 0.558434
v 0.040354 3.140000 0.538490
v 0.020939 3.040000 0.559608
v 0.020191 3.140000 0.539622
v 0.000000 3.040000 0.560000
v 0.000000 3.140000 0.540000
v -0.020939 3.040000 0.559608
v -0.020191 3.140000 0.539622
v -0.041849 3.040000 0.558434
v -0.040354 3.140000 0.538490
v -0.062700 3.040000 0.556479
v -0.060461 3.140000 0.536605
v -0.083464 3.040000 0.553745
v -0.080483 3.140000 0.533969
v -0.104111 3.040000 0.550237
v -0.100392 3.140000 0.530586
v -0.124612 3.040000 0.545960
v -0.120161 3.140000 0.526461
v -0.144939 3.040000 0.540918
v -0.139762 3.140000 0.521600
v -0.165063 3.040000 0.535121
v -0.159168 3.140000 0.516009
v -0.184956 3.040000 0.528575
v -0.178351 3.140000 0.509697
v -0.204591 3.040000 0.521289
v -0.197284 3.140000 0.502672
v -0.223940 3.040000 0.513275
v -0.215942 3.140000 0.494944
v -0.242975 3.040000 0.504543
v -0.234297 3.140000 0.486523
v -0.261670 3.040000 0.495105
v -0.252325 3.140000 0.477422
v -0.280000 3.040000 0.484974
v -0.270000 3.140000 0.467654
vn 0.474329 0.196083 0.858233
vn 0.474329 0.196083 0.858233
vn 0.452782 0.196112 0.869787
vn 0.463591 0.196112 0.864074
vn 0.419943 0.196112 0.886108
vn 0.430958 0.196112 0.880804
vn 0.386516 0.196112 0.901191
vn 0.397722 0.196112 0.896302
vn 0.352549 0.196112 0.915013
vn 0.363930 0.196112 0.910546
vn 0.318089 0.196112 0.927555
vn 0.329629 0.196112 0.923518
vn 0.283185 0.196112 0.938801
vn 0.294867 0.196112 0.935197
vn 0.247884 0.196112 0.948733
vn 0.259693 0.196112 0.945568
vn 0.212236 0.196112 0.957338
vn 0.224155 0.196112 0.954617
vn 0.176292 0.196112 0.964604
vn 0.188304 0.196112 0.962331
vn 0.140101 0.196112 0.970521
vn 0.152190 0.196112 0.968699
vn 0.103714 0.196112 0.975081
vn 0.115863 0.196112 0.973712
vn 0.067182 0.196112 0.978277
vn 0.079373 0.196112 0.977364
vn 0.030556 0.196112 0.980105
vn 0.042773 0.196112 0.979648
vn -0.006113 0.196112 0.980562
vn 0.006113 0.196112 0.980562
vn -0.042773 0.196112 0.979648
vn -0.030556 0.196112 0.980105
vn -0.079373 0.196112 0.977364
vn -0.067182 0.196112 0.978277
vn -0.115863 0.196112 0.973712
vn -0.103714 0.196112 0.975081
vn -0.152190 0.196112 0.968699
vn -0.140101 0.196112 0.970521
vn -0.188304 0.196112 0.962331
vn -0.176292 0.196112 0.964604
vn -0.224155 0.196112 0.954617
vn -0.212236 0.196112 0.957338
vn -0.259693 0.196112 0.945568
vn -0.247884 0.196112 0.948733
vn -0.294867 0.196112 0.935197
vn -0.283185 0.196112 0.938801
vn -0.329629 0.196112 0.923518
vn -0.318089 0.196112 0.927555
vn -0.363930 0.196112 0.910546
vn -0.352549 0.196112 0.915013
vn -0.397722 0.196112 0.896302
vn -0.386516 0.196112 0.901191
vn -0.430958 0.196112 0.880804
vn -0.419943 0.196112 0.886108
vn -0.463591 0.196112 0.864074
vn -0.452782 0.196112 0.869787
vn -0.474329 0.196083 0.858233
vn -0.474329 0.196083 0.858233
usemtl steel_dark
f 6331 6332 6334
f 6331 6334 6333
f 6333 6334 6336
f 6333 6336 6335
f 6335 6336 6338
f 6335 6338 6337
f 6337 6338 6340
f 6337 6340 6339
f 6339 6340 6342
f 6339 6342 6341
f 6341 6342 6344
f 6341 6344 6343
f 6343 6344 6346
f 6343 6346 6345
f 6345 6346 6348
f 6345 6348 6347
f 6347 6348 6350
f 6347 6350 6349
f 6349 6350 6352
f 6349 6352 6351
f 6351 6352 6354
f 6351 6354 6353
f 6353 6354 6356
f 6353 6356 6355
f 6355 6356 6358
f 6355 6358 6357
f 6357 6358 6360
f 6357 6360 6359
f 6359 6360 6362
f 6359 6362 6361
f 6361 6362 6364
f 6361 6364 6363
f 6363 6364 6366
f 6363 6366 6365
f 6365 6366 6368
f 6365 6368 6367
f 6367 6368 6370
f 6367 6370 6369
f 6369 6370 6372
f 6369 6372 6371
f 6371 6372 6374
f 6371 6374 6373
f 6373 6374 6376
f 6373 6376 6375
f 6375 6376 6378
f 6375 6378 6377
f 6377 6378 6380
f 6377 6380 6379
f 6379 6380 6382
f 6379 6382 6381
f 6381 6382 6384
f 6381 6384 6383
f 6383 6384 6386
f 6383 6386 6385
f 6385 6386 6388
f 6385 6388 6387
o armet_neck
v -0.554256 3.020000 -0.320000
v -0.675500 3.260000 -0.390000
v -0.528793 3.020000 -0.360525
v -0.644466 3.260000 -0.439390
v -0.500372 3.020000 -0.399033
v -0.609829 3.260000 -0.486322
v -0.469153 3.020000 -0.435311
v -0.571780 3.260000 -0.530535
v -0.435311 3.020000 -0.469153
v -0.530535 3.260000 -0.571780
v -0.399033 3.020000 -0.500372
v -0.486322 3.260000 -0.609829
v -0.360525 3.020000 -0.528793
v -0.439390 3.260000 -0.644466
v -0.320000 3.020000 -0.554256
v -0.390000 3.260000 -0.675500
v -0.277686 3.020000 -0.576620
v -0.338429 3.260000 -0.702756
v -0.233818 3.020000 -0.595759
v -0.284966 3.260000 -0.726082
v -0.188643 3.020000 -0.611567
v -0.229909 3.260000 -0.745347
v -0.142413 3.020000 -0.623954
v -0.173566 3.260000 -0.760444
v -0.095387 3.020000 -0.632852
v -0.116253 3.260000 -0.771288
v -0.047827 3.020000 -0.638210
v -0.058289 3.260000 -0.777819
v -0.000000 3.020000 -0.640000
v -0.000000 3.260000 -0.780000
v 0.047827 3.020000 -0.638210
v 0.058289 3.260000 -0.777819
v 0.095387 3.020000 -0.632852
v 0.116253 3.260000 -0.771288
v 0.142413 3.020000 -0.623954
v 0.173566 3.260000 -0.760444
v 0.188643 3.020000 -0.611567
v 0.229909 3.260000 -0.745347
v 0.233818 3.020000 -0.595759
v 0.284966 3.260000 -0.726082
v 0.277686 3.020000 -0.576620
v 0.338429 3.260000 -0.702756
v 0.320000 3.020000 -0.554256
v 0.390000 3.260000 -0.675500
v 0.360525 3.020000 -0.528793
v 0.439390 3.260000 -0.644466
v 0.399033 3.020000 -0.500372
v 0.486322 3.260000 -0.609829
v 0.435311 3.020000 -0.469153
v 0.530535 3.260000 -0.571780
v 0.469153 3.020000 -0.435311
v 0.571780 3.260000 -0.530535
v 0.500372 3.020000 -0.399033
v 0.609829 3.260000 -0.486322
v 0.528793 3.020000 -0.360525
v 0.644466 3.260000 -0.439390
v 0.554256 3.020000 -0.320000
v 0.675500 3.260000 -0.390000
vn -0.731512 -0.503608 -0.459640
vn -0.731512 -0.503608 -0.459640
vn -0.707578 -0.503842 -0.495457
vn -0.719715 -0.503842 -0.477655
vn -0.668574 -0.503842 -0.546949
vn -0.682007 -0.503842 -0.530104
vn -0.625831 -0.503842 -0.595382
vn -0.640485 -0.503842 -0.579588
vn -0.579588 -0.503842 -0.640485
vn -0.595382 -0.503842 -0.625831
vn -0.530104 -0.503842 -0.682007
vn -0.546949 -0.503842 -0.668574
vn -0.477655 -0.503842 -0.719715
vn -0.495457 -0.503842 -0.707578
vn -0.422535 -0.503842 -0.753397
vn -0.441194 -0.503842 -0.742625
vn -0.365052 -0.503842 -0.782867
vn -0.384464 -0.503842 -0.773519
vn -0.305527 -0.503842 -0.807958
vn -0.325584 -0.503842 -0.800087
vn -0.244294 -0.503842 -0.828531
vn -0.264883 -0.503842 -0.822180
vn -0.181695 -0.503842 -0.844470
vn -0.202700 -0.503842 -0.839676
vn -0.118080 -0.503842 -0.855687
vn -0.139385 -0.503842 -0.852476
vn -0.053804 -0.503842 -0.862119
vn -0.075289 -0.503842 -0.860509
vn 0.010773 -0.503842 -0.863729
vn -0.010773 -0.503842 -0.863729
vn 0.075289 -0.503842 -0.860509
vn 0.053804 -0.503842 -0.862119
vn 0.139385 -0.503842 -0.852476
vn 0.118080 -0.503842 -0.855687
vn 0.202700 -0.503842 -0.839676
vn 0.181695 -0.503842 -0.844470
vn 0.264883 -0.503842 -0.822180
vn 0.244294 -0.503842 -0.828531
vn 0.325584 -0.503842 -0.800087
vn 0.305527 -0.503842 -0.807958
vn 0.384464 -0.503842 -0.773519
vn 0.365052 -0.503842 -0.782867
vn 0.441194 -0.503842 -0.742625
vn 0.422535 -0.503842 -0.753397
vn 0.495457 -0.503842 -0.707578
vn 0.477655 -0.503842 -0.719715
vn 0.546949 -0.503842 -0.668574
vn 0.530104 -0.503842 -0.682007
vn 0.595382 -0.503842 -0.625831
vn 0.579588 -0.503842 -0.640485
vn 0.640485 -0.503842 -0.579588
vn 0.625831 -0.503842 -0.595382
vn 0.682007 -0.503842 -0.530104
vn 0.668574 -0.503842 -0.546949
vn 0.719715 -0.503842 -0.477655
vn 0.707578 -0.503842 -0.495457
vn 0.731512 -0.503608 -0.459640
vn 0.731512 -0.503608 -0.459640
usemtl steel
f 6389 6390 6392
f 6389 6392 6391
f 6391 6392 6394
f 6391 6394 6393
f 6393 6394 6396
f 6393 6396 6395
f 6395 6396 6398
f 6395 6398 6397
f 6397 6398 6400
f 6397 6400 6399
f 6399 6400 6402
f 6399 6402 6401
f 6401 6402 6404
f 6401 6404 6403
f 6403 6404 6406
f 6403 6406 6405
f 6405 6406 6408
f 6405 6408 6407
f 6407 6408 6410
f 6407 6410 6409
f 6409 6410 6412
f 6409 6412 6411
f 6411 6412 6414
f 6411 6414 6413
f 6413 6414 6416
f 6413 6416 6415
f 6415 6416 6418
f 6415 6418 6417
f 6417 6418 6420
f 6417 6420 6419
f 6419 6420 6422
f 6419 6422 6421
f 6421 6422 6424
f 6421 6424 6423
f 6423 6424 6426
f 6423 6426 6425
f 6425 6426 6428
f 6425 6428 6427
f 6427 6428 6430
f 6427 6430 6429
f 6429 6430 6432
f 6429 6432 6431
f 6431 6432 6434
f 6431 6434 6433
f 6433 6434 6436
f 6433 6436 6435
f 6435 6436 6438
f 6435 6438 6437
f 6437 6438 6440
f 6437 6440 6439
f 6439 6440 6442
f 6439 6442 6441
f 6441 6442 6444
f 6441 6444 6443
f 6443 6444 6446
f 6443 6446 6445
o rerebrace_R
v 2.100000 2.050000 0.000000
v 2.060000 2.880000 0.000000
v 2.070634 2.050000 0.185410
v 2.032592 2.880000 0.173050
v 1.985410 2.050000 0.352671
v 1.953050 2.880000 0.329160
v 1.852671 2.050000 0.485410
v 1.829160 2.880000 0.453050
v 1.685410 2.050000 0.570634
v 1.673050 2.880000 0.532592
v 1.500000 2.050000 0.600000
v 1.500000 2.880000 0.560000
v 1.314590 2.050000 0.570634
v 1.326950 2.880000 0.532592
v 1.147329 2.050000 0.485410
v 1.170840 2.880000 0.453050
v 1.014590 2.050000 0.352671
v 1.046950 2.880000 0.329160
v 0.929366 2.050000 0.185410
v 0.967408 2.880000 0.173050
v 0.900000 2.050000 0.000000
v 0.940000 2.880000 0.000000
v 0.929366 2.050000 -0.185410
v 0.967408 2.880000 -0.173050
v 1.014590 2.050000 -0.352671
v 1.046950 2.880000 -0.329160
v 1.147329 2.050000 -0.485410
v 1.170840 2.880000 -0.453050
v 1.314590 2.050000 -0.570634
v 1.326950 2.880000 -0.532592
v 1.500000 2.050000 -0.600000
v 1.500000 2.880000 -0.560000
v 1.685410 2.050000 -0.570634
v 1.673050 2.880000 -0.532592
v 1.852671 2.050000 -0.485410
v 1.829160 2.880000 -0.453050
v 1.985410 2.050000 -0.352671
v 1.953050 2.880000 -0.329160
v 2.070634 2.050000 -0.185410
v 2.032592 2.880000 -0.173050
v 2.100000 2.050000 -0.000000
v 2.060000 2.880000 -0.000000
vn 0.986571 0.047546 0.156258
vn 0.986571 0.047546 0.156258
vn 0.932363 0.048070 0.358314
vn 0.964909 0.048070 0.258147
vn 0.776005 0.048070 0.628892
vn 0.837911 0.048070 0.543686
vn 0.543686 0.048070 0.837911
vn 0.628892 0.048070 0.776005
vn 0.258147 0.048070 0.964909
vn 0.358314 0.048070 0.932363
vn -0.052660 0.048070 0.997455
vn 0.052660 0.048070 0.997455
vn -0.358314 0.048070 0.932363
vn -0.258147 0.048070 0.964909
vn -0.628892 0.048070 0.776005
vn -0.543686 0.048070 0.837911
vn -0.837911 0.048070 0.543686
vn -0.776005 0.048070 0.628892
vn -0.964909 0.048070 0.258147
vn -0.932363 0.048070 0.358314
vn -0.997455 0.048070 -0.052660
vn -0.997455 0.048070 0.052660
vn -0.932363 0.048070 -0.358314
vn -0.964909 0.048070 -0.258147
vn -0.776005 0.048070 -0.628892
vn -0.837911 0.048070 -0.543686
vn -0.543686 0.048070 -0.837911
vn -0.628892 0.048070 -0.776005
vn -0.258147 0.048070 -0.964909
vn -0.358314 0.048070 -0.932363
vn 0.052660 0.048070 -0.997455
vn -0.052660 0.048070 -0.997455
vn 0.358314 0.048070 -0.932363
vn 0.258147 0.048070 -0.964909
vn 0.628892 0.048070 -0.776005
vn 0.543686 0.048070 -0.837911
vn 0.837911 0.048070 -0.543686
vn 0.776005 0.048070 -0.628892
vn 0.964909 0.048070 -0.258147
vn 0.932363 0.048070 -0.358314
vn 0.986571 0.047546 -0.156258
vn 0.986571 0.047546 -0.156258
usemtl steel
f 6447 6448 6450
f 6447 6450 6449
f 6449 6450 6452
f 6449 6452 6451
f 6451 6452 6454
f 6451 6454 6453
f 6453 6454 6456
f 6453 6456 6455
f 6455 6456 6458
f 6455 6458 6457
f 6457 6458 6460
f 6457 6460 6459
f 6459 6460 6462
f 6459 6462 6461
f 6461 6462 6464
f 6461 6464 6463
f 6463 6464 6466
f 6463 6466 6465
f 6465 6466 6468
f 6465 6468 6467
f 6467 6468 6470
f 6467 6470 6469
f 6469 6470 6472
f 6469 6472 6471
f 6471 6472 6474
f 6471 6474 6473
f 6473 6474 6476
f 6473 6476 6475
f 6475 6476 6478
f 6475 6478 6477
f 6477 6478 6480
f 6477 6480 6479
f 6479 6480 6482
f 6479 6482 6481
f 6481 6482 6484
f 6481 6484 6483
f 6483 6484 6486
f 6483 6486 6485
f 6485 6486 6488
f 6485 6488 6487
o couter_v2_R
v 1.960000 1.950000 -0.520000
v 1.937486 2.092148 -0.520000
v 1.872148 2.220381 -0.520000
v 1.770381 2.322148 -0.520000
v 1.642148 2.387486 -0.520000
v 1.500000 2.410000 -0.520000
v 1.357852 2.387486 -0.520000
v 1.229619 2.322148 -0.520000
v 1.127852 2.220381 -0.520000
v 1.062514 2.092148 -0.520000
v 1.040000 1.950000 -0.520000
v 1.062514 1.807852 -0.520000
v 1.127852 1.679619 -0.520000
v 1.229619 1.577852 -0.520000
v 1.357852 1.512514 -0.520000
v 1.500000 1.490000 -0.520000
v 1.642148 1.512514 -0.520000
v 1.770381 1.577852 -0.520000
v 1.872148 1.679619 -0.520000
v 1.937486 1.807852 -0.520000
v 1.960000 1.950000 -0.520000
v 1.956065 1.950000 -0.572210
v 1.933743 2.090932 -0.572210
v 1.868964 2.218068 -0.572210
v 1.768068 2.318964 -0.572210
v 1.640932 2.383743 -0.572210
v 1.500000 2.406065 -0.572210
v 1.359068 2.383743 -0.572210
v 1.231932 2.318964 -0.572210
v 1.131036 2.218068 -0.572210
v 1.066257 2.090932 -0.572210
v 1.043935 1.950000 -0.572210
v 1.066257 1.809068 -0.572210
v 1.131036 1.681932 -0.572210
v 1.231932 1.581036 -0.572210
v 1.359068 1.516257 -0.572210
v 1.500000 1.493935 -0.572210
v 1.640932 1.516257 -0.572210
v 1.768068 1.581036 -0.572210
v 1.868964 1.681932 -0.572210
v 1.933743 1.809068 -0.572210
v 1.956065 1.950000 -0.572210
v 1.944326 1.950000 -0.623528
v 1.922579 2.087304 -0.623528
v 1.859467 2.211168 -0.623528
v 1.761168 2.309467 -0.623528
v 1.637304 2.372579 -0.623528
v 1.500000 2.394326 -0.623528
v 1.362696 2.372579 -0.623528
v 1.238832 2.309467 -0.623528
v 1.140533 2.211168 -0.623528
v 1.077421 2.087304 -0.623528
v 1.055674 1.950000 -0.623528
v 1.077421 1.812696 -0.623528
v 1.140533 1.688832 -0.623528
v 1.238832 1.590533 -0.623528
v 1.362696 1.527421 -0.623528
v 1.500000 1.505674 -0.623528
v 1.637304 1.527421 -0.623528
v 1.761168 1.590533 -0.623528
v 1.859467 1.688832 -0.623528
v 1.922579 1.812696 -0.623528
v 1.944326 1.950000 -0.623528
v 1.924985 1.950000 -0.673073
v 1.904184 2.081327 -0.673073
v 1.843820 2.199800 -0.673073
v 1.749800 2.293820 -0.673073
v 1.631327 2.354184 -0.673073
v 1.500000 2.374985 -0.673073
v 1.368673 2.354184 -0.673073
v 1.250200 2.293820 -0.673073
v 1.156180 2.199800 -0.673073
v 1.095816 2.081327 -0.673073
v 1.075015 1.950000 -0.673073
v 1.095816 1.818673 -0.673073
v 1.156180 1.700200 -0.673073
v 1.250200 1.606180 -0.673073
v 1.368673 1.545816 -0.673073
v 1.500000 1.525015 -0.673073
v 1.631327 1.545816 -0.673073
v 1.749800 1.606180 -0.673073
v 1.843820 1.700200 -0.673073
v 1.904184 1.818673 -0.673073
v 1.924985 1.950000 -0.673073
v 1.898372 1.950000 -0.720000
v 1.878874 2.073104 -0.720000
v 1.822289 2.184157 -0.720000
v 1.734157 2.272289 -0.720000
v 1.623104 2.328874 -0.720000
v 1.500000 2.348372 -0.720000
v 1.376896 2.328874 -0.720000
v 1.265843 2.272289 -0.720000
v 1.177711 2.184157 -0.720000
v 1.121126 2.073104 -0.720000
v 1.101628 1.950000 -0.720000
v 1.121126 1.826896 -0.720000
v 1.177711 1.715843 -0.720000
v 1.265843 1.627711 -0.720000
v 1.376896 1.571126 -0.720000
v 1.500000 1.551628 -0.720000
v 1.623104 1.571126 -0.720000
v 1.734157 1.627711 -0.720000
v 1.822289 1.715843 -0.720000
v 1.878874 1.826896 -0.720000
v 1.898372 1.950000 -0.720000
v 1.864943 1.950000 -0.763505
v 1.847081 2.062773 -0.763505
v 1.795245 2.164508 -0.763505
v 1.714508 2.245245 -0.763505
v 1.612773 2.297081 -0.763505
v 1.500000 2.314943 -0.763505
v 1.387227 2.297081 -0.763505
v 1.285492 2.245245 -0.763505
v 1.204755 2.164508 -0.763505
v 1.152919 2.062773 -0.763505
v 1.135057 1.950000 -0.763505
v 1.152919 1.837227 -0.763505
v 1.204755 1.735492 -0.763505
v 1.285492 1.654755 -0.763505
v 1.387227 1.602919 -0.763505
v 1.500000 1.585057 -0.763505
v 1.612773 1.602919 -0.763505
v 1.714508 1.654755 -0.763505
v 1.795245 1.735492 -0.763505
v 1.847081 1.837227 -0.763505
v 1.864943 1.950000 -0.763505
v 1.825269 1.950000 -0.802843
v 1.809349 2.050514 -0.802843
v 1.763148 2.141188 -0.802843
v 1.691188 2.213148 -0.802843
v 1.600514 2.259349 -0.802843
v 1.500000 2.275269 -0.802843
v 1.399486 2.259349 -0.802843
v 1.308812 2.213148 -0.802843
v 1.236852 2.141188 -0.802843
v 1.190651 2.050514 -0.802843
v 1.174731 1.950000 -0.802843
v 1.190651 1.849486 -0.802843
v 1.236852 1.758812 -0.802843
v 1.308812 1.686852 -0.802843
v 1.399486 1.640651 -0.802843
v 1.500000 1.624731 -0.802843
v 1.600514 1.640651 -0.802843
v 1.691188 1.686852 -0.802843
v 1.763148 1.758812 -0.802843
v 1.809349 1.849486 -0.802843
v 1.825269 1.950000 -0.802843
v 1.780030 1.950000 -0.837341
v 1.766325 2.036534 -0.837341
v 1.726549 2.114598 -0.837341
v 1.664598 2.176549 -0.837341
v 1.586534 2.216325 -0.837341
v 1.500000 2.230030 -0.837341
v 1.413466 2.216325 -0.837341
v 1.335402 2.176549 -0.837341
v 1.273451 2.114598 -0.837341
v 1.233675 2.036534 -0.837341
v 1.219970 1.950000 -0.837341
v 1.233675 1.863466 -0.837341
v 1.273451 1.785402 -0.837341
v 1.335402 1.723451 -0.837341
v 1.413466 1.683675 -0.837341
v 1.500000 1.669970 -0.837341
v 1.586534 1.683675 -0.837341
v 1.664598 1.723451 -0.837341
v 1.726549 1.785402 -0.837341
v 1.766325 1.863466 -0.837341
v 1.780030 1.950000 -0.837341
v 1.730000 1.950000 -0.866410
v 1.718743 2.021074 -0.866410
v 1.686074 2.085191 -0.866410
v 1.635191 2.136074 -0.866410
v 1.571074 2.168743 -0.866410
v 1.500000 2.180000 -0.866410
v 1.428926 2.168743 -0.866410
v 1.364809 2.136074 -0.866410
v 1.313926 2.085191 -0.866410
v 1.281257 2.021074 -0.866410
v 1.270000 1.950000 -0.866410
v 1.281257 1.878926 -0.866410
v 1.313926 1.814809 -0.866410
v 1.364809 1.763926 -0.866410
v 1.428926 1.731257 -0.866410
v 1.500000 1.720000 -0.866410
v 1.571074 1.731257 -0.866410
v 1.635191 1.763926 -0.866410
v 1.686074 1.814809 -0.866410
v 1.718743 1.878926 -0.866410
v 1.730000 1.950000 -0.866410
v 1.676034 1.950000 -0.889552
v 1.667419 2.004398 -0.889552
v 1.642415 2.053470 -0.889552
v 1.603470 2.092415 -0.889552
v 1.554398 2.117419 -0.889552
v 1.500000 2.126034 -0.889552
v 1.445602 2.117419 -0.889552
v 1.396530 2.092415 -0.889552
v 1.357585 2.053470 -0.889552
v 1.332581 2.004398 -0.889552
v 1.323966 1.950000 -0.889552
v 1.332581 1.895602 -0.889552
v 1.357585 1.846530 -0.889552
v 1.396530 1.807585 -0.889552
v 1.445602 1.782581 -0.889552
v 1.500000 1.773966 -0.889552
v 1.554398 1.782581 -0.889552
v 1.603470 1.807585 -0.889552
v 1.642415 1.846530 -0.889552
v 1.667419 1.895602 -0.889552
v 1.676034 1.950000 -0.889552
v 1.619057 1.950000 -0.906370
v 1.613230 1.986791 -0.906370
v 1.596319 2.019980 -0.906370
v 1.569980 2.046319 -0.906370
v 1.536791 2.063230 -0.906370
v 1.500000 2.069057 -0.906370
v 1.463209 2.063230 -0.906370
v 1.430020 2.046319 -0.906370
v 1.403681 2.019980 -0.906370
v 1.386770 1.986791 -0.906370
v 1.380943 1.950000 -0.906370
v 1.386770 1.913209 -0.906370
v 1.403681 1.880020 -0.906370
v 1.430020 1.853681 -0.906370
v 1.463209 1.836770 -0.906370
v 1.500000 1.830943 -0.906370
v 1.536791 1.836770 -0.906370
v 1.569980 1.853681 -0.906370
v 1.596319 1.880020 -0.906370
v 1.613230 1.913209 -0.906370
v 1.619057 1.950000 -0.906370
v 1.560042 1.950000 -0.916578
v 1.557103 1.968554 -0.916578
v 1.548575 1.985292 -0.916578
v 1.535292 1.998575 -0.916578
v 1.518554 2.007103 -0.916578
v 1.500000 2.010042 -0.916578
v 1.481446 2.007103 -0.916578
v 1.464708 1.998575 -0.916578
v 1.451425 1.985292 -0.916578
v 1.442897 1.968554 -0.916578
v 1.439958 1.950000 -0.916578
v 1.442897 1.931446 -0.916578
v 1.451425 1.914708 -0.916578
v 1.464708 1.901425 -0.916578
v 1.481446 1.892897 -0.916578
v 1.500000 1.889958 -0.916578
v 1.518554 1.892897 -0.916578
v 1.535292 1.901425 -0.916578
v 1.548575 1.914708 -0.916578
v 1.557103 1.931446 -0.916578
v 1.560042 1.950000 -0.916578
v 1.503680 1.950000 -0.920000
v 1.503500 1.951137 -0.920000
v 1.502977 1.952163 -0.920000
v 1.502163 1.952977 -0.920000
v 1.501137 1.953500 -0.920000
v 1.500000 1.953680 -0.920000
v 1.498863 1.953500 -0.920000
v 1.497837 1.952977 -0.920000
v 1.497023 1.952163 -0.920000
v 1.496500 1.951137 -0.920000
v 1.496320 1.950000 -0.920000
v 1.496500 1.948863 -0.920000
v 1.497023 1.947837 -0.920000
v 1.497837 1.947023 -0.920000
v 1.498863 1.946500 -0.920000
v 1.500000 1.946320 -0.920000
v 1.501137 1.946500 -0.920000
v 1.502163 1.947023 -0.920000
v 1.502977 1.947837 -0.920000
v 1.503500 1.948863 -0.920000
v 1.503680 1.950000 -0.920000
vn 0.984963 0.156003 -0.074242
vn 0.930809 0.357716 -0.075058
vn 0.774712 0.627844 -0.075058
vn 0.542780 0.836514 -0.075058
vn 0.257717 0.963301 -0.075058
vn -0.052573 0.995792 -0.075058
vn -0.357716 0.930809 -0.075058
vn -0.627844 0.774712 -0.075058
vn -0.836514 0.542780 -0.075058
vn -0.963301 0.257717 -0.075058
vn -0.995792 -0.052573 -0.075058
vn -0.930809 -0.357716 -0.075058
vn -0.774712 -0.627844 -0.075058
vn -0.542780 -0.836514 -0.075058
vn -0.257717 -0.963301 -0.075058
vn 0.052573 -0.995792 -0.075058
vn 0.357716 -0.930809 -0.075058
vn 0.627844 -0.774712 -0.075058
vn 0.836514 -0.542780 -0.075058
vn 0.963301 -0.257717 -0.075058
vn 0.984963 -0.156003 -0.074242
vn 0.972954 0.154101 -0.172084
vn 0.940545 0.304994 -0.149514
vn 0.800263 0.580711 -0.149514
vn 0.581645 0.799584 -0.149514
vn 0.306093 0.940188 -0.149514
vn 0.000578 0.988759 -0.149514
vn -0.304994 0.940545 -0.149514
vn -0.580711 0.800263 -0.149514
vn -0.799584 0.581645 -0.149514
vn -0.940188 0.306093 -0.149514
vn -0.988759 0.000578 -0.149514
vn -0.940545 -0.304994 -0.149514
vn -0.800263 -0.580711 -0.149514
vn -0.581645 -0.799584 -0.149514
vn -0.306093 -0.940188 -0.149514
vn -0.000578 -0.988759 -0.149514
vn 0.304994 -0.940545 -0.149514
vn 0.580711 -0.800263 -0.149514
vn 0.799584 -0.581645 -0.149514
vn 0.940188 -0.306093 -0.149514
vn 0.980157 -0.155242 -0.123253
vn 0.937722 0.148521 -0.314035
vn 0.909326 0.294280 -0.294151
vn 0.773883 0.560874 -0.294151
vn 0.562687 0.772566 -0.294151
vn 0.296411 0.908634 -0.294151
vn 0.001120 0.955758 -0.294151
vn -0.294280 0.909326 -0.294151
vn -0.560874 0.773883 -0.294151
vn -0.772566 0.562687 -0.294151
vn -0.908634 0.296411 -0.294151
vn -0.955758 0.001120 -0.294151
vn -0.909326 -0.294280 -0.294151
vn -0.773883 -0.560874 -0.294151
vn -0.562687 -0.772566 -0.294151
vn -0.296411 -0.908634 -0.294151
vn -0.001120 -0.955758 -0.294151
vn 0.294280 -0.909326 -0.294151
vn 0.560874 -0.773883 -0.294151
vn 0.772566 -0.562687 -0.294151
vn 0.908634 -0.296411 -0.294151
vn 0.951704 -0.150735 -0.267467
vn 0.883658 0.139958 -0.446721
vn 0.859302 0.277522 -0.429630
vn 0.731486 0.529478 -0.429630
vn 0.532067 0.729605 -0.429630
vn 0.280565 0.858313 -0.429630
vn 0.001600 0.903004 -0.429630
vn -0.277522 0.859302 -0.429630
vn -0.529478 0.731486 -0.429630
vn -0.729605 0.532067 -0.429630
vn -0.858313 0.280565 -0.429630
vn -0.903004 0.001600 -0.429630
vn -0.859302 -0.277522 -0.429630
vn -0.731486 -0.529478 -0.429630
vn -0.532067 -0.729605 -0.429630
vn -0.280565 -0.858313 -0.429630
vn -0.001600 -0.903004 -0.429630
vn 0.277522 -0.859302 -0.429630
vn 0.529478 -0.731486 -0.429630
vn 0.729605 -0.532067 -0.429630
vn 0.858313 -0.280565 -0.429630
vn 0.903652 -0.143124 -0.403644
vn 0.813480 0.128843 -0.567141
vn 0.793215 0.255628 -0.552689
vn 0.675399 0.488233 -0.552689
vn 0.491470 0.673047 -0.552689
vn 0.259433 0.791978 -0.552689
vn 0.002001 0.833385 -0.552689
vn -0.255628 0.793215 -0.552689
vn -0.488233 0.675399 -0.552689
vn -0.673047 0.491470 -0.552689
vn -0.791978 0.259433 -0.552689
vn -0.833385 0.002001 -0.552689
vn -0.793215 -0.255628 -0.552689
vn -0.675399 -0.488233 -0.552689
vn -0.491470 -0.673047 -0.552689
vn -0.259433 -0.791978 -0.552689
vn -0.002001 -0.833385 -0.552689
vn 0.255628 -0.793215 -0.552689
vn 0.488233 -0.675399 -0.552689
vn 0.673047 -0.491470 -0.552689
vn 0.791978 -0.259433 -0.552689
vn 0.838519 -0.132808 -0.528440
vn 0.730223 0.115656 -0.673349
vn 0.714176 0.229613 -0.661234
vn 0.608268 0.439067 -0.661234
vn 0.442818 0.605543 -0.661234
vn 0.234022 0.712744 -0.661234
vn 0.002318 0.750176 -0.661234
vn -0.229613 0.714176 -0.661234
vn -0.439067 0.608268 -0.661234
vn -0.605543 0.442818 -0.661234
vn -0.712744 0.234022 -0.661234
vn -0.750176 0.002318 -0.661234
vn -0.714176 -0.229613 -0.661234
vn -0.608268 -0.439067 -0.661234
vn -0.442818 -0.605543 -0.661234
vn -0.234022 -0.712744 -0.661234
vn -0.002318 -0.750176 -0.661234
vn 0.229613 -0.714176 -0.661234
vn 0.439067 -0.608268 -0.661234
vn 0.605543 -0.442818 -0.661234
vn 0.712744 -0.234022 -0.661234
vn 0.759280 -0.120258 -0.639556
vn 0.636853 0.100868 -0.764358
vn 0.625236 0.200463 -0.754251
vn 0.532689 0.383860 -0.754251
vn 0.387998 0.529682 -0.754251
vn 0.205327 0.623656 -0.754251
vn 0.002557 0.656582 -0.754251
vn -0.200463 0.625236 -0.754251
vn -0.383860 0.532689 -0.754251
vn -0.529682 0.387998 -0.754251
vn -0.623656 0.205327 -0.754251
vn -0.656582 0.002557 -0.754251
vn -0.625236 -0.200463 -0.754251
vn -0.532689 -0.383860 -0.754251
vn -0.387998 -0.529682 -0.754251
vn -0.205327 -0.623656 -0.754251
vn -0.002557 -0.656582 -0.754251
vn 0.200463 -0.625236 -0.754251
vn 0.383860 -0.532689 -0.754251
vn 0.529682 -0.387998 -0.754251
vn 0.623656 -0.205327 -0.754251
vn 0.668964 -0.105953 -0.735704
vn 0.536010 0.084896 -0.839932
vn 0.529091 0.169042 -0.831558
vn 0.450958 0.324266 -0.831558
vn 0.328683 0.447749 -0.831558
vn 0.174234 0.527404 -0.831558
vn 0.002730 0.555432 -0.831558
vn -0.169042 0.529091 -0.831558
vn -0.324266 0.450958 -0.831558
vn -0.447749 0.328683 -0.831558
vn -0.527404 0.174234 -0.831558
vn -0.555432 0.002730 -0.831558
vn -0.529091 -0.169042 -0.831558
vn -0.450958 -0.324266 -0.831558
vn -0.328683 -0.447749 -0.831558
vn -0.174234 -0.527404 -0.831558
vn -0.002730 -0.555432 -0.831558
vn 0.169042 -0.529091 -0.831558
vn 0.324266 -0.450958 -0.831558
vn 0.447749 -0.328683 -0.831558
vn 0.527404 -0.174234 -0.831558
vn 0.570341 -0.090333 -0.816426
vn 0.429877 0.068086 -0.900317
vn 0.427941 0.136051 -0.893508
vn 0.364954 0.261633 -0.893508
vn 0.266243 0.361605 -0.893508
vn 0.141470 0.426180 -0.893508
vn 0.002849 0.449038 -0.893508
vn -0.136051 0.427941 -0.893508
vn -0.261633 0.364954 -0.893508
vn -0.361605 0.266243 -0.893508
vn -0.426180 0.141470 -0.893508
vn -0.449038 0.002849 -0.893508
vn -0.427941 -0.136051 -0.893508
vn -0.364954 -0.261633 -0.893508
vn -0.266243 -0.361605 -0.893508
vn -0.141470 -0.426180 -0.893508
vn -0.002849 -0.449038 -0.893508
vn 0.136051 -0.427941 -0.893508
vn 0.261633 -0.364954 -0.893508
vn 0.361605 -0.266243 -0.893508
vn 0.426180 -0.141470 -0.893508
vn 0.465753 -0.073768 -0.881835
vn 0.320167 0.050709 -0.946003
vn 0.323476 0.102026 -0.940720
vn 0.276116 0.196992 -0.940720
vn 0.201728 0.272675 -0.940720
vn 0.107594 0.321667 -0.940720
vn 0.002927 0.339171 -0.940720
vn -0.102026 0.323476 -0.940720
vn -0.196992 0.276116 -0.940720
vn -0.272675 0.201728 -0.940720
vn -0.321667 0.107594 -0.940720
vn -0.339171 0.002927 -0.940720
vn -0.323476 -0.102026 -0.940720
vn -0.276116 -0.196992 -0.940720
vn -0.201728 -0.272675 -0.940720
vn -0.107594 -0.321667 -0.940720
vn -0.002927 -0.339171 -0.940720
vn 0.102026 -0.323476 -0.940720
vn 0.196992 -0.276116 -0.940720
vn 0.272675 -0.201728 -0.940720
vn 0.321667 -0.107594 -0.940720
vn 0.357068 -0.056554 -0.932365
vn 0.208172 0.032971 -0.977536
vn 0.216933 0.067358 -0.973860
vn 0.185501 0.131097 -0.973860
vn 0.135911 0.182004 -0.973860
vn 0.073017 0.215095 -0.973860
vn 0.002975 0.227130 -0.973860
vn -0.067358 0.216933 -0.973860
vn -0.131097 0.185501 -0.973860
vn -0.182004 0.135911 -0.973860
vn -0.215095 0.073017 -0.973860
vn -0.227130 0.002975 -0.973860
vn -0.216933 -0.067358 -0.973860
vn -0.185501 -0.131097 -0.973860
vn -0.135911 -0.182004 -0.973860
vn -0.073017 -0.215095 -0.973860
vn -0.002975 -0.227130 -0.973860
vn 0.067358 -0.216933 -0.973860
vn 0.131097 -0.185501 -0.973860
vn 0.182004 -0.135911 -0.973860
vn 0.215095 -0.073017 -0.973860
vn 0.245710 -0.038917 -0.968562
vn 0.097328 0.015415 -0.995133
vn 0.110923 0.032989 -0.993281
vn 0.095300 0.065651 -0.993281
vn 0.070348 0.091887 -0.993281
vn 0.038510 0.109129 -0.993281
vn 0.002903 0.115688 -0.993281
vn -0.032989 0.110923 -0.993281
vn -0.065651 0.095300 -0.993281
vn -0.091887 0.070348 -0.993281
vn -0.109129 0.038510 -0.993281
vn -0.115688 0.002903 -0.993281
vn -0.110923 -0.032989 -0.993281
vn -0.095300 -0.065651 -0.993281
vn -0.070348 -0.091887 -0.993281
vn -0.038510 -0.109129 -0.993281
vn -0.002903 -0.115688 -0.993281
vn 0.032989 -0.110923 -0.993281
vn 0.065651 -0.095300 -0.993281
vn 0.091887 -0.070348 -0.993281
vn 0.109129 -0.038510 -0.993281
vn 0.133970 -0.021219 -0.990758
vn 0.060601 0.009598 -0.998116
vn 0.058626 0.015685 -0.998157
vn 0.050910 0.033033 -0.998157
vn 0.038210 0.047149 -0.998157
vn 0.021771 0.056649 -0.998157
vn 0.003200 0.060604 -0.998157
vn -0.015685 0.058626 -0.998157
vn -0.033033 0.050910 -0.998157
vn -0.047149 0.038210 -0.998157
vn -0.056649 0.021771 -0.998157
vn -0.060604 0.003200 -0.998157
vn -0.058626 -0.015685 -0.998157
vn -0.050910 -0.033033 -0.998157
vn -0.038210 -0.047149 -0.998157
vn -0.021771 -0.056649 -0.998157
vn -0.003200 -0.060604 -0.998157
vn 0.015685 -0.058626 -0.998157
vn 0.033033 -0.050910 -0.998157
vn 0.047149 -0.038210 -0.998157
vn 0.056649 -0.021771 -0.998157
vn 0.060601 -0.009598 -0.998116
usemtl steel
f 6489 6510 6511
f 6489 6511 6490
f 6490 6511 6512
f 6490 6512 6491
f 6491 6512 6513
f 6491 6513 6492
f 6492 6513 6514
f 6492 6514 6493
f 6493 6514 6515
f 6493 6515 6494
f 6494 6515 6516
f 6494 6516 6495
f 6495 6516 6517
f 6495 6517 6496
f 6496 6517 6518
f 6496 6518 6497
f 6497 6518 6519
f 6497 6519 6498
f 6498 6519 6520
f 6498 6520 6499
f 6499 6520 6521
f 6499 6521 6500
f 6500 6521 6522
f 6500 6522 6501
f 6501 6522 6523
f 6501 6523 6502
f 6502 6523 6524
f 6502 6524 6503
f 6503 6524 6525
f 6503 6525 6504
f 6504 6525 6526
f 6504 6526 6505
f 6505 6526 6527
f 6505 6527 6506
f 6506 6527 6528
f 6506 6528 6507
f 6507 6528 6529
f 6507 6529 6508
f 6508 6529 6530
f 6508 6530 6509
f 6510 6531 6532
f 6510 6532 6511
f 6511 6532 6533
f 6511 6533 6512
f 6512 6533 6534
f 6512 6534 6513
f 6513 6534 6535
f 6513 6535 6514
f 6514 6535 6536
f 6514 6536 6515
f 6515 6536 6537
f 6515 6537 6516
f 6516 6537 6538
f 6516 6538 6517
f 6517 6538 6539
f 6517 6539 6518
f 6518 6539 6540
f 6518 6540 6519
f 6519 6540 6541
f 6519 6541 6520
f 6520 6541 6542
f 6520 6542 6521
f 6521 6542 6543
f 6521 6543 6522
f 6522 6543 6544
f 6522 6544 6523
f 6523 6544 6545
f 6523 6545 6524
f 6524 6545 6546
f 6524 6546 6525
f 6525 6546 6547
f 6525 6547 6526
f 6526 6547 6548
f 6526 6548 6527
f 6527 6548 6549
f 6527 6549 6528
f 6528 6549 6550
f 6528 6550 6529
f 6529 6550 6551
f 6529 6551 6530
f 6531 6552 6553
f 6531 6553 6532
f 6532 6553 6554
f 6532 6554 6533
f 6533 6554 6555
f 6533 6555 6534
f 6534 6555 6556
f 6534 6556 6535
f 6535 6556 6557
f 6535 6557 6536
f 6536 6557 6558
f 6536 6558 6537
f 6537 6558 6559
f 6537 6559 6538
f 6538 6559 6560
f 6538 6560 6539
f 6539 6560 6561
f 6539 6561 6540
f 6540 6561 6562
f 6540 6562 6541
f 6541 6562 6563
f 6541 6563 6542
f 6542 6563 6564
f 6542 6564 6543
f 6543 6564 6565
f 6543 6565 6544
f 6544 6565 6566
f 6544 6566 6545
f 6545 6566 6567
f 6545 6567 6546
f 6546 6567 6568
f 6546 6568 6547
f 6547 6568 6569
f 6547 6569 6548
f 6548 6569 6570
f 6548 6570 6549
f 6549 6570 6571
f 6549 6571 6550
f 6550 6571 6572
f 6550 6572 6551
f 6552 6573 6574
f 6552 6574 6553
f 6553 6574 6575
f 6553 6575 6554
f 6554 6575 6576
f 6554 6576 6555
f 6555 6576 6577
f 6555 6577 6556
f 6556 6577 6578
f 6556 6578 6557
f 6557 6578 6579
f 6557 6579 6558
f 6558 6579 6580
f 6558 6580 6559
f 6559 6580 6581
f 6559 6581 6560
f 6560 6581 6582
f 6560 6582 6561
f 6561 6582 6583
f 6561 6583 6562
f 6562 6583 6584
f 6562 6584 6563
f 6563 6584 6585
f 6563 6585 6564
f 6564 6585 6586
f 6564 6586 6565
f 6565 6586 6587
f 6565 6587 6566
f 6566 6587 6588
f 6566 6588 6567
f 6567 6588 6589
f 6567 6589 6568
f 6568 6589 6590
f 6568 6590 6569
f 6569 6590 6591
f 6569 6591 6570
f 6570 6591 6592
f 6570 6592 6571
f 6571 6592 6593
f 6571 6593 6572
f 6573 6594 6595
f 6573 6595 6574
f 6574 6595 6596
f 6574 6596 6575
f 6575 6596 6597
f 6575 6597 6576
f 6576 6597 6598
f 6576 6598 6577
f 6577 6598 6599
f 6577 6599 6578
f 6578 6599 6600
f 6578 6600 6579
f 6579 6600 6601
f 6579 6601 6580
f 6580 6601 6602
f 6580 6602 6581
f 6581 6602 6603
f 6581 6603 6582
f 6582 6603 6604
f 6582 6604 6583
f 6583 6604 6605
f 6583 6605 6584
f 6584 6605 6606
f 6584 6606 6585
f 6585 6606 6607
f 6585 6607 6586
f 6586 6607 6608
f 6586 6608 6587
f 6587 6608 6609
f 6587 6609 6588
f 6588 6609 6610
f 6588 6610 6589
f 6589 6610 6611
f 6589 6611 6590
f 6590 6611 6612
f 6590 6612 6591
f 6591 6612 6613
f 6591 6613 6592
f 6592 6613 6614
f 6592 6614 6593
f 6594 6615 6616
f 6594 6616 6595
f 6595 6616 6617
f 6595 6617 6596
f 6596 6617 6618
f 6596 6618 6597
f 6597 6618 6619
f 6597 6619 6598
f 6598 6619 6620
f 6598 6620 6599
f 6599 6620 6621
f 6599 6621 6600
f 6600 6621 6622
f 6600 6622 6601
f 6601 6622 6623
f 6601 6623 6602
f 6602 6623 6624
f 6602 6624 6603
f 6603 6624 6625
f 6603 6625 6604
f 6604 6625 6626
f 6604 6626 6605
f 6605 6626 6627
f 6605 6627 6606
f 6606 6627 6628
f 6606 6628 6607
f 6607 6628 6629
f 6607 6629 6608
f 6608 6629 6630
f 6608 6630 6609
f 6609 6630 6631
f 6609 6631 6610
f 6610 6631 6632
f 6610 6632 6611
f 6611 6632 6633
f 6611 6633 6612
f 6612 6633 6634
f 6612 6634 6613
f 6613 6634 6635
f 6613 6635 6614
f 6615 6636 6637
f 6615 6637 6616
f 6616 6637 6638
f 6616 6638 6617
f 6617 6638 6639
f 6617 6639 6618
f 6618 6639 6640
f 6618 6640 6619
f 6619 6640 6641
f 6619 6641 6620
f 6620 6641 6642
f 6620 6642 6621
f 6621 6642 6643
f 6621 6643 6622
f 6622 6643 6644
f 6622 6644 6623
f 6623 6644 6645
f 6623 6645 6624
f 6624 6645 6646
f 6624 6646 6625
f 6625 6646 6647
f 6625 6647 6626
f 6626 6647 6648
f 6626 6648 6627
f 6627 6648 6649
f 6627 6649 6628
f 6628 6649 6650
f 6628 6650 6629
f 6629 6650 6651
f 6629 6651 6630
f 6630 6651 6652
f 6630 6652 6631
f 6631 6652 6653
f 6631 6653 6632
f 6632 6653 6654
f 6632 6654 6633
f 6633 6654 6655
f 6633 6655 6634
f 6634 6655 6656
f 6634 6656 6635
f 6636 6657 6658
f 6636 6658 6637
f 6637 6658 6659
f 6637 6659 6638
f 6638 6659 6660
f 6638 6660 6639
f 6639 6660 6661
f 6639 6661 6640
f 6640 6661 6662
f 6640 6662 6641
f 6641 6662 6663
f 6641 6663 6642
f 6642 6663 6664
f 6642 6664 6643
f 6643 6664 6665
f 6643 6665 6644
f 6644 6665 6666
f 6644 6666 6645
f 6645 6666 6667
f 6645 6667 6646
f 6646 6667 6668
f 6646 6668 6647
f 6647 6668 6669
f 6647 6669 6648
f 6648 6669 6670
f 6648 6670 6649
f 6649 6670 6671
f 6649 6671 6650
f 6650 6671 6672
f 6650 6672 6651
f 6651 6672 6673
f 6651 6673 6652
f 6652 6673 6674
f 6652 6674 6653
f 6653 6674 6675
f 6653 6675 6654
f 6654 6675 6676
f 6654 6676 6655
f 6655 6676 6677
f 6655 6677 6656
f 6657 6678 6679
f 6657 6679 6658
f 6658 6679 6680
f 6658 6680 6659
f 6659 6680 6681
f 6659 6681 6660
f 6660 6681 6682
f 6660 6682 6661
f 6661 6682 6683
f 6661 6683 6662
f 6662 6683 6684
f 6662 6684 6663
f 6663 6684 6685
f 6663 6685 6664
f 6664 6685 6686
f 6664 6686 6665
f 6665 6686 6687
f 6665 6687 6666
f 6666 6687 6688
f 6666 6688 6667
f 6667 6688 6689
f 6667 6689 6668
f 6668 6689 6690
f 6668 6690 6669
f 6669 6690 6691
f 6669 6691 6670
f 6670 6691 6692
f 6670 6692 6671
f 6671 6692 6693
f 6671 6693 6672
f 6672 6693 6694
f 6672 6694 6673
f 6673 6694 6695
f 6673 6695 6674
f 6674 6695 6696
f 6674 6696 6675
f 6675 6696 6697
f 6675 6697 6676
f 6676 6697 6698
f 6676 6698 6677
f 6678 6699 6700
f 6678 6700 6679
f 6679 6700 6701
f 6679 6701 6680
f 6680 6701 6702
f 6680 6702 6681
f 6681 6702 6703
f 6681 6703 6682
f 6682 6703 6704
f 6682 6704 6683
f 6683 6704 6705
f 6683 6705 6684
f 6684 6705 6706
f 6684 6706 6685
f 6685 6706 6707
f 6685 6707 6686
f 6686 6707 6708
f 6686 6708 6687
f 6687 6708 6709
f 6687 6709 6688
f 6688 6709 6710
f 6688 6710 6689
f 6689 6710 6711
f 6689 6711 6690
f 6690 6711 6712
f 6690 6712 6691
f 6691 6712 6713
f 6691 6713 6692
f 6692 6713 6714
f 6692 6714 6693
f 6693 6714 6715
f 6693 6715 6694
f 6694 6715 6716
f 6694 6716 6695
f 6695 6716 6717
f 6695 6717 6696
f 6696 6717 6718
f 6696 6718 6697
f 6697 6718 6719
f 6697 6719 6698
f 6699 6720 6721
f 6699 6721 6700
f 6700 6721 6722
f 6700 6722 6701
f 6701 6722 6723
f 6701 6723 6702
f 6702 6723 6724
f 6702 6724 6703
f 6703 6724 6725
f 6703 6725 6704
f 6704 6725 6726
f 6704 6726 6705
f 6705 6726 6727
f 6705 6727 6706
f 6706 6727 6728
f 6706 6728 6707
f 6707 6728 6729
f 6707 6729 6708
f 6708 6729 6730
f 6708 6730 6709
f 6709 6730 6731
f 6709 6731 6710
f 6710 6731 6732
f 6710 6732 6711
f 6711 6732 6733
f 6711 6733 6712
f 6712 6733 6734
f 6712 6734 6713
f 6713 6734 6735
f 6713 6735 6714
f 6714 6735 6736
f 6714 6736 6715
f 6715 6736 6737
f 6715 6737 6716
f 6716 6737 6738
f 6716 6738 6717
f 6717 6738 6739
f 6717 6739 6718
f 6718 6739 6740
f 6718 6740 6719
f 6720 6741 6742
f 6720 6742 6721
f 6721 6742 6743
f 6721 6743 6722
f 6722 6743 6744
f 6722 6744 6723
f 6723 6744 6745
f 6723 6745 6724
f 6724 6745 6746
f 6724 6746 6725
f 6725 6746 6747
f 6725 6747 6726
f 6726 6747 6748
f 6726 6748 6727
f 6727 6748 6749
f 6727 6749 6728
f 6728 6749 6750
f 6728 6750 6729
f 6729 6750 6751
f 6729 6751 6730
f 6730 6751 6752
f 6730 6752 6731
f 6731 6752 6753
f 6731 6753 6732
f 6732 6753 6754
f 6732 6754 6733
f 6733 6754 6755
f 6733 6755 6734
f 6734 6755 6756
f 6734 6756 6735
f 6735 6756 6757
f 6735 6757 6736
f 6736 6757 6758
f 6736 6758 6737
f 6737 6758 6759
f 6737 6759 6738
f 6738 6759 6760
f 6738 6760 6739
f 6739 6760 6761
f 6739 6761 6740
o couter_v2_fan_R
v 1.780000 1.790503 0.089497
v 1.780000 1.780165 0.076328
v 1.780000 1.771554 0.054667
v 1.780000 1.770000 0.027500
v 1.780000 1.770000 -0.000000
v 1.780000 1.770000 -0.027500
v 1.780000 1.771554 -0.054667
v 1.780000 1.780165 -0.076328
v 1.780000 1.790503 -0.089497
v 1.780000 1.816456 0.105922
v 1.780000 1.815000 0.082500
v 1.780000 1.815000 0.055000
v 1.780000 1.815000 0.027500
v 1.780000 1.815000 -0.000000
v 1.780000 1.815000 -0.027500
v 1.780000 1.815000 -0.055000
v 1.780000 1.815000 -0.082500
v 1.780000 1.816456 -0.105922
v 1.780000 1.860000 0.110000
v 1.780000 1.860000 0.082500
v 1.780000 1.860000 0.055000
v 1.780000 1.860000 0.027500
v 1.780000 1.860000 -0.000000
v 1.780000 1.860000 -0.027500
v 1.780000 1.860000 -0.055000
v 1.780000 1.860000 -0.082500
v 1.780000 1.860000 -0.110000
v 1.780000 1.905000 0.110000
v 1.780000 1.905000 0.082500
v 1.780000 1.905000 0.055000
v 1.780000 1.905000 0.027500
v 1.780000 1.905000 -0.000000
v 1.780000 1.905000 -0.027500
v 1.780000 1.905000 -0.055000
v 1.780000 1.905000 -0.082500
v 1.780000 1.905000 -0.110000
v 1.780000 1.950000 0.110000
v 1.780000 1.950000 0.082500
v 1.780000 1.950000 0.055000
v 1.780000 1.950000 0.027500
v 1.780000 1.950000 -0.000000
v 1.780000 1.950000 -0.027500
v 1.780000 1.950000 -0.055000
v 1.780000 1.950000 -0.082500
v 1.780000 1.950000 -0.110000
v 1.780000 1.995000 0.110000
v 1.780000 1.995000 0.082500
v 1.780000 1.995000 0.055000
v 1.780000 1.995000 0.027500
v 1.780000 1.995000 -0.000000
v 1.780000 1.995000 -0.027500
v 1.780000 1.995000 -0.055000
v 1.780000 1.995000 -0.082500
v 1.780000 1.995000 -0.110000
v 1.780000 2.040000 0.110000
v 1.780000 2.040000 0.082500
v 1.780000 2.040000 0.055000
v 1.780000 2.040000 0.027500
v 1.780000 2.040000 -0.000000
v 1.780000 2.040000 -0.027500
v 1.780000 2.040000 -0.055000
v 1.780000 2.040000 -0.082500
v 1.780000 2.040000 -0.110000
v 1.780000 2.083544 0.105922
v 1.780000 2.085000 0.082500
v 1.780000 2.085000 0.055000
v 1.780000 2.085000 0.027500
v 1.780000 2.085000 -0.000000
v 1.780000 2.085000 -0.027500
v 1.780000 2.085000 -0.055000
v 1.780000 2.085000 -0.082500
v 1.780000 2.083544 -0.105922
v 1.780000 2.109497 0.089497
v 1.780000 2.119835 0.076328
v 1.780000 2.128446 0.054667
v 1.780000 2.130000 0.027500
v 1.780000 2.130000 -0.000000
v 1.780000 2.130000 -0.027500
v 1.780000 2.128446 -0.054667
v 1.780000 2.119835 -0.076328
v 1.780000 2.109497 -0.089497
v 1.740000 1.790503 0.089497
v 1.740000 1.780165 0.076328
v 1.740000 1.771554 0.054667
v 1.740000 1.770000 0.027500
v 1.740000 1.770000 -0.000000
v 1.740000 1.770000 -0.027500
v 1.740000 1.771554 -0.054667
v 1.740000 1.780165 -0.076328
v 1.740000 1.790503 -0.089497
v 1.740000 1.816456 0.105922
v 1.740000 1.815000 0.082500
v 1.740000 1.815000 0.055000
v 1.740000 1.815000 0.027500
v 1.740000 1.815000 -0.000000
v 1.740000 1.815000 -0.027500
v 1.740000 1.815000 -0.055000
v 1.740000 1.815000 -0.082500
v 1.740000 1.816456 -0.105922
v 1.740000 1.860000 0.110000
v 1.740000 1.860000 0.082500
v 1.740000 1.860000 0.055000
v 1.740000 1.860000 0.027500
v 1.740000 1.860000 -0.000000
v 1.740000 1.860000 -0.027500
v 1.740000 1.860000 -0.055000
v 1.740000 1.860000 -0.082500
v 1.740000 1.860000 -0.110000
v 1.740000 1.905000 0.110000
v 1.740000 1.905000 0.082500
v 1.740000 1.905000 0.055000
v 1.740000 1.905000 0.027500
v 1.740000 1.905000 -0.000000
v 1.740000 1.905000 -0.027500
v 1.740000 1.905000 -0.055000
v 1.740000 1.905000 -0.082500
v 1.740000 1.905000 -0.110000
v 1.740000 1.950000 0.110000
v 1.740000 1.950000 0.082500
v 1.740000 1.950000 0.055000
v 1.740000 1.950000 0.027500
v 1.740000 1.950000 -0.000000
v 1.740000 1.950000 -0.027500
v 1.740000 1.950000 -0.055000
v 1.740000 1.950000 -0.082500
v 1.740000 1.950000 -0.110000
v 1.740000 1.995000 0.110000
v 1.740000 1.995000 0.082500
v 1.740000 1.995000 0.055000
v 1.740000 1.995000 0.027500
v 1.740000 1.995000 -0.000000
v 1.740000 1.995000 -0.027500
v 1.740000 1.995000 -0.055000
v 1.740000 1.995000 -0.082500
v 1.740000 1.995000 -0.110000
v 1.740000 2.040000 0.110000
v 1.740000 2.040000 0.082500
v 1.740000 2.040000 0.055000
v 1.740000 2.040000 0.027500
v 1.740000 2.040000 -0.000000
v 1.740000 2.040000 -0.027500
v 1.740000 2.040000 -0.055000
v 1.740000 2.040000 -0.082500
v 1.740000 2.040000 -0.110000
v 1.740000 2.083544 0.105922
v 1.740000 2.085000 0.082500
v 1.740000 2.085000 0.055000
v 1.740000 2.085000 0.027500
v 1.740000 2.085000 -0.000000
v 1.740000 2.085000 -0.027500
v 1.740000 2.085000 -0.055000
v 1.740000 2.085000 -0.082500
v 1.740000 2.083544 -0.105922
v 1.740000 2.109497 0.089497
v 1.740000 2.119835 0.076328
v 1.740000 2.128446 0.054667
v 1.740000 2.130000 0.027500
v 1.740000 2.130000 -0.000000
v 1.740000 2.130000 -0.027500
v 1.740000 2.128446 -0.054667
v 1.740000 2.119835 -0.076328
v 1.740000 2.109497 -0.089497
vn 0.452456 -0.597849 0.661710
vn 0.710346 -0.626318 0.321146
vn 0.711161 -0.693619 0.114642
vn 0.707235 -0.706850 0.013462
vn 0.707107 -0.707107 0.000000
vn 0.707235 -0.706466 -0.026923
vn 0.711161 -0.677238 -0.188676
vn 0.710346 -0.592535 -0.379883
vn 0.319935 -0.593828 -0.738248
vn 0.715814 -0.172092 0.676753
vn 1.000000 0.000000 0.000000
vn 1.000000 0.000000 0.000000
vn 1.000000 0.000000 0.000000
vn 1.000000 0.000000 0.000000
vn 1.000000 0.000000 0.000000
vn 1.000000 0.000000 0.000000
vn 1.000000 0.000000 0.000000
vn 0.715814 -0.172092 -0.676753
vn 0.707449 -0.021989 0.706422
vn 1.000000 0.000000 0.000000
vn 1.000000 0.000000 0.000000
vn 1.000000 0.000000 0.000000
vn 1.000000 0.000000 0.000000
vn 1.000000 0.000000 0.000000
vn 1.000000 0.000000 0.000000
vn 1.000000 0.000000 0.000000
vn 0.707449 -0.021989 -0.706422
vn 0.707107 0.000000 0.707107
vn 1.000000 0.000000 0.000000
vn 1.000000 0.000000 0.000000
vn 1.000000 0.000000 0.000000
vn 1.000000 0.000000 0.000000
vn 1.000000 0.000000 0.000000
vn 1.000000 0.000000 0.000000
vn 1.000000 0.000000 0.000000
vn 0.707107 0.000000 -0.707107
vn 0.707107 0.000000 0.707107
vn 1.000000 0.000000 0.000000
vn 1.000000 0.000000 0.000000
vn 1.000000 0.000000 0.000000
vn 1.000000 0.000000 0.000000
vn 1.000000 0.000000 0.000000
vn 1.000000 0.000000 0.000000
vn 1.000000 0.000000 0.000000
vn 0.707107 0.000000 -0.707107
vn 0.707107 0.000000 0.707107
vn 1.000000 0.000000 0.000000
vn 1.000000 0.000000 0.000000
vn 1.000000 0.000000 0.000000
vn 1.000000 0.000000 0.000000
vn 1.000000 0.000000 0.000000
vn 1.000000 0.000000 0.000000
vn 1.000000 0.000000 0.000000
vn 0.707107 0.000000 -0.707107
vn 0.707449 0.043978 0.705394
vn 1.000000 0.000000 0.000000
vn 1.000000 0.000000 0.000000
vn 1.000000 0.000000 0.000000
vn 1.000000 0.000000 0.000000
vn 1.000000 0.000000 0.000000
vn 1.000000 0.000000 0.000000
vn 1.000000 0.000000 0.000000
vn 0.707449 0.043978 -0.705394
vn 0.715814 0.277436 0.640812
vn 1.000000 0.000000 0.000000
vn 1.000000 0.000000 0.000000
vn 1.000000 0.000000 0.000000
vn 1.000000 0.000000 0.000000
vn 1.000000 0.000000 0.000000
vn 1.000000 0.000000 0.000000
vn 1.000000 0.000000 0.000000
vn 0.715814 0.277436 -0.640812
vn 0.319935 0.674401 0.665451
vn 0.710346 0.626318 0.321146
vn 0.711161 0.693619 0.114642
vn 0.707235 0.706850 0.013462
vn 0.707107 0.707107 0.000000
vn 0.707235 0.706466 -0.026923
vn 0.711161 0.677238 -0.188676
vn 0.710346 0.592535 -0.379883
vn 0.712254 0.470565 -0.520830
vn -0.712254 -0.470565 0.520830
vn -0.710346 -0.592535 0.379883
vn -0.711161 -0.677238 0.188676
vn -0.707235 -0.706466 0.026923
vn -0.707107 -0.707107 0.000000
vn -0.707235 -0.706850 -0.013462
vn -0.711161 -0.693619 -0.114642
vn -0.710346 -0.626318 -0.321146
vn -0.319935 -0.674401 -0.665451
vn -0.715814 -0.277436 0.640812
vn -1.000000 0.000000 0.000000
vn -1.000000 0.000000 0.000000
vn -1.000000 0.000000 0.000000
vn -1.000000 0.000000 0.000000
vn -1.000000 0.000000 0.000000
vn -1.000000 0.000000 0.000000
vn -1.000000 0.000000 0.000000
vn -0.715814 -0.277436 -0.640812
vn -0.707449 -0.043978 0.705394
vn -1.000000 0.000000 0.000000
vn -1.000000 0.000000 0.000000
vn -1.000000 0.000000 0.000000
vn -1.000000 0.000000 0.000000
vn -1.000000 0.000000 0.000000
vn -1.000000 0.000000 0.000000
vn -1.000000 0.000000 0.000000
vn -0.707449 -0.043978 -0.705394
vn -0.707107 0.000000 0.707107
vn -1.000000 0.000000 0.000000
vn -1.000000 0.000000 0.000000
vn -1.000000 0.000000 0.000000
vn -1.000000 0.000000 0.000000
vn -1.000000 0.000000 0.000000
vn -1.000000 0.000000 0.000000
vn -1.000000 0.000000 0.000000
vn -0.707107 0.000000 -0.707107
vn -0.707107 0.000000 0.707107
vn -1.000000 0.000000 0.000000
vn -1.000000 0.000000 0.000000
vn -1.000000 0.000000 0.000000
vn -1.000000 0.000000 0.000000
vn -1.000000 0.000000 0.000000
vn -1.000000 0.000000 0.000000
vn -1.000000 0.000000 0.000000
vn -0.707107 0.000000 -0.707107
vn -0.707107 0.000000 0.707107
vn -1.000000 0.000000 0.000000
vn -1.000000 0.000000 0.000000
vn -1.000000 0.000000 0.000000
vn -1.000000 0.000000 0.000000
vn -1.000000 0.000000 0.000000
vn -1.000000 0.000000 0.000000
vn -1.000000 0.000000 0.000000
vn -0.707107 0.000000 -0.707107
vn -0.707449 0.021989 0.706422
vn -1.000000 0.000000 0.000000
vn -1.000000 0.000000 0.000000
vn -1.000000 0.000000 0.000000
vn -1.000000 0.000000 0.000000
vn -1.000000 0.000000 0.000000
vn -1.000000 0.000000 0.000000
vn -1.000000 0.000000 0.000000
vn -0.707449 0.021989 -0.706422
vn -0.715814 0.172092 0.676753
vn -1.000000 0.000000 0.000000
vn -1.000000 0.000000 0.000000
vn -1.000000 0.000000 0.000000
vn -1.000000 0.000000 0.000000
vn -1.000000 0.000000 0.000000
vn -1.000000 0.000000 0.000000
vn -1.000000 0.000000 0.000000
vn -0.715814 0.172092 -0.676753
vn -0.319935 0.593828 0.738248
vn -0.710346 0.592535 0.379883
vn -0.711161 0.677238 0.188676
vn -0.707235 0.706466 0.026923
vn -0.707107 0.707107 0.000000
vn -0.707235 0.706850 -0.013462
vn -0.711161 0.693619 -0.114642
vn -0.710346 0.626318 -0.321146
vn -0.452456 0.597849 -0.661710
usemtl steel
f 6762 6763 6772
f 6762 6772 6771
f 6763 6764 6773
f 6763 6773 6772
f 6764 6765 6774
f 6764 6774 6773
f 6765 6766 6775
f 6765 6775 6774
f 6766 6767 6776
f 6766 6776 6775
f 6767 6768 6777
f 6767 6777 6776
f 6768 6769 6778
f 6768 6778 6777
f 6769 6770 6779
f 6769 6779 6778
f 6771 6772 6781
f 6771 6781 6780
f 6772 6773 6782
f 6772 6782 6781
f 6773 6774 6783
f 6773 6783 6782
f 6774 6775 6784
f 6774 6784 6783
f 6775 6776 6785
f 6775 6785 6784
f 6776 6777 6786
f 6776 6786 6785
f 6777 6778 6787
f 6777 6787 6786
f 6778 6779 6788
f 6778 6788 6787
f 6780 6781 6790
f 6780 6790 6789
f 6781 6782 6791
f 6781 6791 6790
f 6782 6783 6792
f 6782 6792 6791
f 6783 6784 6793
f 6783 6793 6792
f 6784 6785 6794
f 6784 6794 6793
f 6785 6786 6795
f 6785 6795 6794
f 6786 6787 6796
f 6786 6796 6795
f 6787 6788 6797
f 6787 6797 6796
f 6789 6790 6799
f 6789 6799 6798
f 6790 6791 6800
f 6790 6800 6799
f 6791 6792 6801
f 6791 6801 6800
f 6792 6793 6802
f 6792 6802 6801
f 6793 6794 6803
f 6793 6803 6802
f 6794 6795 6804
f 6794 6804 6803
f 6795 6796 6805
f 6795 6805 6804
f 6796 6797 6806
f 6796 6806 6805
f 6798 6799 6808
f 6798 6808 6807
f 6799 6800 6809
f 6799 6809 6808
f 6800 6801 6810
f 6800 6810 6809
f 6801 6802 6811
f 6801 6811 6810
f 6802 6803 6812
f 6802 6812 6811
f 6803 6804 6813
f 6803 6813 6812
f 6804 6805 6814
f 6804 6814 6813
f 6805 6806 6815
f 6805 6815 6814
f 6807 6808 6817
f 6807 6817 6816
f 6808 6809 6818
f 6808 6818 6817
f 6809 6810 6819
f 6809 6819 6818
f 6810 6811 6820
f 6810 6820 6819
f 6811 6812 6821
f 6811 6821 6820
f 6812 6813 6822
f 6812 6822 6821
f 6813 6814 6823
f 6813 6823 6822
f 6814 6815 6824
f 6814 6824 6823
f 6816 6817 6826
f 6816 6826 6825
f 6817 6818 6827
f 6817 6827 6826
f 6818 6819 6828
f 6818 6828 6827
f 6819 6820 6829
f 6819 6829 6828
f 6820 6821 6830
f 6820 6830 6829
f 6821 6822 6831
f 6821 6831 6830
f 6822 6823 6832
f 6822 6832 6831
f 6823 6824 6833
f 6823 6833 6832
f 6825 6826 6835
f 6825 6835 6834
f 6826 6827 6836
f 6826 6836 6835
f 6827 6828 6837
f 6827 6837 6836
f 6828 6829 6838
f 6828 6838 6837
f 6829 6830 6839
f 6829 6839 6838
f 6830 6831 6840
f 6830 6840 6839
f 6831 6832 6841
f 6831 6841 6840
f 6832 6833 6842
f 6832 6842 6841
f 6843 6852 6853
f 6843 6853 6844
f 6844 6853 6854
f 6844 6854 6845
f 6845 6854 6855
f 6845 6855 6846
f 6846 6855 6856
f 6846 6856 6847
f 6847 6856 6857
f 6847 6857 6848
f 6848 6857 6858
f 6848 6858 6849
f 6849 6858 6859
f 6849 6859 6850
f 6850 6859 6860
f 6850 6860 6851
f 6852 6861 6862
f 6852 6862 6853
f 6853 6862 6863
f 6853 6863 6854
f 6854 6863 6864
f 6854 6864 6855
f 6855 6864 6865
f 6855 6865 6856
f 6856 6865 6866
f 6856 6866 6857
f 6857 6866 6867
f 6857 6867 6858
f 6858 6867 6868
f 6858 6868 6859
f 6859 6868 6869
f 6859 6869 6860
f 6861 6870 6871
f 6861 6871 6862
f 6862 6871 6872
f 6862 6872 6863
f 6863 6872 6873
f 6863 6873 6864
f 6864 6873 6874
f 6864 6874 6865
f 6865 6874 6875
f 6865 6875 6866
f 6866 6875 6876
f 6866 6876 6867
f 6867 6876 6877
f 6867 6877 6868
f 6868 6877 6878
f 6868 6878 6869
f 6870 6879 6880
f 6870 6880 6871
f 6871 6880 6881
f 6871 6881 6872
f 6872 6881 6882
f 6872 6882 6873
f 6873 6882 6883
f 6873 6883 6874
f 6874 6883 6884
f 6874 6884 6875
f 6875 6884 6885
f 6875 6885 6876
f 6876 6885 6886
f 6876 6886 6877
f 6877 6886 6887
f 6877 6887 6878
f 6879 6888 6889
f 6879 6889 6880
f 6880 6889 6890
f 6880 6890 6881
f 6881 6890 6891
f 6881 6891 6882
f 6882 6891 6892
f 6882 6892 6883
f 6883 6892 6893
f 6883 6893 6884
f 6884 6893 6894
f 6884 6894 6885
f 6885 6894 6895
f 6885 6895 6886
f 6886 6895 6896
f 6886 6896 6887
f 6888 6897 6898
f 6888 6898 6889
f 6889 6898 6899
f 6889 6899 6890
f 6890 6899 6900
f 6890 6900 6891
f 6891 6900 6901
f 6891 6901 6892
f 6892 6901 6902
f 6892 6902 6893
f 6893 6902 6903
f 6893 6903 6894
f 6894 6903 6904
f 6894 6904 6895
f 6895 6904 6905
f 6895 6905 6896
f 6897 6906 6907
f 6897 6907 6898
f 6898 6907 6908
f 6898 6908 6899
f 6899 6908 6909
f 6899 6909 6900
f 6900 6909 6910
f 6900 6910 6901
f 6901 6910 6911
f 6901 6911 6902
f 6902 6911 6912
f 6902 6912 6903
f 6903 6912 6913
f 6903 6913 6904
f 6904 6913 6914
f 6904 6914 6905
f 6906 6915 6916
f 6906 6916 6907
f 6907 6916 6917
f 6907 6917 6908
f 6908 6917 6918
f 6908 6918 6909
f 6909 6918 6919
f 6909 6919 6910
f 6910 6919 6920
f 6910 6920 6911
f 6911 6920 6921
f 6911 6921 6912
f 6912 6921 6922
f 6912 6922 6913
f 6913 6922 6923
f 6913 6923 6914
f 6762 6771 6852
f 6762 6852 6843
f 6770 6851 6860
f 6770 6860 6779
f 6771 6780 6861
f 6771 6861 6852
f 6779 6860 6869
f 6779 6869 6788
f 6780 6789 6870
f 6780 6870 6861
f 6788 6869 6878
f 6788 6878 6797
f 6789 6798 6879
f 6789 6879 6870
f 6797 6878 6887
f 6797 6887 6806
f 6798 6807 6888
f 6798 6888 6879
f 6806 6887 6896
f 6806 6896 6815
f 6807 6816 6897
f 6807 6897 6888
f 6815 6896 6905
f 6815 6905 6824
f 6816 6825 6906
f 6816 6906 6897
f 6824 6905 6914
f 6824 6914 6833
f 6825 6834 6915
f 6825 6915 6906
f 6833 6914 6923
f 6833 6923 6842
f 6762 6843 6844
f 6762 6844 6763
f 6834 6835 6916
f 6834 6916 6915
f 6763 6844 6845
f 6763 6845 6764
f 6835 6836 6917
f 6835 6917 6916
f 6764 6845 6846
f 6764 6846 6765
f 6836 6837 6918
f 6836 6918 6917
f 6765 6846 6847
f 6765 6847 6766
f 6837 6838 6919
f 6837 6919 6918
f 6766 6847 6848
f 6766 6848 6767
f 6838 6839 6920
f 6838 6920 6919
f 6767 6848 6849
f 6767 6849 6768
f 6839 6840 6921
f 6839 6921 6920
f 6768 6849 6850
f 6768 6850 6769
f 6840 6841 6922
f 6840 6922 6921
f 6769 6850 6851
f 6769 6851 6770
f 6841 6842 6923
f 6841 6923 6922
o vambrace_R
v 2.060000 1.100000 0.000000
v 2.020000 1.950000 0.000000
v 2.032592 1.100000 0.173050
v 1.994549 1.950000 0.160689
v 1.953050 1.100000 0.329160
v 1.920689 1.950000 0.305648
v 1.829160 1.100000 0.453050
v 1.805648 1.950000 0.420689
v 1.673050 1.100000 0.532592
v 1.660689 1.950000 0.494549
v 1.500000 1.100000 0.560000
v 1.500000 1.950000 0.520000
v 1.326950 1.100000 0.532592
v 1.339311 1.950000 0.494549
v 1.170840 1.100000 0.453050
v 1.194352 1.950000 0.420689
v 1.046950 1.100000 0.329160
v 1.079311 1.950000 0.305648
v 0.967408 1.100000 0.173050
v 1.005451 1.950000 0.160689
v 0.940000 1.100000 0.000000
v 0.980000 1.950000 0.000000
v 0.967408 1.100000 -0.173050
v 1.005451 1.950000 -0.160689
v 1.046950 1.100000 -0.329160
v 1.079311 1.950000 -0.305648
v 1.170840 1.100000 -0.453050
v 1.194352 1.950000 -0.420689
v 1.326950 1.100000 -0.532592
v 1.339311 1.950000 -0.494549
v 1.500000 1.100000 -0.560000
v 1.500000 1.950000 -0.520000
v 1.673050 1.100000 -0.532592
v 1.660689 1.950000 -0.494549
v 1.829160 1.100000 -0.453050
v 1.805648 1.950000 -0.420689
v 1.953050 1.100000 -0.329160
v 1.920689 1.950000 -0.305648
v 2.032592 1.100000 -0.173050
v 1.994549 1.950000 -0.160689
v 2.060000 1.100000 -0.000000
v 2.020000 1.950000 -0.000000
vn 0.986623 0.046429 0.156266
vn 0.986623 0.046429 0.156266
vn 0.932413 0.046942 0.358333
vn 0.964961 0.046942 0.258161
vn 0.776047 0.046942 0.628926
vn 0.837956 0.046942 0.543715
vn 0.543715 0.046942 0.837956
vn 0.628926 0.046942 0.776047
vn 0.258161 0.046942 0.964961
vn 0.358333 0.046942 0.932413
vn -0.052663 0.046942 0.997508
vn 0.052663 0.046942 0.997508
vn -0.358333 0.046942 0.932413
vn -0.258161 0.046942 0.964961
vn -0.628926 0.046942 0.776047
vn -0.543715 0.046942 0.837956
vn -0.837956 0.046942 0.543715
vn -0.776047 0.046942 0.628926
vn -0.964961 0.046942 0.258161
vn -0.932413 0.046942 0.358333
vn -0.997508 0.046942 -0.052663
vn -0.997508 0.046942 0.052663
vn -0.932413 0.046942 -0.358333
vn -0.964961 0.046942 -0.258161
vn -0.776047 0.046942 -0.628926
vn -0.837956 0.046942 -0.543715
vn -0.543715 0.046942 -0.837956
vn -0.628926 0.046942 -0.776047
vn -0.258161 0.046942 -0.964961
vn -0.358333 0.046942 -0.932413
vn 0.052663 0.046942 -0.997508
vn -0.052663 0.046942 -0.997508
vn 0.358333 0.046942 -0.932413
vn 0.258161 0.046942 -0.964961
vn 0.628926 0.046942 -0.776047
vn 0.543715 0.046942 -0.837956
vn 0.837956 0.046942 -0.543715
vn 0.776047 0.046942 -0.628926
vn 0.964961 0.046942 -0.258161
vn 0.932413 0.046942 -0.358333
vn 0.986623 0.046429 -0.156266
vn 0.986623 0.046429 -0.156266
usemtl steel
f 6924 6925 6927
f 6924 6927 6926
f 6926 6927 6929
f 6926 6929 6928
f 6928 6929 6931
f 6928 6931 6930
f 6930 6931 6933
f 6930 6933 6932
f 6932 6933 6935
f 6932 6935 6934
f 6934 6935 6937
f 6934 6937 6936
f 6936 6937 6939
f 6936 6939 6938
f 6938 6939 6941
f 6938 6941 6940
f 6940 6941 6943
f 6940 6943 6942
f 6942 6943 6945
f 6942 6945 6944
f 6944 6945 6947
f 6944 6947 6946
f 6946 6947 6949
f 6946 6949 6948
f 6948 6949 6951
f 6948 6951 6950
f 6950 6951 6953
f 6950 6953 6952
f 6952 6953 6955
f 6952 6955 6954
f 6954 6955 6957
f 6954 6957 6956
f 6956 6957 6959
f 6956 6959 6958
f 6958 6959 6961
f 6958 6961 6960
f 6960 6961 6963
f 6960 6963 6962
f 6962 6963 6965
f 6962 6965 6964
o gauntlet_v2_cuff_R
v 2.080000 1.020000 0.000000
v 2.000000 1.200000 0.000000
v 2.051613 1.020000 0.179230
v 1.975528 1.200000 0.154508
v 1.969230 1.020000 0.340915
v 1.904508 1.200000 0.293893
v 1.840915 1.020000 0.469230
v 1.793893 1.200000 0.404508
v 1.679230 1.020000 0.551613
v 1.654508 1.200000 0.475528
v 1.500000 1.020000 0.580000
v 1.500000 1.200000 0.500000
v 1.320770 1.020000 0.551613
v 1.345492 1.200000 0.475528
v 1.159085 1.020000 0.469230
v 1.206107 1.200000 0.404508
v 1.030770 1.020000 0.340915
v 1.095492 1.200000 0.293893
v 0.948387 1.020000 0.179230
v 1.024472 1.200000 0.154508
v 0.920000 1.020000 0.000000
v 1.000000 1.200000 0.000000
v 0.948387 1.020000 -0.179230
v 1.024472 1.200000 -0.154508
v 1.030770 1.020000 -0.340915
v 1.095492 1.200000 -0.293893
v 1.159085 1.020000 -0.469230
v 1.206107 1.200000 -0.404508
v 1.320770 1.020000 -0.551613
v 1.345492 1.200000 -0.475528
v 1.500000 1.020000 -0.580000
v 1.500000 1.200000 -0.500000
v 1.679230 1.020000 -0.551613
v 1.654508 1.200000 -0.475528
v 1.840915 1.020000 -0.469230
v 1.793893 1.200000 -0.404508
v 1.969230 1.020000 -0.340915
v 1.904508 1.200000 -0.293893
v 2.051613 1.020000 -0.179230
v 1.975528 1.200000 -0.154508
v 2.080000 1.020000 -0.000000
v 2.000000 1.200000 -0.000000
vn 0.904388 0.401950 0.143241
vn 0.904388 0.401950 0.143241
vn 0.853186 0.405667 0.327885
vn 0.882968 0.405667 0.236225
vn 0.710106 0.405667 0.575486
vn 0.766755 0.405667 0.497516
vn 0.497516 0.405667 0.766755
vn 0.575486 0.405667 0.710106
vn 0.236225 0.405667 0.882968
vn 0.327885 0.405667 0.853186
vn -0.048188 0.405667 0.912750
vn 0.048188 0.405667 0.912750
vn -0.327885 0.405667 0.853186
vn -0.236225 0.405667 0.882968
vn -0.575486 0.405667 0.710106
vn -0.497516 0.405667 0.766755
vn -0.766755 0.405667 0.497516
vn -0.710106 0.405667 0.575486
vn -0.882968 0.405667 0.236225
vn -0.853186 0.405667 0.327885
vn -0.912750 0.405667 -0.048188
vn -0.912750 0.405667 0.048188
vn -0.853186 0.405667 -0.327885
vn -0.882968 0.405667 -0.236225
vn -0.710106 0.405667 -0.575486
vn -0.766755 0.405667 -0.497516
vn -0.497516 0.405667 -0.766755
vn -0.575486 0.405667 -0.710106
vn -0.236225 0.405667 -0.882968
vn -0.327885 0.405667 -0.853186
vn 0.048188 0.405667 -0.912750
vn -0.048188 0.405667 -0.912750
vn 0.327885 0.405667 -0.853186
vn 0.236225 0.405667 -0.882968
vn 0.575486 0.405667 -0.710106
vn 0.497516 0.405667 -0.766755
vn 0.766755 0.405667 -0.497516
vn 0.710106 0.405667 -0.575486
vn 0.882968 0.405667 -0.236225
vn 0.853186 0.405667 -0.327885
vn 0.904388 0.401950 -0.143241
vn 0.904388 0.401950 -0.143241
usemtl steel
f 6966 6967 6969
f 6966 6969 6968
f 6968 6969 6971
f 6968 6971 6970
f 6970 6971 6973
f 6970 6973 6972
f 6972 6973 6975
f 6972 6975 6974
f 6974 6975 6977
f 6974 6977 6976
f 6976 6977 6979
f 6976 6979 6978
f 6978 6979 6981
f 6978 6981 6980
f 6980 6981 6983
f 6980 6983 6982
f 6982 6983 6985
f 6982 6985 6984
f 6984 6985 6987
f 6984 6987 6986
f 6986 6987 6989
f 6986 6989 6988
f 6988 6989 6991
f 6988 6991 6990
f 6990 6991 6993
f 6990 6993 6992
f 6992 6993 6995
f 6992 6995 6994
f 6994 6995 6997
f 6994 6997 6996
f 6996 6997 6999
f 6996 6999 6998
f 6998 6999 7001
f 6998 7001 7000
f 7000 7001 7003
f 7000 7003 7002
f 7002 7003 7005
f 7002 7005 7004
f 7004 7005 7007
f 7004 7007 7006
o gauntlet_v2_knuckle_R
v 1.960000 1.020000 0.000000
v 1.932259 1.020000 0.157329
v 1.852380 1.020000 0.295682
v 1.730000 1.020000 0.398372
v 1.579878 1.020000 0.453012
v 1.420122 1.020000 0.453012
v 1.270000 1.020000 0.398372
v 1.147620 1.020000 0.295682
v 1.067741 1.020000 0.157329
v 1.040000 1.020000 0.000000
v 1.067741 1.020000 -0.157329
v 1.147620 1.020000 -0.295682
v 1.270000 1.020000 -0.398372
v 1.420122 1.020000 -0.453012
v 1.579878 1.020000 -0.453012
v 1.730000 1.020000 -0.398372
v 1.852380 1.020000 -0.295682
v 1.932259 1.020000 -0.157329
v 1.960000 1.020000 -0.000000
v 1.956065 1.038274 0.000000
v 1.928561 1.038274 0.155983
v 1.849366 1.038274 0.293153
v 1.728032 1.038274 0.394964
v 1.579195 1.038274 0.449136
v 1.420805 1.038274 0.449136
v 1.271968 1.038274 0.394964
v 1.150634 1.038274 0.293153
v 1.071439 1.038274 0.155983
v 1.043935 1.038274 0.000000
v 1.071439 1.038274 -0.155983
v 1.150634 1.038274 -0.293153
v 1.271968 1.038274 -0.394964
v 1.420805 1.038274 -0.449136
v 1.579195 1.038274 -0.449136
v 1.728032 1.038274 -0.394964
v 1.849366 1.038274 -0.293153
v 1.928561 1.038274 -0.155983
v 1.956065 1.038274 -0.000000
v 1.944326 1.056235 0.000000
v 1.917530 1.056235 0.151968
v 1.840373 1.056235 0.285607
v 1.722163 1.056235 0.384797
v 1.577156 1.056235 0.437576
v 1.422844 1.056235 0.437576
v 1.277837 1.056235 0.384797
v 1.159627 1.056235 0.285607
v 1.082470 1.056235 0.151968
v 1.055674 1.056235 0.000000
v 1.082470 1.056235 -0.151968
v 1.159627 1.056235 -0.285607
v 1.277837 1.056235 -0.384797
v 1.422844 1.056235 -0.437576
v 1.577156 1.056235 -0.437576
v 1.722163 1.056235 -0.384797
v 1.840373 1.056235 -0.285607
v 1.917530 1.056235 -0.151968
v 1.944326 1.056235 -0.000000
v 1.924985 1.073576 0.000000
v 1.899355 1.073576 0.145353
v 1.825557 1.073576 0.273175
v 1.712492 1.073576 0.368047
v 1.573798 1.073576 0.418528
v 1.426202 1.073576 0.418528
v 1.287508 1.073576 0.368047
v 1.174443 1.073576 0.273175
v 1.100645 1.073576 0.145353
v 1.075015 1.073576 0.000000
v 1.100645 1.073576 -0.145353
v 1.174443 1.073576 -0.273175
v 1.287508 1.073576 -0.368047
v 1.426202 1.073576 -0.418528
v 1.573798 1.073576 -0.418528
v 1.712492 1.073576 -0.368047
v 1.825557 1.073576 -0.273175
v 1.899355 1.073576 -0.145353
v 1.924985 1.073576 -0.000000
v 1.898372 1.090000 0.000000
v 1.874347 1.090000 0.136251
v 1.805170 1.090000 0.256068
v 1.699186 1.090000 0.345000
v 1.569177 1.090000 0.392320
v 1.430823 1.090000 0.392320
v 1.300814 1.090000 0.345000
v 1.194830 1.090000 0.256068
v 1.125653 1.090000 0.136251
v 1.101628 1.090000 0.000000
v 1.125653 1.090000 -0.136251
v 1.194830 1.090000 -0.256068
v 1.300814 1.090000 -0.345000
v 1.430823 1.090000 -0.392320
v 1.569177 1.090000 -0.392320
v 1.699186 1.090000 -0.345000
v 1.805170 1.090000 -0.256068
v 1.874347 1.090000 -0.136251
v 1.898372 1.090000 -0.000000
v 1.864943 1.105227 0.000000
v 1.842934 1.105227 0.124818
v 1.779562 1.105227 0.234581
v 1.682471 1.105227 0.316050
v 1.563372 1.105227 0.359398
v 1.436628 1.105227 0.359398
v 1.317529 1.105227 0.316050
v 1.220438 1.105227 0.234581
v 1.157066 1.105227 0.124818
v 1.135057 1.105227 0.000000
v 1.157066 1.105227 -0.124818
v 1.220438 1.105227 -0.234581
v 1.317529 1.105227 -0.316050
v 1.436628 1.105227 -0.359398
v 1.563372 1.105227 -0.359398
v 1.682471 1.105227 -0.316050
v 1.779562 1.105227 -0.234581
v 1.842934 1.105227 -0.124818
v 1.864943 1.105227 -0.000000
v 1.825269 1.118995 0.000000
v 1.805653 1.118995 0.111249
v 1.749171 1.118995 0.209079
v 1.662635 1.118995 0.281691
v 1.556482 1.118995 0.320328
v 1.443518 1.118995 0.320328
v 1.337365 1.118995 0.281691
v 1.250829 1.118995 0.209079
v 1.194347 1.118995 0.111249
v 1.174731 1.118995 0.000000
v 1.194347 1.118995 -0.111249
v 1.250829 1.118995 -0.209079
v 1.337365 1.118995 -0.281691
v 1.443518 1.118995 -0.320328
v 1.556482 1.118995 -0.320328
v 1.662635 1.118995 -0.281691
v 1.749171 1.118995 -0.209079
v 1.805653 1.118995 -0.111249
v 1.825269 1.118995 -0.000000
v 1.780030 1.131069 0.000000
v 1.763142 1.131069 0.095776
v 1.714516 1.131069 0.180000
v 1.640015 1.131069 0.242513
v 1.548627 1.131069 0.275776
v 1.451373 1.131069 0.275776
v 1.359985 1.131069 0.242513
v 1.285484 1.131069 0.180000
v 1.236858 1.131069 0.095776
v 1.219970 1.131069 0.000000
v 1.236858 1.131069 -0.095776
v 1.285484 1.131069 -0.180000
v 1.359985 1.131069 -0.242513
v 1.451373 1.131069 -0.275776
v 1.548627 1.131069 -0.275776
v 1.640015 1.131069 -0.242513
v 1.714516 1.131069 -0.180000
v 1.763142 1.131069 -0.095776
v 1.780030 1.131069 -0.000000
v 1.730000 1.141244 0.000000
v 1.716129 1.141244 0.078665
v 1.676190 1.141244 0.147841
v 1.615000 1.141244 0.199186
v 1.539939 1.141244 0.226506
v 1.460061 1.141244 0.226506
v 1.385000 1.141244 0.199186
v 1.323810 1.141244 0.147841
v 1.283871 1.141244 0.078665
v 1.270000 1.141244 0.000000
v 1.283871 1.141244 -0.078665
v 1.323810 1.141244 -0.147841
v 1.385000 1.141244 -0.199186
v 1.460061 1.141244 -0.226506
v 1.539939 1.141244 -0.226506
v 1.615000 1.141244 -0.199186
v 1.676190 1.141244 -0.147841
v 1.716129 1.141244 -0.078665
v 1.730000 1.141244 -0.000000
v 1.676034 1.149343 0.000000
v 1.665418 1.149343 0.060207
v 1.634850 1.149343 0.113153
v 1.588017 1.149343 0.152450
v 1.530568 1.149343 0.173360
v 1.469432 1.149343 0.173360
v 1.411983 1.149343 0.152450
v 1.365150 1.149343 0.113153
v 1.334582 1.149343 0.060207
v 1.323966 1.149343 0.000000
v 1.334582 1.149343 -0.060207
v 1.365150 1.149343 -0.113153
v 1.411983 1.149343 -0.152450
v 1.469432 1.149343 -0.173360
v 1.530568 1.149343 -0.173360
v 1.588017 1.149343 -0.152450
v 1.634850 1.149343 -0.113153
v 1.665418 1.149343 -0.060207
v 1.676034 1.149343 -0.000000
v 1.619057 1.155230 0.000000
v 1.611877 1.155230 0.040720
v 1.591203 1.155230 0.076528
v 1.559528 1.155230 0.103106
v 1.520674 1.155230 0.117248
v 1.479326 1.155230 0.117248
v 1.440472 1.155230 0.103106
v 1.408797 1.155230 0.076528
v 1.388123 1.155230 0.040720
v 1.380943 1.155230 0.000000
v 1.388123 1.155230 -0.040720
v 1.408797 1.155230 -0.076528
v 1.440472 1.155230 -0.103106
v 1.479326 1.155230 -0.117248
v 1.520674 1.155230 -0.117248
v 1.559528 1.155230 -0.103106
v 1.591203 1.155230 -0.076528
v 1.611877 1.155230 -0.040720
v 1.619057 1.155230 -0.000000
v 1.560042 1.158802 0.000000
v 1.556421 1.158802 0.020536
v 1.545995 1.158802 0.038594
v 1.530021 1.158802 0.051998
v 1.510426 1.158802 0.059130
v 1.489574 1.158802 0.059130
v 1.469979 1.158802 0.051998
v 1.454005 1.158802 0.038594
v 1.443579 1.158802 0.020536
v 1.439958 1.158802 0.000000
v 1.443579 1.158802 -0.020536
v 1.454005 1.158802 -0.038594
v 1.469979 1.158802 -0.051998
v 1.489574 1.158802 -0.059130
v 1.510426 1.158802 -0.059130
v 1.530021 1.158802 -0.051998
v 1.545995 1.158802 -0.038594
v 1.556421 1.158802 -0.020536
v 1.560042 1.158802 -0.000000
v 1.503680 1.160000 0.000000
v 1.503458 1.160000 0.001259
v 1.502819 1.160000 0.002365
v 1.501840 1.160000 0.003187
v 1.500639 1.160000 0.003624
v 1.499361 1.160000 0.003624
v 1.498160 1.160000 0.003187
v 1.497181 1.160000 0.002365
v 1.496542 1.160000 0.001259
v 1.496320 1.160000 0.000000
v 1.496542 1.160000 -0.001259
v 1.497181 1.160000 -0.002365
v 1.498160 1.160000 -0.003187
v 1.499361 1.160000 -0.003624
v 1.500639 1.160000 -0.003624
v 1.501840 1.160000 -0.003187
v 1.502819 1.160000 -0.002365
v 1.503458 1.160000 -0.001259
v 1.503680 1.160000 -0.000000
vn 0.963380 0.207471 0.169870
vn 0.897499 0.210184 0.387708
vn 0.710770 0.210184 0.671289
vn 0.438310 0.210184 0.873903
vn 0.112984 0.210184 0.971111
vn -0.225969 0.210184 0.951189
vn -0.537667 0.210184 0.816540
vn -0.784515 0.210184 0.583403
vn -0.936738 0.210184 0.279900
vn -0.975978 0.210184 -0.057364
vn -0.897499 0.210184 -0.387708
vn -0.710770 0.210184 -0.671289
vn -0.438310 0.210184 -0.873903
vn -0.112984 0.210184 -0.971111
vn 0.225969 0.210184 -0.951189
vn 0.537667 0.210184 -0.816540
vn 0.784515 0.210184 -0.583403
vn 0.936738 0.210184 -0.279900
vn 0.963380 0.207471 -0.169870
vn 0.886115 0.436334 0.156246
vn 0.868416 0.385596 0.311720
vn 0.709430 0.385596 0.589937
vn 0.464876 0.385596 0.796998
vn 0.164251 0.385596 0.907930
vn -0.156185 0.385596 0.909352
vn -0.457783 0.385596 0.801093
vn -0.704165 0.385596 0.596210
vn -0.865615 0.385596 0.319416
vn -0.922659 0.385596 0.004095
vn -0.868416 0.385596 -0.311720
vn -0.709430 0.385596 -0.589937
vn -0.464876 0.385596 -0.796998
vn -0.164251 0.385596 -0.907930
vn 0.156185 0.385596 -0.909352
vn 0.457783 0.385596 -0.801093
vn 0.704165 0.385596 -0.596210
vn 0.865615 0.385596 -0.319416
vn 0.931874 0.323437 -0.164315
vn 0.723460 0.678478 0.127566
vn 0.714532 0.651547 0.254814
vn 0.584289 0.651547 0.483831
vn 0.383572 0.651547 0.654491
vn 0.136591 0.651547 0.746210
vn -0.126866 0.651547 0.747925
vn -0.375020 0.651547 0.659429
vn -0.577941 0.651547 0.491396
vn -0.711154 0.651547 0.264094
vn -0.758592 0.651547 0.004938
vn -0.714532 0.651547 -0.254814
vn -0.584289 0.651547 -0.483831
vn -0.383572 0.651547 -0.654491
vn -0.136591 0.651547 -0.746210
vn 0.126866 0.651547 -0.747925
vn 0.375020 0.651547 -0.659429
vn 0.577941 0.651547 -0.491396
vn 0.711154 0.651547 -0.264094
vn 0.778919 0.611901 -0.137344
vn 0.571656 0.814278 0.100798
vn 0.563963 0.801004 0.200845
vn 0.461259 0.801004 0.381619
vn 0.302920 0.801004 0.516364
vn 0.108045 0.801004 0.588828
vn -0.099862 0.801004 0.590271
vn -0.295724 0.801004 0.520519
vn -0.455918 0.801004 0.387984
vn -0.561121 0.801004 0.208652
vn -0.598644 0.801004 0.004154
vn -0.563963 0.801004 -0.200845
vn -0.461259 0.801004 -0.381619
vn -0.302920 0.801004 -0.516364
vn -0.108045 0.801004 -0.588828
vn 0.099862 0.801004 -0.590271
vn 0.295724 0.801004 -0.520519
vn 0.455918 0.801004 -0.387984
vn 0.561121 0.801004 -0.208652
vn 0.618497 0.778182 -0.109058
vn 0.450728 0.889117 0.079475
vn 0.443451 0.882270 0.157958
vn 0.362682 0.882270 0.300101
vn 0.238169 0.882270 0.406048
vn 0.084929 0.882270 0.463019
vn -0.078554 0.882270 0.464143
vn -0.232563 0.882270 0.409285
vn -0.358521 0.882270 0.305060
vn -0.441237 0.882270 0.164041
vn -0.470732 0.882270 0.003237
vn -0.443451 0.882270 -0.157958
vn -0.362682 0.882270 -0.300101
vn -0.238169 0.882270 -0.406048
vn -0.084929 0.882270 -0.463019
vn 0.078554 0.882270 -0.464143
vn 0.232563 0.882270 -0.409285
vn 0.358521 0.882270 -0.305060
vn 0.441237 0.882270 -0.164041
vn 0.487306 0.868993 -0.085925
vn 0.356366 0.932231 0.062837
vn 0.350029 0.928402 0.124699
vn 0.286270 0.928402 0.236895
vn 0.187983 0.928402 0.320519
vn 0.067022 0.928402 0.365483
vn -0.062022 0.928402 0.366365
vn -0.183586 0.928402 0.323058
vn -0.283007 0.928402 0.240785
vn -0.348293 0.928402 0.129470
vn -0.371569 0.928402 0.002538
vn -0.350029 0.928402 -0.124699
vn -0.286270 0.928402 -0.236895
vn -0.187983 0.928402 -0.320519
vn -0.067022 0.928402 -0.365483
vn 0.062022 0.928402 -0.366365
vn 0.183586 0.928402 -0.323058
vn 0.283007 0.928402 -0.240785
vn 0.348293 0.928402 -0.129470
vn 0.385093 0.920376 -0.067902
vn 0.281018 0.958423 0.049551
vn 0.276082 0.956094 0.098302
vn 0.225812 0.956094 0.186799
vn 0.148304 0.956094 0.252766
vn 0.052910 0.956094 0.288245
vn -0.048867 0.956094 0.288958
vn -0.144749 0.956094 0.254818
vn -0.223173 0.956094 0.189944
vn -0.274678 0.956094 0.102159
vn -0.293054 0.956094 0.002053
vn -0.276082 0.956094 -0.098302
vn -0.225812 0.956094 -0.186799
vn -0.148304 0.956094 -0.252766
vn -0.052910 0.956094 -0.288245
vn 0.048867 0.956094 -0.288958
vn 0.144749 0.956094 -0.254818
vn 0.223173 0.956094 -0.189944
vn 0.274678 0.956094 -0.102159
vn 0.304265 0.951075 -0.053650
vn 0.218733 0.975022 0.038568
vn 0.215474 0.973501 0.076596
vn 0.176282 0.973501 0.145673
vn 0.115828 0.973501 0.197179
vn 0.041403 0.973501 0.224904
vn -0.038015 0.973501 0.225501
vn -0.112849 0.973501 0.198900
vn -0.174071 0.973501 0.148308
vn -0.214297 0.973501 0.079828
vn -0.228676 0.973501 0.001720
vn -0.215474 0.973501 -0.076596
vn -0.176282 0.973501 -0.145673
vn -0.115828 0.973501 -0.197179
vn -0.041403 0.973501 -0.224904
vn 0.038015 0.973501 -0.225501
vn 0.112849 0.973501 -0.198900
vn 0.174071 0.973501 -0.148308
vn 0.214297 0.973501 -0.079828
vn 0.238226 0.970301 -0.042006
vn 0.165352 0.985803 0.029156
vn 0.163930 0.984761 0.058076
vn 0.134180 0.984761 0.110641
vn 0.088247 0.984761 0.149861
vn 0.031670 0.984761 0.171005
vn -0.028728 0.984761 0.171524
vn -0.085660 0.984761 0.151355
vn -0.132260 0.984761 0.112929
vn -0.162908 0.984761 0.060883
vn -0.173907 0.984761 0.001494
vn -0.163930 0.984761 -0.058076
vn -0.134180 0.984761 -0.110641
vn -0.088247 0.984761 -0.149861
vn -0.031670 0.984761 -0.171005
vn 0.028728 0.984761 -0.171524
vn 0.085660 0.984761 -0.151355
vn 0.132260 0.984761 -0.112929
vn 0.162908 0.984761 -0.060883
vn 0.182285 0.982720 -0.032142
vn 0.117986 0.992797 0.020804
vn 0.118509 0.992077 0.041706
vn 0.097098 0.992077 0.079723
vn 0.063975 0.992077 0.108125
vn 0.023136 0.992077 0.123485
vn -0.020494 0.992077 0.123951
vn -0.061651 0.992077 0.109466
vn -0.095373 0.992077 0.081779
vn -0.117591 0.992077 0.044227
vn -0.125626 0.992077 0.001342
vn -0.118509 0.992077 -0.041706
vn -0.097098 0.992077 -0.079723
vn -0.063975 0.992077 -0.108125
vn -0.023136 0.992077 -0.123485
vn 0.020494 0.992077 -0.123951
vn 0.061651 0.992077 -0.109466
vn 0.095373 0.992077 -0.081779
vn 0.117591 0.992077 -0.044227
vn 0.133198 0.990811 -0.023486
vn 0.074548 0.997131 0.013145
vn 0.077117 0.996663 0.026744
vn 0.063320 0.996663 0.051507
vn 0.041884 0.996663 0.070057
vn 0.015397 0.996663 0.080158
vn -0.012947 0.996663 0.080590
vn -0.039729 0.996663 0.071302
vn -0.061720 0.996663 0.053413
vn -0.076266 0.996663 0.029083
vn -0.081614 0.996663 0.001244
vn -0.077117 0.996663 -0.026744
vn -0.063320 0.996663 -0.051507
vn -0.041884 0.996663 -0.070057
vn -0.015397 0.996663 -0.080158
vn 0.012947 0.996663 -0.080590
vn 0.039729 0.996663 -0.071302
vn 0.061720 0.996663 -0.053413
vn 0.076266 0.996663 -0.029083
vn 0.088659 0.995939 -0.015633
vn 0.034311 0.999393 0.006050
vn 0.038775 0.999165 0.012887
vn 0.032029 0.999165 0.025372
vn 0.021419 0.999165 0.034796
vn 0.008227 0.999165 0.040024
vn -0.005958 0.999165 0.040424
vn -0.019425 0.999165 0.035948
vn -0.030548 0.999165 0.027136
vn -0.037987 0.999165 0.015052
vn -0.040844 0.999165 0.001152
vn -0.038775 0.999165 -0.012887
vn -0.032029 0.999165 -0.025372
vn -0.021419 0.999165 -0.034796
vn -0.008227 0.999165 -0.040024
vn 0.005958 0.999165 -0.040424
vn 0.019425 0.999165 -0.035948
vn 0.030548 0.999165 -0.027136
vn 0.037987 0.999165 -0.015052
vn 0.047373 0.998842 -0.008353
vn 0.021246 0.999767 0.003746
vn 0.020391 0.999774 0.006093
vn 0.017078 0.999774 0.012700
vn 0.011704 0.999774 0.017775
vn 0.004919 0.999774 0.020706
vn -0.002460 0.999774 0.021140
vn -0.009541 0.999774 0.019024
vn -0.015472 0.999774 0.014613
vn -0.019537 0.999774 0.008440
vn -0.021246 0.999774 0.001249
vn -0.020391 0.999774 -0.006093
vn -0.017078 0.999774 -0.012700
vn -0.011704 0.999774 -0.017775
vn -0.004919 0.999774 -0.020706
vn 0.002460 0.999774 -0.021140
vn 0.009541 0.999774 -0.019024
vn 0.015472 0.999774 -0.014613
vn 0.019537 0.999774 -0.008440
vn 0.021246 0.999767 -0.003746
usemtl steel
f 7008 7027 7028
f 7008 7028 7009
f 7009 7028 7029
f 7009 7029 7010
f 7010 7029 7030
f 7010 7030 7011
f 7011 7030 7031
f 7011 7031 7012
f 7012 7031 7032
f 7012 7032 7013
f 7013 7032 7033
f 7013 7033 7014
f 7014 7033 7034
f 7014 7034 7015
f 7015 7034 7035
f 7015 7035 7016
f 7016 7035 7036
f 7016 7036 7017
f 7017 7036 7037
f 7017 7037 7018
f 7018 7037 7038
f 7018 7038 7019
f 7019 7038 7039
f 7019 7039 7020
f 7020 7039 7040
f 7020 7040 7021
f 7021 7040 7041
f 7021 7041 7022
f 7022 7041 7042
f 7022 7042 7023
f 7023 7042 7043
f 7023 7043 7024
f 7024 7043 7044
f 7024 7044 7025
f 7025 7044 7045
f 7025 7045 7026
f 7027 7046 7047
f 7027 7047 7028
f 7028 7047 7048
f 7028 7048 7029
f 7029 7048 7049
f 7029 7049 7030
f 7030 7049 7050
f 7030 7050 7031
f 7031 7050 7051
f 7031 7051 7032
f 7032 7051 7052
f 7032 7052 7033
f 7033 7052 7053
f 7033 7053 7034
f 7034 7053 7054
f 7034 7054 7035
f 7035 7054 7055
f 7035 7055 7036
f 7036 7055 7056
f 7036 7056 7037
f 7037 7056 7057
f 7037 7057 7038
f 7038 7057 7058
f 7038 7058 7039
f 7039 7058 7059
f 7039 7059 7040
f 7040 7059 7060
f 7040 7060 7041
f 7041 7060 7061
f 7041 7061 7042
f 7042 7061 7062
f 7042 7062 7043
f 7043 7062 7063
f 7043 7063 7044
f 7044 7063 7064
f 7044 7064 7045
f 7046 7065 7066
f 7046 7066 7047
f 7047 7066 7067
f 7047 7067 7048
f 7048 7067 7068
f 7048 7068 7049
f 7049 7068 7069
f 7049 7069 7050
f 7050 7069 7070
f 7050 7070 7051
f 7051 7070 7071
f 7051 7071 7052
f 7052 7071 7072
f 7052 7072 7053
f 7053 7072 7073
f 7053 7073 7054
f 7054 7073 7074
f 7054 7074 7055
f 7055 7074 7075
f 7055 7075 7056
f 7056 7075 7076
f 7056 7076 7057
f 7057 7076 7077
f 7057 7077 7058
f 7058 7077 7078
f 7058 7078 7059
f 7059 7078 7079
f 7059 7079 7060
f 7060 7079 7080
f 7060 7080 7061
f 7061 7080 7081
f 7061 7081 7062
f 7062 7081 7082
f 7062 7082 7063
f 7063 7082 7083
f 7063 7083 7064
f 7065 7084 7085
f 7065 7085 7066
f 7066 7085 7086
f 7066 7086 7067
f 7067 7086 7087
f 7067 7087 7068
f 7068 7087 7088
f 7068 7088 7069
f 7069 7088 7089
f 7069 7089 7070
f 7070 7089 7090
f 7070 7090 7071
f 7071 7090 7091
f 7071 7091 7072
f 7072 7091 7092
f 7072 7092 7073
f 7073 7092 7093
f 7073 7093 7074
f 7074 7093 7094
f 7074 7094 7075
f 7075 7094 7095
f 7075 7095 7076
f 7076 7095 7096
f 7076 7096 7077
f 7077 7096 7097
f 7077 7097 7078
f 7078 7097 7098
f 7078 7098 7079
f 7079 7098 7099
f 7079 7099 7080
f 7080 7099 7100
f 7080 7100 7081
f 7081 7100 7101
f 7081 7101 7082
f 7082 7101 7102
f 7082 7102 7083
f 7084 7103 7104
f 7084 7104 7085
f 7085 7104 7105
f 7085 7105 7086
f 7086 7105 7106
f 7086 7106 7087
f 7087 7106 7107
f 7087 7107 7088
f 7088 7107 7108
f 7088 7108 7089
f 7089 7108 7109
f 7089 7109 7090
f 7090 7109 7110
f 7090 7110 7091
f 7091 7110 7111
f 7091 7111 7092
f 7092 7111 7112
f 7092 7112 7093
f 7093 7112 7113
f 7093 7113 7094
f 7094 7113 7114
f 7094 7114 7095
f 7095 7114 7115
f 7095 7115 7096
f 7096 7115 7116
f 7096 7116 7097
f 7097 7116 7117
f 7097 7117 7098
f 7098 7117 7118
f 7098 7118 7099
f 7099 7118 7119
f 7099 7119 7100
f 7100 7119 7120
f 7100 7120 7101
f 7101 7120 7121
f 7101 7121 7102
f 7103 7122 7123
f 7103 7123 7104
f 7104 7123 7124
f 7104 7124 7105
f 7105 7124 7125
f 7105 7125 7106
f 7106 7125 7126
f 7106 7126 7107
f 7107 7126 7127
f 7107 7127 7108
f 7108 7127 7128
f 7108 7128 7109
f 7109 7128 7129
f 7109 7129 7110
f 7110 7129 7130
f 7110 7130 7111
f 7111 7130 7131
f 7111 7131 7112
f 7112 7131 7132
f 7112 7132 7113
f 7113 7132 7133
f 7113 7133 7114
f 7114 7133 7134
f 7114 7134 7115
f 7115 7134 7135
f 7115 7135 7116
f 7116 7135 7136
f 7116 7136 7117
f 7117 7136 7137
f 7117 7137 7118
f 7118 7137 7138
f 7118 7138 7119
f 7119 7138 7139
f 7119 7139 7120
f 7120 7139 7140
f 7120 7140 7121
f 7122 7141 7142
f 7122 7142 7123
f 7123 7142 7143
f 7123 7143 7124
f 7124 7143 7144
f 7124 7144 7125
f 7125 7144 7145
f 7125 7145 7126
f 7126 7145 7146
f 7126 7146 7127
f 7127 7146 7147
f 7127 7147 7128
f 7128 7147 7148
f 7128 7148 7129
f 7129 7148 7149
f 7129 7149 7130
f 7130 7149 7150
f 7130 7150 7131
f 7131 7150 7151
f 7131 7151 7132
f 7132 7151 7152
f 7132 7152 7133
f 7133 7152 7153
f 7133 7153 7134
f 7134 7153 7154
f 7134 7154 7135
f 7135 7154 7155
f 7135 7155 7136
f 7136 7155 7156
f 7136 7156 7137
f 7137 7156 7157
f 7137 7157 7138
f 7138 7157 7158
f 7138 7158 7139
f 7139 7158 7159
f 7139 7159 7140
f 7141 7160 7161
f 7141 7161 7142
f 7142 7161 7162
f 7142 7162 7143
f 7143 7162 7163
f 7143 7163 7144
f 7144 7163 7164
f 7144 7164 7145
f 7145 7164 7165
f 7145 7165 7146
f 7146 7165 7166
f 7146 7166 7147
f 7147 7166 7167
f 7147 7167 7148
f 7148 7167 7168
f 7148 7168 7149
f 7149 7168 7169
f 7149 7169 7150
f 7150 7169 7170
f 7150 7170 7151
f 7151 7170 7171
f 7151 7171 7152
f 7152 7171 7172
f 7152 7172 7153
f 7153 7172 7173
f 7153 7173 7154
f 7154 7173 7174
f 7154 7174 7155
f 7155 7174 7175
f 7155 7175 7156
f 7156 7175 7176
f 7156 7176 7157
f 7157 7176 7177
f 7157 7177 7158
f 7158 7177 7178
f 7158 7178 7159
f 7160 7179 7180
f 7160 7180 7161
f 7161 7180 7181
f 7161 7181 7162
f 7162 7181 7182
f 7162 7182 7163
f 7163 7182 7183
f 7163 7183 7164
f 7164 7183 7184
f 7164 7184 7165
f 7165 7184 7185
f 7165 7185 7166
f 7166 7185 7186
f 7166 7186 7167
f 7167 7186 7187
f 7167 7187 7168
f 7168 7187 7188
f 7168 7188 7169
f 7169 7188 7189
f 7169 7189 7170
f 7170 7189 7190
f 7170 7190 7171
f 7171 7190 7191
f 7171 7191 7172
f 7172 7191 7192
f 7172 7192 7173
f 7173 7192 7193
f 7173 7193 7174
f 7174 7193 7194
f 7174 7194 7175
f 7175 7194 7195
f 7175 7195 7176
f 7176 7195 7196
f 7176 7196 7177
f 7177 7196 7197
f 7177 7197 7178
f 7179 7198 7199
f 7179 7199 7180
f 7180 7199 7200
f 7180 7200 7181
f 7181 7200 7201
f 7181 7201 7182
f 7182 7201 7202
f 7182 7202 7183
f 7183 7202 7203
f 7183 7203 7184
f 7184 7203 7204
f 7184 7204 7185
f 7185 7204 7205
f 7185 7205 7186
f 7186 7205 7206
f 7186 7206 7187
f 7187 7206 7207
f 7187 7207 7188
f 7188 7207 7208
f 7188 7208 7189
f 7189 7208 7209
f 7189 7209 7190
f 7190 7209 7210
f 7190 7210 7191
f 7191 7210 7211
f 7191 7211 7192
f 7192 7211 7212
f 7192 7212 7193
f 7193 7212 7213
f 7193 7213 7194
f 7194 7213 7214
f 7194 7214 7195
f 7195 7214 7215
f 7195 7215 7196
f 7196 7215 7216
f 7196 7216 7197
f 7198 7217 7218
f 7198 7218 7199
f 7199 7218 7219
f 7199 7219 7200
f 7200 7219 7220
f 7200 7220 7201
f 7201 7220 7221
f 7201 7221 7202
f 7202 7221 7222
f 7202 7222 7203
f 7203 7222 7223
f 7203 7223 7204
f 7204 7223 7224
f 7204 7224 7205
f 7205 7224 7225
f 7205 7225 7206
f 7206 7225 7226
f 7206 7226 7207
f 7207 7226 7227
f 7207 7227 7208
f 7208 7227 7228
f 7208 7228 7209
f 7209 7228 7229
f 7209 7229 7210
f 7210 7229 7230
f 7210 7230 7211
f 7211 7230 7231
f 7211 7231 7212
f 7212 7231 7232
f 7212 7232 7213
f 7213 7232 7233
f 7213 7233 7214
f 7214 7233 7234
f 7214 7234 7215
f 7215 7234 7235
f 7215 7235 7216
f 7217 7236 7237
f 7217 7237 7218
f 7218 7237 7238
f 7218 7238 7219
f 7219 7238 7239
f 7219 7239 7220
f 7220 7239 7240
f 7220 7240 7221
f 7221 7240 7241
f 7221 7241 7222
f 7222 7241 7242
f 7222 7242 7223
f 7223 7242 7243
f 7223 7243 7224
f 7224 7243 7244
f 7224 7244 7225
f 7225 7244 7245
f 7225 7245 7226
f 7226 7245 7246
f 7226 7246 7227
f 7227 7246 7247
f 7227 7247 7228
f 7228 7247 7248
f 7228 7248 7229
f 7229 7248 7249
f 7229 7249 7230
f 7230 7249 7250
f 7230 7250 7231
f 7231 7250 7251
f 7231 7251 7232
f 7232 7251 7252
f 7232 7252 7233
f 7233 7252 7253
f 7233 7253 7234
f 7234 7253 7254
f 7234 7254 7235
o gauntlet_v2_mitten_R
v 1.960000 0.960000 0.000000
v 1.932259 0.960000 0.157329
v 1.852380 0.960000 0.295682
v 1.730000 0.960000 0.398372
v 1.579878 0.960000 0.453012
v 1.420122 0.960000 0.453012
v 1.270000 0.960000 0.398372
v 1.147620 0.960000 0.295682
v 1.067741 0.960000 0.157329
v 1.040000 0.960000 0.000000
v 1.067741 0.960000 -0.157329
v 1.147620 0.960000 -0.295682
v 1.270000 0.960000 -0.398372
v 1.420122 0.960000 -0.453012
v 1.579878 0.960000 -0.453012
v 1.730000 0.960000 -0.398372
v 1.852380 0.960000 -0.295682
v 1.932259 0.960000 -0.157329
v 1.960000 0.960000 -0.000000
v 1.920000 0.900000 0.000000
v 1.894671 0.900000 0.143648
v 1.821739 0.900000 0.269971
v 1.710000 0.900000 0.363731
v 1.572932 0.900000 0.413619
v 1.427068 0.900000 0.413619
v 1.290000 0.900000 0.363731
v 1.178261 0.900000 0.269971
v 1.105329 0.900000 0.143648
v 1.080000 0.900000 0.000000
v 1.105329 0.900000 -0.143648
v 1.178261 0.900000 -0.269971
v 1.290000 0.900000 -0.363731
v 1.427068 0.900000 -0.413619
v 1.572932 0.900000 -0.413619
v 1.710000 0.900000 -0.363731
v 1.821739 0.900000 -0.269971
v 1.894671 0.900000 -0.143648
v 1.920000 0.900000 -0.000000
v 1.800000 0.860000 0.000000
v 1.781908 0.860000 0.102606
v 1.729813 0.860000 0.192836
v 1.650000 0.860000 0.259808
v 1.552094 0.860000 0.295442
v 1.447906 0.860000 0.295442
v 1.350000 0.860000 0.259808
v 1.270187 0.860000 0.192836
v 1.218092 0.860000 0.102606
v 1.200000 0.860000 0.000000
v 1.218092 0.860000 -0.102606
v 1.270187 0.860000 -0.192836
v 1.350000 0.860000 -0.259808
v 1.447906 0.860000 -0.295442
v 1.552094 0.860000 -0.295442
v 1.650000 0.860000 -0.259808
v 1.729813 0.860000 -0.192836
v 1.781908 0.860000 -0.102606
v 1.800000 0.860000 -0.000000
v 1.660000 0.845000 0.000000
v 1.650351 0.845000 0.054723
v 1.622567 0.845000 0.102846
v 1.580000 0.845000 0.138564
v 1.527784 0.845000 0.157569
v 1.472216 0.845000 0.157569
v 1.420000 0.845000 0.138564
v 1.377433 0.845000 0.102846
v 1.349649 0.845000 0.054723
v 1.340000 0.845000 0.000000
v 1.349649 0.845000 -0.054723
v 1.377433 0.845000 -0.102846
v 1.420000 0.845000 -0.138564
v 1.472216 0.845000 -0.157569
v 1.527784 0.845000 -0.157569
v 1.580000 0.845000 -0.138564
v 1.622567 0.845000 -0.102846
v 1.650351 0.845000 -0.054723
v 1.660000 0.845000 -0.000000
v 1.520000 0.830000 0.000000
v 1.518794 0.830000 0.006840
v 1.515321 0.830000 0.012856
v 1.510000 0.830000 0.017321
v 1.503473 0.830000 0.019696
v 1.496527 0.830000 0.019696
v 1.490000 0.830000 0.017321
v 1.484679 0.830000 0.012856
v 1.481206 0.830000 0.006840
v 1.480000 0.830000 0.000000
v 1.481206 0.830000 -0.006840
v 1.484679 0.830000 -0.012856
v 1.490000 0.830000 -0.017321
v 1.496527 0.830000 -0.019696
v 1.503473 0.830000 -0.019696
v 1.510000 0.830000 -0.017321
v 1.515321 0.830000 -0.012856
v 1.518794 0.830000 -0.006840
v 1.520000 0.830000 -0.000000
vn 0.823238 -0.548825 0.145159
vn 0.797645 -0.554038 0.238338
vn 0.668024 -0.554038 0.496775
vn 0.457830 -0.554038 0.695294
vn 0.192415 -0.554038 0.809949
vn -0.096208 -0.554038 0.826913
vn -0.373227 -0.554038 0.744140
vn -0.605229 -0.554038 0.571611
vn -0.764232 -0.554038 0.330138
vn -0.831057 -0.554038 0.048846
vn -0.797645 -0.554038 -0.238338
vn -0.668024 -0.554038 -0.496775
vn -0.457830 -0.554038 -0.695294
vn -0.192415 -0.554038 -0.809949
vn 0.096208 -0.554038 -0.826913
vn 0.373227 -0.554038 -0.744140
vn 0.605229 -0.554038 -0.571611
vn 0.764232 -0.554038 -0.330138
vn 0.823238 -0.548825 -0.145159
vn 0.687272 -0.716220 0.121185
vn 0.563725 -0.795553 0.222059
vn 0.453779 -0.795553 0.401472
vn 0.289101 -0.795553 0.532462
vn 0.089554 -0.795553 0.599229
vn -0.120796 -0.795553 0.593721
vn -0.316575 -0.795553 0.516600
vn -0.474171 -0.795553 0.377170
vn -0.574575 -0.795553 0.192248
vn -0.605677 -0.795553 -0.015862
vn -0.563725 -0.795553 -0.222059
vn -0.453779 -0.795553 -0.401472
vn -0.289101 -0.795553 -0.532462
vn -0.089554 -0.795553 -0.599229
vn 0.120796 -0.795553 -0.593721
vn 0.316575 -0.795553 -0.516600
vn 0.474171 -0.795553 -0.377170
vn 0.574575 -0.795553 -0.192248
vn 0.509518 -0.855757 -0.089842
vn 0.247300 -0.967957 0.043606
vn 0.197597 -0.977135 0.078506
vn 0.158830 -0.977135 0.141354
vn 0.100905 -0.977135 0.187152
vn 0.030810 -0.977135 0.210377
vn -0.043001 -0.977135 0.208228
vn -0.111626 -0.977135 0.180963
vn -0.166787 -0.977135 0.131871
vn -0.201831 -0.977135 0.066874
vn -0.212531 -0.977135 -0.006190
vn -0.197597 -0.977135 -0.078506
vn -0.158830 -0.977135 -0.141354
vn -0.100905 -0.977135 -0.187152
vn -0.030810 -0.977135 -0.210377
vn 0.043001 -0.977135 -0.208228
vn 0.111626 -0.977135 -0.180963
vn 0.166787 -0.977135 -0.131871
vn 0.201831 -0.977135 -0.066874
vn 0.177190 -0.983681 -0.031243
vn 0.106514 -0.994134 0.018781
vn 0.100108 -0.994309 0.036436
vn 0.081609 -0.994309 0.068478
vn 0.053267 -0.994309 0.092260
vn 0.018499 -0.994309 0.104915
vn -0.018499 -0.994309 0.104915
vn -0.053267 -0.994309 0.092260
vn -0.081609 -0.994309 0.068478
vn -0.100108 -0.994309 0.036436
vn -0.106533 -0.994309 0.000000
vn -0.100108 -0.994309 -0.036436
vn -0.081609 -0.994309 -0.068478
vn -0.053267 -0.994309 -0.092260
vn -0.018499 -0.994309 -0.104915
vn 0.018499 -0.994309 -0.104915
vn 0.053267 -0.994309 -0.092260
vn 0.081609 -0.994309 -0.068478
vn 0.100108 -0.994309 -0.036436
vn 0.106514 -0.994134 -0.018781
vn 0.106514 -0.994134 0.018781
vn 0.097965 -0.994290 0.042320
vn 0.077583 -0.994290 0.073273
vn 0.047843 -0.994290 0.095389
vn 0.012333 -0.994290 0.106000
vn -0.024665 -0.994290 0.103825
vn -0.058688 -0.994290 0.089128
vn -0.085632 -0.994290 0.063680
vn -0.102248 -0.994290 0.030552
vn -0.106531 -0.994290 -0.006261
vn -0.097965 -0.994290 -0.042320
vn -0.077583 -0.994290 -0.073273
vn -0.047843 -0.994290 -0.095389
vn -0.012333 -0.994290 -0.106000
vn 0.024665 -0.994290 -0.103825
vn 0.058688 -0.994290 -0.089128
vn 0.085632 -0.994290 -0.063680
vn 0.102248 -0.994290 -0.030552
vn 0.106514 -0.994134 -0.018781
usemtl steel
f 7256 7275 7274
f 7256 7274 7255
f 7257 7276 7275
f 7257 7275 7256
f 7258 7277 7276
f 7258 7276 7257
f 7259 7278 7277
f 7259 7277 7258
f 7260 7279 7278
f 7260 7278 7259
f 7261 7280 7279
f 7261 7279 7260
f 7262 7281 7280
f 7262 7280 7261
f 7263 7282 7281
f 7263 7281 7262
f 7264 7283 7282
f 7264 7282 7263
f 7265 7284 7283
f 7265 7283 7264
f 7266 7285 7284
f 7266 7284 7265
f 7267 7286 7285
f 7267 7285 7266
f 7268 7287 7286
f 7268 7286 7267
f 7269 7288 7287
f 7269 7287 7268
f 7270 7289 7288
f 7270 7288 7269
f 7271 7290 7289
f 7271 7289 7270
f 7272 7291 7290
f 7272 7290 7271
f 7273 7292 7291
f 7273 7291 7272
f 7275 7294 7293
f 7275 7293 7274
f 7276 7295 7294
f 7276 7294 7275
f 7277 7296 7295
f 7277 7295 7276
f 7278 7297 7296
f 7278 7296 7277
f 7279 7298 7297
f 7279 7297 7278
f 7280 7299 7298
f 7280 7298 7279
f 7281 7300 7299
f 7281 7299 7280
f 7282 7301 7300
f 7282 7300 7281
f 7283 7302 7301
f 7283 7301 7282
f 7284 7303 7302
f 7284 7302 7283
f 7285 7304 7303
f 7285 7303 7284
f 7286 7305 7304
f 7286 7304 7285
f 7287 7306 7305
f 7287 7305 7286
f 7288 7307 7306
f 7288 7306 7287
f 7289 7308 7307
f 7289 7307 7288
f 7290 7309 7308
f 7290 7308 7289
f 7291 7310 7309
f 7291 7309 7290
f 7292 7311 7310
f 7292 7310 7291
f 7294 7313 7312
f 7294 7312 7293
f 7295 7314 7313
f 7295 7313 7294
f 7296 7315 7314
f 7296 7314 7295
f 7297 7316 7315
f 7297 7315 7296
f 7298 7317 7316
f 7298 7316 7297
f 7299 7318 7317
f 7299 7317 7298
f 7300 7319 7318
f 7300 7318 7299
f 7301 7320 7319
f 7301 7319 7300
f 7302 7321 7320
f 7302 7320 7301
f 7303 7322 7321
f 7303 7321 7302
f 7304 7323 7322
f 7304 7322 7303
f 7305 7324 7323
f 7305 7323 7304
f 7306 7325 7324
f 7306 7324 7305
f 7307 7326 7325
f 7307 7325 7306
f 7308 7327 7326
f 7308 7326 7307
f 7309 7328 7327
f 7309 7327 7308
f 7310 7329 7328
f 7310 7328 7309
f 7311 7330 7329
f 7311 7329 7310
f 7313 7332 7331
f 7313 7331 7312
f 7314 7333 7332
f 7314 7332 7313
f 7315 7334 7333
f 7315 7333 7314
f 7316 7335 7334
f 7316 7334 7315
f 7317 7336 7335
f 7317 7335 7316
f 7318 7337 7336
f 7318 7336 7317
f 7319 7338 7337
f 7319 7337 7318
f 7320 7339 7338
f 7320 7338 7319
f 7321 7340 7339
f 7321 7339 7320
f 7322 7341 7340
f 7322 7340 7321
f 7323 7342 7341
f 7323 7341 7322
f 7324 7343 7342
f 7324 7342 7323
f 7325 7344 7343
f 7325 7343 7324
f 7326 7345 7344
f 7326 7344 7325
f 7327 7346 7345
f 7327 7345 7326
f 7328 7347 7346
f 7328 7346 7327
f 7329 7348 7347
f 7329 7347 7328
f 7330 7349 7348
f 7330 7348 7329
o cuisse_R
v 1.120000 1.050000 0.000000
v 1.060000 1.950000 0.000000
v 1.089655 1.050000 0.191591
v 1.032592 1.950000 0.173050
v 1.001591 1.050000 0.364427
v 0.953050 1.950000 0.329160
v 0.864427 1.050000 0.501591
v 0.829160 1.950000 0.453050
v 0.691591 1.050000 0.589655
v 0.673050 1.950000 0.532592
v 0.500000 1.050000 0.620000
v 0.500000 1.950000 0.560000
v 0.308409 1.050000 0.589655
v 0.326950 1.950000 0.532592
v 0.135573 1.050000 0.501591
v 0.170840 1.950000 0.453050
v -0.001591 1.050000 0.364427
v 0.046950 1.950000 0.329160
v -0.089655 1.050000 0.191591
v -0.032592 1.950000 0.173050
v -0.120000 1.050000 0.000000
v -0.060000 1.950000 0.000000
v -0.089655 1.050000 -0.191591
v -0.032592 1.950000 -0.173050
v -0.001591 1.050000 -0.364427
v 0.046950 1.950000 -0.329160
v 0.135573 1.050000 -0.501591
v 0.170840 1.950000 -0.453050
v 0.308409 1.050000 -0.589655
v 0.326950 1.950000 -0.532592
v 0.500000 1.050000 -0.620000
v 0.500000 1.950000 -0.560000
v 0.691591 1.050000 -0.589655
v 0.673050 1.950000 -0.532592
v 0.864427 1.050000 -0.501591
v 0.829160 1.950000 -0.453050
v 1.001591 1.050000 -0.364427
v 0.953050 1.950000 -0.329160
v 1.089655 1.050000 -0.191591
v 1.032592 1.950000 -0.173050
v 1.120000 1.050000 -0.000000
v 1.060000 1.950000 -0.000000
vn 0.985554 0.065704 0.156096
vn 0.985554 0.065704 0.156096
vn 0.931380 0.066427 0.357936
vn 0.963892 0.066427 0.257875
vn 0.775187 0.066427 0.628230
vn 0.837028 0.066427 0.543113
vn 0.543113 0.066427 0.837028
vn 0.628230 0.066427 0.775187
vn 0.257875 0.066427 0.963892
vn 0.357936 0.066427 0.931380
vn -0.052605 0.066427 0.996404
vn 0.052605 0.066427 0.996404
vn -0.357936 0.066427 0.931380
vn -0.257875 0.066427 0.963892
vn -0.628230 0.066427 0.775187
vn -0.543113 0.066427 0.837028
vn -0.837028 0.066427 0.543113
vn -0.775187 0.066427 0.628230
vn -0.963892 0.066427 0.257875
vn -0.931380 0.066427 0.357936
vn -0.996404 0.066427 -0.052605
vn -0.996404 0.066427 0.052605
vn -0.931380 0.066427 -0.357936
vn -0.963892 0.066427 -0.257875
vn -0.775187 0.066427 -0.628230
vn -0.837028 0.066427 -0.543113
vn -0.543113 0.066427 -0.837028
vn -0.628230 0.066427 -0.775187
vn -0.257875 0.066427 -0.963892
vn -0.357936 0.066427 -0.931380
vn 0.052605 0.066427 -0.996404
vn -0.052605 0.066427 -0.996404
vn 0.357936 0.066427 -0.931380
vn 0.257875 0.066427 -0.963892
vn 0.628230 0.066427 -0.775187
vn 0.543113 0.066427 -0.837028
vn 0.837028 0.066427 -0.543113
vn 0.775187 0.066427 -0.628230
vn 0.963892 0.066427 -0.257875
vn 0.931380 0.066427 -0.357936
vn 0.985554 0.065704 -0.156096
vn 0.985554 0.065704 -0.156096
usemtl steel
f 7350 7351 7353
f 7350 7353 7352
f 7352 7353 7355
f 7352 7355 7354
f 7354 7355 7357
f 7354 7357 7356
f 7356 7357 7359
f 7356 7359 7358
f 7358 7359 7361
f 7358 7361 7360
f 7360 7361 7363
f 7360 7363 7362
f 7362 7363 7365
f 7362 7365 7364
f 7364 7365 7367
f 7364 7367 7366
f 7366 7367 7369
f 7366 7369 7368
f 7368 7369 7371
f 7368 7371 7370
f 7370 7371 7373
f 7370 7373 7372
f 7372 7373 7375
f 7372 7375 7374
f 7374 7375 7377
f 7374 7377 7376
f 7376 7377 7379
f 7376 7379 7378
f 7378 7379 7381
f 7378 7381 7380
f 7380 7381 7383
f 7380 7383 7382
f 7382 7383 7385
f 7382 7385 7384
f 7384 7385 7387
f 7384 7387 7386
f 7386 7387 7389
f 7386 7389 7388
f 7388 7389 7391
f 7388 7391 7390
o poleyn_v2_R
v 0.940000 1.000000 0.550000
v 0.918465 0.864033 0.550000
v 0.855967 0.741374 0.550000
v 0.758626 0.644033 0.550000
v 0.635967 0.581535 0.550000
v 0.500000 0.560000 0.550000
v 0.364033 0.581535 0.550000
v 0.241374 0.644033 0.550000
v 0.144033 0.741374 0.550000
v 0.081535 0.864033 0.550000
v 0.060000 1.000000 0.550000
v 0.081535 1.135967 0.550000
v 0.144033 1.258626 0.550000
v 0.241374 1.355967 0.550000
v 0.364033 1.418465 0.550000
v 0.500000 1.440000 0.550000
v 0.635967 1.418465 0.550000
v 0.758626 1.355967 0.550000
v 0.855967 1.258626 0.550000
v 0.918465 1.135967 0.550000
v 0.940000 1.000000 0.550000
v 0.936236 1.000000 0.596989
v 0.914885 0.865196 0.596989
v 0.852922 0.743587 0.596989
v 0.756413 0.647078 0.596989
v 0.634804 0.585115 0.596989
v 0.500000 0.563764 0.596989
v 0.365196 0.585115 0.596989
v 0.243587 0.647078 0.596989
v 0.147078 0.743587 0.596989
v 0.085115 0.865196 0.596989
v 0.063764 1.000000 0.596989
v 0.085115 1.134804 0.596989
v 0.147078 1.256413 0.596989
v 0.243587 1.352922 0.596989
v 0.365196 1.414885 0.596989
v 0.500000 1.436236 0.596989
v 0.634804 1.414885 0.596989
v 0.756413 1.352922 0.596989
v 0.852922 1.256413 0.596989
v 0.914885 1.134804 0.596989
v 0.936236 1.000000 0.596989
v 0.925007 1.000000 0.643175
v 0.904206 0.868666 0.643175
v 0.843838 0.750187 0.643175
v 0.749813 0.656162 0.643175
v 0.631334 0.595794 0.643175
v 0.500000 0.574993 0.643175
v 0.368666 0.595794 0.643175
v 0.250187 0.656162 0.643175
v 0.156162 0.750187 0.643175
v 0.095794 0.868666 0.643175
v 0.074993 1.000000 0.643175
v 0.095794 1.131334 0.643175
v 0.156162 1.249813 0.643175
v 0.250187 1.343838 0.643175
v 0.368666 1.404206 0.643175
v 0.500000 1.425007 0.643175
v 0.631334 1.404206 0.643175
v 0.749813 1.343838 0.643175
v 0.843838 1.249813 0.643175
v 0.904206 1.131334 0.643175
v 0.925007 1.000000 0.643175
v 0.906507 1.000000 0.687766
v 0.886611 0.874382 0.687766
v 0.828871 0.761061 0.687766
v 0.738939 0.671129 0.687766
v 0.625618 0.613389 0.687766
v 0.500000 0.593493 0.687766
v 0.374382 0.613389 0.687766
v 0.261061 0.671129 0.687766
v 0.171129 0.761061 0.687766
v 0.113389 0.874382 0.687766
v 0.093493 1.000000 0.687766
v 0.113389 1.125618 0.687766
v 0.171129 1.238939 0.687766
v 0.261061 1.328871 0.687766
v 0.374382 1.386611 0.687766
v 0.500000 1.406507 0.687766
v 0.625618 1.386611 0.687766
v 0.738939 1.328871 0.687766
v 0.828871 1.238939 0.687766
v 0.886611 1.125618 0.687766
v 0.906507 1.000000 0.687766
v 0.881051 1.000000 0.730000
v 0.862401 0.882249 0.730000
v 0.808277 0.776024 0.730000
v 0.723976 0.691723 0.730000
v 0.617751 0.637599 0.730000
v 0.500000 0.618949 0.730000
v 0.382249 0.637599 0.730000
v 0.276024 0.691723 0.730000
v 0.191723 0.776024 0.730000
v 0.137599 0.882249 0.730000
v 0.118949 1.000000 0.730000
v 0.137599 1.117751 0.730000
v 0.191723 1.223976 0.730000
v 0.276024 1.308277 0.730000
v 0.382249 1.362401 0.730000
v 0.500000 1.381051 0.730000
v 0.617751 1.362401 0.730000
v 0.723976 1.308277 0.730000
v 0.808277 1.223976 0.730000
v 0.862401 1.117751 0.730000
v 0.881051 1.000000 0.730000
v 0.849075 1.000000 0.769154
v 0.831991 0.892130 0.769154
v 0.782408 0.794819 0.769154
v 0.705181 0.717592 0.769154
v 0.607870 0.668009 0.769154
v 0.500000 0.650925 0.769154
v 0.392130 0.668009 0.769154
v 0.294819 0.717592 0.769154
v 0.217592 0.794819 0.769154
v 0.168009 0.892130 0.769154
v 0.150925 1.000000 0.769154
v 0.168009 1.107870 0.769154
v 0.217592 1.205181 0.769154
v 0.294819 1.282408 0.769154
v 0.392130 1.331991 0.769154
v 0.500000 1.349075 0.769154
v 0.607870 1.331991 0.769154
v 0.705181 1.282408 0.769154
v 0.782408 1.205181 0.769154
v 0.831991 1.107870 0.769154
v 0.849075 1.000000 0.769154
v 0.811127 1.000000 0.804558
v 0.795899 0.903856 0.804558
v 0.751707 0.817124 0.804558
v 0.682876 0.748293 0.804558
v 0.596144 0.704101 0.804558
v 0.500000 0.688873 0.804558
v 0.403856 0.704101 0.804558
v 0.317124 0.748293 0.804558
v 0.248293 0.817124 0.804558
v 0.204101 0.903856 0.804558
v 0.188873 1.000000 0.804558
v 0.204101 1.096144 0.804558
v 0.248293 1.182876 0.804558
v 0.317124 1.251707 0.804558
v 0.403856 1.295899 0.804558
v 0.500000 1.311127 0.804558
v 0.596144 1.295899 0.804558
v 0.682876 1.251707 0.804558
v 0.751707 1.182876 0.804558
v 0.795899 1.096144 0.804558
v 0.811127 1.000000 0.804558
v 0.767855 1.000000 0.835607
v 0.754745 0.917228 0.835607
v 0.716699 0.842559 0.835607
v 0.657441 0.783301 0.835607
v 0.582772 0.745255 0.835607
v 0.500000 0.732145 0.835607
v 0.417228 0.745255 0.835607
v 0.342559 0.783301 0.835607
v 0.283301 0.842559 0.835607
v 0.245255 0.917228 0.835607
v 0.232145 1.000000 0.835607
v 0.245255 1.082772 0.835607
v 0.283301 1.157441 0.835607
v 0.342559 1.216699 0.835607
v 0.417228 1.254745 0.835607
v 0.500000 1.267855 0.835607
v 0.582772 1.254745 0.835607
v 0.657441 1.216699 0.835607
v 0.716699 1.157441 0.835607
v 0.754745 1.082772 0.835607
v 0.767855 1.000000 0.835607
v 0.720000 1.000000 0.861769
v 0.709232 0.932016 0.861769
v 0.677984 0.870687 0.861769
v 0.629313 0.822016 0.861769
v 0.567984 0.790768 0.861769
v 0.500000 0.780000 0.861769
v 0.432016 0.790768 0.861769
v 0.370687 0.822016 0.861769
v 0.322016 0.870687 0.861769
v 0.290768 0.932016 0.861769
v 0.280000 1.000000 0.861769
v 0.290768 1.067984 0.861769
v 0.322016 1.129313 0.861769
v 0.370687 1.177984 0.861769
v 0.432016 1.209232 0.861769
v 0.500000 1.220000 0.861769
v 0.567984 1.209232 0.861769
v 0.629313 1.177984 0.861769
v 0.677984 1.129313 0.861769
v 0.709232 1.067984 0.861769
v 0.720000 1.000000 0.861769
v 0.668381 1.000000 0.882597
v 0.660140 0.947967 0.882597
v 0.636223 0.901028 0.882597
v 0.598972 0.863777 0.882597
v 0.552033 0.839860 0.882597
v 0.500000 0.831619 0.882597
v 0.447967 0.839860 0.882597
v 0.401028 0.863777 0.882597
v 0.363777 0.901028 0.882597
v 0.339860 0.947967 0.882597
v 0.331619 1.000000 0.882597
v 0.339860 1.052033 0.882597
v 0.363777 1.098972 0.882597
v 0.401028 1.136223 0.882597
v 0.447967 1.160140 0.882597
v 0.500000 1.168381 0.882597
v 0.552033 1.160140 0.882597
v 0.598972 1.136223 0.882597
v 0.636223 1.098972 0.882597
v 0.660140 1.052033 0.882597
v 0.668381 1.000000 0.882597
v 0.613880 1.000000 0.897733
v 0.608307 0.964809 0.897733
v 0.592131 0.933063 0.897733
v 0.566937 0.907869 0.897733
v 0.535191 0.891693 0.897733
v 0.500000 0.886120 0.897733
v 0.464809 0.891693 0.897733
v 0.433063 0.907869 0.897733
v 0.407869 0.933063 0.897733
v 0.391693 0.964809 0.897733
v 0.386120 1.000000 0.897733
v 0.391693 1.035191 0.897733
v 0.407869 1.066937 0.897733
v 0.433063 1.092131 0.897733
v 0.464809 1.108307 0.897733
v 0.500000 1.113880 0.897733
v 0.535191 1.108307 0.897733
v 0.566937 1.092131 0.897733
v 0.592131 1.066937 0.897733
v 0.608307 1.035191 0.897733
v 0.613880 1.000000 0.897733
v 0.557432 1.000000 0.906920
v 0.554621 0.982253 0.906920
v 0.546463 0.966243 0.906920
v 0.533757 0.953537 0.906920
v 0.517747 0.945379 0.906920
v 0.500000 0.942568 0.906920
v 0.482253 0.945379 0.906920
v 0.466243 0.953537 0.906920
v 0.453537 0.966243 0.906920
v 0.445379 0.982253 0.906920
v 0.442568 1.000000 0.906920
v 0.445379 1.017747 0.906920
v 0.453537 1.033757 0.906920
v 0.466243 1.046463 0.906920
v 0.482253 1.054621 0.906920
v 0.500000 1.057432 0.906920
v 0.517747 1.054621 0.906920
v 0.533757 1.046463 0.906920
v 0.546463 1.033757 0.906920
v 0.554621 1.017747 0.906920
v 0.557432 1.000000 0.906920
v 0.503520 1.000000 0.910000
v 0.503348 0.998912 0.910000
v 0.502848 0.997931 0.910000
v 0.502069 0.997152 0.910000
v 0.501088 0.996652 0.910000
v 0.500000 0.996480 0.910000
v 0.498912 0.996652 0.910000
v 0.497931 0.997152 0.910000
v 0.497152 0.997931 0.910000
v 0.496652 0.998912 0.910000
v 0.496480 1.000000 0.910000
v 0.496652 1.001088 0.910000
v 0.497152 1.002069 0.910000
v 0.497931 1.002848 0.910000
v 0.498912 1.003348 0.910000
v 0.500000 1.003520 0.910000
v 0.501088 1.003348 0.910000
v 0.502069 1.002848 0.910000
v 0.502848 1.002069 0.910000
v 0.503348 1.001088 0.910000
v 0.503520 1.000000 0.910000
vn 0.984611 -0.155947 0.078876
vn 0.930469 -0.357586 0.079743
vn 0.774429 -0.627615 0.079743
vn 0.542582 -0.836209 0.079743
vn 0.257623 -0.962949 0.079743
vn -0.052553 -0.995429 0.079743
vn -0.357586 -0.930469 0.079743
vn -0.627615 -0.774429 0.079743
vn -0.836209 -0.542582 0.079743
vn -0.962949 -0.257623 0.079743
vn -0.995429 0.052553 0.079743
vn -0.930469 0.357586 0.079743
vn -0.774429 0.627615 0.079743
vn -0.542582 0.836209 0.079743
vn -0.257623 0.962949 0.079743
vn 0.052553 0.995429 0.079743
vn 0.357586 0.930469 0.079743
vn 0.627615 0.774429 0.079743
vn 0.836209 0.542582 0.079743
vn 0.962949 0.257623 0.079743
vn 0.984611 0.155947 0.078876
vn 0.971111 -0.153809 0.182446
vn 0.939225 -0.304490 0.158565
vn 0.799163 -0.579824 0.158565
vn 0.580874 -0.798400 0.158565
vn 0.305725 -0.938823 0.158565
vn 0.000649 -0.987348 0.158565
vn -0.304490 -0.939225 0.158565
vn -0.579824 -0.799163 0.158565
vn -0.798400 -0.580874 0.158565
vn -0.938823 -0.305725 0.158565
vn -0.987348 -0.000649 0.158565
vn -0.939225 0.304490 0.158565
vn -0.799163 0.579824 0.158565
vn -0.580874 0.798400 0.158565
vn -0.305725 0.938823 0.158565
vn -0.000649 0.987348 0.158565
vn 0.304490 0.939225 0.158565
vn 0.579824 0.799163 0.158565
vn 0.798400 0.580874 0.158565
vn 0.938823 0.305725 0.158565
vn 0.979207 0.155091 0.130769
vn 0.931847 -0.147590 0.331479
vn 0.904372 -0.292540 0.310696
vn 0.769709 -0.557689 0.310696
vn 0.559701 -0.768247 0.310696
vn 0.294906 -0.903603 0.310696
vn 0.001244 -0.950509 0.310696
vn -0.292540 -0.904372 0.310696
vn -0.557689 -0.769709 0.310696
vn -0.768247 -0.559701 0.310696
vn -0.903603 -0.294906 0.310696
vn -0.950509 -0.001244 0.310696
vn -0.904372 0.292540 0.310696
vn -0.769709 0.557689 0.310696
vn -0.559701 0.768247 0.310696
vn -0.294906 0.903603 0.310696
vn -0.001244 0.950509 0.310696
vn 0.292540 0.904372 0.310696
vn 0.557689 0.769709 0.310696
vn 0.768247 0.559701 0.310696
vn 0.903603 0.294906 0.310696
vn 0.947374 0.150049 0.282787
vn 0.872558 -0.138200 0.468554
vn 0.849370 -0.274143 0.451018
vn 0.723084 -0.523195 0.451018
vn 0.526017 -0.721033 0.451018
vn 0.277461 -0.848292 0.451018
vn 0.001744 -0.892513 0.451018
vn -0.274143 -0.849370 0.451018
vn -0.523195 -0.723084 0.451018
vn -0.721033 -0.526017 0.451018
vn -0.848292 -0.277461 0.451018
vn -0.892513 -0.001744 0.451018
vn -0.849370 0.274143 0.451018
vn -0.723084 0.523195 0.451018
vn -0.526017 0.721033 0.451018
vn -0.277461 0.848292 0.451018
vn -0.001744 0.892513 0.451018
vn 0.274143 0.849370 0.451018
vn 0.523195 0.723084 0.451018
vn 0.721033 0.526017 0.451018
vn 0.848292 0.277461 0.451018
vn 0.894360 0.141653 0.424330
vn 0.797189 -0.126262 0.590379
vn 0.778178 -0.250603 0.575880
vn 0.662650 -0.478808 0.575880
vn 0.482258 -0.660143 0.575880
vn 0.254659 -0.776860 0.575880
vn 0.002133 -0.817532 0.575880
vn -0.250603 -0.778178 0.575880
vn -0.478808 -0.662650 0.575880
vn -0.660143 -0.482258 0.575880
vn -0.776860 -0.254659 0.575880
vn -0.817532 -0.002133 0.575880
vn -0.778178 0.250603 0.575880
vn -0.662650 0.478808 0.575880
vn -0.482258 0.660143 0.575880
vn -0.254659 0.776860 0.575880
vn -0.002133 0.817532 0.575880
vn 0.250603 0.778178 0.575880
vn 0.478808 0.662650 0.575880
vn 0.660143 0.482258 0.575880
vn 0.776860 0.254659 0.575880
vn 0.823887 0.130491 0.551528
vn 0.709846 -0.112429 0.695326
vn 0.694998 -0.223283 0.683464
vn 0.591984 -0.427121 0.683464
vn 0.431023 -0.589149 0.683464
vn 0.227870 -0.693507 0.683464
vn 0.002412 -0.729980 0.683464
vn -0.223283 -0.694998 0.683464
vn -0.427121 -0.591984 0.683464
vn -0.589149 -0.431023 0.683464
vn -0.693507 -0.227870 0.683464
vn -0.729980 -0.002412 0.683464
vn -0.694998 0.223283 0.683464
vn -0.591984 0.427121 0.683464
vn -0.431023 0.589149 0.683464
vn -0.227870 0.693507 0.683464
vn -0.002412 0.729980 0.683464
vn 0.223283 0.694998 0.683464
vn 0.427121 0.591984 0.683464
vn 0.589149 0.431023 0.683464
vn 0.693507 0.227870 0.683464
vn 0.740089 0.117219 0.662214
vn 0.614211 -0.097281 0.783123
vn 0.603620 -0.193397 0.773460
vn 0.514314 -0.370460 0.773460
vn 0.374663 -0.511260 0.773460
vn 0.198338 -0.602014 0.773460
vn 0.002598 -0.633840 0.773460
vn -0.193397 -0.603620 0.773460
vn -0.370460 -0.514314 0.773460
vn -0.511260 -0.374663 0.773460
vn -0.602014 -0.198338 0.773460
vn -0.633840 -0.002598 0.773460
vn -0.603620 0.193397 0.773460
vn -0.514314 0.370460 0.773460
vn -0.374663 0.511260 0.773460
vn -0.198338 0.602014 0.773460
vn -0.002598 0.633840 0.773460
vn 0.193397 0.603620 0.773460
vn 0.370460 0.514314 0.773460
vn 0.511260 0.374663 0.773460
vn 0.602014 0.198338 0.773460
vn 0.646842 0.102450 0.755711
vn 0.513236 -0.081289 0.854389
vn 0.507075 -0.161906 0.846559
vn 0.432225 -0.310677 0.846559
vn 0.315066 -0.429036 0.846559
vn 0.167066 -0.505398 0.846559
vn 0.002713 -0.532289 0.846559
vn -0.161906 -0.507075 0.846559
vn -0.310677 -0.432225 0.846559
vn -0.429036 -0.315066 0.846559
vn -0.505398 -0.167066 0.846559
vn -0.532289 -0.002713 0.846559
vn -0.507075 0.161906 0.846559
vn -0.432225 0.310677 0.846559
vn -0.315066 0.429036 0.846559
vn -0.167066 0.505398 0.846559
vn -0.002713 0.532289 0.846559
vn 0.161906 0.507075 0.846559
vn 0.310677 0.432225 0.846559
vn 0.429036 0.315066 0.846559
vn 0.505398 0.167066 0.846559
vn 0.547360 0.086693 0.832395
vn 0.409078 -0.064792 0.910196
vn 0.407557 -0.129503 0.903950
vn 0.347591 -0.249107 0.903950
vn 0.253601 -0.344326 0.903950
vn 0.134786 -0.405841 0.903950
vn 0.002777 -0.427628 0.903950
vn -0.129503 -0.407557 0.903950
vn -0.249107 -0.347591 0.903950
vn -0.344326 -0.253601 0.903950
vn -0.405841 -0.134786 0.903950
vn -0.427628 -0.002777 0.903950
vn -0.407557 0.129503 0.903950
vn -0.347591 0.249107 0.903950
vn -0.253601 0.344326 0.903950
vn -0.134786 0.405841 0.903950
vn -0.002777 0.427628 0.903950
vn 0.129503 0.407557 0.903950
vn 0.249107 0.347591 0.903950
vn 0.344326 0.253601 0.903950
vn 0.405841 0.134786 0.903950
vn 0.444063 0.070333 0.893231
vn 0.303185 -0.048020 0.951721
vn 0.306514 -0.096637 0.946948
vn 0.261649 -0.186626 0.946948
vn 0.191173 -0.258346 0.946948
vn 0.101983 -0.304777 0.946948
vn 0.002810 -0.321375 0.946948
vn -0.096637 -0.306514 0.946948
vn -0.186626 -0.261649 0.946948
vn -0.258346 -0.191173 0.946948
vn -0.304777 -0.101983 0.946948
vn -0.321375 -0.002810 0.946948
vn -0.306514 0.096637 0.946948
vn -0.261649 0.186626 0.946948
vn -0.191173 0.258346 0.946948
vn -0.101983 0.304777 0.946948
vn -0.002810 0.321375 0.946948
vn 0.096637 0.306514 0.946948
vn 0.186626 0.261649 0.946948
vn 0.258346 0.191173 0.946948
vn 0.304777 0.101983 0.946948
vn 0.338620 0.053632 0.939393
vn 0.196444 -0.031114 0.980021
vn 0.204803 -0.063574 0.976736
vn 0.175134 -0.123751 0.976736
vn 0.128321 -0.171813 0.976736
vn 0.068948 -0.203057 0.976736
vn 0.002825 -0.214425 0.976736
vn -0.063574 -0.204803 0.976736
vn -0.123751 -0.175134 0.976736
vn -0.171813 -0.128321 0.976736
vn -0.203057 -0.068948 0.976736
vn -0.214425 -0.002825 0.976736
vn -0.204803 0.063574 0.976736
vn -0.175134 0.123751 0.976736
vn -0.128321 0.171813 0.976736
vn -0.068948 0.203057 0.976736
vn -0.002825 0.214425 0.976736
vn 0.063574 0.204803 0.976736
vn 0.123751 0.175134 0.976736
vn 0.171813 0.128321 0.976736
vn 0.203057 0.068948 0.976736
vn 0.232087 0.036759 0.972000
vn 0.091662 -0.014518 0.995684
vn 0.104487 -0.031071 0.994041
vn 0.089771 -0.061839 0.994041
vn 0.066268 -0.086553 0.994041
vn 0.036279 -0.102795 0.994041
vn 0.002738 -0.108974 0.994041
vn -0.031071 -0.104487 0.994041
vn -0.061839 -0.089771 0.994041
vn -0.086553 -0.066268 0.994041
vn -0.102795 -0.036279 0.994041
vn -0.108974 -0.002738 0.994041
vn -0.104487 0.031071 0.994041
vn -0.089771 0.061839 0.994041
vn -0.066268 0.086553 0.994041
vn -0.036279 0.102795 0.994041
vn -0.002738 0.108974 0.994041
vn 0.031071 0.104487 0.994041
vn 0.061839 0.089771 0.994041
vn 0.086553 0.066268 0.994041
vn 0.102795 0.036279 0.994041
vn 0.126221 0.019991 0.991801
vn 0.057033 -0.009033 0.998331
vn 0.055174 -0.014761 0.998368
vn 0.047912 -0.031088 0.998368
vn 0.035960 -0.044372 0.998368
vn 0.020488 -0.053313 0.998368
vn 0.003011 -0.057035 0.998368
vn -0.014761 -0.055174 0.998368
vn -0.031088 -0.047912 0.998368
vn -0.044372 -0.035960 0.998368
vn -0.053313 -0.020488 0.998368
vn -0.057035 -0.003011 0.998368
vn -0.055174 0.014761 0.998368
vn -0.047912 0.031088 0.998368
vn -0.035960 0.044372 0.998368
vn -0.020488 0.053313 0.998368
vn -0.003011 0.057035 0.998368
vn 0.014761 0.055174 0.998368
vn 0.031088 0.047912 0.998368
vn 0.044372 0.035960 0.998368
vn 0.053313 0.020488 0.998368
vn 0.057033 0.009033 0.998331
usemtl steel
f 7392 7413 7414
f 7392 7414 7393
f 7393 7414 7415
f 7393 7415 7394
f 7394 7415 7416
f 7394 7416 7395
f 7395 7416 7417
f 7395 7417 7396
f 7396 7417 7418
f 7396 7418 7397
f 7397 7418 7419
f 7397 7419 7398
f 7398 7419 7420
f 7398 7420 7399
f 7399 7420 7421
f 7399 7421 7400
f 7400 7421 7422
f 7400 7422 7401
f 7401 7422 7423
f 7401 7423 7402
f 7402 7423 7424
f 7402 7424 7403
f 7403 7424 7425
f 7403 7425 7404
f 7404 7425 7426
f 7404 7426 7405
f 7405 7426 7427
f 7405 7427 7406
f 7406 7427 7428
f 7406 7428 7407
f 7407 7428 7429
f 7407 7429 7408
f 7408 7429 7430
f 7408 7430 7409
f 7409 7430 7431
f 7409 7431 7410
f 7410 7431 7432
f 7410 7432 7411
f 7411 7432 7433
f 7411 7433 7412
f 7413 7434 7435
f 7413 7435 7414
f 7414 7435 7436
f 7414 7436 7415
f 7415 7436 7437
f 7415 7437 7416
f 7416 7437 7438
f 7416 7438 7417
f 7417 7438 7439
f 7417 7439 7418
f 7418 7439 7440
f 7418 7440 7419
f 7419 7440 7441
f 7419 7441 7420
f 7420 7441 7442
f 7420 7442 7421
f 7421 7442 7443
f 7421 7443 7422
f 7422 7443 7444
f 7422 7444 7423
f 7423 7444 7445
f 7423 7445 7424
f 7424 7445 7446
f 7424 7446 7425
f 7425 7446 7447
f 7425 7447 7426
f 7426 7447 7448
f 7426 7448 7427
f 7427 7448 7449
f 7427 7449 7428
f 7428 7449 7450
f 7428 7450 7429
f 7429 7450 7451
f 7429 7451 7430
f 7430 7451 7452
f 7430 7452 7431
f 7431 7452 7453
f 7431 7453 7432
f 7432 7453 7454
f 7432 7454 7433
f 7434 7455 7456
f 7434 7456 7435
f 7435 7456 7457
f 7435 7457 7436
f 7436 7457 7458
f 7436 7458 7437
f 7437 7458 7459
f 7437 7459 7438
f 7438 7459 7460
f 7438 7460 7439
f 7439 7460 7461
f 7439 7461 7440
f 7440 7461 7462
f 7440 7462 7441
f 7441 7462 7463
f 7441 7463 7442
f 7442 7463 7464
f 7442 7464 7443
f 7443 7464 7465
f 7443 7465 7444
f 7444 7465 7466
f 7444 7466 7445
f 7445 7466 7467
f 7445 7467 7446
f 7446 7467 7468
f 7446 7468 7447
f 7447 7468 7469
f 7447 7469 7448
f 7448 7469 7470
f 7448 7470 7449
f 7449 7470 7471
f 7449 7471 7450
f 7450 7471 7472
f 7450 7472 7451
f 7451 7472 7473
f 7451 7473 7452
f 7452 7473 7474
f 7452 7474 7453
f 7453 7474 7475
f 7453 7475 7454
f 7455 7476 7477
f 7455 7477 7456
f 7456 7477 7478
f 7456 7478 7457
f 7457 7478 7479
f 7457 7479 7458
f 7458 7479 7480
f 7458 7480 7459
f 7459 7480 7481
f 7459 7481 7460
f 7460 7481 7482
f 7460 7482 7461
f 7461 7482 7483
f 7461 7483 7462
f 7462 7483 7484
f 7462 7484 7463
f 7463 7484 7485
f 7463 7485 7464
f 7464 7485 7486
f 7464 7486 7465
f 7465 7486 7487
f 7465 7487 7466
f 7466 7487 7488
f 7466 7488 7467
f 7467 7488 7489
f 7467 7489 7468
f 7468 7489 7490
f 7468 7490 7469
f 7469 7490 7491
f 7469 7491 7470
f 7470 7491 7492
f 7470 7492 7471
f 7471 7492 7493
f 7471 7493 7472
f 7472 7493 7494
f 7472 7494 7473
f 7473 7494 7495
f 7473 7495 7474
f 7474 7495 7496
f 7474 7496 7475
f 7476 7497 7498
f 7476 7498 7477
f 7477 7498 7499
f 7477 7499 7478
f 7478 7499 7500
f 7478 7500 7479
f 7479 7500 7501
f 7479 7501 7480
f 7480 7501 7502
f 7480 7502 7481
f 7481 7502 7503
f 7481 7503 7482
f 7482 7503 7504
f 7482 7504 7483
f 7483 7504 7505
f 7483 7505 7484
f 7484 7505 7506
f 7484 7506 7485
f 7485 7506 7507
f 7485 7507 7486
f 7486 7507 7508
f 7486 7508 7487
f 7487 7508 7509
f 7487 7509 7488
f 7488 7509 7510
f 7488 7510 7489
f 7489 7510 7511
f 7489 7511 7490
f 7490 7511 7512
f 7490 7512 7491
f 7491 7512 7513
f 7491 7513 7492
f 7492 7513 7514
f 7492 7514 7493
f 7493 7514 7515
f 7493 7515 7494
f 7494 7515 7516
f 7494 7516 7495
f 7495 7516 7517
f 7495 7517 7496
f 7497 7518 7519
f 7497 7519 7498
f 7498 7519 7520
f 7498 7520 7499
f 7499 7520 7521
f 7499 7521 7500
f 7500 7521 7522
f 7500 7522 7501
f 7501 7522 7523
f 7501 7523 7502
f 7502 7523 7524
f 7502 7524 7503
f 7503 7524 7525
f 7503 7525 7504
f 7504 7525 7526
f 7504 7526 7505
f 7505 7526 7527
f 7505 7527 7506
f 7506 7527 7528
f 7506 7528 7507
f 7507 7528 7529
f 7507 7529 7508
f 7508 7529 7530
f 7508 7530 7509
f 7509 7530 7531
f 7509 7531 7510
f 7510 7531 7532
f 7510 7532 7511
f 7511 7532 7533
f 7511 7533 7512
f 7512 7533 7534
f 7512 7534 7513
f 7513 7534 7535
f 7513 7535 7514
f 7514 7535 7536
f 7514 7536 7515
f 7515 7536 7537
f 7515 7537 7516
f 7516 7537 7538
f 7516 7538 7517
f 7518 7539 7540
f 7518 7540 7519
f 7519 7540 7541
f 7519 7541 7520
f 7520 7541 7542
f 7520 7542 7521
f 7521 7542 7543
f 7521 7543 7522
f 7522 7543 7544
f 7522 7544 7523
f 7523 7544 7545
f 7523 7545 7524
f 7524 7545 7546
f 7524 7546 7525
f 7525 7546 7547
f 7525 7547 7526
f 7526 7547 7548
f 7526 7548 7527
f 7527 7548 7549
f 7527 7549 7528
f 7528 7549 7550
f 7528 7550 7529
f 7529 7550 7551
f 7529 7551 7530
f 7530 7551 7552
f 7530 7552 7531
f 7531 7552 7553
f 7531 7553 7532
f 7532 7553 7554
f 7532 7554 7533
f 7533 7554 7555
f 7533 7555 7534
f 7534 7555 7556
f 7534 7556 7535
f 7535 7556 7557
f 7535 7557 7536
f 7536 7557 7558
f 7536 7558 7537
f 7537 7558 7559
f 7537 7559 7538
f 7539 7560 7561
f 7539 7561 7540
f 7540 7561 7562
f 7540 7562 7541
f 7541 7562 7563
f 7541 7563 7542
f 7542 7563 7564
f 7542 7564 7543
f 7543 7564 7565
f 7543 7565 7544
f 7544 7565 7566
f 7544 7566 7545
f 7545 7566 7567
f 7545 7567 7546
f 7546 7567 7568
f 7546 7568 7547
f 7547 7568 7569
f 7547 7569 7548
f 7548 7569 7570
f 7548 7570 7549
f 7549 7570 7571
f 7549 7571 7550
f 7550 7571 7572
f 7550 7572 7551
f 7551 7572 7573
f 7551 7573 7552
f 7552 7573 7574
f 7552 7574 7553
f 7553 7574 7575
f 7553 7575 7554
f 7554 7575 7576
f 7554 7576 7555
f 7555 7576 7577
f 7555 7577 7556
f 7556 7577 7578
f 7556 7578 7557
f 7557 7578 7579
f 7557 7579 7558
f 7558 7579 7580
f 7558 7580 7559
f 7560 7581 7582
f 7560 7582 7561
f 7561 7582 7583
f 7561 7583 7562
f 7562 7583 7584
f 7562 7584 7563
f 7563 7584 7585
f 7563 7585 7564
f 7564 7585 7586
f 7564 7586 7565
f 7565 7586 7587
f 7565 7587 7566
f 7566 7587 7588
f 7566 7588 7567
f 7567 7588 7589
f 7567 7589 7568
f 7568 7589 7590
f 7568 7590 7569
f 7569 7590 7591
f 7569 7591 7570
f 7570 7591 7592
f 7570 7592 7571
f 7571 7592 7593
f 7571 7593 7572
f 7572 7593 7594
f 7572 7594 7573
f 7573 7594 7595
f 7573 7595 7574
f 7574 7595 7596
f 7574 7596 7575
f 7575 7596 7597
f 7575 7597 7576
f 7576 7597 7598
f 7576 7598 7577
f 7577 7598 7599
f 7577 7599 7578
f 7578 7599 7600
f 7578 7600 7579
f 7579 7600 7601
f 7579 7601 7580
f 7581 7602 7603
f 7581 7603 7582
f 7582 7603 7604
f 7582 7604 7583
f 7583 7604 7605
f 7583 7605 7584
f 7584 7605 7606
f 7584 7606 7585
f 7585 7606 7607
f 7585 7607 7586
f 7586 7607 7608
f 7586 7608 7587
f 7587 7608 7609
f 7587 7609 7588
f 7588 7609 7610
f 7588 7610 7589
f 7589 7610 7611
f 7589 7611 7590
f 7590 7611 7612
f 7590 7612 7591
f 7591 7612 7613
f 7591 7613 7592
f 7592 7613 7614
f 7592 7614 7593
f 7593 7614 7615
f 7593 7615 7594
f 7594 7615 7616
f 7594 7616 7595
f 7595 7616 7617
f 7595 7617 7596
f 7596 7617 7618
f 7596 7618 7597
f 7597 7618 7619
f 7597 7619 7598
f 7598 7619 7620
f 7598 7620 7599
f 7599 7620 7621
f 7599 7621 7600
f 7600 7621 7622
f 7600 7622 7601
f 7602 7623 7624
f 7602 7624 7603
f 7603 7624 7625
f 7603 7625 7604
f 7604 7625 7626
f 7604 7626 7605
f 7605 7626 7627
f 7605 7627 7606
f 7606 7627 7628
f 7606 7628 7607
f 7607 7628 7629
f 7607 7629 7608
f 7608 7629 7630
f 7608 7630 7609
f 7609 7630 7631
f 7609 7631 7610
f 7610 7631 7632
f 7610 7632 7611
f 7611 7632 7633
f 7611 7633 7612
f 7612 7633 7634
f 7612 7634 7613
f 7613 7634 7635
f 7613 7635 7614
f 7614 7635 7636
f 7614 7636 7615
f 7615 7636 7637
f 7615 7637 7616
f 7616 7637 7638
f 7616 7638 7617
f 7617 7638 7639
f 7617 7639 7618
f 7618 7639 7640
f 7618 7640 7619
f 7619 7640 7641
f 7619 7641 7620
f 7620 7641 7642
f 7620 7642 7621
f 7621 7642 7643
f 7621 7643 7622
f 7623 7644 7645
f 7623 7645 7624
f 7624 7645 7646
f 7624 7646 7625
f 7625 7646 7647
f 7625 7647 7626
f 7626 7647 7648
f 7626 7648 7627
f 7627 7648 7649
f 7627 7649 7628
f 7628 7649 7650
f 7628 7650 7629
f 7629 7650 7651
f 7629 7651 7630
f 7630 7651 7652
f 7630 7652 7631
f 7631 7652 7653
f 7631 7653 7632
f 7632 7653 7654
f 7632 7654 7633
f 7633 7654 7655
f 7633 7655 7634
f 7634 7655 7656
f 7634 7656 7635
f 7635 7656 7657
f 7635 7657 7636
f 7636 7657 7658
f 7636 7658 7637
f 7637 7658 7659
f 7637 7659 7638
f 7638 7659 7660
f 7638 7660 7639
f 7639 7660 7661
f 7639 7661 7640
f 7640 7661 7662
f 7640 7662 7641
f 7641 7662 7663
f 7641 7663 7642
f 7642 7663 7664
f 7642 7664 7643
o poleyn_v2_fan_R
v 0.940000 0.867574 0.072426
v 0.940000 0.859120 0.061800
v 0.940000 0.851791 0.044552
v 0.940000 0.850000 0.022500
v 0.940000 0.850000 -0.000000
v 0.940000 0.850000 -0.022500
v 0.940000 0.851791 -0.044552
v 0.940000 0.859120 -0.061800
v 0.940000 0.867574 -0.072426
v 0.940000 0.888933 0.086180
v 0.940000 0.887500 0.067500
v 0.940000 0.887500 0.045000
v 0.940000 0.887500 0.022500
v 0.940000 0.887500 -0.000000
v 0.940000 0.887500 -0.022500
v 0.940000 0.887500 -0.045000
v 0.940000 0.887500 -0.067500
v 0.940000 0.888933 -0.086180
v 0.940000 0.925000 0.090000
v 0.940000 0.925000 0.067500
v 0.940000 0.925000 0.045000
v 0.940000 0.925000 0.022500
v 0.940000 0.925000 -0.000000
v 0.940000 0.925000 -0.022500
v 0.940000 0.925000 -0.045000
v 0.940000 0.925000 -0.067500
v 0.940000 0.925000 -0.090000
v 0.940000 0.962500 0.090000
v 0.940000 0.962500 0.067500
v 0.940000 0.962500 0.045000
v 0.940000 0.962500 0.022500
v 0.940000 0.962500 -0.000000
v 0.940000 0.962500 -0.022500
v 0.940000 0.962500 -0.045000
v 0.940000 0.962500 -0.067500
v 0.940000 0.962500 -0.090000
v 0.940000 1.000000 0.090000
v 0.940000 1.000000 0.067500
v 0.940000 1.000000 0.045000
v 0.940000 1.000000 0.022500
v 0.940000 1.000000 -0.000000
v 0.940000 1.000000 -0.022500
v 0.940000 1.000000 -0.045000
v 0.940000 1.000000 -0.067500
v 0.940000 1.000000 -0.090000
v 0.940000 1.037500 0.090000
v 0.940000 1.037500 0.067500
v 0.940000 1.037500 0.045000
v 0.940000 1.037500 0.022500
v 0.940000 1.037500 -0.000000
v 0.940000 1.037500 -0.022500
v 0.940000 1.037500 -0.045000
v 0.940000 1.037500 -0.067500
v 0.940000 1.037500 -0.090000
v 0.940000 1.075000 0.090000
v 0.940000 1.075000 0.067500
v 0.940000 1.075000 0.045000
v 0.940000 1.075000 0.022500
v 0.940000 1.075000 -0.000000
v 0.940000 1.075000 -0.022500
v 0.940000 1.075000 -0.045000
v 0.940000 1.075000 -0.067500
v 0.940000 1.075000 -0.090000
v 0.940000 1.111067 0.086180
v 0.940000 1.112500 0.067500
v 0.940000 1.112500 0.045000
v 0.940000 1.112500 0.022500
v 0.940000 1.112500 -0.000000
v 0.940000 1.112500 -0.022500
v 0.940000 1.112500 -0.045000
v 0.940000 1.112500 -0.067500
v 0.940000 1.111067 -0.086180
v 0.940000 1.132426 0.072426
v 0.940000 1.140880 0.061800
v 0.940000 1.148209 0.044552
v 0.940000 1.150000 0.022500
v 0.940000 1.150000 -0.000000
v 0.940000 1.150000 -0.022500
v 0.940000 1.148209 -0.044552
v 0.940000 1.140880 -0.061800
v 0.940000 1.132426 -0.072426
v 0.900000 0.867574 0.072426
v 0.900000 0.859120 0.061800
v 0.900000 0.851791 0.044552
v 0.900000 0.850000 0.022500
v 0.900000 0.850000 -0.000000
v 0.900000 0.850000 -0.022500
v 0.900000 0.851791 -0.044552
v 0.900000 0.859120 -0.061800
v 0.900000 0.867574 -0.072426
v 0.900000 0.888933 0.086180
v 0.900000 0.887500 0.067500
v 0.900000 0.887500 0.045000
v 0.900000 0.887500 0.022500
v 0.900000 0.887500 -0.000000
v 0.900000 0.887500 -0.022500
v 0.900000 0.887500 -0.045000
v 0.900000 0.887500 -0.067500
v 0.900000 0.888933 -0.086180
v 0.900000 0.925000 0.090000
v 0.900000 0.925000 0.067500
v 0.900000 0.925000 0.045000
v 0.900000 0.925000 0.022500
v 0.900000 0.925000 -0.000000
v 0.900000 0.925000 -0.022500
v 0.900000 0.925000 -0.045000
v 0.900000 0.925000 -0.067500
v 0.900000 0.925000 -0.090000
v 0.900000 0.962500 0.090000
v 0.900000 0.962500 0.067500
v 0.900000 0.962500 0.045000
v 0.900000 0.962500 0.022500
v 0.900000 0.962500 -0.000000
v 0.900000 0.962500 -0.022500
v 0.900000 0.962500 -0.045000
v 0.900000 0.962500 -0.067500
v 0.900000 0.962500 -0.090000
v 0.900000 1.000000 0.090000
v 0.900000 1.000000 0.067500
v 0.900000 1.000000 0.045000
v 0.900000 1.000000 0.022500
v 0.900000 1.000000 -0.000000
v 0.900000 1.000000 -0.022500
v 0.900000 1.000000 -0.045000
v 0.900000 1.000000 -0.067500
v 0.900000 1.000000 -0.090000
v 0.900000 1.037500 0.090000
v 0.900000 1.037500 0.067500
v 0.900000 1.037500 0.045000
v 0.900000 1.037500 0.022500
v 0.900000 1.037500 -0.000000
v 0.900000 1.037500 -0.022500
v 0.900000 1.037500 -0.045000
v 0.900000 1.037500 -0.067500
v 0.900000 1.037500 -0.090000
v 0.900000 1.075000 0.090000
v 0.900000 1.075000 0.067500
v 0.900000 1.075000 0.045000
v 0.900000 1.075000 0.022500
v 0.900000 1.075000 -0.000000
v 0.900000 1.075000 -0.022500
v 0.900000 1.075000 -0.045000
v 0.900000 1.075000 -0.067500
v 0.900000 1.075000 -0.090000
v 0.900000 1.111067 0.086180
v 0.900000 1.112500 0.067500
v 0.900000 1.112500 0.045000
v 0.900000 1.112500 0.022500
v 0.900000 1.112500 -0.000000
v 0.900000 1.112500 -0.022500
v 0.900000 1.112500 -0.045000
v 0.900000 1.112500 -0.067500
v 0.900000 1.111067 -0.086180
v 0.900000 1.132426 0.072426
v 0.900000 1.140880 0.061800
v 0.900000 1.148209 0.044552
v 0.900000 1.150000 0.022500
v 0.900000 1.150000 -0.000000
v 0.900000 1.150000 -0.022500
v 0.900000 1.148209 -0.044552
v 0.900000 1.140880 -0.061800
v 0.900000 1.132426 -0.072426
vn 0.452021 -0.598460 0.661454
vn 0.709975 -0.620827 0.332430
vn 0.711148 -0.690713 0.131090
vn 0.707365 -0.706591 0.019092
vn 0.707107 -0.707107 0.000000
vn 0.707365 -0.705816 -0.038184
vn 0.711148 -0.672613 -0.204597
vn 0.709975 -0.588219 -0.387213
vn 0.319627 -0.596217 -0.736453
vn 0.715657 -0.179402 0.675019
vn 1.000000 0.000000 0.000000
vn 1.000000 0.000000 0.000000
vn 1.000000 0.000000 0.000000
vn 1.000000 0.000000 0.000000
vn 1.000000 0.000000 0.000000
vn 1.000000 0.000000 0.000000
vn 1.000000 0.000000 0.000000
vn 0.715657 -0.179402 -0.675019
vn 0.707544 -0.024842 0.706232
vn 1.000000 0.000000 0.000000
vn 1.000000 0.000000 0.000000
vn 1.000000 0.000000 0.000000
vn 1.000000 0.000000 0.000000
vn 1.000000 0.000000 0.000000
vn 1.000000 0.000000 0.000000
vn 1.000000 0.000000 0.000000
vn 0.707544 -0.024842 -0.706232
vn 0.707107 0.000000 0.707107
vn 1.000000 0.000000 0.000000
vn 1.000000 0.000000 0.000000
vn 1.000000 0.000000 0.000000
vn 1.000000 0.000000 0.000000
vn 1.000000 0.000000 0.000000
vn 1.000000 0.000000 0.000000
vn 1.000000 0.000000 0.000000
vn 0.707107 0.000000 -0.707107
vn 0.707107 0.000000 0.707107
vn 1.000000 0.000000 0.000000
vn 1.000000 0.000000 0.000000
vn 1.000000 0.000000 0.000000
vn 1.000000 0.000000 0.000000
vn 1.000000 0.000000 0.000000
vn 1.000000 0.000000 0.000000
vn 1.000000 0.000000 0.000000
vn 0.707107 0.000000 -0.707107
vn 0.707107 0.000000 0.707107
vn 1.000000 0.000000 0.000000
vn 1.000000 0.000000 0.000000
vn 1.000000 0.000000 0.000000
vn 1.000000 0.000000 0.000000
vn 1.000000 0.000000 0.000000
vn 1.000000 0.000000 0.000000
vn 1.000000 0.000000 0.000000
vn 0.707107 0.000000 -0.707107
vn 0.707544 0.049684 0.704920
vn 1.000000 0.000000 0.000000
vn 1.000000 0.000000 0.000000
vn 1.000000 0.000000 0.000000
vn 1.000000 0.000000 0.000000
vn 1.000000 0.000000 0.000000
vn 1.000000 0.000000 0.000000
vn 1.000000 0.000000 0.000000
vn 0.707544 0.049684 -0.704920
vn 0.715657 0.283424 0.638362
vn 1.000000 0.000000 0.000000
vn 1.000000 0.000000 0.000000
vn 1.000000 0.000000 0.000000
vn 1.000000 0.000000 0.000000
vn 1.000000 0.000000 0.000000
vn 1.000000 0.000000 0.000000
vn 1.000000 0.000000 0.000000
vn 0.715657 0.283424 -0.638362
vn 0.319627 0.673309 0.666703
vn 0.709975 0.620827 0.332430
vn 0.711148 0.690713 0.131090
vn 0.707365 0.706591 0.019092
vn 0.707107 0.707107 0.000000
vn 0.707365 0.705816 -0.038184
vn 0.711148 0.672613 -0.204597
vn 0.709975 0.588219 -0.387213
vn 0.711829 0.471218 -0.520819
vn -0.711829 -0.471218 0.520819
vn -0.709975 -0.588219 0.387213
vn -0.711148 -0.672613 0.204597
vn -0.707365 -0.705816 0.038184
vn -0.707107 -0.707107 0.000000
vn -0.707365 -0.706591 -0.019092
vn -0.711148 -0.690713 -0.131090
vn -0.709975 -0.620827 -0.332430
vn -0.319627 -0.673309 -0.666703
vn -0.715657 -0.283424 0.638362
vn -1.000000 0.000000 0.000000
vn -1.000000 0.000000 0.000000
vn -1.000000 0.000000 0.000000
vn -1.000000 0.000000 0.000000
vn -1.000000 0.000000 0.000000
vn -1.000000 -0.000000 -0.000000
vn -1.000000 -0.000000 -0.000000
vn -0.715657 -0.283424 -0.638362
vn -0.707544 -0.049684 0.704920
vn -1.000000 0.000000 0.000000
vn -1.000000 0.000000 0.000000
vn -1.000000 0.000000 0.000000
vn -1.000000 0.000000 0.000000
vn -1.000000 0.000000 0.000000
vn -1.000000 0.000000 -0.000000
vn -1.000000 0.000000 -0.000000
vn -0.707544 -0.049684 -0.704920
vn -0.707107 0.000000 0.707107
vn -1.000000 0.000000 0.000000
vn -1.000000 0.000000 0.000000
vn -1.000000 0.000000 0.000000
vn -1.000000 0.000000 0.000000
vn -1.000000 0.000000 0.000000
vn -1.000000 0.000000 -0.000000
vn -1.000000 0.000000 -0.000000
vn -0.707107 0.000000 -0.707107
vn -0.707107 0.000000 0.707107
vn -1.000000 0.000000 0.000000
vn -1.000000 0.000000 0.000000
vn -1.000000 0.000000 0.000000
vn -1.000000 0.000000 0.000000
vn -1.000000 0.000000 0.000000
vn -1.000000 0.000000 -0.000000
vn -1.000000 0.000000 -0.000000
vn -0.707107 0.000000 -0.707107
vn -0.707107 0.000000 0.707107
vn -1.000000 0.000000 0.000000
vn -1.000000 0.000000 0.000000
vn -1.000000 0.000000 0.000000
vn -1.000000 0.000000 0.000000
vn -1.000000 0.000000 0.000000
vn -1.000000 0.000000 -0.000000
vn -1.000000 0.000000 -0.000000
vn -0.707107 0.000000 -0.707107
vn -0.707544 0.024842 0.706232
vn -1.000000 0.000000 0.000000
vn -1.000000 0.000000 0.000000
vn -1.000000 0.000000 0.000000
vn -1.000000 0.000000 0.000000
vn -1.000000 0.000000 0.000000
vn -1.000000 0.000000 -0.000000
vn -1.000000 0.000000 -0.000000
vn -0.707544 0.024842 -0.706232
vn -0.715657 0.179402 0.675019
vn -1.000000 0.000000 0.000000
vn -1.000000 0.000000 0.000000
vn -1.000000 0.000000 0.000000
vn -1.000000 0.000000 0.000000
vn -1.000000 0.000000 0.000000
vn -1.000000 0.000000 -0.000000
vn -1.000000 0.000000 -0.000000
vn -0.715657 0.179402 -0.675019
vn -0.319627 0.596217 0.736453
vn -0.709975 0.588219 0.387213
vn -0.711148 0.672613 0.204597
vn -0.707365 0.705816 0.038184
vn -0.707107 0.707107 0.000000
vn -0.707365 0.706591 -0.019092
vn -0.711148 0.690713 -0.131090
vn -0.709975 0.620827 -0.332430
vn -0.452021 0.598460 -0.661454
usemtl steel
f 7665 7666 7675
f 7665 7675 7674
f 7666 7667 7676
f 7666 7676 7675
f 7667 7668 7677
f 7667 7677 7676
f 7668 7669 7678
f 7668 7678 7677
f 7669 7670 7679
f 7669 7679 7678
f 7670 7671 7680
f 7670 7680 7679
f 7671 7672 7681
f 7671 7681 7680
f 7672 7673 7682
f 7672 7682 7681
f 7674 7675 7684
f 7674 7684 7683
f 7675 7676 7685
f 7675 7685 7684
f 7676 7677 7686
f 7676 7686 7685
f 7677 7678 7687
f 7677 7687 7686
f 7678 7679 7688
f 7678 7688 7687
f 7679 7680 7689
f 7679 7689 7688
f 7680 7681 7690
f 7680 7690 7689
f 7681 7682 7691
f 7681 7691 7690
f 7683 7684 7693
f 7683 7693 7692
f 7684 7685 7694
f 7684 7694 7693
f 7685 7686 7695
f 7685 7695 7694
f 7686 7687 7696
f 7686 7696 7695
f 7687 7688 7697
f 7687 7697 7696
f 7688 7689 7698
f 7688 7698 7697
f 7689 7690 7699
f 7689 7699 7698
f 7690 7691 7700
f 7690 7700 7699
f 7692 7693 7702
f 7692 7702 7701
f 7693 7694 7703
f 7693 7703 7702
f 7694 7695 7704
f 7694 7704 7703
f 7695 7696 7705
f 7695 7705 7704
f 7696 7697 7706
f 7696 7706 7705
f 7697 7698 7707
f 7697 7707 7706
f 7698 7699 7708
f 7698 7708 7707
f 7699 7700 7709
f 7699 7709 7708
f 7701 7702 7711
f 7701 7711 7710
f 7702 7703 7712
f 7702 7712 7711
f 7703 7704 7713
f 7703 7713 7712
f 7704 7705 7714
f 7704 7714 7713
f 7705 7706 7715
f 7705 7715 7714
f 7706 7707 7716
f 7706 7716 7715
f 7707 7708 7717
f 7707 7717 7716
f 7708 7709 7718
f 7708 7718 7717
f 7710 7711 7720
f 7710 7720 7719
f 7711 7712 7721
f 7711 7721 7720
f 7712 7713 7722
f 7712 7722 7721
f 7713 7714 7723
f 7713 7723 7722
f 7714 7715 7724
f 7714 7724 7723
f 7715 7716 7725
f 7715 7725 7724
f 7716 7717 7726
f 7716 7726 7725
f 7717 7718 7727
f 7717 7727 7726
f 7719 7720 7729
f 7719 7729 7728
f 7720 7721 7730
f 7720 7730 7729
f 7721 7722 7731
f 7721 7731 7730
f 7722 7723 7732
f 7722 7732 7731
f 7723 7724 7733
f 7723 7733 7732
f 7724 7725 7734
f 7724 7734 7733
f 7725 7726 7735
f 7725 7735 7734
f 7726 7727 7736
f 7726 7736 7735
f 7728 7729 7738
f 7728 7738 7737
f 7729 7730 7739
f 7729 7739 7738
f 7730 7731 7740
f 7730 7740 7739
f 7731 7732 7741
f 7731 7741 7740
f 7732 7733 7742
f 7732 7742 7741
f 7733 7734 7743
f 7733 7743 7742
f 7734 7735 7744
f 7734 7744 7743
f 7735 7736 7745
f 7735 7745 7744
f 7746 7755 7756
f 7746 7756 7747
f 7747 7756 7757
f 7747 7757 7748
f 7748 7757 7758
f 7748 7758 7749
f 7749 7758 7759
f 7749 7759 7750
f 7750 7759 7760
f 7750 7760 7751
f 7751 7760 7761
f 7751 7761 7752
f 7752 7761 7762
f 7752 7762 7753
f 7753 7762 7763
f 7753 7763 7754
f 7755 7764 7765
f 7755 7765 7756
f 7756 7765 7766
f 7756 7766 7757
f 7757 7766 7767
f 7757 7767 7758
f 7758 7767 7768
f 7758 7768 7759
f 7759 7768 7769
f 7759 7769 7760
f 7760 7769 7770
f 7760 7770 7761
f 7761 7770 7771
f 7761 7771 7762
f 7762 7771 7772
f 7762 7772 7763
f 7764 7773 7774
f 7764 7774 7765
f 7765 7774 7775
f 7765 7775 7766
f 7766 7775 7776
f 7766 7776 7767
f 7767 7776 7777
f 7767 7777 7768
f 7768 7777 7778
f 7768 7778 7769
f 7769 7778 7779
f 7769 7779 7770
f 7770 7779 7780
f 7770 7780 7771
f 7771 7780 7781
f 7771 7781 7772
f 7773 7782 7783
f 7773 7783 7774
f 7774 7783 7784
f 7774 7784 7775
f 7775 7784 7785
f 7775 7785 7776
f 7776 7785 7786
f 7776 7786 7777
f 7777 7786 7787
f 7777 7787 7778
f 7778 7787 7788
f 7778 7788 7779
f 7779 7788 7789
f 7779 7789 7780
f 7780 7789 7790
f 7780 7790 7781
f 7782 7791 7792
f 7782 7792 7783
f 7783 7792 7793
f 7783 7793 7784
f 7784 7793 7794
f 7784 7794 7785
f 7785 7794 7795
f 7785 7795 7786
f 7786 7795 7796
f 7786 7796 7787
f 7787 7796 7797
f 7787 7797 7788
f 7788 7797 7798
f 7788 7798 7789
f 7789 7798 7799
f 7789 7799 7790
f 7791 7800 7801
f 7791 7801 7792
f 7792 7801 7802
f 7792 7802 7793
f 7793 7802 7803
f 7793 7803 7794
f 7794 7803 7804
f 7794 7804 7795
f 7795 7804 7805
f 7795 7805 7796
f 7796 7805 7806
f 7796 7806 7797
f 7797 7806 7807
f 7797 7807 7798
f 7798 7807 7808
f 7798 7808 7799
f 7800 7809 7810
f 7800 7810 7801
f 7801 7810 7811
f 7801 7811 7802
f 7802 7811 7812
f 7802 7812 7803
f 7803 7812 7813
f 7803 7813 7804
f 7804 7813 7814
f 7804 7814 7805
f 7805 7814 7815
f 7805 7815 7806
f 7806 7815 7816
f 7806 7816 7807
f 7807 7816 7817
f 7807 7817 7808
f 7809 7818 7819
f 7809 7819 7810
f 7810 7819 7820
f 7810 7820 7811
f 7811 7820 7821
f 7811 7821 7812
f 7812 7821 7822
f 7812 7822 7813
f 7813 7822 7823
f 7813 7823 7814
f 7814 7823 7824
f 7814 7824 7815
f 7815 7824 7825
f 7815 7825 7816
f 7816 7825 7826
f 7816 7826 7817
f 7665 7674 7755
f 7665 7755 7746
f 7673 7754 7763
f 7673 7763 7682
f 7674 7683 7764
f 7674 7764 7755
f 7682 7763 7772
f 7682 7772 7691
f 7683 7692 7773
f 7683 7773 7764
f 7691 7772 7781
f 7691 7781 7700
f 7692 7701 7782
f 7692 7782 7773
f 7700 7781 7790
f 7700 7790 7709
f 7701 7710 7791
f 7701 7791 7782
f 7709 7790 7799
f 7709 7799 7718
f 7710 7719 7800
f 7710 7800 7791
f 7718 7799 7808
f 7718 7808 7727
f 7719 7728 7809
f 7719 7809 7800
f 7727 7808 7817
f 7727 7817 7736
f 7728 7737 7818
f 7728 7818 7809
f 7736 7817 7826
f 7736 7826 7745
f 7665 7746 7747
f 7665 7747 7666
f 7737 7738 7819
f 7737 7819 7818
f 7666 7747 7748
f 7666 7748 7667
f 7738 7739 7820
f 7738 7820 7819
f 7667 7748 7749
f 7667 7749 7668
f 7739 7740 7821
f 7739 7821 7820
f 7668 7749 7750
f 7668 7750 7669
f 7740 7741 7822
f 7740 7822 7821
f 7669 7750 7751
f 7669 7751 7670
f 7741 7742 7823
f 7741 7823 7822
f 7670 7751 7752
f 7670 7752 7671
f 7742 7743 7824
f 7742 7824 7823
f 7671 7752 7753
f 7671 7753 7672
f 7743 7744 7825
f 7743 7825 7824
f 7672 7753 7754
f 7672 7754 7673
f 7744 7745 7826
f 7744 7826 7825
o greave_v2_R
v 1.020000 0.050000 0.000000
v 0.998936 0.050000 0.146501
v 0.937452 0.050000 0.281133
v 0.840528 0.050000 0.392990
v 0.716016 0.050000 0.473009
v 0.574004 0.050000 0.514707
v 0.425996 0.050000 0.514707
v 0.283984 0.050000 0.473009
v 0.159472 0.050000 0.392990
v 0.062548 0.050000 0.281133
v 0.001064 0.050000 0.146501
v -0.020000 0.050000 0.000000
v 0.001064 0.050000 -0.146501
v 0.062548 0.050000 -0.281133
v 0.159472 0.050000 -0.392990
v 0.283984 0.050000 -0.473009
v 0.425996 0.050000 -0.514707
v 0.574004 0.050000 -0.514707
v 0.716016 0.050000 -0.473009
v 0.840528 0.050000 -0.392990
v 0.937452 0.050000 -0.281133
v 0.998936 0.050000 -0.146501
v 1.020000 0.050000 -0.000000
v 1.060000 0.300000 0.000000
v 1.037316 0.300000 0.157770
v 0.971102 0.300000 0.302759
v 0.866722 0.300000 0.423220
v 0.732632 0.300000 0.509394
v 0.579696 0.300000 0.554300
v 0.420304 0.300000 0.554300
v 0.267368 0.300000 0.509394
v 0.133278 0.300000 0.423220
v 0.028898 0.300000 0.302759
v -0.037316 0.300000 0.157770
v -0.060000 0.300000 0.000000
v -0.037316 0.300000 -0.157770
v 0.028898 0.300000 -0.302759
v 0.133278 0.300000 -0.423220
v 0.267368 0.300000 -0.509394
v 0.420304 0.300000 -0.554300
v 0.579696 0.300000 -0.554300
v 0.732632 0.300000 -0.509394
v 0.866722 0.300000 -0.423220
v 0.971102 0.300000 -0.302759
v 1.037316 0.300000 -0.157770
v 1.060000 0.300000 -0.000000
v 1.080000 0.550000 0.000000
v 1.056506 0.550000 0.163405
v 0.987927 0.550000 0.313572
v 0.879819 0.550000 0.438335
v 0.740941 0.550000 0.527587
v 0.582543 0.550000 0.574096
v 0.417457 0.550000 0.574096
v 0.259059 0.550000 0.527587
v 0.120181 0.550000 0.438335
v 0.012073 0.550000 0.313572
v -0.056506 0.550000 0.163405
v -0.080000 0.550000 0.000000
v -0.056506 0.550000 -0.163405
v 0.012073 0.550000 -0.313572
v 0.120181 0.550000 -0.438335
v 0.259059 0.550000 -0.527587
v 0.417457 0.550000 -0.574096
v 0.582543 0.550000 -0.574096
v 0.740941 0.550000 -0.527587
v 0.879819 0.550000 -0.438335
v 0.987927 0.550000 -0.313572
v 1.056506 0.550000 -0.163405
v 1.080000 0.550000 -0.000000
v 1.050000 0.800000 0.000000
v 1.027721 0.800000 0.154953
v 0.962689 0.800000 0.297352
v 0.860173 0.800000 0.415662
v 0.728478 0.800000 0.500298
v 0.578273 0.800000 0.544402
v 0.421727 0.800000 0.544402
v 0.271522 0.800000 0.500298
v 0.139827 0.800000 0.415662
v 0.037311 0.800000 0.297352
v -0.027721 0.800000 0.154953
v -0.050000 0.800000 0.000000
v -0.027721 0.800000 -0.154953
v 0.037311 0.800000 -0.297352
v 0.139827 0.800000 -0.415662
v 0.271522 0.800000 -0.500298
v 0.421727 0.800000 -0.544402
v 0.578273 0.800000 -0.544402
v 0.728478 0.800000 -0.500298
v 0.860173 0.800000 -0.415662
v 0.962689 0.800000 -0.297352
v 1.027721 0.800000 -0.154953
v 1.050000 0.800000 -0.000000
v 1.000000 0.950000 0.000000
v 0.979746 0.950000 0.140866
v 0.920627 0.950000 0.270320
v 0.827430 0.950000 0.377875
v 0.707708 0.950000 0.454816
v 0.571157 0.950000 0.494911
v 0.428843 0.950000 0.494911
v 0.292292 0.950000 0.454816
v 0.172570 0.950000 0.377875
v 0.079373 0.950000 0.270320
v 0.020254 0.950000 0.140866
v 0.000000 0.950000 0.000000
v 0.020254 0.950000 -0.140866
v 0.079373 0.950000 -0.270320
v 0.172570 0.950000 -0.377875
v 0.292292 0.950000 -0.454816
v 0.428843 0.950000 -0.494911
v 0.571157 0.950000 -0.494911
v 0.707708 0.950000 -0.454816
v 0.827430 0.950000 -0.377875
v 0.920627 0.950000 -0.270320
v 0.979746 0.950000 -0.140866
v 1.000000 0.950000 -0.000000
vn 0.977637 -0.156422 0.140563
vn 0.933065 -0.157814 0.323240
vn 0.804203 -0.157814 0.573021
vn 0.610188 -0.157814 0.776380
vn 0.366740 -0.157814 0.916841
vn 0.093580 -0.157814 0.983025
vn -0.187160 -0.157814 0.969570
vn -0.452739 -0.157814 0.877566
vn -0.681638 -0.157814 0.714467
vn -0.855316 -0.157814 0.493487
vn -0.959701 -0.157814 0.232527
vn -0.986337 -0.157814 -0.047271
vn -0.933065 -0.157814 -0.323240
vn -0.804203 -0.157814 -0.573021
vn -0.610188 -0.157814 -0.776380
vn -0.366740 -0.157814 -0.916841
vn -0.093580 -0.157814 -0.983025
vn 0.187160 -0.157814 -0.969570
vn 0.452739 -0.157814 -0.877566
vn 0.681638 -0.157814 -0.714467
vn 0.855316 -0.157814 -0.493487
vn 0.959701 -0.157814 -0.232527
vn 0.977637 -0.156422 -0.140563
vn 0.984367 -0.104837 0.141531
vn 0.952617 -0.118964 0.279943
vn 0.835160 -0.118964 0.536987
vn 0.650044 -0.118964 0.750527
vn 0.412265 -0.118964 0.903264
vn 0.141086 -0.118964 0.982824
vn -0.141522 -0.118964 0.982761
vn -0.412665 -0.118964 0.903081
vn -0.650377 -0.118964 0.750238
vn -0.835399 -0.118964 0.536616
vn -0.952741 -0.118964 0.279520
vn -0.992899 -0.118964 -0.000220
vn -0.952617 -0.118964 -0.279943
vn -0.835160 -0.118964 -0.536987
vn -0.650044 -0.118964 -0.750527
vn -0.412265 -0.118964 -0.903264
vn -0.141086 -0.118964 -0.982824
vn 0.141522 -0.118964 -0.982761
vn 0.412665 -0.118964 -0.903081
vn 0.650377 -0.118964 -0.750238
vn 0.835399 -0.118964 -0.536616
vn 0.952741 -0.118964 -0.279520
vn 0.981333 -0.130683 -0.141094
vn 0.988454 0.052547 0.142118
vn 0.959331 0.019802 0.281588
vn 0.841139 0.019802 0.540457
vn 0.654803 0.019802 0.755541
vn 0.415418 0.019802 0.909415
vn 0.142379 0.019802 0.989614
vn -0.142195 0.019802 0.989641
vn -0.415249 0.019802 0.909492
vn -0.654662 0.019802 0.755662
vn -0.841038 0.019802 0.540613
vn -0.959279 0.019802 0.281766
vn -0.999804 0.019802 0.000093
vn -0.959331 0.019802 -0.281588
vn -0.841139 0.019802 -0.540457
vn -0.654803 0.019802 -0.755541
vn -0.415418 0.019802 -0.909415
vn -0.142379 0.019802 -0.989614
vn 0.142195 0.019802 -0.989641
vn 0.415249 0.019802 -0.909492
vn 0.654662 0.019802 -0.755662
vn 0.841038 0.019802 -0.540613
vn 0.959279 0.019802 -0.281766
vn 0.989733 -0.013367 -0.142302
vn 0.958566 0.249313 0.137821
vn 0.936527 0.218848 0.273901
vn 0.821425 0.218848 0.526656
vn 0.639775 0.218848 0.736745
vn 0.406294 0.218848 0.887147
vn 0.139898 0.218848 0.965678
vn -0.137831 0.218848 0.965975
vn -0.404395 0.218848 0.888015
vn -0.638197 0.218848 0.738113
vn -0.820296 0.218848 0.528413
vn -0.935939 0.218848 0.275905
vn -0.975758 0.218848 0.001044
vn -0.936527 0.218848 -0.273901
vn -0.821425 0.218848 -0.526656
vn -0.639775 0.218848 -0.736745
vn -0.406294 0.218848 -0.887147
vn -0.139898 0.218848 -0.965678
vn 0.137831 0.218848 -0.965975
vn 0.404395 0.218848 -0.888015
vn 0.638197 0.218848 -0.738113
vn 0.820296 0.218848 -0.528413
vn 0.935939 0.218848 -0.275905
vn 0.972941 0.183895 -0.139888
vn 0.939979 0.313326 0.135149
vn 0.922112 0.315901 0.223419
vn 0.821815 0.315901 0.474158
vn 0.654940 0.315901 0.686483
vn 0.435006 0.315901 0.843194
vn 0.179830 0.315901 0.931594
vn -0.089915 0.315901 0.944522
vn -0.352375 0.315901 0.880930
vn -0.586288 0.315901 0.745971
vn -0.772704 0.315901 0.550577
vn -0.896519 0.315901 0.310579
vn -0.947704 0.315901 0.045420
vn -0.922112 0.315901 -0.223419
vn -0.821815 0.315901 -0.474158
vn -0.654940 0.315901 -0.686483
vn -0.435006 0.315901 -0.843194
vn -0.179830 0.315901 -0.931594
vn 0.089915 0.315901 -0.944522
vn 0.352375 0.315901 -0.880930
vn 0.586288 0.315901 -0.745971
vn 0.772704 0.315901 -0.550577
vn 0.896519 0.315901 -0.310579
vn 0.939979 0.313326 -0.135149
usemtl steel
f 7827 7850 7851
f 7827 7851 7828
f 7828 7851 7852
f 7828 7852 7829
f 7829 7852 7853
f 7829 7853 7830
f 7830 7853 7854
f 7830 7854 7831
f 7831 7854 7855
f 7831 7855 7832
f 7832 7855 7856
f 7832 7856 7833
f 7833 7856 7857
f 7833 7857 7834
f 7834 7857 7858
f 7834 7858 7835
f 7835 7858 7859
f 7835 7859 7836
f 7836 7859 7860
f 7836 7860 7837
f 7837 7860 7861
f 7837 7861 7838
f 7838 7861 7862
f 7838 7862 7839
f 7839 7862 7863
f 7839 7863 7840
f 7840 7863 7864
f 7840 7864 7841
f 7841 7864 7865
f 7841 7865 7842
f 7842 7865 7866
f 7842 7866 7843
f 7843 7866 7867
f 7843 7867 7844
f 7844 7867 7868
f 7844 7868 7845
f 7845 7868 7869
f 7845 7869 7846
f 7846 7869 7870
f 7846 7870 7847
f 7847 7870 7871
f 7847 7871 7848
f 7848 7871 7872
f 7848 7872 7849
f 7850 7873 7874
f 7850 7874 7851
f 7851 7874 7875
f 7851 7875 7852
f 7852 7875 7876
f 7852 7876 7853
f 7853 7876 7877
f 7853 7877 7854
f 7854 7877 7878
f 7854 7878 7855
f 7855 7878 7879
f 7855 7879 7856
f 7856 7879 7880
f 7856 7880 7857
f 7857 7880 7881
f 7857 7881 7858
f 7858 7881 7882
f 7858 7882 7859
f 7859 7882 7883
f 7859 7883 7860
f 7860 7883 7884
f 7860 7884 7861
f 7861 7884 7885
f 7861 7885 7862
f 7862 7885 7886
f 7862 7886 7863
f 7863 7886 7887
f 7863 7887 7864
f 7864 7887 7888
f 7864 7888 7865
f 7865 7888 7889
f 7865 7889 7866
f 7866 7889 7890
f 7866 7890 7867
f 7867 7890 7891
f 7867 7891 7868
f 7868 7891 7892
f 7868 7892 7869
f 7869 7892 7893
f 7869 7893 7870
f 7870 7893 7894
f 7870 7894 7871
f 7871 7894 7895
f 7871 7895 7872
f 7873 7896 7897
f 7873 7897 7874
f 7874 7897 7898
f 7874 7898 7875
f 7875 7898 7899
f 7875 7899 7876
f 7876 7899 7900
f 7876 7900 7877
f 7877 7900 7901
f 7877 7901 7878
f 7878 7901 7902
f 7878 7902 7879
f 7879 7902 7903
f 7879 7903 7880
f 7880 7903 7904
f 7880 7904 7881
f 7881 7904 7905
f 7881 7905 7882
f 7882 7905 7906
f 7882 7906 7883
f 7883 7906 7907
f 7883 7907 7884
f 7884 7907 7908
f 7884 7908 7885
f 7885 7908 7909
f 7885 7909 7886
f 7886 7909 7910
f 7886 7910 7887
f 7887 7910 7911
f 7887 7911 7888
f 7888 7911 7912
f 7888 7912 7889
f 7889 7912 7913
f 7889 7913 7890
f 7890 7913 7914
f 7890 7914 7891
f 7891 7914 7915
f 7891 7915 7892
f 7892 7915 7916
f 7892 7916 7893
f 7893 7916 7917
f 7893 7917 7894
f 7894 7917 7918
f 7894 7918 7895
f 7896 7919 7920
f 7896 7920 7897
f 7897 7920 7921
f 7897 7921 7898
f 7898 7921 7922
f 7898 7922 7899
f 7899 7922 7923
f 7899 7923 7900
f 7900 7923 7924
f 7900 7924 7901
f 7901 7924 7925
f 7901 7925 7902
f 7902 7925 7926
f 7902 7926 7903
f 7903 7926 7927
f 7903 7927 7904
f 7904 7927 7928
f 7904 7928 7905
f 7905 7928 7929
f 7905 7929 7906
f 7906 7929 7930
f 7906 7930 7907
f 7907 7930 7931
f 7907 7931 7908
f 7908 7931 7932
f 7908 7932 7909
f 7909 7932 7933
f 7909 7933 7910
f 7910 7933 7934
f 7910 7934 7911
f 7911 7934 7935
f 7911 7935 7912
f 7912 7935 7936
f 7912 7936 7913
f 7913 7936 7937
f 7913 7937 7914
f 7914 7937 7938
f 7914 7938 7915
f 7915 7938 7939
f 7915 7939 7916
f 7916 7939 7940
f 7916 7940 7917
f 7917 7940 7941
f 7917 7941 7918
o sabaton_v2_R
v 0.710000 0.160000 0.080000
v 0.697335 0.103567 0.080000
v 0.660869 0.053940 0.080000
v 0.605000 0.017106 0.080000
v 0.536466 -0.002493 0.080000
v 0.463534 -0.002493 0.080000
v 0.395000 0.017106 0.080000
v 0.339131 0.053940 0.080000
v 0.302665 0.103567 0.080000
v 0.290000 0.160000 0.080000
v 0.302665 0.216433 0.080000
v 0.339131 0.266060 0.080000
v 0.395000 0.302894 0.080000
v 0.463534 0.322493 0.080000
v 0.536466 0.322493 0.080000
v 0.605000 0.302894 0.080000
v 0.660869 0.266060 0.080000
v 0.697335 0.216433 0.080000
v 0.710000 0.160000 0.080000
v 0.710000 0.160000 0.160000
v 0.697335 0.103567 0.160000
v 0.660869 0.053940 0.160000
v 0.605000 0.017106 0.160000
v 0.536466 -0.002493 0.160000
v 0.463534 -0.002493 0.160000
v 0.395000 0.017106 0.160000
v 0.339131 0.053940 0.160000
v 0.302665 0.103567 0.160000
v 0.290000 0.160000 0.160000
v 0.302665 0.216433 0.160000
v 0.339131 0.266060 0.160000
v 0.395000 0.302894 0.160000
v 0.463534 0.322493 0.160000
v 0.536466 0.322493 0.160000
v 0.605000 0.302894 0.160000
v 0.660869 0.266060 0.160000
v 0.697335 0.216433 0.160000
v 0.710000 0.160000 0.160000
v 0.696000 0.160000 0.300000
v 0.684180 0.107329 0.300000
v 0.650145 0.061011 0.300000
v 0.598000 0.026632 0.300000
v 0.534035 0.008340 0.300000
v 0.465965 0.008340 0.300000
v 0.402000 0.026632 0.300000
v 0.349855 0.061011 0.300000
v 0.315820 0.107329 0.300000
v 0.304000 0.160000 0.300000
v 0.315820 0.212671 0.300000
v 0.349855 0.258989 0.300000
v 0.402000 0.293368 0.300000
v 0.465965 0.311660 0.300000
v 0.534035 0.311660 0.300000
v 0.598000 0.293368 0.300000
v 0.650145 0.258989 0.300000
v 0.684180 0.212671 0.300000
v 0.696000 0.160000 0.300000
v 0.654000 0.160000 0.460000
v 0.644713 0.118616 0.460000
v 0.617971 0.082223 0.460000
v 0.577000 0.055211 0.460000
v 0.526742 0.040838 0.460000
v 0.473258 0.040838 0.460000
v 0.423000 0.055211 0.460000
v 0.382029 0.082223 0.460000
v 0.355287 0.118616 0.460000
v 0.346000 0.160000 0.460000
v 0.355287 0.201384 0.460000
v 0.382029 0.237777 0.460000
v 0.423000 0.264789 0.460000
v 0.473258 0.279162 0.460000
v 0.526742 0.279162 0.460000
v 0.577000 0.264789 0.460000
v 0.617971 0.237777 0.460000
v 0.644713 0.201384 0.460000
v 0.654000 0.160000 0.460000
v 0.584000 0.160000 0.600000
v 0.578934 0.137427 0.600000
v 0.564348 0.117576 0.600000
v 0.542000 0.102842 0.600000
v 0.514586 0.095003 0.600000
v 0.485414 0.095003 0.600000
v 0.458000 0.102842 0.600000
v 0.435652 0.117576 0.600000
v 0.421066 0.137427 0.600000
v 0.416000 0.160000 0.600000
v 0.421066 0.182573 0.600000
v 0.435652 0.202424 0.600000
v 0.458000 0.217158 0.600000
v 0.485414 0.224997 0.600000
v 0.514586 0.224997 0.600000
v 0.542000 0.217158 0.600000
v 0.564348 0.202424 0.600000
v 0.578934 0.182573 0.600000
v 0.584000 0.160000 0.600000
v 0.514000 0.160000 0.700000
v 0.513156 0.156238 0.700000
v 0.510725 0.152929 0.700000
v 0.507000 0.150474 0.700000
v 0.502431 0.149167 0.700000
v 0.497569 0.149167 0.700000
v 0.493000 0.150474 0.700000
v 0.489275 0.152929 0.700000
v 0.486844 0.156238 0.700000
v 0.486000 0.160000 0.700000
v 0.486844 0.163762 0.700000
v 0.489275 0.167071 0.700000
v 0.493000 0.169526 0.700000
v 0.497569 0.170833 0.700000
v 0.502431 0.170833 0.700000
v 0.507000 0.169526 0.700000
v 0.510725 0.167071 0.700000
v 0.513156 0.163762 0.700000
v 0.514000 0.160000 0.700000
vn 0.975732 -0.218970 0.000000
vn 0.879045 -0.476738 0.000000
vn 0.644520 -0.764588 0.000000
vn 0.370584 -0.928799 0.000000
vn 0.092447 -0.995718 0.000000
vn -0.184893 -0.982759 0.000000
vn -0.463362 -0.886169 0.000000
vn -0.730855 -0.682533 0.000000
vn -0.936765 -0.349958 0.000000
vn -0.997214 0.074597 0.000000
vn -0.879045 0.476738 0.000000
vn -0.644520 0.764588 0.000000
vn -0.370584 0.928799 0.000000
vn -0.092447 0.995718 0.000000
vn 0.184893 0.982759 0.000000
vn 0.463362 0.886169 0.000000
vn 0.730855 0.682533 0.000000
vn 0.936765 0.349958 -0.000000
vn 0.975732 0.218970 -0.000000
vn 0.973680 -0.218510 0.064809
vn 0.909134 -0.413768 0.047664
vn 0.688307 -0.724087 0.043947
vn 0.417232 -0.907883 0.040817
vn 0.138780 -0.989544 0.039279
vn -0.138637 -0.989552 0.039578
vn -0.417062 -0.907922 0.041681
vn -0.688103 -0.724206 0.045173
vn -0.908961 -0.414031 0.048665
vn -0.998758 -0.000177 0.049820
vn -0.909134 0.413768 0.047664
vn -0.688307 0.724087 0.043947
vn -0.417232 0.907883 0.040817
vn -0.138780 0.989544 0.039279
vn 0.138637 0.989552 0.039578
vn 0.417062 0.907922 0.041681
vn 0.688103 0.724206 0.045173
vn 0.908961 0.414031 0.048665
vn 0.975219 0.218855 0.032405
vn 0.956354 -0.214621 0.198303
vn 0.897006 -0.407659 0.170864
vn 0.680551 -0.715413 0.158220
vn 0.413315 -0.898650 0.146968
vn 0.137801 -0.980367 0.141034
vn -0.136985 -0.980416 0.141489
vn -0.412352 -0.898878 0.148272
vn -0.679402 -0.716098 0.160050
vn -0.896046 -0.409148 0.172337
vn -0.984157 -0.000995 0.177298
vn -0.897006 0.407659 0.170864
vn -0.680551 0.715413 0.158220
vn -0.413315 0.898650 0.146968
vn -0.137801 0.980367 0.141034
vn 0.136985 0.980416 0.141489
vn 0.412352 0.898878 0.148272
vn 0.679402 0.716098 0.160050
vn 0.896046 0.409148 0.172337
vn 0.965010 0.216564 0.147835
vn 0.903837 -0.202836 0.376744
vn 0.856030 -0.387973 0.341599
vn 0.653736 -0.686344 0.318686
vn 0.399423 -0.867112 0.297622
vn 0.134006 -0.948762 0.286171
vn -0.131742 -0.948920 0.286695
vn -0.396803 -0.867808 0.299093
vn -0.650713 -0.688292 0.320668
vn -0.853590 -0.391983 0.343123
vn -0.935771 -0.002623 0.352598
vn -0.856030 0.387973 0.341599
vn -0.653736 0.686344 0.318686
vn -0.399423 0.867112 0.297622
vn -0.134006 0.948762 0.286171
vn 0.131742 0.948920 0.286695
vn 0.396803 0.867808 0.299093
vn 0.650713 0.688292 0.320668
vn 0.853590 0.391983 0.343123
vn 0.926703 0.207967 0.313003
vn 0.831414 -0.186583 0.523390
vn 0.789298 -0.358174 0.498719
vn 0.608509 -0.639551 0.469778
vn 0.375068 -0.814760 0.442143
vn 0.126552 -0.895548 0.426590
vn -0.124023 -0.895766 0.426875
vn -0.372227 -0.815645 0.442910
vn -0.605394 -0.641799 0.470736
vn -0.786912 -0.362460 0.499392
vn -0.859089 -0.002720 0.511818
vn -0.789298 0.358174 0.498719
vn -0.608509 0.639551 0.469778
vn -0.375068 0.814760 0.442143
vn -0.126552 0.895548 0.426590
vn 0.124023 0.895766 0.426875
vn 0.372227 0.815645 0.442910
vn 0.605394 0.641799 0.470736
vn 0.786912 0.362460 0.499392
vn 0.855206 0.191922 0.481444
vn 0.805728 -0.180818 0.564010
vn 0.773428 -0.290506 0.563396
vn 0.616482 -0.577822 0.534856
vn 0.399283 -0.765598 0.504414
vn 0.161397 -0.859424 0.485120
vn -0.080698 -0.872292 0.482281
vn -0.320834 -0.806582 0.496478
vn -0.547686 -0.652096 0.524224
vn -0.730380 -0.397782 0.555260
vn -0.817698 -0.061168 0.572389
vn -0.773428 0.290506 0.563396
vn -0.616482 0.577822 0.534856
vn -0.399283 0.765598 0.504414
vn -0.161397 0.859424 0.485120
vn 0.080698 0.872292 0.482281
vn 0.320834 0.806582 0.496478
vn 0.547686 0.652096 0.524224
vn 0.730380 0.397782 0.555260
vn 0.805728 0.180818 0.564010
usemtl steel
f 7942 7961 7962
f 7942 7962 7943
f 7943 7962 7963
f 7943 7963 7944
f 7944 7963 7964
f 7944 7964 7945
f 7945 7964 7965
f 7945 7965 7946
f 7946 7965 7966
f 7946 7966 7947
f 7947 7966 7967
f 7947 7967 7948
f 7948 7967 7968
f 7948 7968 7949
f 7949 7968 7969
f 7949 7969 7950
f 7950 7969 7970
f 7950 7970 7951
f 7951 7970 7971
f 7951 7971 7952
f 7952 7971 7972
f 7952 7972 7953
f 7953 7972 7973
f 7953 7973 7954
f 7954 7973 7974
f 7954 7974 7955
f 7955 7974 7975
f 7955 7975 7956
f 7956 7975 7976
f 7956 7976 7957
f 7957 7976 7977
f 7957 7977 7958
f 7958 7977 7978
f 7958 7978 7959
f 7959 7978 7979
f 7959 7979 7960
f 7961 7980 7981
f 7961 7981 7962
f 7962 7981 7982
f 7962 7982 7963
f 7963 7982 7983
f 7963 7983 7964
f 7964 7983 7984
f 7964 7984 7965
f 7965 7984 7985
f 7965 7985 7966
f 7966 7985 7986
f 7966 7986 7967
f 7967 7986 7987
f 7967 7987 7968
f 7968 7987 7988
f 7968 7988 7969
f 7969 7988 7989
f 7969 7989 7970
f 7970 7989 7990
f 7970 7990 7971
f 7971 7990 7991
f 7971 7991 7972
f 7972 7991 7992
f 7972 7992 7973
f 7973 7992 7993
f 7973 7993 7974
f 7974 7993 7994
f 7974 7994 7975
f 7975 7994 7995
f 7975 7995 7976
f 7976 7995 7996
f 7976 7996 7977
f 7977 7996 7997
f 7977 7997 7978
f 7978 7997 7998
f 7978 7998 7979
f 7980 7999 8000
f 7980 8000 7981
f 7981 8000 8001
f 7981 8001 7982
f 7982 8001 8002
f 7982 8002 7983
f 7983 8002 8003
f 7983 8003 7984
f 7984 8003 8004
f 7984 8004 7985
f 7985 8004 8005
f 7985 8005 7986
f 7986 8005 8006
f 7986 8006 7987
f 7987 8006 8007
f 7987 8007 7988
f 7988 8007 8008
f 7988 8008 7989
f 7989 8008 8009
f 7989 8009 7990
f 7990 8009 8010
f 7990 8010 7991
f 7991 8010 8011
f 7991 8011 7992
f 7992 8011 8012
f 7992 8012 7993
f 7993 8012 8013
f 7993 8013 7994
f 7994 8013 8014
f 7994 8014 7995
f 7995 8014 8015
f 7995 8015 7996
f 7996 8015 8016
f 7996 8016 7997
f 7997 8016 8017
f 7997 8017 7998
f 7999 8018 8019
f 7999 8019 8000
f 8000 8019 8020
f 8000 8020 8001
f 8001 8020 8021
f 8001 8021 8002
f 8002 8021 8022
f 8002 8022 8003
f 8003 8022 8023
f 8003 8023 8004
f 8004 8023 8024
f 8004 8024 8005
f 8005 8024 8025
f 8005 8025 8006
f 8006 8025 8026
f 8006 8026 8007
f 8007 8026 8027
f 8007 8027 8008
f 8008 8027 8028
f 8008 8028 8009
f 8009 8028 8029
f 8009 8029 8010
f 8010 8029 8030
f 8010 8030 8011
f 8011 8030 8031
f 8011 8031 8012
f 8012 8031 8032
f 8012 8032 8013
f 8013 8032 8033
f 8013 8033 8014
f 8014 8033 8034
f 8014 8034 8015
f 8015 8034 8035
f 8015 8035 8016
f 8016 8035 8036
f 8016 8036 8017
f 8018 8037 8038
f 8018 8038 8019
f 8019 8038 8039
f 8019 8039 8020
f 8020 8039 8040
f 8020 8040 8021
f 8021 8040 8041
f 8021 8041 8022
f 8022 8041 8042
f 8022 8042 8023
f 8023 8042 8043
f 8023 8043 8024
f 8024 8043 8044
f 8024 8044 8025
f 8025 8044 8045
f 8025 8045 8026
f 8026 8045 8046
f 8026 8046 8027
f 8027 8046 8047
f 8027 8047 8028
f 8028 8047 8048
f 8028 8048 8029
f 8029 8048 8049
f 8029 8049 8030
f 8030 8049 8050
f 8030 8050 8031
f 8031 8050 8051
f 8031 8051 8032
f 8032 8051 8052
f 8032 8052 8033
f 8033 8052 8053
f 8033 8053 8034
f 8034 8053 8054
f 8034 8054 8035
f 8035 8054 8055
f 8035 8055 8036
o rerebrace_L
v -0.900000 2.050000 0.000000
v -0.940000 2.880000 0.000000
v -0.929366 2.050000 0.185410
v -0.967408 2.880000 0.173050
v -1.014590 2.050000 0.352671
v -1.046950 2.880000 0.329160
v -1.147329 2.050000 0.485410
v -1.170840 2.880000 0.453050
v -1.314590 2.050000 0.570634
v -1.326950 2.880000 0.532592
v -1.500000 2.050000 0.600000
v -1.500000 2.880000 0.560000
v -1.685410 2.050000 0.570634
v -1.673050 2.880000 0.532592
v -1.852671 2.050000 0.485410
v -1.829160 2.880000 0.453050
v -1.985410 2.050000 0.352671
v -1.953050 2.880000 0.329160
v -2.070634 2.050000 0.185410
v -2.032592 2.880000 0.173050
v -2.100000 2.050000 0.000000
v -2.060000 2.880000 0.000000
v -2.070634 2.050000 -0.185410
v -2.032592 2.880000 -0.173050
v -1.985410 2.050000 -0.352671
v -1.953050 2.880000 -0.329160
v -1.852671 2.050000 -0.485410
v -1.829160 2.880000 -0.453050
v -1.685410 2.050000 -0.570634
v -1.673050 2.880000 -0.532592
v -1.500000 2.050000 -0.600000
v -1.500000 2.880000 -0.560000
v -1.314590 2.050000 -0.570634
v -1.326950 2.880000 -0.532592
v -1.147329 2.050000 -0.485410
v -1.170840 2.880000 -0.453050
v -1.014590 2.050000 -0.352671
v -1.046950 2.880000 -0.329160
v -0.929366 2.050000 -0.185410
v -0.967408 2.880000 -0.173050
v -0.900000 2.050000 -0.000000
v -0.940000 2.880000 -0.000000
vn 0.986571 0.047546 0.156258
vn 0.986571 0.047546 0.156258
vn 0.932363 0.048070 0.358314
vn 0.964909 0.048070 0.258147
vn 0.776005 0.048070 0.628892
vn 0.837911 0.048070 0.543686
vn 0.543686 0.048070 0.837911
vn 0.628892 0.048070 0.776005
vn 0.258147 0.048070 0.964909
vn 0.358314 0.048070 0.932363
vn -0.052660 0.048070 0.997455
vn 0.052660 0.048070 0.997455
vn -0.358314 0.048070 0.932363
vn -0.258147 0.048070 0.964909
vn -0.628892 0.048070 0.776005
vn -0.543686 0.048070 0.837911
vn -0.837911 0.048070 0.543686
vn -0.776005 0.048070 0.628892
vn -0.964909 0.048070 0.258147
vn -0.932363 0.048070 0.358314
vn -0.997455 0.048070 -0.052660
vn -0.997455 0.048070 0.052660
vn -0.932363 0.048070 -0.358314
vn -0.964909 0.048070 -0.258147
vn -0.776005 0.048070 -0.628892
vn -0.837911 0.048070 -0.543686
vn -0.543686 0.048070 -0.837911
vn -0.628892 0.048070 -0.776005
vn -0.258147 0.048070 -0.964909
vn -0.358314 0.048070 -0.932363
vn 0.052660 0.048070 -0.997455
vn -0.052660 0.048070 -0.997455
vn 0.358314 0.048070 -0.932363
vn 0.258147 0.048070 -0.964909
vn 0.628892 0.048070 -0.776005
vn 0.543686 0.048070 -0.837911
vn 0.837911 0.048070 -0.543686
vn 0.776005 0.048070 -0.628892
vn 0.964909 0.048070 -0.258147
vn 0.932363 0.048070 -0.358314
vn 0.986571 0.047546 -0.156258
vn 0.986571 0.047546 -0.156258
usemtl steel
f 8056 8057 8059
f 8056 8059 8058
f 8058 8059 8061
f 8058 8061 8060
f 8060 8061 8063
f 8060 8063 8062
f 8062 8063 8065
f 8062 8065 8064
f 8064 8065 8067
f 8064 8067 8066
f 8066 8067 8069
f 8066 8069 8068
f 8068 8069 8071
f 8068 8071 8070
f 8070 8071 8073
f 8070 8073 8072
f 8072 8073 8075
f 8072 8075 8074
f 8074 8075 8077
f 8074 8077 8076
f 8076 8077 8079
f 8076 8079 8078
f 8078 8079 8081
f 8078 8081 8080
f 8080 8081 8083
f 8080 8083 8082
f 8082 8083 8085
f 8082 8085 8084
f 8084 8085 8087
f 8084 8087 8086
f 8086 8087 8089
f 8086 8089 8088
f 8088 8089 8091
f 8088 8091 8090
f 8090 8091 8093
f 8090 8093 8092
f 8092 8093 8095
f 8092 8095 8094
f 8094 8095 8097
f 8094 8097 8096
o couter_v2_L
v -1.040000 1.950000 -0.520000
v -1.062514 2.092148 -0.520000
v -1.127852 2.220381 -0.520000
v -1.229619 2.322148 -0.520000
v -1.357852 2.387486 -0.520000
v -1.500000 2.410000 -0.520000
v -1.642148 2.387486 -0.520000
v -1.770381 2.322148 -0.520000
v -1.872148 2.220381 -0.520000
v -1.937486 2.092148 -0.520000
v -1.960000 1.950000 -0.520000
v -1.937486 1.807852 -0.520000
v -1.872148 1.679619 -0.520000
v -1.770381 1.577852 -0.520000
v -1.642148 1.512514 -0.520000
v -1.500000 1.490000 -0.520000
v -1.357852 1.512514 -0.520000
v -1.229619 1.577852 -0.520000
v -1.127852 1.679619 -0.520000
v -1.062514 1.807852 -0.520000
v -1.040000 1.950000 -0.520000
v -1.043935 1.950000 -0.572210
v -1.066257 2.090932 -0.572210
v -1.131036 2.218068 -0.572210
v -1.231932 2.318964 -0.572210
v -1.359068 2.383743 -0.572210
v -1.500000 2.406065 -0.572210
v -1.640932 2.383743 -0.572210
v -1.768068 2.318964 -0.572210
v -1.868964 2.218068 -0.572210
v -1.933743 2.090932 -0.572210
v -1.956065 1.950000 -0.572210
v -1.933743 1.809068 -0.572210
v -1.868964 1.681932 -0.572210
v -1.768068 1.581036 -0.572210
v -1.640932 1.516257 -0.572210
v -1.500000 1.493935 -0.572210
v -1.359068 1.516257 -0.572210
v -1.231932 1.581036 -0.572210
v -1.131036 1.681932 -0.572210
v -1.066257 1.809068 -0.572210
v -1.043935 1.950000 -0.572210
v -1.055674 1.950000 -0.623528
v -1.077421 2.087304 -0.623528
v -1.140533 2.211168 -0.623528
v -1.238832 2.309467 -0.623528
v -1.362696 2.372579 -0.623528
v -1.500000 2.394326 -0.623528
v -1.637304 2.372579 -0.623528
v -1.761168 2.309467 -0.623528
v -1.859467 2.211168 -0.623528
v -1.922579 2.087304 -0.623528
v -1.944326 1.950000 -0.623528
v -1.922579 1.812696 -0.623528
v -1.859467 1.688832 -0.623528
v -1.761168 1.590533 -0.623528
v -1.637304 1.527421 -0.623528
v -1.500000 1.505674 -0.623528
v -1.362696 1.527421 -0.623528
v -1.238832 1.590533 -0.623528
v -1.140533 1.688832 -0.623528
v -1.077421 1.812696 -0.623528
v -1.055674 1.950000 -0.623528
v -1.075015 1.950000 -0.673073
v -1.095816 2.081327 -0.673073
v -1.156180 2.199800 -0.673073
v -1.250200 2.293820 -0.673073
v -1.368673 2.354184 -0.673073
v -1.500000 2.374985 -0.673073
v -1.631327 2.354184 -0.673073
v -1.749800 2.293820 -0.673073
v -1.843820 2.199800 -0.673073
v -1.904184 2.081327 -0.673073
v -1.924985 1.950000 -0.673073
v -1.904184 1.818673 -0.673073
v -1.843820 1.700200 -0.673073
v -1.749800 1.606180 -0.673073
v -1.631327 1.545816 -0.673073
v -1.500000 1.525015 -0.673073
v -1.368673 1.545816 -0.673073
v -1.250200 1.606180 -0.673073
v -1.156180 1.700200 -0.673073
v -1.095816 1.818673 -0.673073
v -1.075015 1.950000 -0.673073
v -1.101628 1.950000 -0.720000
v -1.121126 2.073104 -0.720000
v -1.177711 2.184157 -0.720000
v -1.265843 2.272289 -0.720000
v -1.376896 2.328874 -0.720000
v -1.500000 2.348372 -0.720000
v -1.623104 2.328874 -0.720000
v -1.734157 2.272289 -0.720000
v -1.822289 2.184157 -0.720000
v -1.878874 2.073104 -0.720000
v -1.898372 1.950000 -0.720000
v -1.878874 1.826896 -0.720000
v -1.822289 1.715843 -0.720000
v -1.734157 1.627711 -0.720000
v -1.623104 1.571126 -0.720000
v -1.500000 1.551628 -0.720000
v -1.376896 1.571126 -0.720000
v -1.265843 1.627711 -0.720000
v -1.177711 1.715843 -0.720000
v -1.121126 1.826896 -0.720000
v -1.101628 1.950000 -0.720000
v -1.135057 1.950000 -0.763505
v -1.152919 2.062773 -0.763505
v -1.204755 2.164508 -0.763505
v -1.285492 2.245245 -0.763505
v -1.387227 2.297081 -0.763505
v -1.500000 2.314943 -0.763505
v -1.612773 2.297081 -0.763505
v -1.714508 2.245245 -0.763505
v -1.795245 2.164508 -0.763505
v -1.847081 2.062773 -0.763505
v -1.864943 1.950000 -0.763505
v -1.847081 1.837227 -0.763505
v -1.795245 1.735492 -0.763505
v -1.714508 1.654755 -0.763505
v -1.612773 1.602919 -0.763505
v -1.500000 1.585057 -0.763505
v -1.387227 1.602919 -0.763505
v -1.285492 1.654755 -0.763505
v -1.204755 1.735492 -0.763505
v -1.152919 1.837227 -0.763505
v -1.135057 1.950000 -0.763505
v -1.174731 1.950000 -0.802843
v -1.190651 2.050514 -0.802843
v -1.236852 2.141188 -0.802843
v -1.308812 2.213148 -0.802843
v -1.399486 2.259349 -0.802843
v -1.500000 2.275269 -0.802843
v -1.600514 2.259349 -0.802843
v -1.691188 2.213148 -0.802843
v -1.763148 2.141188 -0.802843
v -1.809349 2.050514 -0.802843
v -1.825269 1.950000 -0.802843
v -1.809349 1.849486 -0.802843
v -1.763148 1.758812 -0.802843
v -1.691188 1.686852 -0.802843
v -1.600514 1.640651 -0.802843
v -1.500000 1.624731 -0.802843
v -1.399486 1.640651 -0.802843
v -1.308812 1.686852 -0.802843
v -1.236852 1.758812 -0.802843
v -1.190651 1.849486 -0.802843
v -1.174731 1.950000 -0.802843
v -1.219970 1.950000 -0.837341
v -1.233675 2.036534 -0.837341
v -1.273451 2.114598 -0.837341
v -1.335402 2.176549 -0.837341
v -1.413466 2.216325 -0.837341
v -1.500000 2.230030 -0.837341
v -1.586534 2.216325 -0.837341
v -1.664598 2.176549 -0.837341
v -1.726549 2.114598 -0.837341
v -1.766325 2.036534 -0.837341
v -1.780030 1.950000 -0.837341
v -1.766325 1.863466 -0.837341
v -1.726549 1.785402 -0.837341
v -1.664598 1.723451 -0.837341
v -1.586534 1.683675 -0.837341
v -1.500000 1.669970 -0.837341
v -1.413466 1.683675 -0.837341
v -1.335402 1.723451 -0.837341
v -1.273451 1.785402 -0.837341
v -1.233675 1.863466 -0.837341
v -1.219970 1.950000 -0.837341
v -1.270000 1.950000 -0.866410
v -1.281257 2.021074 -0.866410
v -1.313926 2.085191 -0.866410
v -1.364809 2.136074 -0.866410
v -1.428926 2.168743 -0.866410
v -1.500000 2.180000 -0.866410
v -1.571074 2.168743 -0.866410
v -1.635191 2.136074 -0.866410
v -1.686074 2.085191 -0.866410
v -1.718743 2.021074 -0.866410
v -1.730000 1.950000 -0.866410
v -1.718743 1.878926 -0.866410
v -1.686074 1.814809 -0.866410
v -1.635191 1.763926 -0.866410
v -1.571074 1.731257 -0.866410
v -1.500000 1.720000 -0.866410
v -1.428926 1.731257 -0.866410
v -1.364809 1.763926 -0.866410
v -1.313926 1.814809 -0.866410
v -1.281257 1.878926 -0.866410
v -1.270000 1.950000 -0.866410
v -1.323966 1.950000 -0.889552
v -1.332581 2.004398 -0.889552
v -1.357585 2.053470 -0.889552
v -1.396530 2.092415 -0.889552
v -1.445602 2.117419 -0.889552
v -1.500000 2.126034 -0.889552
v -1.554398 2.117419 -0.889552
v -1.603470 2.092415 -0.889552
v -1.642415 2.053470 -0.889552
v -1.667419 2.004398 -0.889552
v -1.676034 1.950000 -0.889552
v -1.667419 1.895602 -0.889552
v -1.642415 1.846530 -0.889552
v -1.603470 1.807585 -0.889552
v -1.554398 1.782581 -0.889552
v -1.500000 1.773966 -0.889552
v -1.445602 1.782581 -0.889552
v -1.396530 1.807585 -0.889552
v -1.357585 1.846530 -0.889552
v -1.332581 1.895602 -0.889552
v -1.323966 1.950000 -0.889552
v -1.380943 1.950000 -0.906370
v -1.386770 1.986791 -0.906370
v -1.403681 2.019980 -0.906370
v -1.430020 2.046319 -0.906370
v -1.463209 2.063230 -0.906370
v -1.500000 2.069057 -0.906370
v -1.536791 2.063230 -0.906370
v -1.569980 2.046319 -0.906370
v -1.596319 2.019980 -0.906370
v -1.613230 1.986791 -0.906370
v -1.619057 1.950000 -0.906370
v -1.613230 1.913209 -0.906370
v -1.596319 1.880020 -0.906370
v -1.569980 1.853681 -0.906370
v -1.536791 1.836770 -0.906370
v -1.500000 1.830943 -0.906370
v -1.463209 1.836770 -0.906370
v -1.430020 1.853681 -0.906370
v -1.403681 1.880020 -0.906370
v -1.386770 1.913209 -0.906370
v -1.380943 1.950000 -0.906370
v -1.439958 1.950000 -0.916578
v -1.442897 1.968554 -0.916578
v -1.451425 1.985292 -0.916578
v -1.464708 1.998575 -0.916578
v -1.481446 2.007103 -0.916578
v -1.500000 2.010042 -0.916578
v -1.518554 2.007103 -0.916578
v -1.535292 1.998575 -0.916578
v -1.548575 1.985292 -0.916578
v -1.557103 1.968554 -0.916578
v -1.560042 1.950000 -0.916578
v -1.557103 1.931446 -0.916578
v -1.548575 1.914708 -0.916578
v -1.535292 1.901425 -0.916578
v -1.518554 1.892897 -0.916578
v -1.500000 1.889958 -0.916578
v -1.481446 1.892897 -0.916578
v -1.464708 1.901425 -0.916578
v -1.451425 1.914708 -0.916578
v -1.442897 1.931446 -0.916578
v -1.439958 1.950000 -0.916578
v -1.496320 1.950000 -0.920000
v -1.496500 1.951137 -0.920000
v -1.497023 1.952163 -0.920000
v -1.497837 1.952977 -0.920000
v -1.498863 1.953500 -0.920000
v -1.500000 1.953680 -0.920000
v -1.501137 1.953500 -0.920000
v -1.502163 1.952977 -0.920000
v -1.502977 1.952163 -0.920000
v -1.503500 1.951137 -0.920000
v -1.503680 1.950000 -0.920000
v -1.503500 1.948863 -0.920000
v -1.502977 1.947837 -0.920000
v -1.502163 1.947023 -0.920000
v -1.501137 1.946500 -0.920000
v -1.500000 1.946320 -0.920000
v -1.498863 1.946500 -0.920000
v -1.497837 1.947023 -0.920000
v -1.497023 1.947837 -0.920000
v -1.496500 1.948863 -0.920000
v -1.496320 1.950000 -0.920000
vn 0.984963 0.156003 -0.074242
vn 0.930809 0.357716 -0.075058
vn 0.774712 0.627844 -0.075058
vn 0.542780 0.836514 -0.075058
vn 0.257717 0.963301 -0.075058
vn -0.052573 0.995792 -0.075058
vn -0.357716 0.930809 -0.075058
vn -0.627844 0.774712 -0.075058
vn -0.836514 0.542780 -0.075058
vn -0.963301 0.257717 -0.075058
vn -0.995792 -0.052573 -0.075058
vn -0.930809 -0.357716 -0.075058
vn -0.774712 -0.627844 -0.075058
vn -0.542780 -0.836514 -0.075058
vn -0.257717 -0.963301 -0.075058
vn 0.052573 -0.995792 -0.075058
vn 0.357716 -0.930809 -0.075058
vn 0.627844 -0.774712 -0.075058
vn 0.836514 -0.542780 -0.075058
vn 0.963301 -0.257717 -0.075058
vn 0.984963 -0.156003 -0.074242
vn 0.972954 0.154101 -0.172084
vn 0.940545 0.304994 -0.149514
vn 0.800263 0.580711 -0.149514
vn 0.581645 0.799584 -0.149514
vn 0.306093 0.940188 -0.149514
vn 0.000578 0.988759 -0.149514
vn -0.304994 0.940545 -0.149514
vn -0.580711 0.800263 -0.149514
vn -0.799584 0.581645 -0.149514
vn -0.940188 0.306093 -0.149514
vn -0.988759 0.000578 -0.149514
vn -0.940545 -0.304994 -0.149514
vn -0.800263 -0.580711 -0.149514
vn -0.581645 -0.799584 -0.149514
vn -0.306093 -0.940188 -0.149514
vn -0.000578 -0.988759 -0.149514
vn 0.304994 -0.940545 -0.149514
vn 0.580711 -0.800263 -0.149514
vn 0.799584 -0.581645 -0.149514
vn 0.940188 -0.306093 -0.149514
vn 0.980157 -0.155242 -0.123253
vn 0.937722 0.148521 -0.314035
vn 0.909326 0.294280 -0.294151
vn 0.773883 0.560874 -0.294151
vn 0.562687 0.772566 -0.294151
vn 0.296411 0.908634 -0.294151
vn 0.001120 0.955758 -0.294151
vn -0.294280 0.909326 -0.294151
vn -0.560874 0.773883 -0.294151
vn -0.772566 0.562687 -0.294151
vn -0.908634 0.296411 -0.294151
vn -0.955758 0.001120 -0.294151
vn -0.909326 -0.294280 -0.294151
vn -0.773883 -0.560874 -0.294151
vn -0.562687 -0.772566 -0.294151
vn -0.296411 -0.908634 -0.294151
vn -0.001120 -0.955758 -0.294151
vn 0.294280 -0.909326 -0.294151
vn 0.560874 -0.773883 -0.294151
vn 0.772566 -0.562687 -0.294151
vn 0.908634 -0.296411 -0.294151
vn 0.951704 -0.150735 -0.267467
vn 0.883658 0.139958 -0.446721
vn 0.859302 0.277522 -0.429630
vn 0.731486 0.529478 -0.429630
vn 0.532067 0.729605 -0.429630
vn 0.280565 0.858313 -0.429630
vn 0.001600 0.903004 -0.429630
vn -0.277522 0.859302 -0.429630
vn -0.529478 0.731486 -0.429630
vn -0.729605 0.532067 -0.429630
vn -0.858313 0.280565 -0.429630
vn -0.903004 0.001600 -0.429630
vn -0.859302 -0.277522 -0.429630
vn -0.731486 -0.529478 -0.429630
vn -0.532067 -0.729605 -0.429630
vn -0.280565 -0.858313 -0.429630
vn -0.001600 -0.903004 -0.429630
vn 0.277522 -0.859302 -0.429630
vn 0.529478 -0.731486 -0.429630
vn 0.729605 -0.532067 -0.429630
vn 0.858313 -0.280565 -0.429630
vn 0.903652 -0.143124 -0.403644
vn 0.813480 0.128843 -0.567141
vn 0.793215 0.255628 -0.552689
vn 0.675399 0.488233 -0.552689
vn 0.491470 0.673047 -0.552689
vn 0.259433 0.791978 -0.552689
vn 0.002001 0.833385 -0.552689
vn -0.255628 0.793215 -0.552689
vn -0.488233 0.675399 -0.552689
vn -0.673047 0.491470 -0.552689
vn -0.791978 0.259433 -0.552689
vn -0.833385 0.002001 -0.552689
vn -0.793215 -0.255628 -0.552689
vn -0.675399 -0.488233 -0.552689
vn -0.491470 -0.673047 -0.552689
vn -0.259433 -0.791978 -0.552689
vn -0.002001 -0.833385 -0.552689
vn 0.255628 -0.793215 -0.552689
vn 0.488233 -0.675399 -0.552689
vn 0.673047 -0.491470 -0.552689
vn 0.791978 -0.259433 -0.552689
vn 0.838519 -0.132808 -0.528440
vn 0.730223 0.115656 -0.673349
vn 0.714176 0.229613 -0.661234
vn 0.608268 0.439067 -0.661234
vn 0.442818 0.605543 -0.661234
vn 0.234022 0.712744 -0.661234
vn 0.002318 0.750176 -0.661234
vn -0.229613 0.714176 -0.661234
vn -0.439067 0.608268 -0.661234
vn -0.605543 0.442818 -0.661234
vn -0.712744 0.234022 -0.661234
vn -0.750176 0.002318 -0.661234
vn -0.714176 -0.229613 -0.661234
vn -0.608268 -0.439067 -0.661234
vn -0.442818 -0.605543 -0.661234
vn -0.234022 -0.712744 -0.661234
vn -0.002318 -0.750176 -0.661234
vn 0.229613 -0.714176 -0.661234
vn 0.439067 -0.608268 -0.661234
vn 0.605543 -0.442818 -0.661234
vn 0.712744 -0.234022 -0.661234
vn 0.759280 -0.120258 -0.639556
vn 0.636853 0.100868 -0.764358
vn 0.625236 0.200463 -0.754251
vn 0.532689 0.383860 -0.754251
vn 0.387998 0.529682 -0.754251
vn 0.205327 0.623656 -0.754251
vn 0.002557 0.656582 -0.754251
vn -0.200463 0.625236 -0.754251
vn -0.383860 0.532689 -0.754251
vn -0.529682 0.387998 -0.754251
vn -0.623656 0.205327 -0.754251
vn -0.656582 0.002557 -0.754251
vn -0.625236 -0.200463 -0.754251
vn -0.532689 -0.383860 -0.754251
vn -0.387998 -0.529682 -0.754251
vn -0.205327 -0.623656 -0.754251
vn -0.002557 -0.656582 -0.754251
vn 0.200463 -0.625236 -0.754251
vn 0.383860 -0.532689 -0.754251
vn 0.529682 -0.387998 -0.754251
vn 0.623656 -0.205327 -0.754251
vn 0.668964 -0.105953 -0.735704
vn 0.536010 0.084896 -0.839932
vn 0.529091 0.169042 -0.831558
vn 0.450958 0.324266 -0.831558
vn 0.328683 0.447749 -0.831558
vn 0.174234 0.527404 -0.831558
vn 0.002730 0.555432 -0.831558
vn -0.169042 0.529091 -0.831558
vn -0.324266 0.450958 -0.831558
vn -0.447749 0.328683 -0.831558
vn -0.527404 0.174234 -0.831558
vn -0.555432 0.002730 -0.831558
vn -0.529091 -0.169042 -0.831558
vn -0.450958 -0.324266 -0.831558
vn -0.328683 -0.447749 -0.831558
vn -0.174234 -0.527404 -0.831558
vn -0.002730 -0.555432 -0.831558
vn 0.169042 -0.529091 -0.831558
vn 0.324266 -0.450958 -0.831558
vn 0.447749 -0.328683 -0.831558
vn 0.527404 -0.174234 -0.831558
vn 0.570341 -0.090333 -0.816426
vn 0.429877 0.068086 -0.900317
vn 0.427941 0.136051 -0.893508
vn 0.364954 0.261633 -0.893508
vn 0.266243 0.361605 -0.893508
vn 0.141470 0.426180 -0.893508
vn 0.002849 0.449038 -0.893508
vn -0.136051 0.427941 -0.893508
vn -0.261633 0.364954 -0.893508
vn -0.361605 0.266243 -0.893508
vn -0.426180 0.141470 -0.893508
vn -0.449038 0.002849 -0.893508
vn -0.427941 -0.136051 -0.893508
vn -0.364954 -0.261633 -0.893508
vn -0.266243 -0.361605 -0.893508
vn -0.141470 -0.426180 -0.893508
vn -0.002849 -0.449038 -0.893508
vn 0.136051 -0.427941 -0.893508
vn 0.261633 -0.364954 -0.893508
vn 0.361605 -0.266243 -0.893508
vn 0.426180 -0.141470 -0.893508
vn 0.465753 -0.073768 -0.881835
vn 0.320167 0.050709 -0.946003
vn 0.323476 0.102026 -0.940720
vn 0.276116 0.196992 -0.940720
vn 0.201728 0.272675 -0.940720
vn 0.107594 0.321667 -0.940720
vn 0.002927 0.339171 -0.940720
vn -0.102026 0.323476 -0.940720
vn -0.196992 0.276116 -0.940720
vn -0.272675 0.201728 -0.940720
vn -0.321667 0.107594 -0.940720
vn -0.339171 0.002927 -0.940720
vn -0.323476 -0.102026 -0.940720
vn -0.276116 -0.196992 -0.940720
vn -0.201728 -0.272675 -0.940720
vn -0.107594 -0.321667 -0.940720
vn -0.002927 -0.339171 -0.940720
vn 0.102026 -0.323476 -0.940720
vn 0.196992 -0.276116 -0.940720
vn 0.272675 -0.201728 -0.940720
vn 0.321667 -0.107594 -0.940720
vn 0.357068 -0.056554 -0.932365
vn 0.208172 0.032971 -0.977536
vn 0.216933 0.067358 -0.973860
vn 0.185501 0.131097 -0.973860
vn 0.135911 0.182004 -0.973860
vn 0.073017 0.215095 -0.973860
vn 0.002975 0.227130 -0.973860
vn -0.067358 0.216933 -0.973860
vn -0.131097 0.185501 -0.973860
vn -0.182004 0.135911 -0.973860
vn -0.215095 0.073017 -0.973860
vn -0.227130 0.002975 -0.973860
vn -0.216933 -0.067358 -0.973860
vn -0.185501 -0.131097 -0.973860
vn -0.135911 -0.182004 -0.973860
vn -0.073017 -0.215095 -0.973860
vn -0.002975 -0.227130 -0.973860
vn 0.067358 -0.216933 -0.973860
vn 0.131097 -0.185501 -0.973860
vn 0.182004 -0.135911 -0.973860
vn 0.215095 -0.073017 -0.973860
vn 0.245710 -0.038917 -0.968562
vn 0.097328 0.015415 -0.995133
vn 0.110923 0.032989 -0.993281
vn 0.095300 0.065651 -0.993281
vn 0.070348 0.091887 -0.993281
vn 0.038510 0.109129 -0.993281
vn 0.002903 0.115688 -0.993281
vn -0.032989 0.110923 -0.993281
vn -0.065651 0.095300 -0.993281
vn -0.091887 0.070348 -0.993281
vn -0.109129 0.038510 -0.993281
vn -0.115688 0.002903 -0.993281
vn -0.110923 -0.032989 -0.993281
vn -0.095300 -0.065651 -0.993281
vn -0.070348 -0.091887 -0.993281
vn -0.038510 -0.109129 -0.993281
vn -0.002903 -0.115688 -0.993281
vn 0.032989 -0.110923 -0.993281
vn 0.065651 -0.095300 -0.993281
vn 0.091887 -0.070348 -0.993281
vn 0.109129 -0.038510 -0.993281
vn 0.133970 -0.021219 -0.990758
vn 0.060601 0.009598 -0.998116
vn 0.058626 0.015685 -0.998157
vn 0.050910 0.033033 -0.998157
vn 0.038210 0.047149 -0.998157
vn 0.021771 0.056649 -0.998157
vn 0.003200 0.060604 -0.998157
vn -0.015685 0.058626 -0.998157
vn -0.033033 0.050910 -0.998157
vn -0.047149 0.038210 -0.998157
vn -0.056649 0.021771 -0.998157
vn -0.060604 0.003200 -0.998157
vn -0.058626 -0.015685 -0.998157
vn -0.050910 -0.033033 -0.998157
vn -0.038210 -0.047149 -0.998157
vn -0.021771 -0.056649 -0.998157
vn -0.003200 -0.060604 -0.998157
vn 0.015685 -0.058626 -0.998157
vn 0.033033 -0.050910 -0.998157
vn 0.047149 -0.038210 -0.998157
vn 0.056649 -0.021771 -0.998157
vn 0.060601 -0.009598 -0.998116
usemtl steel
f 8098 8119 8120
f 8098 8120 8099
f 8099 8120 8121
f 8099 8121 8100
f 8100 8121 8122
f 8100 8122 8101
f 8101 8122 8123
f 8101 8123 8102
f 8102 8123 8124
f 8102 8124 8103
f 8103 8124 8125
f 8103 8125 8104
f 8104 8125 8126
f 8104 8126 8105
f 8105 8126 8127
f 8105 8127 8106
f 8106 8127 8128
f 8106 8128 8107
f 8107 8128 8129
f 8107 8129 8108
f 8108 8129 8130
f 8108 8130 8109
f 8109 8130 8131
f 8109 8131 8110
f 8110 8131 8132
f 8110 8132 8111
f 8111 8132 8133
f 8111 8133 8112
f 8112 8133 8134
f 8112 8134 8113
f 8113 8134 8135
f 8113 8135 8114
f 8114 8135 8136
f 8114 8136 8115
f 8115 8136 8137
f 8115 8137 8116
f 8116 8137 8138
f 8116 8138 8117
f 8117 8138 8139
f 8117 8139 8118
f 8119 8140 8141
f 8119 8141 8120
f 8120 8141 8142
f 8120 8142 8121
f 8121 8142 8143
f 8121 8143 8122
f 8122 8143 8144
f 8122 8144 8123
f 8123 8144 8145
f 8123 8145 8124
f 8124 8145 8146
f 8124 8146 8125
f 8125 8146 8147
f 8125 8147 8126
f 8126 8147 8148
f 8126 8148 8127
f 8127 8148 8149
f 8127 8149 8128
f 8128 8149 8150
f 8128 8150 8129
f 8129 8150 8151
f 8129 8151 8130
f 8130 8151 8152
f 8130 8152 8131
f 8131 8152 8153
f 8131 8153 8132
f 8132 8153 8154
f 8132 8154 8133
f 8133 8154 8155
f 8133 8155 8134
f 8134 8155 8156
f 8134 8156 8135
f 8135 8156 8157
f 8135 8157 8136
f 8136 8157 8158
f 8136 8158 8137
f 8137 8158 8159
f 8137 8159 8138
f 8138 8159 8160
f 8138 8160 8139
f 8140 8161 8162
f 8140 8162 8141
f 8141 8162 8163
f 8141 8163 8142
f 8142 8163 8164
f 8142 8164 8143
f 8143 8164 8165
f 8143 8165 8144
f 8144 8165 8166
f 8144 8166 8145
f 8145 8166 8167
f 8145 8167 8146
f 8146 8167 8168
f 8146 8168 8147
f 8147 8168 8169
f 8147 8169 8148
f 8148 8169 8170
f 8148 8170 8149
f 8149 8170 8171
f 8149 8171 8150
f 8150 8171 8172
f 8150 8172 8151
f 8151 8172 8173
f 8151 8173 8152
f 8152 8173 8174
f 8152 8174 8153
f 8153 8174 8175
f 8153 8175 8154
f 8154 8175 8176
f 8154 8176 8155
f 8155 8176 8177
f 8155 8177 8156
f 8156 8177 8178
f 8156 8178 8157
f 8157 8178 8179
f 8157 8179 8158
f 8158 8179 8180
f 8158 8180 8159
f 8159 8180 8181
f 8159 8181 8160
f 8161 8182 8183
f 8161 8183 8162
f 8162 8183 8184
f 8162 8184 8163
f 8163 8184 8185
f 8163 8185 8164
f 8164 8185 8186
f 8164 8186 8165
f 8165 8186 8187
f 8165 8187 8166
f 8166 8187 8188
f 8166 8188 8167
f 8167 8188 8189
f 8167 8189 8168
f 8168 8189 8190
f 8168 8190 8169
f 8169 8190 8191
f 8169 8191 8170
f 8170 8191 8192
f 8170 8192 8171
f 8171 8192 8193
f 8171 8193 8172
f 8172 8193 8194
f 8172 8194 8173
f 8173 8194 8195
f 8173 8195 8174
f 8174 8195 8196
f 8174 8196 8175
f 8175 8196 8197
f 8175 8197 8176
f 8176 8197 8198
f 8176 8198 8177
f 8177 8198 8199
f 8177 8199 8178
f 8178 8199 8200
f 8178 8200 8179
f 8179 8200 8201
f 8179 8201 8180
f 8180 8201 8202
f 8180 8202 8181
f 8182 8203 8204
f 8182 8204 8183
f 8183 8204 8205
f 8183 8205 8184
f 8184 8205 8206
f 8184 8206 8185
f 8185 8206 8207
f 8185 8207 8186
f 8186 8207 8208
f 8186 8208 8187
f 8187 8208 8209
f 8187 8209 8188
f 8188 8209 8210
f 8188 8210 8189
f 8189 8210 8211
f 8189 8211 8190
f 8190 8211 8212
f 8190 8212 8191
f 8191 8212 8213
f 8191 8213 8192
f 8192 8213 8214
f 8192 8214 8193
f 8193 8214 8215
f 8193 8215 8194
f 8194 8215 8216
f 8194 8216 8195
f 8195 8216 8217
f 8195 8217 8196
f 8196 8217 8218
f 8196 8218 8197
f 8197 8218 8219
f 8197 8219 8198
f 8198 8219 8220
f 8198 8220 8199
f 8199 8220 8221
f 8199 8221 8200
f 8200 8221 8222
f 8200 8222 8201
f 8201 8222 8223
f 8201 8223 8202
f 8203 8224 8225
f 8203 8225 8204
f 8204 8225 8226
f 8204 8226 8205
f 8205 8226 8227
f 8205 8227 8206
f 8206 8227 8228
f 8206 8228 8207
f 8207 8228 8229
f 8207 8229 8208
f 8208 8229 8230
f 8208 8230 8209
f 8209 8230 8231
f 8209 8231 8210
f 8210 8231 8232
f 8210 8232 8211
f 8211 8232 8233
f 8211 8233 8212
f 8212 8233 8234
f 8212 8234 8213
f 8213 8234 8235
f 8213 8235 8214
f 8214 8235 8236
f 8214 8236 8215
f 8215 8236 8237
f 8215 8237 8216
f 8216 8237 8238
f 8216 8238 8217
f 8217 8238 8239
f 8217 8239 8218
f 8218 8239 8240
f 8218 8240 8219
f 8219 8240 8241
f 8219 8241 8220
f 8220 8241 8242
f 8220 8242 8221
f 8221 8242 8243
f 8221 8243 8222
f 8222 8243 8244
f 8222 8244 8223
f 8224 8245 8246
f 8224 8246 8225
f 8225 8246 8247
f 8225 8247 8226
f 8226 8247 8248
f 8226 8248 8227
f 8227 8248 8249
f 8227 8249 8228
f 8228 8249 8250
f 8228 8250 8229
f 8229 8250 8251
f 8229 8251 8230
f 8230 8251 8252
f 8230 8252 8231
f 8231 8252 8253
f 8231 8253 8232
f 8232 8253 8254
f 8232 8254 8233
f 8233 8254 8255
f 8233 8255 8234
f 8234 8255 8256
f 8234 8256 8235
f 8235 8256 8257
f 8235 8257 8236
f 8236 8257 8258
f 8236 8258 8237
f 8237 8258 8259
f 8237 8259 8238
f 8238 8259 8260
f 8238 8260 8239
f 8239 8260 8261
f 8239 8261 8240
f 8240 8261 8262
f 8240 8262 8241
f 8241 8262 8263
f 8241 8263 8242
f 8242 8263 8264
f 8242 8264 8243
f 8243 8264 8265
f 8243 8265 8244
f 8245 8266 8267
f 8245 8267 8246
f 8246 8267 8268
f 8246 8268 8247
f 8247 8268 8269
f 8247 8269 8248
f 8248 8269 8270
f 8248 8270 8249
f 8249 8270 8271
f 8249 8271 8250
f 8250 8271 8272
f 8250 8272 8251
f 8251 8272 8273
f 8251 8273 8252
f 8252 8273 8274
f 8252 8274 8253
f 8253 8274 8275
f 8253 8275 8254
f 8254 8275 8276
f 8254 8276 8255
f 8255 8276 8277
f 8255 8277 8256
f 8256 8277 8278
f 8256 8278 8257
f 8257 8278 8279
f 8257 8279 8258
f 8258 8279 8280
f 8258 8280 8259
f 8259 8280 8281
f 8259 8281 8260
f 8260 8281 8282
f 8260 8282 8261
f 8261 8282 8283
f 8261 8283 8262
f 8262 8283 8284
f 8262 8284 8263
f 8263 8284 8285
f 8263 8285 8264
f 8264 8285 8286
f 8264 8286 8265
f 8266 8287 8288
f 8266 8288 8267
f 8267 8288 8289
f 8267 8289 8268
f 8268 8289 8290
f 8268 8290 8269
f 8269 8290 8291
f 8269 8291 8270
f 8270 8291 8292
f 8270 8292 8271
f 8271 8292 8293
f 8271 8293 8272
f 8272 8293 8294
f 8272 8294 8273
f 8273 8294 8295
f 8273 8295 8274
f 8274 8295 8296
f 8274 8296 8275
f 8275 8296 8297
f 8275 8297 8276
f 8276 8297 8298
f 8276 8298 8277
f 8277 8298 8299
f 8277 8299 8278
f 8278 8299 8300
f 8278 8300 8279
f 8279 8300 8301
f 8279 8301 8280
f 8280 8301 8302
f 8280 8302 8281
f 8281 8302 8303
f 8281 8303 8282
f 8282 8303 8304
f 8282 8304 8283
f 8283 8304 8305
f 8283 8305 8284
f 8284 8305 8306
f 8284 8306 8285
f 8285 8306 8307
f 8285 8307 8286
f 8287 8308 8309
f 8287 8309 8288
f 8288 8309 8310
f 8288 8310 8289
f 8289 8310 8311
f 8289 8311 8290
f 8290 8311 8312
f 8290 8312 8291
f 8291 8312 8313
f 8291 8313 8292
f 8292 8313 8314
f 8292 8314 8293
f 8293 8314 8315
f 8293 8315 8294
f 8294 8315 8316
f 8294 8316 8295
f 8295 8316 8317
f 8295 8317 8296
f 8296 8317 8318
f 8296 8318 8297
f 8297 8318 8319
f 8297 8319 8298
f 8298 8319 8320
f 8298 8320 8299
f 8299 8320 8321
f 8299 8321 8300
f 8300 8321 8322
f 8300 8322 8301
f 8301 8322 8323
f 8301 8323 8302
f 8302 8323 8324
f 8302 8324 8303
f 8303 8324 8325
f 8303 8325 8304
f 8304 8325 8326
f 8304 8326 8305
f 8305 8326 8327
f 8305 8327 8306
f 8306 8327 8328
f 8306 8328 8307
f 8308 8329 8330
f 8308 8330 8309
f 8309 8330 8331
f 8309 8331 8310
f 8310 8331 8332
f 8310 8332 8311
f 8311 8332 8333
f 8311 8333 8312
f 8312 8333 8334
f 8312 8334 8313
f 8313 8334 8335
f 8313 8335 8314
f 8314 8335 8336
f 8314 8336 8315
f 8315 8336 8337
f 8315 8337 8316
f 8316 8337 8338
f 8316 8338 8317
f 8317 8338 8339
f 8317 8339 8318
f 8318 8339 8340
f 8318 8340 8319
f 8319 8340 8341
f 8319 8341 8320
f 8320 8341 8342
f 8320 8342 8321
f 8321 8342 8343
f 8321 8343 8322
f 8322 8343 8344
f 8322 8344 8323
f 8323 8344 8345
f 8323 8345 8324
f 8324 8345 8346
f 8324 8346 8325
f 8325 8346 8347
f 8325 8347 8326
f 8326 8347 8348
f 8326 8348 8327
f 8327 8348 8349
f 8327 8349 8328
f 8329 8350 8351
f 8329 8351 8330
f 8330 8351 8352
f 8330 8352 8331
f 8331 8352 8353
f 8331 8353 8332
f 8332 8353 8354
f 8332 8354 8333
f 8333 8354 8355
f 8333 8355 8334
f 8334 8355 8356
f 8334 8356 8335
f 8335 8356 8357
f 8335 8357 8336
f 8336 8357 8358
f 8336 8358 8337
f 8337 8358 8359
f 8337 8359 8338
f 8338 8359 8360
f 8338 8360 8339
f 8339 8360 8361
f 8339 8361 8340
f 8340 8361 8362
f 8340 8362 8341
f 8341 8362 8363
f 8341 8363 8342
f 8342 8363 8364
f 8342 8364 8343
f 8343 8364 8365
f 8343 8365 8344
f 8344 8365 8366
f 8344 8366 8345
f 8345 8366 8367
f 8345 8367 8346
f 8346 8367 8368
f 8346 8368 8347
f 8347 8368 8369
f 8347 8369 8348
f 8348 8369 8370
f 8348 8370 8349
o couter_v2_fan_L
v -1.780000 1.790503 -0.089497
v -1.780000 1.780165 -0.076328
v -1.780000 1.771554 -0.054667
v -1.780000 1.770000 -0.027500
v -1.780000 1.770000 -0.000000
v -1.780000 1.770000 0.027500
v -1.780000 1.771554 0.054667
v -1.780000 1.780165 0.076328
v -1.780000 1.790503 0.089497
v -1.780000 1.816456 -0.105922
v -1.780000 1.815000 -0.082500
v -1.780000 1.815000 -0.055000
v -1.780000 1.815000 -0.027500
v -1.780000 1.815000 -0.000000
v -1.780000 1.815000 0.027500
v -1.780000 1.815000 0.055000
v -1.780000 1.815000 0.082500
v -1.780000 1.816456 0.105922
v -1.780000 1.860000 -0.110000
v -1.780000 1.860000 -0.082500
v -1.780000 1.860000 -0.055000
v -1.780000 1.860000 -0.027500
v -1.780000 1.860000 -0.000000
v -1.780000 1.860000 0.027500
v -1.780000 1.860000 0.055000
v -1.780000 1.860000 0.082500
v -1.780000 1.860000 0.110000
v -1.780000 1.905000 -0.110000
v -1.780000 1.905000 -0.082500
v -1.780000 1.905000 -0.055000
v -1.780000 1.905000 -0.027500
v -1.780000 1.905000 -0.000000
v -1.780000 1.905000 0.027500
v -1.780000 1.905000 0.055000
v -1.780000 1.905000 0.082500
v -1.780000 1.905000 0.110000
v -1.780000 1.950000 -0.110000
v -1.780000 1.950000 -0.082500
v -1.780000 1.950000 -0.055000
v -1.780000 1.950000 -0.027500
v -1.780000 1.950000 -0.000000
v -1.780000 1.950000 0.027500
v -1.780000 1.950000 0.055000
v -1.780000 1.950000 0.082500
v -1.780000 1.950000 0.110000
v -1.780000 1.995000 -0.110000
v -1.780000 1.995000 -0.082500
v -1.780000 1.995000 -0.055000
v -1.780000 1.995000 -0.027500
v -1.780000 1.995000 -0.000000
v -1.780000 1.995000 0.027500
v -1.780000 1.995000 0.055000
v -1.780000 1.995000 0.082500
v -1.780000 1.995000 0.110000
v -1.780000 2.040000 -0.110000
v -1.780000 2.040000 -0.082500
v -1.780000 2.040000 -0.055000
v -1.780000 2.040000 -0.027500
v -1.780000 2.040000 -0.000000
v -1.780000 2.040000 0.027500
v -1.780000 2.040000 0.055000
v -1.780000 2.040000 0.082500
v -1.780000 2.040000 0.110000
v -1.780000 2.083544 -0.105922
v -1.780000 2.085000 -0.082500
v -1.780000 2.085000 -0.055000
v -1.780000 2.085000 -0.027500
v -1.780000 2.085000 -0.000000
v -1.780000 2.085000 0.027500
v -1.780000 2.085000 0.055000
v -1.780000 2.085000 0.082500
v -1.780000 2.083544 0.105922
v -1.780000 2.109497 -0.089497
v -1.780000 2.119835 -0.076328
v -1.780000 2.128446 -0.054667
v -1.780000 2.130000 -0.027500
v -1.780000 2.130000 -0.000000
v -1.780000 2.130000 0.027500
v -1.780000 2.128446 0.054667
v -1.780000 2.119835 0.076328
v -1.780000 2.109497 0.089497
v -1.740000 1.790503 -0.089497
v -1.740000 1.780165 -0.076328
v -1.740000 1.771554 -0.054667
v -1.740000 1.770000 -0.027500
v -1.740000 1.770000 -0.000000
v -1.740000 1.770000 0.027500
v -1.740000 1.771554 0.054667
v -1.740000 1.780165 0.076328
v -1.740000 1.790503 0.089497
v -1.740000 1.816456 -0.105922
v -1.740000 1.815000 -0.082500
v -1.740000 1.815000 -0.055000
v -1.740000 1.815000 -0.027500
v -1.740000 1.815000 -0.000000
v -1.740000 1.815000 0.027500
v -1.740000 1.815000 0.055000
v -1.740000 1.815000 0.082500
v -1.740000 1.816456 0.105922
v -1.740000 1.860000 -0.110000
v -1.740000 1.860000 -0.082500
v -1.740000 1.860000 -0.055000
v -1.740000 1.860000 -0.027500
v -1.740000 1.860000 -0.000000
v -1.740000 1.860000 0.027500
v -1.740000 1.860000 0.055000
v -1.740000 1.860000 0.082500
v -1.740000 1.860000 0.110000
v -1.740000 1.905000 -0.110000
v -1.740000 1.905000 -0.082500
v -1.740000 1.905000 -0.055000
v -1.740000 1.905000 -0.027500
v -1.740000 1.905000 -0.000000
v -1.740000 1.905000 0.027500
v -1.740000 1.905000 0.055000
v -1.740000 1.905000 0.082500
v -1.740000 1.905000 0.110000
v -1.740000 1.950000 -0.110000
v -1.740000 1.950000 -0.082500
v -1.740000 1.950000 -0.055000
v -1.740000 1.950000 -0.027500
v -1.740000 1.950000 -0.000000
v -1.740000 1.950000 0.027500
v -1.740000 1.950000 0.055000
v -1.740000 1.950000 0.082500
v -1.740000 1.950000 0.110000
v -1.740000 1.995000 -0.110000
v -1.740000 1.995000 -0.082500
v -1.740000 1.995000 -0.055000
v -1.740000 1.995000 -0.027500
v -1.740000 1.995000 -0.000000
v -1.740000 1.995000 0.027500
v -1.740000 1.995000 0.055000
v -1.740000 1.995000 0.082500
v -1.740000 1.995000 0.110000
v -1.740000 2.040000 -0.110000
v -1.740000 2.040000 -0.082500
v -1.740000 2.040000 -0.055000
v -1.740000 2.040000 -0.027500
v -1.740000 2.040000 -0.000000
v -1.740000 2.040000 0.027500
v -1.740000 2.040000 0.055000
v -1.740000 2.040000 0.082500
v -1.740000 2.040000 0.110000
v -1.740000 2.083544 -0.105922
v -1.740000 2.085000 -0.082500
v -1.740000 2.085000 -0.055000
v -1.740000 2.085000 -0.027500
v -1.740000 2.085000 -0.000000
v -1.740000 2.085000 0.027500
v -1.740000 2.085000 0.055000
v -1.740000 2.085000 0.082500
v -1.740000 2.083544 0.105922
v -1.740000 2.109497 -0.089497
v -1.740000 2.119835 -0.076328
v -1.740000 2.128446 -0.054667
v -1.740000 2.130000 -0.027500
v -1.740000 2.130000 -0.000000
v -1.740000 2.130000 0.027500
v -1.740000 2.128446 0.054667
v -1.740000 2.119835 0.076328
v -1.740000 2.109497 0.089497
vn -0.452456 -0.597849 -0.661710
vn -0.710346 -0.626318 -0.321146
vn -0.711161 -0.693619 -0.114642
vn -0.707235 -0.706850 -0.013462
vn -0.707107 -0.707107 0.000000
vn -0.707235 -0.706466 0.026923
vn -0.711161 -0.677238 0.188676
vn -0.710346 -0.592535 0.379883
vn -0.319935 -0.593828 0.738248
vn -0.715814 -0.172092 -0.676753
vn -1.000000 0.000000 0.000000
vn -1.000000 0.000000 0.000000
vn -1.000000 0.000000 0.000000
vn -1.000000 0.000000 0.000000
vn -1.000000 0.000000 0.000000
vn -1.000000 0.000000 0.000000
vn -1.000000 0.000000 0.000000
vn -0.715814 -0.172092 0.676753
vn -0.707449 -0.021989 -0.706422
vn -1.000000 0.000000 0.000000
vn -1.000000 0.000000 0.000000
vn -1.000000 0.000000 0.000000
vn -1.000000 0.000000 0.000000
vn -1.000000 0.000000 0.000000
vn -1.000000 0.000000 0.000000
vn -1.000000 0.000000 0.000000
vn -0.707449 -0.021989 0.706422
vn -0.707107 0.000000 -0.707107
vn -1.000000 0.000000 0.000000
vn -1.000000 0.000000 0.000000
vn -1.000000 0.000000 0.000000
vn -1.000000 0.000000 0.000000
vn -1.000000 0.000000 0.000000
vn -1.000000 0.000000 0.000000
vn -1.000000 0.000000 0.000000
vn -0.707107 0.000000 0.707107
vn -0.707107 0.000000 -0.707107
vn -1.000000 0.000000 0.000000
vn -1.000000 0.000000 0.000000
vn -1.000000 0.000000 0.000000
vn -1.000000 0.000000 0.000000
vn -1.000000 0.000000 0.000000
vn -1.000000 0.000000 0.000000
vn -1.000000 0.000000 0.000000
vn -0.707107 0.000000 0.707107
vn -0.707107 0.000000 -0.707107
vn -1.000000 0.000000 0.000000
vn -1.000000 0.000000 0.000000
vn -1.000000 0.000000 0.000000
vn -1.000000 0.000000 0.000000
vn -1.000000 0.000000 0.000000
vn -1.000000 0.000000 0.000000
vn -1.000000 0.000000 0.000000
vn -0.707107 0.000000 0.707107
vn -0.707449 0.043978 -0.705394
vn -1.000000 0.000000 0.000000
vn -1.000000 0.000000 0.000000
vn -1.000000 0.000000 0.000000
vn -1.000000 0.000000 0.000000
vn -1.000000 0.000000 0.000000
vn -1.000000 0.000000 0.000000
vn -1.000000 0.000000 0.000000
vn -0.707449 0.043978 0.705394
vn -0.715814 0.277436 -0.640812
vn -1.000000 0.000000 0.000000
vn -1.000000 0.000000 0.000000
vn -1.000000 0.000000 0.000000
vn -1.000000 0.000000 0.000000
vn -1.000000 0.000000 0.000000
vn -1.000000 0.000000 0.000000
vn -1.000000 0.000000 0.000000
vn -0.715814 0.277436 0.640812
vn -0.319935 0.674401 -0.665451
vn -0.710346 0.626318 -0.321146
vn -0.711161 0.693619 -0.114642
vn -0.707235 0.706850 -0.013462
vn -0.707107 0.707107 0.000000
vn -0.707235 0.706466 0.026923
vn -0.711161 0.677238 0.188676
vn -0.710346 0.592535 0.379883
vn -0.712254 0.470565 0.520830
vn 0.712254 -0.470565 -0.520830
vn 0.710346 -0.592535 -0.379883
vn 0.711161 -0.677238 -0.188676
vn 0.707235 -0.706466 -0.026923
vn 0.707107 -0.707107 0.000000
vn 0.707235 -0.706850 0.013462
vn 0.711161 -0.693619 0.114642
vn 0.710346 -0.626318 0.321146
vn 0.319935 -0.674401 0.665451
vn 0.715814 -0.277436 -0.640812
vn 1.000000 0.000000 0.000000
vn 1.000000 0.000000 0.000000
vn 1.000000 0.000000 0.000000
vn 1.000000 0.000000 0.000000
vn 1.000000 0.000000 0.000000
vn 1.000000 0.000000 0.000000
vn 1.000000 0.000000 0.000000
vn 0.715814 -0.277436 0.640812
vn 0.707449 -0.043978 -0.705394
vn 1.000000 0.000000 0.000000
vn 1.000000 0.000000 0.000000
vn 1.000000 0.000000 0.000000
vn 1.000000 0.000000 0.000000
vn 1.000000 0.000000 0.000000
vn 1.000000 0.000000 0.000000
vn 1.000000 0.000000 0.000000
vn 0.707449 -0.043978 0.705394
vn 0.707107 0.000000 -0.707107
vn 1.000000 0.000000 0.000000
vn 1.000000 0.000000 0.000000
vn 1.000000 0.000000 0.000000
vn 1.000000 0.000000 0.000000
vn 1.000000 0.000000 0.000000
vn 1.000000 0.000000 0.000000
vn 1.000000 0.000000 0.000000
vn 0.707107 0.000000 0.707107
vn 0.707107 0.000000 -0.707107
vn 1.000000 0.000000 0.000000
vn 1.000000 0.000000 0.000000
vn 1.000000 0.000000 0.000000
vn 1.000000 0.000000 0.000000
vn 1.000000 0.000000 0.000000
vn 1.000000 0.000000 0.000000
vn 1.000000 0.000000 0.000000
vn 0.707107 0.000000 0.707107
vn 0.707107 0.000000 -0.707107
vn 1.000000 0.000000 0.000000
vn 1.000000 0.000000 0.000000
vn 1.000000 0.000000 0.000000
vn 1.000000 0.000000 0.000000
vn 1.000000 0.000000 0.000000
vn 1.000000 0.000000 0.000000
vn 1.000000 0.000000 0.000000
vn 0.707107 0.000000 0.707107
vn 0.707449 0.021989 -0.706422
vn 1.000000 0.000000 0.000000
vn 1.000000 0.000000 0.000000
vn 1.000000 0.000000 0.000000
vn 1.000000 0.000000 0.000000
vn 1.000000 0.000000 0.000000
vn 1.000000 0.000000 0.000000
vn 1.000000 0.000000 0.000000
vn 0.707449 0.021989 0.706422
vn 0.715814 0.172092 -0.676753
vn 1.000000 0.000000 0.000000
vn 1.000000 0.000000 0.000000
vn 1.000000 0.000000 0.000000
vn 1.000000 0.000000 0.000000
vn 1.000000 0.000000 0.000000
vn 1.000000 0.000000 0.000000
vn 1.000000 0.000000 0.000000
vn 0.715814 0.172092 0.676753
vn 0.319935 0.593828 -0.738248
vn 0.710346 0.592535 -0.379883
vn 0.711161 0.677238 -0.188676
vn 0.707235 0.706466 -0.026923
vn 0.707107 0.707107 0.000000
vn 0.707235 0.706850 0.013462
vn 0.711161 0.693619 0.114642
vn 0.710346 0.626318 0.321146
vn 0.452456 0.597849 0.661710
usemtl steel
f 8371 8372 8381
f 8371 8381 8380
f 8372 8373 8382
f 8372 8382 8381
f 8373 8374 8383
f 8373 8383 8382
f 8374 8375 8384
f 8374 8384 8383
f 8375 8376 8385
f 8375 8385 8384
f 8376 8377 8386
f 8376 8386 8385
f 8377 8378 8387
f 8377 8387 8386
f 8378 8379 8388
f 8378 8388 8387
f 8380 8381 8390
f 8380 8390 8389
f 8381 8382 8391
f 8381 8391 8390
f 8382 8383 8392
f 8382 8392 8391
f 8383 8384 8393
f 8383 8393 8392
f 8384 8385 8394
f 8384 8394 8393
f 8385 8386 8395
f 8385 8395 8394
f 8386 8387 8396
f 8386 8396 8395
f 8387 8388 8397
f 8387 8397 8396
f 8389 8390 8399
f 8389 8399 8398
f 8390 8391 8400
f 8390 8400 8399
f 8391 8392 8401
f 8391 8401 8400
f 8392 8393 8402
f 8392 8402 8401
f 8393 8394 8403
f 8393 8403 8402
f 8394 8395 8404
f 8394 8404 8403
f 8395 8396 8405
f 8395 8405 8404
f 8396 8397 8406
f 8396 8406 8405
f 8398 8399 8408
f 8398 8408 8407
f 8399 8400 8409
f 8399 8409 8408
f 8400 8401 8410
f 8400 8410 8409
f 8401 8402 8411
f 8401 8411 8410
f 8402 8403 8412
f 8402 8412 8411
f 8403 8404 8413
f 8403 8413 8412
f 8404 8405 8414
f 8404 8414 8413
f 8405 8406 8415
f 8405 8415 8414
f 8407 8408 8417
f 8407 8417 8416
f 8408 8409 8418
f 8408 8418 8417
f 8409 8410 8419
f 8409 8419 8418
f 8410 8411 8420
f 8410 8420 8419
f 8411 8412 8421
f 8411 8421 8420
f 8412 8413 8422
f 8412 8422 8421
f 8413 8414 8423
f 8413 8423 8422
f 8414 8415 8424
f 8414 8424 8423
f 8416 8417 8426
f 8416 8426 8425
f 8417 8418 8427
f 8417 8427 8426
f 8418 8419 8428
f 8418 8428 8427
f 8419 8420 8429
f 8419 8429 8428
f 8420 8421 8430
f 8420 8430 8429
f 8421 8422 8431
f 8421 8431 8430
f 8422 8423 8432
f 8422 8432 8431
f 8423 8424 8433
f 8423 8433 8432
f 8425 8426 8435
f 8425 8435 8434
f 8426 8427 8436
f 8426 8436 8435
f 8427 8428 8437
f 8427 8437 8436
f 8428 8429 8438
f 8428 8438 8437
f 8429 8430 8439
f 8429 8439 8438
f 8430 8431 8440
f 8430 8440 8439
f 8431 8432 8441
f 8431 8441 8440
f 8432 8433 8442
f 8432 8442 8441
f 8434 8435 8444
f 8434 8444 8443
f 8435 8436 8445
f 8435 8445 8444
f 8436 8437 8446
f 8436 8446 8445
f 8437 8438 8447
f 8437 8447 8446
f 8438 8439 8448
f 8438 8448 8447
f 8439 8440 8449
f 8439 8449 8448
f 8440 8441 8450
f 8440 8450 8449
f 8441 8442 8451
f 8441 8451 8450
f 8452 8461 8462
f 8452 8462 8453
f 8453 8462 8463
f 8453 8463 8454
f 8454 8463 8464
f 8454 8464 8455
f 8455 8464 8465
f 8455 8465 8456
f 8456 8465 8466
f 8456 8466 8457
f 8457 8466 8467
f 8457 8467 8458
f 8458 8467 8468
f 8458 8468 8459
f 8459 8468 8469
f 8459 8469 8460
f 8461 8470 8471
f 8461 8471 8462
f 8462 8471 8472
f 8462 8472 8463
f 8463 8472 8473
f 8463 8473 8464
f 8464 8473 8474
f 8464 8474 8465
f 8465 8474 8475
f 8465 8475 8466
f 8466 8475 8476
f 8466 8476 8467
f 8467 8476 8477
f 8467 8477 8468
f 8468 8477 8478
f 8468 8478 8469
f 8470 8479 8480
f 8470 8480 8471
f 8471 8480 8481
f 8471 8481 8472
f 8472 8481 8482
f 8472 8482 8473
f 8473 8482 8483
f 8473 8483 8474
f 8474 8483 8484
f 8474 8484 8475
f 8475 8484 8485
f 8475 8485 8476
f 8476 8485 8486
f 8476 8486 8477
f 8477 8486 8487
f 8477 8487 8478
f 8479 8488 8489
f 8479 8489 8480
f 8480 8489 8490
f 8480 8490 8481
f 8481 8490 8491
f 8481 8491 8482
f 8482 8491 8492
f 8482 8492 8483
f 8483 8492 8493
f 8483 8493 8484
f 8484 8493 8494
f 8484 8494 8485
f 8485 8494 8495
f 8485 8495 8486
f 8486 8495 8496
f 8486 8496 8487
f 8488 8497 8498
f 8488 8498 8489
f 8489 8498 8499
f 8489 8499 8490
f 8490 8499 8500
f 8490 8500 8491
f 8491 8500 8501
f 8491 8501 8492
f 8492 8501 8502
f 8492 8502 8493
f 8493 8502 8503
f 8493 8503 8494
f 8494 8503 8504
f 8494 8504 8495
f 8495 8504 8505
f 8495 8505 8496
f 8497 8506 8507
f 8497 8507 8498
f 8498 8507 8508
f 8498 8508 8499
f 8499 8508 8509
f 8499 8509 8500
f 8500 8509 8510
f 8500 8510 8501
f 8501 8510 8511
f 8501 8511 8502
f 8502 8511 8512
f 8502 8512 8503
f 8503 8512 8513
f 8503 8513 8504
f 8504 8513 8514
f 8504 8514 8505
f 8506 8515 8516
f 8506 8516 8507
f 8507 8516 8517
f 8507 8517 8508
f 8508 8517 8518
f 8508 8518 8509
f 8509 8518 8519
f 8509 8519 8510
f 8510 8519 8520
f 8510 8520 8511
f 8511 8520 8521
f 8511 8521 8512
f 8512 8521 8522
f 8512 8522 8513
f 8513 8522 8523
f 8513 8523 8514
f 8515 8524 8525
f 8515 8525 8516
f 8516 8525 8526
f 8516 8526 8517
f 8517 8526 8527
f 8517 8527 8518
f 8518 8527 8528
f 8518 8528 8519
f 8519 8528 8529
f 8519 8529 8520
f 8520 8529 8530
f 8520 8530 8521
f 8521 8530 8531
f 8521 8531 8522
f 8522 8531 8532
f 8522 8532 8523
f 8371 8380 8461
f 8371 8461 8452
f 8379 8460 8469
f 8379 8469 8388
f 8380 8389 8470
f 8380 8470 8461
f 8388 8469 8478
f 8388 8478 8397
f 8389 8398 8479
f 8389 8479 8470
f 8397 8478 8487
f 8397 8487 8406
f 8398 8407 8488
f 8398 8488 8479
f 8406 8487 8496
f 8406 8496 8415
f 8407 8416 8497
f 8407 8497 8488
f 8415 8496 8505
f 8415 8505 8424
f 8416 8425 8506
f 8416 8506 8497
f 8424 8505 8514
f 8424 8514 8433
f 8425 8434 8515
f 8425 8515 8506
f 8433 8514 8523
f 8433 8523 8442
f 8434 8443 8524
f 8434 8524 8515
f 8442 8523 8532
f 8442 8532 8451
f 8371 8452 8453
f 8371 8453 8372
f 8443 8444 8525
f 8443 8525 8524
f 8372 8453 8454
f 8372 8454 8373
f 8444 8445 8526
f 8444 8526 8525
f 8373 8454 8455
f 8373 8455 8374
f 8445 8446 8527
f 8445 8527 8526
f 8374 8455 8456
f 8374 8456 8375
f 8446 8447 8528
f 8446 8528 8527
f 8375 8456 8457
f 8375 8457 8376
f 8447 8448 8529
f 8447 8529 8528
f 8376 8457 8458
f 8376 8458 8377
f 8448 8449 8530
f 8448 8530 8529
f 8377 8458 8459
f 8377 8459 8378
f 8449 8450 8531
f 8449 8531 8530
f 8378 8459 8460
f 8378 8460 8379
f 8450 8451 8532
f 8450 8532 8531
o vambrace_L
v -0.940000 1.100000 0.000000
v -0.980000 1.950000 0.000000
v -0.967408 1.100000 0.173050
v -1.005451 1.950000 0.160689
v -1.046950 1.100000 0.329160
v -1.079311 1.950000 0.305648
v -1.170840 1.100000 0.453050
v -1.194352 1.950000 0.420689
v -1.326950 1.100000 0.532592
v -1.339311 1.950000 0.494549
v -1.500000 1.100000 0.560000
v -1.500000 1.950000 0.520000
v -1.673050 1.100000 0.532592
v -1.660689 1.950000 0.494549
v -1.829160 1.100000 0.453050
v -1.805648 1.950000 0.420689
v -1.953050 1.100000 0.329160
v -1.920689 1.950000 0.305648
v -2.032592 1.100000 0.173050
v -1.994549 1.950000 0.160689
v -2.060000 1.100000 0.000000
v -2.020000 1.950000 0.000000
v -2.032592 1.100000 -0.173050
v -1.994549 1.950000 -0.160689
v -1.953050 1.100000 -0.329160
v -1.920689 1.950000 -0.305648
v -1.829160 1.100000 -0.453050
v -1.805648 1.950000 -0.420689
v -1.673050 1.100000 -0.532592
v -1.660689 1.950000 -0.494549
v -1.500000 1.100000 -0.560000
v -1.500000 1.950000 -0.520000
v -1.326950 1.100000 -0.532592
v -1.339311 1.950000 -0.494549
v -1.170840 1.100000 -0.453050
v -1.194352 1.950000 -0.420689
v -1.046950 1.100000 -0.329160
v -1.079311 1.950000 -0.305648
v -0.967408 1.100000 -0.173050
v -1.005451 1.950000 -0.160689
v -0.940000 1.100000 -0.000000
v -0.980000 1.950000 -0.000000
vn 0.986623 0.046429 0.156266
vn 0.986623 0.046429 0.156266
vn 0.932413 0.046942 0.358333
vn 0.964961 0.046942 0.258161
vn 0.776047 0.046942 0.628926
vn 0.837956 0.046942 0.543715
vn 0.543715 0.046942 0.837956
vn 0.628926 0.046942 0.776047
vn 0.258161 0.046942 0.964961
vn 0.358333 0.046942 0.932413
vn -0.052663 0.046942 0.997508
vn 0.052663 0.046942 0.997508
vn -0.358333 0.046942 0.932413
vn -0.258161 0.046942 0.964961
vn -0.628926 0.046942 0.776047
vn -0.543715 0.046942 0.837956
vn -0.837956 0.046942 0.543715
vn -0.776047 0.046942 0.628926
vn -0.964961 0.046942 0.258161
vn -0.932413 0.046942 0.358333
vn -0.997508 0.046942 -0.052663
vn -0.997508 0.046942 0.052663
vn -0.932413 0.046942 -0.358333
vn -0.964961 0.046942 -0.258161
vn -0.776047 0.046942 -0.628926
vn -0.837956 0.046942 -0.543715
vn -0.543715 0.046942 -0.837956
vn -0.628926 0.046942 -0.776047
vn -0.258161 0.046942 -0.964961
vn -0.358333 0.046942 -0.932413
vn 0.052663 0.046942 -0.997508
vn -0.052663 0.046942 -0.997508
vn 0.358333 0.046942 -0.932413
vn 0.258161 0.046942 -0.964961
vn 0.628926 0.046942 -0.776047
vn 0.543715 0.046942 -0.837956
vn 0.837956 0.046942 -0.543715
vn 0.776047 0.046942 -0.628926
vn 0.964961 0.046942 -0.258161
vn 0.932413 0.046942 -0.358333
vn 0.986623 0.046429 -0.156266
vn 0.986623 0.046429 -0.156266
usemtl steel
f 8533 8534 8536
f 8533 8536 8535
f 8535 8536 8538
f 8535 8538 8537
f 8537 8538 8540
f 8537 8540 8539
f 8539 8540 8542
f 8539 8542 8541
f 8541 8542 8544
f 8541 8544 8543
f 8543 8544 8546
f 8543 8546 8545
f 8545 8546 8548
f 8545 8548 8547
f 8547 8548 8550
f 8547 8550 8549
f 8549 8550 8552
f 8549 8552 8551
f 8551 8552 8554
f 8551 8554 8553
f 8553 8554 8556
f 8553 8556 8555
f 8555 8556 8558
f 8555 8558 8557
f 8557 8558 8560
f 8557 8560 8559
f 8559 8560 8562
f 8559 8562 8561
f 8561 8562 8564
f 8561 8564 8563
f 8563 8564 8566
f 8563 8566 8565
f 8565 8566 8568
f 8565 8568 8567
f 8567 8568 8570
f 8567 8570 8569
f 8569 8570 8572
f 8569 8572 8571
f 8571 8572 8574
f 8571 8574 8573
o gauntlet_v2_cuff_L
v -0.920000 1.020000 0.000000
v -1.000000 1.200000 0.000000
v -0.948387 1.020000 0.179230
v -1.024472 1.200000 0.154508
v -1.030770 1.020000 0.340915
v -1.095492 1.200000 0.293893
v -1.159085 1.020000 0.469230
v -1.206107 1.200000 0.404508
v -1.320770 1.020000 0.551613
v -1.345492 1.200000 0.475528
v -1.500000 1.020000 0.580000
v -1.500000 1.200000 0.500000
v -1.679230 1.020000 0.551613
v -1.654508 1.200000 0.475528
v -1.840915 1.020000 0.469230
v -1.793893 1.200000 0.404508
v -1.969230 1.020000 0.340915
v -1.904508 1.200000 0.293893
v -2.051613 1.020000 0.179230
v -1.975528 1.200000 0.154508
v -2.080000 1.020000 0.000000
v -2.000000 1.200000 0.000000
v -2.051613 1.020000 -0.179230
v -1.975528 1.200000 -0.154508
v -1.969230 1.020000 -0.340915
v -1.904508 1.200000 -0.293893
v -1.840915 1.020000 -0.469230
v -1.793893 1.200000 -0.404508
v -1.679230 1.020000 -0.551613
v -1.654508 1.200000 -0.475528
v -1.500000 1.020000 -0.580000
v -1.500000 1.200000 -0.500000
v -1.320770 1.020000 -0.551613
v -1.345492 1.200000 -0.475528
v -1.159085 1.020000 -0.469230
v -1.206107 1.200000 -0.404508
v -1.030770 1.020000 -0.340915
v -1.095492 1.200000 -0.293893
v -0.948387 1.020000 -0.179230
v -1.024472 1.200000 -0.154508
v -0.920000 1.020000 -0.000000
v -1.000000 1.200000 -0.000000
vn 0.904388 0.401950 0.143241
vn 0.904388 0.401950 0.143241
vn 0.853186 0.405667 0.327885
vn 0.882968 0.405667 0.236225
vn 0.710106 0.405667 0.575486
vn 0.766755 0.405667 0.497516
vn 0.497516 0.405667 0.766755
vn 0.575486 0.405667 0.710106
vn 0.236225 0.405667 0.882968
vn 0.327885 0.405667 0.853186
vn -0.048188 0.405667 0.912750
vn 0.048188 0.405667 0.912750
vn -0.327885 0.405667 0.853186
vn -0.236225 0.405667 0.882968
vn -0.575486 0.405667 0.710106
vn -0.497516 0.405667 0.766755
vn -0.766755 0.405667 0.497516
vn -0.710106 0.405667 0.575486
vn -0.882968 0.405667 0.236225
vn -0.853186 0.405667 0.327885
vn -0.912750 0.405667 -0.048188
vn -0.912750 0.405667 0.048188
vn -0.853186 0.405667 -0.327885
vn -0.882968 0.405667 -0.236225
vn -0.710106 0.405667 -0.575486
vn -0.766755 0.405667 -0.497516
vn -0.497516 0.405667 -0.766755
vn -0.575486 0.405667 -0.710106
vn -0.236225 0.405667 -0.882968
vn -0.327885 0.405667 -0.853186
vn 0.048188 0.405667 -0.912750
vn -0.048188 0.405667 -0.912750
vn 0.327885 0.405667 -0.853186
vn 0.236225 0.405667 -0.882968
vn 0.575486 0.405667 -0.710106
vn 0.497516 0.405667 -0.766755
vn 0.766755 0.405667 -0.497516
vn 0.710106 0.405667 -0.575486
vn 0.882968 0.405667 -0.236225
vn 0.853186 0.405667 -0.327885
vn 0.904388 0.401950 -0.143241
vn 0.904388 0.401950 -0.143241
usemtl steel
f 8575 8576 8578
f 8575 8578 8577
f 8577 8578 8580
f 8577 8580 8579
f 8579 8580 8582
f 8579 8582 8581
f 8581 8582 8584
f 8581 8584 8583
f 8583 8584 8586
f 8583 8586 8585
f 8585 8586 8588
f 8585 8588 8587
f 8587 8588 8590
f 8587 8590 8589
f 8589 8590 8592
f 8589 8592 8591
f 8591 8592 8594
f 8591 8594 8593
f 8593 8594 8596
f 8593 8596 8595
f 8595 8596 8598
f 8595 8598 8597
f 8597 8598 8600
f 8597 8600 8599
f 8599 8600 8602
f 8599 8602 8601
f 8601 8602 8604
f 8601 8604 8603
f 8603 8604 8606
f 8603 8606 8605
f 8605 8606 8608
f 8605 8608 8607
f 8607 8608 8610
f 8607 8610 8609
f 8609 8610 8612
f 8609 8612 8611
f 8611 8612 8614
f 8611 8614 8613
f 8613 8614 8616
f 8613 8616 8615
o gauntlet_v2_knuckle_L
v -1.040000 1.020000 0.000000
v -1.067741 1.020000 0.157329
v -1.147620 1.020000 0.295682
v -1.270000 1.020000 0.398372
v -1.420122 1.020000 0.453012
v -1.579878 1.020000 0.453012
v -1.730000 1.020000 0.398372
v -1.852380 1.020000 0.295682
v -1.932259 1.020000 0.157329
v -1.960000 1.020000 0.000000
v -1.932259 1.020000 -0.157329
v -1.852380 1.020000 -0.295682
v -1.730000 1.020000 -0.398372
v -1.579878 1.020000 -0.453012
v -1.420122 1.020000 -0.453012
v -1.270000 1.020000 -0.398372
v -1.147620 1.020000 -0.295682
v -1.067741 1.020000 -0.157329
v -1.040000 1.020000 -0.000000
v -1.043935 1.038274 0.000000
v -1.071439 1.038274 0.155983
v -1.150634 1.038274 0.293153
v -1.271968 1.038274 0.394964
v -1.420805 1.038274 0.449136
v -1.579195 1.038274 0.449136
v -1.728032 1.038274 0.394964
v -1.849366 1.038274 0.293153
v -1.928561 1.038274 0.155983
v -1.956065 1.038274 0.000000
v -1.928561 1.038274 -0.155983
v -1.849366 1.038274 -0.293153
v -1.728032 1.038274 -0.394964
v -1.579195 1.038274 -0.449136
v -1.420805 1.038274 -0.449136
v -1.271968 1.038274 -0.394964
v -1.150634 1.038274 -0.293153
v -1.071439 1.038274 -0.155983
v -1.043935 1.038274 -0.000000
v -1.055674 1.056235 0.000000
v -1.082470 1.056235 0.151968
v -1.159627 1.056235 0.285607
v -1.277837 1.056235 0.384797
v -1.422844 1.056235 0.437576
v -1.577156 1.056235 0.437576
v -1.722163 1.056235 0.384797
v -1.840373 1.056235 0.285607
v -1.917530 1.056235 0.151968
v -1.944326 1.056235 0.000000
v -1.917530 1.056235 -0.151968
v -1.840373 1.056235 -0.285607
v -1.722163 1.056235 -0.384797
v -1.577156 1.056235 -0.437576
v -1.422844 1.056235 -0.437576
v -1.277837 1.056235 -0.384797
v -1.159627 1.056235 -0.285607
v -1.082470 1.056235 -0.151968
v -1.055674 1.056235 -0.000000
v -1.075015 1.073576 0.000000
v -1.100645 1.073576 0.145353
v -1.174443 1.073576 0.273175
v -1.287508 1.073576 0.368047
v -1.426202 1.073576 0.418528
v -1.573798 1.073576 0.418528
v -1.712492 1.073576 0.368047
v -1.825557 1.073576 0.273175
v -1.899355 1.073576 0.145353
v -1.924985 1.073576 0.000000
v -1.899355 1.073576 -0.145353
v -1.825557 1.073576 -0.273175
v -1.712492 1.073576 -0.368047
v -1.573798 1.073576 -0.418528
v -1.426202 1.073576 -0.418528
v -1.287508 1.073576 -0.368047
v -1.174443 1.073576 -0.273175
v -1.100645 1.073576 -0.145353
v -1.075015 1.073576 -0.000000
v -1.101628 1.090000 0.000000
v -1.125653 1.090000 0.136251
v -1.194830 1.090000 0.256068
v -1.300814 1.090000 0.345000
v -1.430823 1.090000 0.392320
v -1.569177 1.090000 0.392320
v -1.699186 1.090000 0.345000
v -1.805170 1.090000 0.256068
v -1.874347 1.090000 0.136251
v -1.898372 1.090000 0.000000
v -1.874347 1.090000 -0.136251
v -1.805170 1.090000 -0.256068
v -1.699186 1.090000 -0.345000
v -1.569177 1.090000 -0.392320
v -1.430823 1.090000 -0.392320
v -1.300814 1.090000 -0.345000
v -1.194830 1.090000 -0.256068
v -1.125653 1.090000 -0.136251
v -1.101628 1.090000 -0.000000
v -1.135057 1.105227 0.000000
v -1.157066 1.105227 0.124818
v -1.220438 1.105227 0.234581
v -1.317529 1.105227 0.316050
v -1.436628 1.105227 0.359398
v -1.563372 1.105227 0.359398
v -1.682471 1.105227 0.316050
v -1.779562 1.105227 0.234581
v -1.842934 1.105227 0.124818
v -1.864943 1.105227 0.000000
v -1.842934 1.105227 -0.124818
v -1.779562 1.105227 -0.234581
v -1.682471 1.105227 -0.316050
v -1.563372 1.105227 -0.359398
v -1.436628 1.105227 -0.359398
v -1.317529 1.105227 -0.316050
v -1.220438 1.105227 -0.234581
v -1.157066 1.105227 -0.124818
v -1.135057 1.105227 -0.000000
v -1.174731 1.118995 0.000000
v -1.194347 1.118995 0.111249
v -1.250829 1.118995 0.209079
v -1.337365 1.118995 0.281691
v -1.443518 1.118995 0.320328
v -1.556482 1.118995 0.320328
v -1.662635 1.118995 0.281691
v -1.749171 1.118995 0.209079
v -1.805653 1.118995 0.111249
v -1.825269 1.118995 0.000000
v -1.805653 1.118995 -0.111249
v -1.749171 1.118995 -0.209079
v -1.662635 1.118995 -0.281691
v -1.556482 1.118995 -0.320328
v -1.443518 1.118995 -0.320328
v -1.337365 1.118995 -0.281691
v -1.250829 1.118995 -0.209079
v -1.194347 1.118995 -0.111249
v -1.174731 1.118995 -0.000000
v -1.219970 1.131069 0.000000
v -1.236858 1.131069 0.095776
v -1.285484 1.131069 0.180000
v -1.359985 1.131069 0.242513
v -1.451373 1.131069 0.275776
v -1.548627 1.131069 0.275776
v -1.640015 1.131069 0.242513
v -1.714516 1.131069 0.180000
v -1.763142 1.131069 0.095776
v -1.780030 1.131069 0.000000
v -1.763142 1.131069 -0.095776
v -1.714516 1.131069 -0.180000
v -1.640015 1.131069 -0.242513
v -1.548627 1.131069 -0.275776
v -1.451373 1.131069 -0.275776
v -1.359985 1.131069 -0.242513
v -1.285484 1.131069 -0.180000
v -1.236858 1.131069 -0.095776
v -1.219970 1.131069 -0.000000
v -1.270000 1.141244 0.000000
v -1.283871 1.141244 0.078665
v -1.323810 1.141244 0.147841
v -1.385000 1.141244 0.199186
v -1.460061 1.141244 0.226506
v -1.539939 1.141244 0.226506
v -1.615000 1.141244 0.199186
v -1.676190 1.141244 0.147841
v -1.716129 1.141244 0.078665
v -1.730000 1.141244 0.000000
v -1.716129 1.141244 -0.078665
v -1.676190 1.141244 -0.147841
v -1.615000 1.141244 -0.199186
v -1.539939 1.141244 -0.226506
v -1.460061 1.141244 -0.226506
v -1.385000 1.141244 -0.199186
v -1.323810 1.141244 -0.147841
v -1.283871 1.141244 -0.078665
v -1.270000 1.141244 -0.000000
v -1.323966 1.149343 0.000000
v -1.334582 1.149343 0.060207
v -1.365150 1.149343 0.113153
v -1.411983 1.149343 0.152450
v -1.469432 1.149343 0.173360
v -1.530568 1.149343 0.173360
v -1.588017 1.149343 0.152450
v -1.634850 1.149343 0.113153
v -1.665418 1.149343 0.060207
v -1.676034 1.149343 0.000000
v -1.665418 1.149343 -0.060207
v -1.634850 1.149343 -0.113153
v -1.588017 1.149343 -0.152450
v -1.530568 1.149343 -0.173360
v -1.469432 1.149343 -0.173360
v -1.411983 1.149343 -0.152450
v -1.365150 1.149343 -0.113153
v -1.334582 1.149343 -0.060207
v -1.323966 1.149343 -0.000000
v -1.380943 1.155230 0.000000
v -1.388123 1.155230 0.040720
v -1.408797 1.155230 0.076528
v -1.440472 1.155230 0.103106
v -1.479326 1.155230 0.117248
v -1.520674 1.155230 0.117248
v -1.559528 1.155230 0.103106
v -1.591203 1.155230 0.076528
v -1.611877 1.155230 0.040720
v -1.619057 1.155230 0.000000
v -1.611877 1.155230 -0.040720
v -1.591203 1.155230 -0.076528
v -1.559528 1.155230 -0.103106
v -1.520674 1.155230 -0.117248
v -1.479326 1.155230 -0.117248
v -1.440472 1.155230 -0.103106
v -1.408797 1.155230 -0.076528
v -1.388123 1.155230 -0.040720
v -1.380943 1.155230 -0.000000
v -1.439958 1.158802 0.000000
v -1.443579 1.158802 0.020536
v -1.454005 1.158802 0.038594
v -1.469979 1.158802 0.051998
v -1.489574 1.158802 0.059130
v -1.510426 1.158802 0.059130
v -1.530021 1.158802 0.051998
v -1.545995 1.158802 0.038594
v -1.556421 1.158802 0.020536
v -1.560042 1.158802 0.000000
v -1.556421 1.158802 -0.020536
v -1.545995 1.158802 -0.038594
v -1.530021 1.158802 -0.051998
v -1.510426 1.158802 -0.059130
v -1.489574 1.158802 -0.059130
v -1.469979 1.158802 -0.051998
v -1.454005 1.158802 -0.038594
v -1.443579 1.158802 -0.020536
v -1.439958 1.158802 -0.000000
v -1.496320 1.160000 0.000000
v -1.496542 1.160000 0.001259
v -1.497181 1.160000 0.002365
v -1.498160 1.160000 0.003187
v -1.499361 1.160000 0.003624
v -1.500639 1.160000 0.003624
v -1.501840 1.160000 0.003187
v -1.502819 1.160000 0.002365
v -1.503458 1.160000 0.001259
v -1.503680 1.160000 0.000000
v -1.503458 1.160000 -0.001259
v -1.502819 1.160000 -0.002365
v -1.501840 1.160000 -0.003187
v -1.500639 1.160000 -0.003624
v -1.499361 1.160000 -0.003624
v -1.498160 1.160000 -0.003187
v -1.497181 1.160000 -0.002365
v -1.496542 1.160000 -0.001259
v -1.496320 1.160000 -0.000000
vn 0.963380 0.207471 0.169870
vn 0.897499 0.210184 0.387708
vn 0.710770 0.210184 0.671289
vn 0.438310 0.210184 0.873903
vn 0.112984 0.210184 0.971111
vn -0.225969 0.210184 0.951189
vn -0.537667 0.210184 0.816540
vn -0.784515 0.210184 0.583403
vn -0.936738 0.210184 0.279900
vn -0.975978 0.210184 -0.057364
vn -0.897499 0.210184 -0.387708
vn -0.710770 0.210184 -0.671289
vn -0.438310 0.210184 -0.873903
vn -0.112984 0.210184 -0.971111
vn 0.225969 0.210184 -0.951189
vn 0.537667 0.210184 -0.816540
vn 0.784515 0.210184 -0.583403
vn 0.936738 0.210184 -0.279900
vn 0.963380 0.207471 -0.169870
vn 0.886115 0.436334 0.156246
vn 0.868416 0.385596 0.311720
vn 0.709430 0.385596 0.589937
vn 0.464876 0.385596 0.796998
vn 0.164251 0.385596 0.907930
vn -0.156185 0.385596 0.909352
vn -0.457783 0.385596 0.801093
vn -0.704165 0.385596 0.596210
vn -0.865615 0.385596 0.319416
vn -0.922659 0.385596 0.004095
vn -0.868416 0.385596 -0.311720
vn -0.709430 0.385596 -0.589937
vn -0.464876 0.385596 -0.796998
vn -0.164251 0.385596 -0.907930
vn 0.156185 0.385596 -0.909352
vn 0.457783 0.385596 -0.801093
vn 0.704165 0.385596 -0.596210
vn 0.865615 0.385596 -0.319416
vn 0.931874 0.323437 -0.164315
vn 0.723460 0.678478 0.127566
vn 0.714532 0.651547 0.254814
vn 0.584289 0.651547 0.483831
vn 0.383572 0.651547 0.654491
vn 0.136591 0.651547 0.746210
vn -0.126866 0.651547 0.747925
vn -0.375020 0.651547 0.659429
vn -0.577941 0.651547 0.491396
vn -0.711154 0.651547 0.264094
vn -0.758592 0.651547 0.004938
vn -0.714532 0.651547 -0.254814
vn -0.584289 0.651547 -0.483831
vn -0.383572 0.651547 -0.654491
vn -0.136591 0.651547 -0.746210
vn 0.126866 0.651547 -0.747925
vn 0.375020 0.651547 -0.659429
vn 0.577941 0.651547 -0.491396
vn 0.711154 0.651547 -0.264094
vn 0.778919 0.611901 -0.137344
vn 0.571656 0.814278 0.100798
vn 0.563963 0.801004 0.200845
vn 0.461259 0.801004 0.381619
vn 0.302920 0.801004 0.516364
vn 0.108045 0.801004 0.588828
vn -0.099862 0.801004 0.590271
vn -0.295724 0.801004 0.520519
vn -0.455918 0.801004 0.387984
vn -0.561121 0.801004 0.208652
vn -0.598644 0.801004 0.004154
vn -0.563963 0.801004 -0.200845
vn -0.461259 0.801004 -0.381619
vn -0.302920 0.801004 -0.516364
vn -0.108045 0.801004 -0.588828
vn 0.099862 0.801004 -0.590271
vn 0.295724 0.801004 -0.520519
vn 0.455918 0.801004 -0.387984
vn 0.561121 0.801004 -0.208652
vn 0.618497 0.778182 -0.109058
vn 0.450728 0.889117 0.079475
vn 0.443451 0.882270 0.157958
vn 0.362682 0.882270 0.300101
vn 0.238169 0.882270 0.406048
vn 0.084929 0.882270 0.463019
vn -0.078554 0.882270 0.464143
vn -0.232563 0.882270 0.409285
vn -0.358521 0.882270 0.305060
vn -0.441237 0.882270 0.164041
vn -0.470732 0.882270 0.003237
vn -0.443451 0.882270 -0.157958
vn -0.362682 0.882270 -0.300101
vn -0.238169 0.882270 -0.406048
vn -0.084929 0.882270 -0.463019
vn 0.078554 0.882270 -0.464143
vn 0.232563 0.882270 -0.409285
vn 0.358521 0.882270 -0.305060
vn 0.441237 0.882270 -0.164041
vn 0.487306 0.868993 -0.085925
vn 0.356366 0.932231 0.062837
vn 0.350029 0.928402 0.124699
vn 0.286270 0.928402 0.236895
vn 0.187983 0.928402 0.320519
vn 0.067022 0.928402 0.365483
vn -0.062022 0.928402 0.366365
vn -0.183586 0.928402 0.323058
vn -0.283007 0.928402 0.240785
vn -0.348293 0.928402 0.129470
vn -0.371569 0.928402 0.002538
vn -0.350029 0.928402 -0.124699
vn -0.286270 0.928402 -0.236895
vn -0.187983 0.928402 -0.320519
vn -0.067022 0.928402 -0.365483
vn 0.062022 0.928402 -0.366365
vn 0.183586 0.928402 -0.323058
vn 0.283007 0.928402 -0.240785
vn 0.348293 0.928402 -0.129470
vn 0.385093 0.920376 -0.067902
vn 0.281018 0.958423 0.049551
vn 0.276082 0.956094 0.098302
vn 0.225812 0.956094 0.186799
vn 0.148304 0.956094 0.252766
vn 0.052910 0.956094 0.288245
vn -0.048867 0.956094 0.288958
vn -0.144749 0.956094 0.254818
vn -0.223173 0.956094 0.189944
vn -0.274678 0.956094 0.102159
vn -0.293054 0.956094 0.002053
vn -0.276082 0.956094 -0.098302
vn -0.225812 0.956094 -0.186799
vn -0.148304 0.956094 -0.252766
vn -0.052910 0.956094 -0.288245
vn 0.048867 0.956094 -0.288958
vn 0.144749 0.956094 -0.254818
vn 0.223173 0.956094 -0.189944
vn 0.274678 0.956094 -0.102159
vn 0.304265 0.951075 -0.053650
vn 0.218733 0.975022 0.038568
vn 0.215474 0.973501 0.076596
vn 0.176282 0.973501 0.145673
vn 0.115828 0.973501 0.197179
vn 0.041403 0.973501 0.224904
vn -0.038015 0.973501 0.225501
vn -0.112849 0.973501 0.198900
vn -0.174071 0.973501 0.148308
vn -0.214297 0.973501 0.079828
vn -0.228676 0.973501 0.001720
vn -0.215474 0.973501 -0.076596
vn -0.176282 0.973501 -0.145673
vn -0.115828 0.973501 -0.197179
vn -0.041403 0.973501 -0.224904
vn 0.038015 0.973501 -0.225501
vn 0.112849 0.973501 -0.198900
vn 0.174071 0.973501 -0.148308
vn 0.214297 0.973501 -0.079828
vn 0.238226 0.970301 -0.042006
vn 0.165352 0.985803 0.029156
vn 0.163930 0.984761 0.058076
vn 0.134180 0.984761 0.110641
vn 0.088247 0.984761 0.149861
vn 0.031670 0.984761 0.171005
vn -0.028728 0.984761 0.171524
vn -0.085660 0.984761 0.151355
vn -0.132260 0.984761 0.112929
vn -0.162908 0.984761 0.060883
vn -0.173907 0.984761 0.001494
vn -0.163930 0.984761 -0.058076
vn -0.134180 0.984761 -0.110641
vn -0.088247 0.984761 -0.149861
vn -0.031670 0.984761 -0.171005
vn 0.028728 0.984761 -0.171524
vn 0.085660 0.984761 -0.151355
vn 0.132260 0.984761 -0.112929
vn 0.162908 0.984761 -0.060883
vn 0.182285 0.982720 -0.032142
vn 0.117986 0.992797 0.020804
vn 0.118509 0.992077 0.041706
vn 0.097098 0.992077 0.079723
vn 0.063975 0.992077 0.108125
vn 0.023136 0.992077 0.123485
vn -0.020494 0.992077 0.123951
vn -0.061651 0.992077 0.109466
vn -0.095373 0.992077 0.081779
vn -0.117591 0.992077 0.044227
vn -0.125626 0.992077 0.001342
vn -0.118509 0.992077 -0.041706
vn -0.097098 0.992077 -0.079723
vn -0.063975 0.992077 -0.108125
vn -0.023136 0.992077 -0.123485
vn 0.020494 0.992077 -0.123951
vn 0.061651 0.992077 -0.109466
vn 0.095373 0.992077 -0.081779
vn 0.117591 0.992077 -0.044227
vn 0.133198 0.990811 -0.023486
vn 0.074548 0.997131 0.013145
vn 0.077117 0.996663 0.026744
vn 0.063320 0.996663 0.051507
vn 0.041884 0.996663 0.070057
vn 0.015397 0.996663 0.080158
vn -0.012947 0.996663 0.080590
vn -0.039729 0.996663 0.071302
vn -0.061720 0.996663 0.053413
vn -0.076266 0.996663 0.029083
vn -0.081614 0.996663 0.001244
vn -0.077117 0.996663 -0.026744
vn -0.063320 0.996663 -0.051507
vn -0.041884 0.996663 -0.070057
vn -0.015397 0.996663 -0.080158
vn 0.012947 0.996663 -0.080590
vn 0.039729 0.996663 -0.071302
vn 0.061720 0.996663 -0.053413
vn 0.076266 0.996663 -0.029083
vn 0.088659 0.995939 -0.015633
vn 0.034311 0.999393 0.006050
vn 0.038775 0.999165 0.012887
vn 0.032029 0.999165 0.025372
vn 0.021419 0.999165 0.034796
vn 0.008227 0.999165 0.040024
vn -0.005958 0.999165 0.040424
vn -0.019425 0.999165 0.035948
vn -0.030548 0.999165 0.027136
vn -0.037987 0.999165 0.015052
vn -0.040844 0.999165 0.001152
vn -0.038775 0.999165 -0.012887
vn -0.032029 0.999165 -0.025372
vn -0.021419 0.999165 -0.034796
vn -0.008227 0.999165 -0.040024
vn 0.005958 0.999165 -0.040424
vn 0.019425 0.999165 -0.035948
vn 0.030548 0.999165 -0.027136
vn 0.037987 0.999165 -0.015052
vn 0.047373 0.998842 -0.008353
vn 0.021246 0.999767 0.003746
vn 0.020391 0.999774 0.006093
vn 0.017078 0.999774 0.012700
vn 0.011704 0.999774 0.017775
vn 0.004919 0.999774 0.020706
vn -0.002460 0.999774 0.021140
vn -0.009541 0.999774 0.019024
vn -0.015472 0.999774 0.014613
vn -0.019537 0.999774 0.008440
vn -0.021246 0.999774 0.001249
vn -0.020391 0.999774 -0.006093
vn -0.017078 0.999774 -0.012700
vn -0.011704 0.999774 -0.017775
vn -0.004919 0.999774 -0.020706
vn 0.002460 0.999774 -0.021140
vn 0.009541 0.999774 -0.019024
vn 0.015472 0.999774 -0.014613
vn 0.019537 0.999774 -0.008440
vn 0.021246 0.999767 -0.003746
usemtl steel
f 8617 8636 8637
f 8617 8637 8618
f 8618 8637 8638
f 8618 8638 8619
f 8619 8638 8639
f 8619 8639 8620
f 8620 8639 8640
f 8620 8640 8621
f 8621 8640 8641
f 8621 8641 8622
f 8622 8641 8642
f 8622 8642 8623
f 8623 8642 8643
f 8623 8643 8624
f 8624 8643 8644
f 8624 8644 8625
f 8625 8644 8645
f 8625 8645 8626
f 8626 8645 8646
f 8626 8646 8627
f 8627 8646 8647
f 8627 8647 8628
f 8628 8647 8648
f 8628 8648 8629
f 8629 8648 8649
f 8629 8649 8630
f 8630 8649 8650
f 8630 8650 8631
f 8631 8650 8651
f 8631 8651 8632
f 8632 8651 8652
f 8632 8652 8633
f 8633 8652 8653
f 8633 8653 8634
f 8634 8653 8654
f 8634 8654 8635
f 8636 8655 8656
f 8636 8656 8637
f 8637 8656 8657
f 8637 8657 8638
f 8638 8657 8658
f 8638 8658 8639
f 8639 8658 8659
f 8639 8659 8640
f 8640 8659 8660
f 8640 8660 8641
f 8641 8660 8661
f 8641 8661 8642
f 8642 8661 8662
f 8642 8662 8643
f 8643 8662 8663
f 8643 8663 8644
f 8644 8663 8664
f 8644 8664 8645
f 8645 8664 8665
f 8645 8665 8646
f 8646 8665 8666
f 8646 8666 8647
f 8647 8666 8667
f 8647 8667 8648
f 8648 8667 8668
f 8648 8668 8649
f 8649 8668 8669
f 8649 8669 8650
f 8650 8669 8670
f 8650 8670 8651
f 8651 8670 8671
f 8651 8671 8652
f 8652 8671 8672
f 8652 8672 8653
f 8653 8672 8673
f 8653 8673 8654
f 8655 8674 8675
f 8655 8675 8656
f 8656 8675 8676
f 8656 8676 8657
f 8657 8676 8677
f 8657 8677 8658
f 8658 8677 8678
f 8658 8678 8659
f 8659 8678 8679
f 8659 8679 8660
f 8660 8679 8680
f 8660 8680 8661
f 8661 8680 8681
f 8661 8681 8662
f 8662 8681 8682
f 8662 8682 8663
f 8663 8682 8683
f 8663 8683 8664
f 8664 8683 8684
f 8664 8684 8665
f 8665 8684 8685
f 8665 8685 8666
f 8666 8685 8686
f 8666 8686 8667
f 8667 8686 8687
f 8667 8687 8668
f 8668 8687 8688
f 8668 8688 8669
f 8669 8688 8689
f 8669 8689 8670
f 8670 8689 8690
f 8670 8690 8671
f 8671 8690 8691
f 8671 8691 8672
f 8672 8691 8692
f 8672 8692 8673
f 8674 8693 8694
f 8674 8694 8675
f 8675 8694 8695
f 8675 8695 8676
f 8676 8695 8696
f 8676 8696 8677
f 8677 8696 8697
f 8677 8697 8678
f 8678 8697 8698
f 8678 8698 8679
f 8679 8698 8699
f 8679 8699 8680
f 8680 8699 8700
f 8680 8700 8681
f 8681 8700 8701
f 8681 8701 8682
f 8682 8701 8702
f 8682 8702 8683
f 8683 8702 8703
f 8683 8703 8684
f 8684 8703 8704
f 8684 8704 8685
f 8685 8704 8705
f 8685 8705 8686
f 8686 8705 8706
f 8686 8706 8687
f 8687 8706 8707
f 8687 8707 8688
f 8688 8707 8708
f 8688 8708 8689
f 8689 8708 8709
f 8689 8709 8690
f 8690 8709 8710
f 8690 8710 8691
f 8691 8710 8711
f 8691 8711 8692
f 8693 8712 8713
f 8693 8713 8694
f 8694 8713 8714
f 8694 8714 8695
f 8695 8714 8715
f 8695 8715 8696
f 8696 8715 8716
f 8696 8716 8697
f 8697 8716 8717
f 8697 8717 8698
f 8698 8717 8718
f 8698 8718 8699
f 8699 8718 8719
f 8699 8719 8700
f 8700 8719 8720
f 8700 8720 8701
f 8701 8720 8721
f 8701 8721 8702
f 8702 8721 8722
f 8702 8722 8703
f 8703 8722 8723
f 8703 8723 8704
f 8704 8723 8724
f 8704 8724 8705
f 8705 8724 8725
f 8705 8725 8706
f 8706 8725 8726
f 8706 8726 8707
f 8707 8726 8727
f 8707 8727 8708
f 8708 8727 8728
f 8708 8728 8709
f 8709 8728 8729
f 8709 8729 8710
f 8710 8729 8730
f 8710 8730 8711
f 8712 8731 8732
f 8712 8732 8713
f 8713 8732 8733
f 8713 8733 8714
f 8714 8733 8734
f 8714 8734 8715
f 8715 8734 8735
f 8715 8735 8716
f 8716 8735 8736
f 8716 8736 8717
f 8717 8736 8737
f 8717 8737 8718
f 8718 8737 8738
f 8718 8738 8719
f 8719 8738 8739
f 8719 8739 8720
f 8720 8739 8740
f 8720 8740 8721
f 8721 8740 8741
f 8721 8741 8722
f 8722 8741 8742
f 8722 8742 8723
f 8723 8742 8743
f 8723 8743 8724
f 8724 8743 8744
f 8724 8744 8725
f 8725 8744 8745
f 8725 8745 8726
f 8726 8745 8746
f 8726 8746 8727
f 8727 8746 8747
f 8727 8747 8728
f 8728 8747 8748
f 8728 8748 8729
f 8729 8748 8749
f 8729 8749 8730
f 8731 8750 8751
f 8731 8751 8732
f 8732 8751 8752
f 8732 8752 8733
f 8733 8752 8753
f 8733 8753 8734
f 8734 8753 8754
f 8734 8754 8735
f 8735 8754 8755
f 8735 8755 8736
f 8736 8755 8756
f 8736 8756 8737
f 8737 8756 8757
f 8737 8757 8738
f 8738 8757 8758
f 8738 8758 8739
f 8739 8758 8759
f 8739 8759 8740
f 8740 8759 8760
f 8740 8760 8741
f 8741 8760 8761
f 8741 8761 8742
f 8742 8761 8762
f 8742 8762 8743
f 8743 8762 8763
f 8743 8763 8744
f 8744 8763 8764
f 8744 8764 8745
f 8745 8764 8765
f 8745 8765 8746
f 8746 8765 8766
f 8746 8766 8747
f 8747 8766 8767
f 8747 8767 8748
f 8748 8767 8768
f 8748 8768 8749
f 8750 8769 8770
f 8750 8770 8751
f 8751 8770 8771
f 8751 8771 8752
f 8752 8771 8772
f 8752 8772 8753
f 8753 8772 8773
f 8753 8773 8754
f 8754 8773 8774
f 8754 8774 8755
f 8755 8774 8775
f 8755 8775 8756
f 8756 8775 8776
f 8756 8776 8757
f 8757 8776 8777
f 8757 8777 8758
f 8758 8777 8778
f 8758 8778 8759
f 8759 8778 8779
f 8759 8779 8760
f 8760 8779 8780
f 8760 8780 8761
f 8761 8780 8781
f 8761 8781 8762
f 8762 8781 8782
f 8762 8782 8763
f 8763 8782 8783
f 8763 8783 8764
f 8764 8783 8784
f 8764 8784 8765
f 8765 8784 8785
f 8765 8785 8766
f 8766 8785 8786
f 8766 8786 8767
f 8767 8786 8787
f 8767 8787 8768
f 8769 8788 8789
f 8769 8789 8770
f 8770 8789 8790
f 8770 8790 8771
f 8771 8790 8791
f 8771 8791 8772
f 8772 8791 8792
f 8772 8792 8773
f 8773 8792 8793
f 8773 8793 8774
f 8774 8793 8794
f 8774 8794 8775
f 8775 8794 8795
f 8775 8795 8776
f 8776 8795 8796
f 8776 8796 8777
f 8777 8796 8797
f 8777 8797 8778
f 8778 8797 8798
f 8778 8798 8779
f 8779 8798 8799
f 8779 8799 8780
f 8780 8799 8800
f 8780 8800 8781
f 8781 8800 8801
f 8781 8801 8782
f 8782 8801 8802
f 8782 8802 8783
f 8783 8802 8803
f 8783 8803 8784
f 8784 8803 8804
f 8784 8804 8785
f 8785 8804 8805
f 8785 8805 8786
f 8786 8805 8806
f 8786 8806 8787
f 8788 8807 8808
f 8788 8808 8789
f 8789 8808 8809
f 8789 8809 8790
f 8790 8809 8810
f 8790 8810 8791
f 8791 8810 8811
f 8791 8811 8792
f 8792 8811 8812
f 8792 8812 8793
f 8793 8812 8813
f 8793 8813 8794
f 8794 8813 8814
f 8794 8814 8795
f 8795 8814 8815
f 8795 8815 8796
f 8796 8815 8816
f 8796 8816 8797
f 8797 8816 8817
f 8797 8817 8798
f 8798 8817 8818
f 8798 8818 8799
f 8799 8818 8819
f 8799 8819 8800
f 8800 8819 8820
f 8800 8820 8801
f 8801 8820 8821
f 8801 8821 8802
f 8802 8821 8822
f 8802 8822 8803
f 8803 8822 8823
f 8803 8823 8804
f 8804 8823 8824
f 8804 8824 8805
f 8805 8824 8825
f 8805 8825 8806
f 8807 8826 8827
f 8807 8827 8808
f 8808 8827 8828
f 8808 8828 8809
f 8809 8828 8829
f 8809 8829 8810
f 8810 8829 8830
f 8810 8830 8811
f 8811 8830 8831
f 8811 8831 8812
f 8812 8831 8832
f 8812 8832 8813
f 8813 8832 8833
f 8813 8833 8814
f 8814 8833 8834
f 8814 8834 8815
f 8815 8834 8835
f 8815 8835 8816
f 8816 8835 8836
f 8816 8836 8817
f 8817 8836 8837
f 8817 8837 8818
f 8818 8837 8838
f 8818 8838 8819
f 8819 8838 8839
f 8819 8839 8820
f 8820 8839 8840
f 8820 8840 8821
f 8821 8840 8841
f 8821 8841 8822
f 8822 8841 8842
f 8822 8842 8823
f 8823 8842 8843
f 8823 8843 8824
f 8824 8843 8844
f 8824 8844 8825
f 8826 8845 8846
f 8826 8846 8827
f 8827 8846 8847
f 8827 8847 8828
f 8828 8847 8848
f 8828 8848 8829
f 8829 8848 8849
f 8829 8849 8830
f 8830 8849 8850
f 8830 8850 8831
f 8831 8850 8851
f 8831 8851 8832
f 8832 8851 8852
f 8832 8852 8833
f 8833 8852 8853
f 8833 8853 8834
f 8834 8853 8854
f 8834 8854 8835
f 8835 8854 8855
f 8835 8855 8836
f 8836 8855 8856
f 8836 8856 8837
f 8837 8856 8857
f 8837 8857 8838
f 8838 8857 8858
f 8838 8858 8839
f 8839 8858 8859
f 8839 8859 8840
f 8840 8859 8860
f 8840 8860 8841
f 8841 8860 8861
f 8841 8861 8842
f 8842 8861 8862
f 8842 8862 8843
f 8843 8862 8863
f 8843 8863 8844
o gauntlet_v2_mitten_L
v -1.040000 0.960000 0.000000
v -1.067741 0.960000 0.157329
v -1.147620 0.960000 0.295682
v -1.270000 0.960000 0.398372
v -1.420122 0.960000 0.453012
v -1.579878 0.960000 0.453012
v -1.730000 0.960000 0.398372
v -1.852380 0.960000 0.295682
v -1.932259 0.960000 0.157329
v -1.960000 0.960000 0.000000
v -1.932259 0.960000 -0.157329
v -1.852380 0.960000 -0.295682
v -1.730000 0.960000 -0.398372
v -1.579878 0.960000 -0.453012
v -1.420122 0.960000 -0.453012
v -1.270000 0.960000 -0.398372
v -1.147620 0.960000 -0.295682
v -1.067741 0.960000 -0.157329
v -1.040000 0.960000 -0.000000
v -1.080000 0.900000 0.000000
v -1.105329 0.900000 0.143648
v -1.178261 0.900000 0.269971
v -1.290000 0.900000 0.363731
v -1.427068 0.900000 0.413619
v -1.572932 0.900000 0.413619
v -1.710000 0.900000 0.363731
v -1.821739 0.900000 0.269971
v -1.894671 0.900000 0.143648
v -1.920000 0.900000 0.000000
v -1.894671 0.900000 -0.143648
v -1.821739 0.900000 -0.269971
v -1.710000 0.900000 -0.363731
v -1.572932 0.900000 -0.413619
v -1.427068 0.900000 -0.413619
v -1.290000 0.900000 -0.363731
v -1.178261 0.900000 -0.269971
v -1.105329 0.900000 -0.143648
v -1.080000 0.900000 -0.000000
v -1.200000 0.860000 0.000000
v -1.218092 0.860000 0.102606
v -1.270187 0.860000 0.192836
v -1.350000 0.860000 0.259808
v -1.447906 0.860000 0.295442
v -1.552094 0.860000 0.295442
v -1.650000 0.860000 0.259808
v -1.729813 0.860000 0.192836
v -1.781908 0.860000 0.102606
v -1.800000 0.860000 0.000000
v -1.781908 0.860000 -0.102606
v -1.729813 0.860000 -0.192836
v -1.650000 0.860000 -0.259808
v -1.552094 0.860000 -0.295442
v -1.447906 0.860000 -0.295442
v -1.350000 0.860000 -0.259808
v -1.270187 0.860000 -0.192836
v -1.218092 0.860000 -0.102606
v -1.200000 0.860000 -0.000000
v -1.340000 0.845000 0.000000
v -1.349649 0.845000 0.054723
v -1.377433 0.845000 0.102846
v -1.420000 0.845000 0.138564
v -1.472216 0.845000 0.157569
v -1.527784 0.845000 0.157569
v -1.580000 0.845000 0.138564
v -1.622567 0.845000 0.102846
v -1.650351 0.845000 0.054723
v -1.660000 0.845000 0.000000
v -1.650351 0.845000 -0.054723
v -1.622567 0.845000 -0.102846
v -1.580000 0.845000 -0.138564
v -1.527784 0.845000 -0.157569
v -1.472216 0.845000 -0.157569
v -1.420000 0.845000 -0.138564
v -1.377433 0.845000 -0.102846
v -1.349649 0.845000 -0.054723
v -1.340000 0.845000 -0.000000
v -1.480000 0.830000 0.000000
v -1.481206 0.830000 0.006840
v -1.484679 0.830000 0.012856
v -1.490000 0.830000 0.017321
v -1.496527 0.830000 0.019696
v -1.503473 0.830000 0.019696
v -1.510000 0.830000 0.017321
v -1.515321 0.830000 0.012856
v -1.518794 0.830000 0.006840
v -1.520000 0.830000 0.000000
v -1.518794 0.830000 -0.006840
v -1.515321 0.830000 -0.012856
v -1.510000 0.830000 -0.017321
v -1.503473 0.830000 -0.019696
v -1.496527 0.830000 -0.019696
v -1.490000 0.830000 -0.017321
v -1.484679 0.830000 -0.012856
v -1.481206 0.830000 -0.006840
v -1.480000 0.830000 -0.000000
vn 0.823238 -0.548825 0.145159
vn 0.797645 -0.554038 0.238338
vn 0.668024 -0.554038 0.496775
vn 0.457830 -0.554038 0.695294
vn 0.192415 -0.554038 0.809949
vn -0.096208 -0.554038 0.826913
vn -0.373227 -0.554038 0.744140
vn -0.605229 -0.554038 0.571611
vn -0.764232 -0.554038 0.330138
vn -0.831057 -0.554038 0.048846
vn -0.797645 -0.554038 -0.238338
vn -0.668024 -0.554038 -0.496775
vn -0.457830 -0.554038 -0.695294
vn -0.192415 -0.554038 -0.809949
vn 0.096208 -0.554038 -0.826913
vn 0.373227 -0.554038 -0.744140
vn 0.605229 -0.554038 -0.571611
vn 0.764232 -0.554038 -0.330138
vn 0.823238 -0.548825 -0.145159
vn 0.687272 -0.716220 0.121185
vn 0.563725 -0.795553 0.222059
vn 0.453779 -0.795553 0.401472
vn 0.289101 -0.795553 0.532462
vn 0.089554 -0.795553 0.599229
vn -0.120796 -0.795553 0.593721
vn -0.316575 -0.795553 0.516600
vn -0.474171 -0.795553 0.377170
vn -0.574575 -0.795553 0.192248
vn -0.605677 -0.795553 -0.015862
vn -0.563725 -0.795553 -0.222059
vn -0.453779 -0.795553 -0.401472
vn -0.289101 -0.795553 -0.532462
vn -0.089554 -0.795553 -0.599229
vn 0.120796 -0.795553 -0.593721
vn 0.316575 -0.795553 -0.516600
vn 0.474171 -0.795553 -0.377170
vn 0.574575 -0.795553 -0.192248
vn 0.509518 -0.855757 -0.089842
vn 0.247300 -0.967957 0.043606
vn 0.197597 -0.977135 0.078506
vn 0.158830 -0.977135 0.141354
vn 0.100905 -0.977135 0.187152
vn 0.030810 -0.977135 0.210377
vn -0.043001 -0.977135 0.208228
vn -0.111626 -0.977135 0.180963
vn -0.166787 -0.977135 0.131871
vn -0.201831 -0.977135 0.066874
vn -0.212531 -0.977135 -0.006190
vn -0.197597 -0.977135 -0.078506
vn -0.158830 -0.977135 -0.141354
vn -0.100905 -0.977135 -0.187152
vn -0.030810 -0.977135 -0.210377
vn 0.043001 -0.977135 -0.208228
vn 0.111626 -0.977135 -0.180963
vn 0.166787 -0.977135 -0.131871
vn 0.201831 -0.977135 -0.066874
vn 0.177190 -0.983681 -0.031243
vn 0.106514 -0.994134 0.018781
vn 0.100108 -0.994309 0.036436
vn 0.081609 -0.994309 0.068478
vn 0.053267 -0.994309 0.092260
vn 0.018499 -0.994309 0.104915
vn -0.018499 -0.994309 0.104915
vn -0.053267 -0.994309 0.092260
vn -0.081609 -0.994309 0.068478
vn -0.100108 -0.994309 0.036436
vn -0.106533 -0.994309 0.000000
vn -0.100108 -0.994309 -0.036436
vn -0.081609 -0.994309 -0.068478
vn -0.053267 -0.994309 -0.092260
vn -0.018499 -0.994309 -0.104915
vn 0.018499 -0.994309 -0.104915
vn 0.053267 -0.994309 -0.092260
vn 0.081609 -0.994309 -0.068478
vn 0.100108 -0.994309 -0.036436
vn 0.106514 -0.994134 -0.018781
vn 0.106514 -0.994134 0.018781
vn 0.097965 -0.994290 0.042320
vn 0.077583 -0.994290 0.073273
vn 0.047843 -0.994290 0.095389
vn 0.012333 -0.994290 0.106000
vn -0.024665 -0.994290 0.103825
vn -0.058688 -0.994290 0.089128
vn -0.085632 -0.994290 0.063680
vn -0.102248 -0.994290 0.030552
vn -0.106531 -0.994290 -0.006261
vn -0.097965 -0.994290 -0.042320
vn -0.077583 -0.994290 -0.073273
vn -0.047843 -0.994290 -0.095389
vn -0.012333 -0.994290 -0.106000
vn 0.024665 -0.994290 -0.103825
vn 0.058688 -0.994290 -0.089128
vn 0.085632 -0.994290 -0.063680
vn 0.102248 -0.994290 -0.030552
vn 0.106514 -0.994134 -0.018781
usemtl steel
f 8865 8884 8883
f 8865 8883 8864
f 8866 8885 8884
f 8866 8884 8865
f 8867 8886 8885
f 8867 8885 8866
f 8868 8887 8886
f 8868 8886 8867
f 8869 8888 8887
f 8869 8887 8868
f 8870 8889 8888
f 8870 8888 8869
f 8871 8890 8889
f 8871 8889 8870
f 8872 8891 8890
f 8872 8890 8871
f 8873 8892 8891
f 8873 8891 8872
f 8874 8893 8892
f 8874 8892 8873
f 8875 8894 8893
f 8875 8893 8874
f 8876 8895 8894
f 8876 8894 8875
f 8877 8896 8895
f 8877 8895 8876
f 8878 8897 8896
f 8878 8896 8877
f 8879 8898 8897
f 8879 8897 8878
f 8880 8899 8898
f 8880 8898 8879
f 8881 8900 8899
f 8881 8899 8880
f 8882 8901 8900
f 8882 8900 8881
f 8884 8903 8902
f 8884 8902 8883
f 8885 8904 8903
f 8885 8903 8884
f 8886 8905 8904
f 8886 8904 8885
f 8887 8906 8905
f 8887 8905 8886
f 8888 8907 8906
f 8888 8906 8887
f 8889 8908 8907
f 8889 8907 8888
f 8890 8909 8908
f 8890 8908 8889
f 8891 8910 8909
f 8891 8909 8890
f 8892 8911 8910
f 8892 8910 8891
f 8893 8912 8911
f 8893 8911 8892
f 8894 8913 8912
f 8894 8912 8893
f 8895 8914 8913
f 8895 8913 8894
f 8896 8915 8914
f 8896 8914 8895
f 8897 8916 8915
f 8897 8915 8896
f 8898 8917 8916
f 8898 8916 8897
f 8899 8918 8917
f 8899 8917 8898
f 8900 8919 8918
f 8900 8918 8899
f 8901 8920 8919
f 8901 8919 8900
f 8903 8922 8921
f 8903 8921 8902
f 8904 8923 8922
f 8904 8922 8903
f 8905 8924 8923
f 8905 8923 8904
f 8906 8925 8924
f 8906 8924 8905
f 8907 8926 8925
f 8907 8925 8906
f 8908 8927 8926
f 8908 8926 8907
f 8909 8928 8927
f 8909 8927 8908
f 8910 8929 8928
f 8910 8928 8909
f 8911 8930 8929
f 8911 8929 8910
f 8912 8931 8930
f 8912 8930 8911
f 8913 8932 8931
f 8913 8931 8912
f 8914 8933 8932
f 8914 8932 8913
f 8915 8934 8933
f 8915 8933 8914
f 8916 8935 8934
f 8916 8934 8915
f 8917 8936 8935
f 8917 8935 8916
f 8918 8937 8936
f 8918 8936 8917
f 8919 8938 8937
f 8919 8937 8918
f 8920 8939 8938
f 8920 8938 8919
f 8922 8941 8940
f 8922 8940 8921
f 8923 8942 8941
f 8923 8941 8922
f 8924 8943 8942
f 8924 8942 8923
f 8925 8944 8943
f 8925 8943 8924
f 8926 8945 8944
f 8926 8944 8925
f 8927 8946 8945
f 8927 8945 8926
f 8928 8947 8946
f 8928 8946 8927
f 8929 8948 8947
f 8929 8947 8928
f 8930 8949 8948
f 8930 8948 8929
f 8931 8950 8949
f 8931 8949 8930
f 8932 8951 8950
f 8932 8950 8931
f 8933 8952 8951
f 8933 8951 8932
f 8934 8953 8952
f 8934 8952 8933
f 8935 8954 8953
f 8935 8953 8934
f 8936 8955 8954
f 8936 8954 8935
f 8937 8956 8955
f 8937 8955 8936
f 8938 8957 8956
f 8938 8956 8937
f 8939 8958 8957
f 8939 8957 8938
o cuisse_L
v 0.120000 1.050000 0.000000
v 0.060000 1.950000 0.000000
v 0.089655 1.050000 0.191591
v 0.032592 1.950000 0.173050
v 0.001591 1.050000 0.364427
v -0.046950 1.950000 0.329160
v -0.135573 1.050000 0.501591
v -0.170840 1.950000 0.453050
v -0.308409 1.050000 0.589655
v -0.326950 1.950000 0.532592
v -0.500000 1.050000 0.620000
v -0.500000 1.950000 0.560000
v -0.691591 1.050000 0.589655
v -0.673050 1.950000 0.532592
v -0.864427 1.050000 0.501591
v -0.829160 1.950000 0.453050
v -1.001591 1.050000 0.364427
v -0.953050 1.950000 0.329160
v -1.089655 1.050000 0.191591
v -1.032592 1.950000 0.173050
v -1.120000 1.050000 0.000000
v -1.060000 1.950000 0.000000
v -1.089655 1.050000 -0.191591
v -1.032592 1.950000 -0.173050
v -1.001591 1.050000 -0.364427
v -0.953050 1.950000 -0.329160
v -0.864427 1.050000 -0.501591
v -0.829160 1.950000 -0.453050
v -0.691591 1.050000 -0.589655
v -0.673050 1.950000 -0.532592
v -0.500000 1.050000 -0.620000
v -0.500000 1.950000 -0.560000
v -0.308409 1.050000 -0.589655
v -0.326950 1.950000 -0.532592
v -0.135573 1.050000 -0.501591
v -0.170840 1.950000 -0.453050
v 0.001591 1.050000 -0.364427
v -0.046950 1.950000 -0.329160
v 0.089655 1.050000 -0.191591
v 0.032592 1.950000 -0.173050
v 0.120000 1.050000 -0.000000
v 0.060000 1.950000 -0.000000
vn 0.985554 0.065704 0.156096
vn 0.985554 0.065704 0.156096
vn 0.931380 0.066427 0.357936
vn 0.963892 0.066427 0.257875
vn 0.775187 0.066427 0.628230
vn 0.837028 0.066427 0.543113
vn 0.543113 0.066427 0.837028
vn 0.628230 0.066427 0.775187
vn 0.257875 0.066427 0.963892
vn 0.357936 0.066427 0.931380
vn -0.052605 0.066427 0.996404
vn 0.052605 0.066427 0.996404
vn -0.357936 0.066427 0.931380
vn -0.257875 0.066427 0.963892
vn -0.628230 0.066427 0.775187
vn -0.543113 0.066427 0.837028
vn -0.837028 0.066427 0.543113
vn -0.775187 0.066427 0.628230
vn -0.963892 0.066427 0.257875
vn -0.931380 0.066427 0.357936
vn -0.996404 0.066427 -0.052605
vn -0.996404 0.066427 0.052605
vn -0.931380 0.066427 -0.357936
vn -0.963892 0.066427 -0.257875
vn -0.775187 0.066427 -0.628230
vn -0.837028 0.066427 -0.543113
vn -0.543113 0.066427 -0.837028
vn -0.628230 0.066427 -0.775187
vn -0.257875 0.066427 -0.963892
vn -0.357936 0.066427 -0.931380
vn 0.052605 0.066427 -0.996404
vn -0.052605 0.066427 -0.996404
vn 0.357936 0.066427 -0.931380
vn 0.257875 0.066427 -0.963892
vn 0.628230 0.066427 -0.775187
vn 0.543113 0.066427 -0.837028
vn 0.837028 0.066427 -0.543113
vn 0.775187 0.066427 -0.628230
vn 0.963892 0.066427 -0.257875
vn 0.931380 0.066427 -0.357936
vn 0.985554 0.065704 -0.156096
vn 0.985554 0.065704 -0.156096
usemtl steel
f 8959 8960 8962
f 8959 8962 8961
f 8961 8962 8964
f 8961 8964 8963
f 8963 8964 8966
f 8963 8966 8965
f 8965 8966 8968
f 8965 8968 8967
f 8967 8968 8970
f 8967 8970 8969
f 8969 8970 8972
f 8969 8972 8971
f 8971 8972 8974
f 8971 8974 8973
f 8973 8974 8976
f 8973 8976 8975
f 8975 8976 8978
f 8975 8978 8977
f 8977 8978 8980
f 8977 8980 8979
f 8979 8980 8982
f 8979 8982 8981
f 8981 8982 8984
f 8981 8984 8983
f 8983 8984 8986
f 8983 8986 8985
f 8985 8986 8988
f 8985 8988 8987
f 8987 8988 8990
f 8987 8990 8989
f 8989 8990 8992
f 8989 8992 8991
f 8991 8992 8994
f 8991 8994 8993
f 8993 8994 8996
f 8993 8996 8995
f 8995 8996 8998
f 8995 8998 8997
f 8997 8998 9000
f 8997 9000 8999
o poleyn_v2_L
v -0.060000 1.000000 0.550000
v -0.081535 0.864033 0.550000
v -0.144033 0.741374 0.550000
v -0.241374 0.644033 0.550000
v -0.364033 0.581535 0.550000
v -0.500000 0.560000 0.550000
v -0.635967 0.581535 0.550000
v -0.758626 0.644033 0.550000
v -0.855967 0.741374 0.550000
v -0.918465 0.864033 0.550000
v -0.940000 1.000000 0.550000
v -0.918465 1.135967 0.550000
v -0.855967 1.258626 0.550000
v -0.758626 1.355967 0.550000
v -0.635967 1.418465 0.550000
v -0.500000 1.440000 0.550000
v -0.364033 1.418465 0.550000
v -0.241374 1.355967 0.550000
v -0.144033 1.258626 0.550000
v -0.081535 1.135967 0.550000
v -0.060000 1.000000 0.550000
v -0.063764 1.000000 0.596989
v -0.085115 0.865196 0.596989
v -0.147078 0.743587 0.596989
v -0.243587 0.647078 0.596989
v -0.365196 0.585115 0.596989
v -0.500000 0.563764 0.596989
v -0.634804 0.585115 0.596989
v -0.756413 0.647078 0.596989
v -0.852922 0.743587 0.596989
v -0.914885 0.865196 0.596989
v -0.936236 1.000000 0.596989
v -0.914885 1.134804 0.596989
v -0.852922 1.256413 0.596989
v -0.756413 1.352922 0.596989
v -0.634804 1.414885 0.596989
v -0.500000 1.436236 0.596989
v -0.365196 1.414885 0.596989
v -0.243587 1.352922 0.596989
v -0.147078 1.256413 0.596989
v -0.085115 1.134804 0.596989
v -0.063764 1.000000 0.596989
v -0.074993 1.000000 0.643175
v -0.095794 0.868666 0.643175
v -0.156162 0.750187 0.643175
v -0.250187 0.656162 0.643175
v -0.368666 0.595794 0.643175
v -0.500000 0.574993 0.643175
v -0.631334 0.595794 0.643175
v -0.749813 0.656162 0.643175
v -0.843838 0.750187 0.643175
v -0.904206 0.868666 0.643175
v -0.925007 1.000000 0.643175
v -0.904206 1.131334 0.643175
v -0.843838 1.249813 0.643175
v -0.749813 1.343838 0.643175
v -0.631334 1.404206 0.643175
v -0.500000 1.425007 0.643175
v -0.368666 1.404206 0.643175
v -0.250187 1.343838 0.643175
v -0.156162 1.249813 0.643175
v -0.095794 1.131334 0.643175
v -0.074993 1.000000 0.643175
v -0.093493 1.000000 0.687766
v -0.113389 0.874382 0.687766
v -0.171129 0.761061 0.687766
v -0.261061 0.671129 0.687766
v -0.374382 0.613389 0.687766
v -0.500000 0.593493 0.687766
v -0.625618 0.613389 0.687766
v -0.738939 0.671129 0.687766
v -0.828871 0.761061 0.687766
v -0.886611 0.874382 0.687766
v -0.906507 1.000000 0.687766
v -0.886611 1.125618 0.687766
v -0.828871 1.238939 0.687766
v -0.738939 1.328871 0.687766
v -0.625618 1.386611 0.687766
v -0.500000 1.406507 0.687766
v -0.374382 1.386611 0.687766
v -0.261061 1.328871 0.687766
v -0.171129 1.238939 0.687766
v -0.113389 1.125618 0.687766
v -0.093493 1.000000 0.687766
v -0.118949 1.000000 0.730000
v -0.137599 0.882249 0.730000
v -0.191723 0.776024 0.730000
v -0.276024 0.691723 0.730000
v -0.382249 0.637599 0.730000
v -0.500000 0.618949 0.730000
v -0.617751 0.637599 0.730000
v -0.723976 0.691723 0.730000
v -0.808277 0.776024 0.730000
v -0.862401 0.882249 0.730000
v -0.881051 1.000000 0.730000
v -0.862401 1.117751 0.730000
v -0.808277 1.223976 0.730000
v -0.723976 1.308277 0.730000
v -0.617751 1.362401 0.730000
v -0.500000 1.381051 0.730000
v -0.382249 1.362401 0.730000
v -0.276024 1.308277 0.730000
v -0.191723 1.223976 0.730000
v -0.137599 1.117751 0.730000
v -0.118949 1.000000 0.730000
v -0.150925 1.000000 0.769154
v -0.168009 0.892130 0.769154
v -0.217592 0.794819 0.769154
v -0.294819 0.717592 0.769154
v -0.392130 0.668009 0.769154
v -0.500000 0.650925 0.769154
v -0.607870 0.668009 0.769154
v -0.705181 0.717592 0.769154
v -0.782408 0.794819 0.769154
v -0.831991 0.892130 0.769154
v -0.849075 1.000000 0.769154
v -0.831991 1.107870 0.769154
v -0.782408 1.205181 0.769154
v -0.705181 1.282408 0.769154
v -0.607870 1.331991 0.769154
v -0.500000 1.349075 0.769154
v -0.392130 1.331991 0.769154
v -0.294819 1.282408 0.769154
v -0.217592 1.205181 0.769154
v -0.168009 1.107870 0.769154
v -0.150925 1.000000 0.769154
v -0.188873 1.000000 0.804558
v -0.204101 0.903856 0.804558
v -0.248293 0.817124 0.804558
v -0.317124 0.748293 0.804558
v -0.403856 0.704101 0.804558
v -0.500000 0.688873 0.804558
v -0.596144 0.704101 0.804558
v -0.682876 0.748293 0.804558
v -0.751707 0.817124 0.804558
v -0.795899 0.903856 0.804558
v -0.811127 1.000000 0.804558
v -0.795899 1.096144 0.804558
v -0.751707 1.182876 0.804558
v -0.682876 1.251707 0.804558
v -0.596144 1.295899 0.804558
v -0.500000 1.311127 0.804558
v -0.403856 1.295899 0.804558
v -0.317124 1.251707 0.804558
v -0.248293 1.182876 0.804558
v -0.204101 1.096144 0.804558
v -0.188873 1.000000 0.804558
v -0.232145 1.000000 0.835607
v -0.245255 0.917228 0.835607
v -0.283301 0.842559 0.835607
v -0.342559 0.783301 0.835607
v -0.417228 0.745255 0.835607
v -0.500000 0.732145 0.835607
v -0.582772 0.745255 0.835607
v -0.657441 0.783301 0.835607
v -0.716699 0.842559 0.835607
v -0.754745 0.917228 0.835607
v -0.767855 1.000000 0.835607
v -0.754745 1.082772 0.835607
v -0.716699 1.157441 0.835607
v -0.657441 1.216699 0.835607
v -0.582772 1.254745 0.835607
v -0.500000 1.267855 0.835607
v -0.417228 1.254745 0.835607
v -0.342559 1.216699 0.835607
v -0.283301 1.157441 0.835607
v -0.245255 1.082772 0.835607
v -0.232145 1.000000 0.835607
v -0.280000 1.000000 0.861769
v -0.290768 0.932016 0.861769
v -0.322016 0.870687 0.861769
v -0.370687 0.822016 0.861769
v -0.432016 0.790768 0.861769
v -0.500000 0.780000 0.861769
v -0.567984 0.790768 0.861769
v -0.629313 0.822016 0.861769
v -0.677984 0.870687 0.861769
v -0.709232 0.932016 0.861769
v -0.720000 1.000000 0.861769
v -0.709232 1.067984 0.861769
v -0.677984 1.129313 0.861769
v -0.629313 1.177984 0.861769
v -0.567984 1.209232 0.861769
v -0.500000 1.220000 0.861769
v -0.432016 1.209232 0.861769
v -0.370687 1.177984 0.861769
v -0.322016 1.129313 0.861769
v -0.290768 1.067984 0.861769
v -0.280000 1.000000 0.861769
v -0.331619 1.000000 0.882597
v -0.339860 0.947967 0.882597
v -0.363777 0.901028 0.882597
v -0.401028 0.863777 0.882597
v -0.447967 0.839860 0.882597
v -0.500000 0.831619 0.882597
v -0.552033 0.839860 0.882597
v -0.598972 0.863777 0.882597
v -0.636223 0.901028 0.882597
v -0.660140 0.947967 0.882597
v -0.668381 1.000000 0.882597
v -0.660140 1.052033 0.882597
v -0.636223 1.098972 0.882597
v -0.598972 1.136223 0.882597
v -0.552033 1.160140 0.882597
v -0.500000 1.168381 0.882597
v -0.447967 1.160140 0.882597
v -0.401028 1.136223 0.882597
v -0.363777 1.098972 0.882597
v -0.339860 1.052033 0.882597
v -0.331619 1.000000 0.882597
v -0.386120 1.000000 0.897733
v -0.391693 0.964809 0.897733
v -0.407869 0.933063 0.897733
v -0.433063 0.907869 0.897733
v -0.464809 0.891693 0.897733
v -0.500000 0.886120 0.897733
v -0.535191 0.891693 0.897733
v -0.566937 0.907869 0.897733
v -0.592131 0.933063 0.897733
v -0.608307 0.964809 0.897733
v -0.613880 1.000000 0.897733
v -0.608307 1.035191 0.897733
v -0.592131 1.066937 0.897733
v -0.566937 1.092131 0.897733
v -0.535191 1.108307 0.897733
v -0.500000 1.113880 0.897733
v -0.464809 1.108307 0.897733
v -0.433063 1.092131 0.897733
v -0.407869 1.066937 0.897733
v -0.391693 1.035191 0.897733
v -0.386120 1.000000 0.897733
v -0.442568 1.000000 0.906920
v -0.445379 0.982253 0.906920
v -0.453537 0.966243 0.906920
v -0.466243 0.953537 0.906920
v -0.482253 0.945379 0.906920
v -0.500000 0.942568 0.906920
v -0.517747 0.945379 0.906920
v -0.533757 0.953537 0.906920
v -0.546463 0.966243 0.906920
v -0.554621 0.982253 0.906920
v -0.557432 1.000000 0.906920
v -0.554621 1.017747 0.906920
v -0.546463 1.033757 0.906920
v -0.533757 1.046463 0.906920
v -0.517747 1.054621 0.906920
v -0.500000 1.057432 0.906920
v -0.482253 1.054621 0.906920
v -0.466243 1.046463 0.906920
v -0.453537 1.033757 0.906920
v -0.445379 1.017747 0.906920
v -0.442568 1.000000 0.906920
v -0.496480 1.000000 0.910000
v -0.496652 0.998912 0.910000
v -0.497152 0.997931 0.910000
v -0.497931 0.997152 0.910000
v -0.498912 0.996652 0.910000
v -0.500000 0.996480 0.910000
v -0.501088 0.996652 0.910000
v -0.502069 0.997152 0.910000
v -0.502848 0.997931 0.910000
v -0.503348 0.998912 0.910000
v -0.503520 1.000000 0.910000
v -0.503348 1.001088 0.910000
v -0.502848 1.002069 0.910000
v -0.502069 1.002848 0.910000
v -0.501088 1.003348 0.910000
v -0.500000 1.003520 0.910000
v -0.498912 1.003348 0.910000
v -0.497931 1.002848 0.910000
v -0.497152 1.002069 0.910000
v -0.496652 1.001088 0.910000
v -0.496480 1.000000 0.910000
vn 0.984611 -0.155947 0.078876
vn 0.930469 -0.357586 0.079743
vn 0.774429 -0.627615 0.079743
vn 0.542582 -0.836209 0.079743
vn 0.257623 -0.962949 0.079743
vn -0.052553 -0.995429 0.079743
vn -0.357586 -0.930469 0.079743
vn -0.627615 -0.774429 0.079743
vn -0.836209 -0.542582 0.079743
vn -0.962949 -0.257623 0.079743
vn -0.995429 0.052553 0.079743
vn -0.930469 0.357586 0.079743
vn -0.774429 0.627615 0.079743
vn -0.542582 0.836209 0.079743
vn -0.257623 0.962949 0.079743
vn 0.052553 0.995429 0.079743
vn 0.357586 0.930469 0.079743
vn 0.627615 0.774429 0.079743
vn 0.836209 0.542582 0.079743
vn 0.962949 0.257623 0.079743
vn 0.984611 0.155947 0.078876
vn 0.971111 -0.153809 0.182446
vn 0.939225 -0.304490 0.158565
vn 0.799163 -0.579824 0.158565
vn 0.580874 -0.798400 0.158565
vn 0.305725 -0.938823 0.158565
vn 0.000649 -0.987348 0.158565
vn -0.304490 -0.939225 0.158565
vn -0.579824 -0.799163 0.158565
vn -0.798400 -0.580874 0.158565
vn -0.938823 -0.305725 0.158565
vn -0.987348 -0.000649 0.158565
vn -0.939225 0.304490 0.158565
vn -0.799163 0.579824 0.158565
vn -0.580874 0.798400 0.158565
vn -0.305725 0.938823 0.158565
vn -0.000649 0.987348 0.158565
vn 0.304490 0.939225 0.158565
vn 0.579824 0.799163 0.158565
vn 0.798400 0.580874 0.158565
vn 0.938823 0.305725 0.158565
vn 0.979207 0.155091 0.130769
vn 0.931847 -0.147590 0.331479
vn 0.904372 -0.292540 0.310696
vn 0.769709 -0.557689 0.310696
vn 0.559701 -0.768247 0.310696
vn 0.294906 -0.903603 0.310696
vn 0.001244 -0.950509 0.310696
vn -0.292540 -0.904372 0.310696
vn -0.557689 -0.769709 0.310696
vn -0.768247 -0.559701 0.310696
vn -0.903603 -0.294906 0.310696
vn -0.950509 -0.001244 0.310696
vn -0.904372 0.292540 0.310696
vn -0.769709 0.557689 0.310696
vn -0.559701 0.768247 0.310696
vn -0.294906 0.903603 0.310696
vn -0.001244 0.950509 0.310696
vn 0.292540 0.904372 0.310696
vn 0.557689 0.769709 0.310696
vn 0.768247 0.559701 0.310696
vn 0.903603 0.294906 0.310696
vn 0.947374 0.150049 0.282787
vn 0.872558 -0.138200 0.468554
vn 0.849370 -0.274143 0.451018
vn 0.723084 -0.523195 0.451018
vn 0.526017 -0.721033 0.451018
vn 0.277461 -0.848292 0.451018
vn 0.001744 -0.892513 0.451018
vn -0.274143 -0.849370 0.451018
vn -0.523195 -0.723084 0.451018
vn -0.721033 -0.526017 0.451018
vn -0.848292 -0.277461 0.451018
vn -0.892513 -0.001744 0.451018
vn -0.849370 0.274143 0.451018
vn -0.723084 0.523195 0.451018
vn -0.526017 0.721033 0.451018
vn -0.277461 0.848292 0.451018
vn -0.001744 0.892513 0.451018
vn 0.274143 0.849370 0.451018
vn 0.523195 0.723084 0.451018
vn 0.721033 0.526017 0.451018
vn 0.848292 0.277461 0.451018
vn 0.894360 0.141653 0.424330
vn 0.797189 -0.126262 0.590379
vn 0.778178 -0.250603 0.575880
vn 0.662650 -0.478808 0.575880
vn 0.482258 -0.660143 0.575880
vn 0.254659 -0.776860 0.575880
vn 0.002133 -0.817532 0.575880
vn -0.250603 -0.778178 0.575880
vn -0.478808 -0.662650 0.575880
vn -0.660143 -0.482258 0.575880
vn -0.776860 -0.254659 0.575880
vn -0.817532 -0.002133 0.575880
vn -0.778178 0.250603 0.575880
vn -0.662650 0.478808 0.575880
vn -0.482258 0.660143 0.575880
vn -0.254659 0.776860 0.575880
vn -0.002133 0.817532 0.575880
vn 0.250603 0.778178 0.575880
vn 0.478808 0.662650 0.575880
vn 0.660143 0.482258 0.575880
vn 0.776860 0.254659 0.575880
vn 0.823887 0.130491 0.551528
vn 0.709846 -0.112429 0.695326
vn 0.694998 -0.223283 0.683464
vn 0.591984 -0.427121 0.683464
vn 0.431023 -0.589149 0.683464
vn 0.227870 -0.693507 0.683464
vn 0.002412 -0.729980 0.683464
vn -0.223283 -0.694998 0.683464
vn -0.427121 -0.591984 0.683464
vn -0.589149 -0.431023 0.683464
vn -0.693507 -0.227870 0.683464
vn -0.729980 -0.002412 0.683464
vn -0.694998 0.223283 0.683464
vn -0.591984 0.427121 0.683464
vn -0.431023 0.589149 0.683464
vn -0.227870 0.693507 0.683464
vn -0.002412 0.729980 0.683464
vn 0.223283 0.694998 0.683464
vn 0.427121 0.591984 0.683464
vn 0.589149 0.431023 0.683464
vn 0.693507 0.227870 0.683464
vn 0.740089 0.117219 0.662214
vn 0.614211 -0.097281 0.783123
vn 0.603620 -0.193397 0.773460
vn 0.514314 -0.370460 0.773460
vn 0.374663 -0.511260 0.773460
vn 0.198338 -0.602014 0.773460
vn 0.002598 -0.633840 0.773460
vn -0.193397 -0.603620 0.773460
vn -0.370460 -0.514314 0.773460
vn -0.511260 -0.374663 0.773460
vn -0.602014 -0.198338 0.773460
vn -0.633840 -0.002598 0.773460
vn -0.603620 0.193397 0.773460
vn -0.514314 0.370460 0.773460
vn -0.374663 0.511260 0.773460
vn -0.198338 0.602014 0.773460
vn -0.002598 0.633840 0.773460
vn 0.193397 0.603620 0.773460
vn 0.370460 0.514314 0.773460
vn 0.511260 0.374663 0.773460
vn 0.602014 0.198338 0.773460
vn 0.646842 0.102450 0.755711
vn 0.513236 -0.081289 0.854389
vn 0.507075 -0.161906 0.846559
vn 0.432225 -0.310677 0.846559
vn 0.315066 -0.429036 0.846559
vn 0.167066 -0.505398 0.846559
vn 0.002713 -0.532289 0.846559
vn -0.161906 -0.507075 0.846559
vn -0.310677 -0.432225 0.846559
vn -0.429036 -0.315066 0.846559
vn -0.505398 -0.167066 0.846559
vn -0.532289 -0.002713 0.846559
vn -0.507075 0.161906 0.846559
vn -0.432225 0.310677 0.846559
vn -0.315066 0.429036 0.846559
vn -0.167066 0.505398 0.846559
vn -0.002713 0.532289 0.846559
vn 0.161906 0.507075 0.846559
vn 0.310677 0.432225 0.846559
vn 0.429036 0.315066 0.846559
vn 0.505398 0.167066 0.846559
vn 0.547360 0.086693 0.832395
vn 0.409078 -0.064792 0.910196
vn 0.407557 -0.129503 0.903950
vn 0.347591 -0.249107 0.903950
vn 0.253601 -0.344326 0.903950
vn 0.134786 -0.405841 0.903950
vn 0.002777 -0.427628 0.903950
vn -0.129503 -0.407557 0.903950
vn -0.249107 -0.347591 0.903950
vn -0.344326 -0.253601 0.903950
vn -0.405841 -0.134786 0.903950
vn -0.427628 -0.002777 0.903950
vn -0.407557 0.129503 0.903950
vn -0.347591 0.249107 0.903950
vn -0.253601 0.344326 0.903950
vn -0.134786 0.405841 0.903950
vn -0.002777 0.427628 0.903950
vn 0.129503 0.407557 0.903950
vn 0.249107 0.347591 0.903950
vn 0.344326 0.253601 0.903950
vn 0.405841 0.134786 0.903950
vn 0.444063 0.070333 0.893231
vn 0.303185 -0.048020 0.951721
vn 0.306514 -0.096637 0.946948
vn 0.261649 -0.186626 0.946948
vn 0.191173 -0.258346 0.946948
vn 0.101983 -0.304777 0.946948
vn 0.002810 -0.321375 0.946948
vn -0.096637 -0.306514 0.946948
vn -0.186626 -0.261649 0.946948
vn -0.258346 -0.191173 0.946948
vn -0.304777 -0.101983 0.946948
vn -0.321375 -0.002810 0.946948
vn -0.306514 0.096637 0.946948
vn -0.261649 0.186626 0.946948
vn -0.191173 0.258346 0.946948
vn -0.101983 0.304777 0.946948
vn -0.002810 0.321375 0.946948
vn 0.096637 0.306514 0.946948
vn 0.186626 0.261649 0.946948
vn 0.258346 0.191173 0.946948
vn 0.304777 0.101983 0.946948
vn 0.338620 0.053632 0.939393
vn 0.196444 -0.031114 0.980021
vn 0.204803 -0.063574 0.976736
vn 0.175134 -0.123751 0.976736
vn 0.128321 -0.171813 0.976736
vn 0.068948 -0.203057 0.976736
vn 0.002825 -0.214425 0.976736
vn -0.063574 -0.204803 0.976736
vn -0.123751 -0.175134 0.976736
vn -0.171813 -0.128321 0.976736
vn -0.203057 -0.068948 0.976736
vn -0.214425 -0.002825 0.976736
vn -0.204803 0.063574 0.976736
vn -0.175134 0.123751 0.976736
vn -0.128321 0.171813 0.976736
vn -0.068948 0.203057 0.976736
vn -0.002825 0.214425 0.976736
vn 0.063574 0.204803 0.976736
vn 0.123751 0.175134 0.976736
vn 0.171813 0.128321 0.976736
vn 0.203057 0.068948 0.976736
vn 0.232087 0.036759 0.972000
vn 0.091662 -0.014518 0.995684
vn 0.104487 -0.031071 0.994041
vn 0.089771 -0.061839 0.994041
vn 0.066268 -0.086553 0.994041
vn 0.036279 -0.102795 0.994041
vn 0.002738 -0.108974 0.994041
vn -0.031071 -0.104487 0.994041
vn -0.061839 -0.089771 0.994041
vn -0.086553 -0.066268 0.994041
vn -0.102795 -0.036279 0.994041
vn -0.108974 -0.002738 0.994041
vn -0.104487 0.031071 0.994041
vn -0.089771 0.061839 0.994041
vn -0.066268 0.086553 0.994041
vn -0.036279 0.102795 0.994041
vn -0.002738 0.108974 0.994041
vn 0.031071 0.104487 0.994041
vn 0.061839 0.089771 0.994041
vn 0.086553 0.066268 0.994041
vn 0.102795 0.036279 0.994041
vn 0.126221 0.019991 0.991801
vn 0.057033 -0.009033 0.998331
vn 0.055174 -0.014761 0.998368
vn 0.047912 -0.031088 0.998368
vn 0.035960 -0.044372 0.998368
vn 0.020488 -0.053313 0.998368
vn 0.003011 -0.057035 0.998368
vn -0.014761 -0.055174 0.998368
vn -0.031088 -0.047912 0.998368
vn -0.044372 -0.035960 0.998368
vn -0.053313 -0.020488 0.998368
vn -0.057035 -0.003011 0.998368
vn -0.055174 0.014761 0.998368
vn -0.047912 0.031088 0.998368
vn -0.035960 0.044372 0.998368
vn -0.020488 0.053313 0.998368
vn -0.003011 0.057035 0.998368
vn 0.014761 0.055174 0.998368
vn 0.031088 0.047912 0.998368
vn 0.044372 0.035960 0.998368
vn 0.053313 0.020488 0.998368
vn 0.057033 0.009033 0.998331
usemtl steel
f 9001 9022 9023
f 9001 9023 9002
f 9002 9023 9024
f 9002 9024 9003
f 9003 9024 9025
f 9003 9025 9004
f 9004 9025 9026
f 9004 9026 9005
f 9005 9026 9027
f 9005 9027 9006
f 9006 9027 9028
f 9006 9028 9007
f 9007 9028 9029
f 9007 9029 9008
f 9008 9029 9030
f 9008 9030 9009
f 9009 9030 9031
f 9009 9031 9010
f 9010 9031 9032
f 9010 9032 9011
f 9011 9032 9033
f 9011 9033 9012
f 9012 9033 9034
f 9012 9034 9013
f 9013 9034 9035
f 9013 9035 9014
f 9014 9035 9036
f 9014 9036 9015
f 9015 9036 9037
f 9015 9037 9016
f 9016 9037 9038
f 9016 9038 9017
f 9017 9038 9039
f 9017 9039 9018
f 9018 9039 9040
f 9018 9040 9019
f 9019 9040 9041
f 9019 9041 9020
f 9020 9041 9042
f 9020 9042 9021
f 9022 9043 9044
f 9022 9044 9023
f 9023 9044 9045
f 9023 9045 9024
f 9024 9045 9046
f 9024 9046 9025
f 9025 9046 9047
f 9025 9047 9026
f 9026 9047 9048
f 9026 9048 9027
f 9027 9048 9049
f 9027 9049 9028
f 9028 9049 9050
f 9028 9050 9029
f 9029 9050 9051
f 9029 9051 9030
f 9030 9051 9052
f 9030 9052 9031
f 9031 9052 9053
f 9031 9053 9032
f 9032 9053 9054
f 9032 9054 9033
f 9033 9054 9055
f 9033 9055 9034
f 9034 9055 9056
f 9034 9056 9035
f 9035 9056 9057
f 9035 9057 9036
f 9036 9057 9058
f 9036 9058 9037
f 9037 9058 9059
f 9037 9059 9038
f 9038 9059 9060
f 9038 9060 9039
f 9039 9060 9061
f 9039 9061 9040
f 9040 9061 9062
f 9040 9062 9041
f 9041 9062 9063
f 9041 9063 9042
f 9043 9064 9065
f 9043 9065 9044
f 9044 9065 9066
f 9044 9066 9045
f 9045 9066 9067
f 9045 9067 9046
f 9046 9067 9068
f 9046 9068 9047
f 9047 9068 9069
f 9047 9069 9048
f 9048 9069 9070
f 9048 9070 9049
f 9049 9070 9071
f 9049 9071 9050
f 9050 9071 9072
f 9050 9072 9051
f 9051 9072 9073
f 9051 9073 9052
f 9052 9073 9074
f 9052 9074 9053
f 9053 9074 9075
f 9053 9075 9054
f 9054 9075 9076
f 9054 9076 9055
f 9055 9076 9077
f 9055 9077 9056
f 9056 9077 9078
f 9056 9078 9057
f 9057 9078 9079
f 9057 9079 9058
f 9058 9079 9080
f 9058 9080 9059
f 9059 9080 9081
f 9059 9081 9060
f 9060 9081 9082
f 9060 9082 9061
f 9061 9082 9083
f 9061 9083 9062
f 9062 9083 9084
f 9062 9084 9063
f 9064 9085 9086
f 9064 9086 9065
f 9065 9086 9087
f 9065 9087 9066
f 9066 9087 9088
f 9066 9088 9067
f 9067 9088 9089
f 9067 9089 9068
f 9068 9089 9090
f 9068 9090 9069
f 9069 9090 9091
f 9069 9091 9070
f 9070 9091 9092
f 9070 9092 9071
f 9071 9092 9093
f 9071 9093 9072
f 9072 9093 9094
f 9072 9094 9073
f 9073 9094 9095
f 9073 9095 9074
f 9074 9095 9096
f 9074 9096 9075
f 9075 9096 9097
f 9075 9097 9076
f 9076 9097 9098
f 9076 9098 9077
f 9077 9098 9099
f 9077 9099 9078
f 9078 9099 9100
f 9078 9100 9079
f 9079 9100 9101
f 9079 9101 9080
f 9080 9101 9102
f 9080 9102 9081
f 9081 9102 9103
f 9081 9103 9082
f 9082 9103 9104
f 9082 9104 9083
f 9083 9104 9105
f 9083 9105 9084
f 9085 9106 9107
f 9085 9107 9086
f 9086 9107 9108
f 9086 9108 9087
f 9087 9108 9109
f 9087 9109 9088
f 9088 9109 9110
f 9088 9110 9089
f 9089 9110 9111
f 9089 9111 9090
f 9090 9111 9112
f 9090 9112 9091
f 9091 9112 9113
f 9091 9113 9092
f 9092 9113 9114
f 9092 9114 9093
f 9093 9114 9115
f 9093 9115 9094
f 9094 9115 9116
f 9094 9116 9095
f 9095 9116 9117
f 9095 9117 9096
f 9096 9117 9118
f 9096 9118 9097
f 9097 9118 9119
f 9097 9119 9098
f 9098 9119 9120
f 9098 9120 9099
f 9099 9120 9121
f 9099 9121 9100
f 9100 9121 9122
f 9100 9122 9101
f 9101 9122 9123
f 9101 9123 9102
f 9102 9123 9124
f 9102 9124 9103
f 9103 9124 9125
f 9103 9125 9104
f 9104 9125 9126
f 9104 9126 9105
f 9106 9127 9128
f 9106 9128 9107
f 9107 9128 9129
f 9107 9129 9108
f 9108 9129 9130
f 9108 9130 9109
f 9109 9130 9131
f 9109 9131 9110
f 9110 9131 9132
f 9110 9132 9111
f 9111 9132 9133
f 9111 9133 9112
f 9112 9133 9134
f 9112 9134 9113
f 9113 9134 9135
f 9113 9135 9114
f 9114 9135 9136
f 9114 9136 9115
f 9115 9136 9137
f 9115 9137 9116
f 9116 9137 9138
f 9116 9138 9117
f 9117 9138 9139
f 9117 9139 9118
f 9118 9139 9140
f 9118 9140 9119
f 9119 9140 9141
f 9119 9141 9120
f 9120 9141 9142
f 9120 9142 9121
f 9121 9142 9143
f 9121 9143 9122
f 9122 9143 9144
f 9122 9144 9123
f 9123 9144 9145
f 9123 9145 9124
f 9124 9145 9146
f 9124 9146 9125
f 9125 9146 9147
f 9125 9147 9126
f 9127 9148 9149
f 9127 9149 9128
f 9128 9149 9150
f 9128 9150 9129
f 9129 9150 9151
f 9129 9151 9130
f 9130 9151 9152
f 9130 9152 9131
f 9131 9152 9153
f 9131 9153 9132
f 9132 9153 9154
f 9132 9154 9133
f 9133 9154 9155
f 9133 9155 9134
f 9134 9155 9156
f 9134 9156 9135
f 9135 9156 9157
f 9135 9157 9136
f 9136 9157 9158
f 9136 9158 9137
f 9137 9158 9159
f 9137 9159 9138
f 9138 9159 9160
f 9138 9160 9139
f 9139 9160 9161
f 9139 9161 9140
f 9140 9161 9162
f 9140 9162 9141
f 9141 9162 9163
f 9141 9163 9142
f 9142 9163 9164
f 9142 9164 9143
f 9143 9164 9165
f 9143 9165 9144
f 9144 9165 9166
f 9144 9166 9145
f 9145 9166 9167
f 9145 9167 9146
f 9146 9167 9168
f 9146 9168 9147
f 9148 9169 9170
f 9148 9170 9149
f 9149 9170 9171
f 9149 9171 9150
f 9150 9171 9172
f 9150 9172 9151
f 9151 9172 9173
f 9151 9173 9152
f 9152 9173 9174
f 9152 9174 9153
f 9153 9174 9175
f 9153 9175 9154
f 9154 9175 9176
f 9154 9176 9155
f 9155 9176 9177
f 9155 9177 9156
f 9156 9177 9178
f 9156 9178 9157
f 9157 9178 9179
f 9157 9179 9158
f 9158 9179 9180
f 9158 9180 9159
f 9159 9180 9181
f 9159 9181 9160
f 9160 9181 9182
f 9160 9182 9161
f 9161 9182 9183
f 9161 9183 9162
f 9162 9183 9184
f 9162 9184 9163
f 9163 9184 9185
f 9163 9185 9164
f 9164 9185 9186
f 9164 9186 9165
f 9165 9186 9187
f 9165 9187 9166
f 9166 9187 9188
f 9166 9188 9167
f 9167 9188 9189
f 9167 9189 9168
f 9169 9190 9191
f 9169 9191 9170
f 9170 9191 9192
f 9170 9192 9171
f 9171 9192 9193
f 9171 9193 9172
f 9172 9193 9194
f 9172 9194 9173
f 9173 9194 9195
f 9173 9195 9174
f 9174 9195 9196
f 9174 9196 9175
f 9175 9196 9197
f 9175 9197 9176
f 9176 9197 9198
f 9176 9198 9177
f 9177 9198 9199
f 9177 9199 9178
f 9178 9199 9200
f 9178 9200 9179
f 9179 9200 9201
f 9179 9201 9180
f 9180 9201 9202
f 9180 9202 9181
f 9181 9202 9203
f 9181 9203 9182
f 9182 9203 9204
f 9182 9204 9183
f 9183 9204 9205
f 9183 9205 9184
f 9184 9205 9206
f 9184 9206 9185
f 9185 9206 9207
f 9185 9207 9186
f 9186 9207 9208
f 9186 9208 9187
f 9187 9208 9209
f 9187 9209 9188
f 9188 9209 9210
f 9188 9210 9189
f 9190 9211 9212
f 9190 9212 9191
f 9191 9212 9213
f 9191 9213 9192
f 9192 9213 9214
f 9192 9214 9193
f 9193 9214 9215
f 9193 9215 9194
f 9194 9215 9216
f 9194 9216 9195
f 9195 9216 9217
f 9195 9217 9196
f 9196 9217 9218
f 9196 9218 9197
f 9197 9218 9219
f 9197 9219 9198
f 9198 9219 9220
f 9198 9220 9199
f 9199 9220 9221
f 9199 9221 9200
f 9200 9221 9222
f 9200 9222 9201
f 9201 9222 9223
f 9201 9223 9202
f 9202 9223 9224
f 9202 9224 9203
f 9203 9224 9225
f 9203 9225 9204
f 9204 9225 9226
f 9204 9226 9205
f 9205 9226 9227
f 9205 9227 9206
f 9206 9227 9228
f 9206 9228 9207
f 9207 9228 9229
f 9207 9229 9208
f 9208 9229 9230
f 9208 9230 9209
f 9209 9230 9231
f 9209 9231 9210
f 9211 9232 9233
f 9211 9233 9212
f 9212 9233 9234
f 9212 9234 9213
f 9213 9234 9235
f 9213 9235 9214
f 9214 9235 9236
f 9214 9236 9215
f 9215 9236 9237
f 9215 9237 9216
f 9216 9237 9238
f 9216 9238 9217
f 9217 9238 9239
f 9217 9239 9218
f 9218 9239 9240
f 9218 9240 9219
f 9219 9240 9241
f 9219 9241 9220
f 9220 9241 9242
f 9220 9242 9221
f 9221 9242 9243
f 9221 9243 9222
f 9222 9243 9244
f 9222 9244 9223
f 9223 9244 9245
f 9223 9245 9224
f 9224 9245 9246
f 9224 9246 9225
f 9225 9246 9247
f 9225 9247 9226
f 9226 9247 9248
f 9226 9248 9227
f 9227 9248 9249
f 9227 9249 9228
f 9228 9249 9250
f 9228 9250 9229
f 9229 9250 9251
f 9229 9251 9230
f 9230 9251 9252
f 9230 9252 9231
f 9232 9253 9254
f 9232 9254 9233
f 9233 9254 9255
f 9233 9255 9234
f 9234 9255 9256
f 9234 9256 9235
f 9235 9256 9257
f 9235 9257 9236
f 9236 9257 9258
f 9236 9258 9237
f 9237 9258 9259
f 9237 9259 9238
f 9238 9259 9260
f 9238 9260 9239
f 9239 9260 9261
f 9239 9261 9240
f 9240 9261 9262
f 9240 9262 9241
f 9241 9262 9263
f 9241 9263 9242
f 9242 9263 9264
f 9242 9264 9243
f 9243 9264 9265
f 9243 9265 9244
f 9244 9265 9266
f 9244 9266 9245
f 9245 9266 9267
f 9245 9267 9246
f 9246 9267 9268
f 9246 9268 9247
f 9247 9268 9269
f 9247 9269 9248
f 9248 9269 9270
f 9248 9270 9249
f 9249 9270 9271
f 9249 9271 9250
f 9250 9271 9272
f 9250 9272 9251
f 9251 9272 9273
f 9251 9273 9252
o poleyn_v2_fan_L
v -0.940000 0.867574 -0.072426
v -0.940000 0.859120 -0.061800
v -0.940000 0.851791 -0.044552
v -0.940000 0.850000 -0.022500
v -0.940000 0.850000 -0.000000
v -0.940000 0.850000 0.022500
v -0.940000 0.851791 0.044552
v -0.940000 0.859120 0.061800
v -0.940000 0.867574 0.072426
v -0.940000 0.888933 -0.086180
v -0.940000 0.887500 -0.067500
v -0.940000 0.887500 -0.045000
v -0.940000 0.887500 -0.022500
v -0.940000 0.887500 -0.000000
v -0.940000 0.887500 0.022500
v -0.940000 0.887500 0.045000
v -0.940000 0.887500 0.067500
v -0.940000 0.888933 0.086180
v -0.940000 0.925000 -0.090000
v -0.940000 0.925000 -0.067500
v -0.940000 0.925000 -0.045000
v -0.940000 0.925000 -0.022500
v -0.940000 0.925000 -0.000000
v -0.940000 0.925000 0.022500
v -0.940000 0.925000 0.045000
v -0.940000 0.925000 0.067500
v -0.940000 0.925000 0.090000
v -0.940000 0.962500 -0.090000
v -0.940000 0.962500 -0.067500
v -0.940000 0.962500 -0.045000
v -0.940000 0.962500 -0.022500
v -0.940000 0.962500 -0.000000
v -0.940000 0.962500 0.022500
v -0.940000 0.962500 0.045000
v -0.940000 0.962500 0.067500
v -0.940000 0.962500 0.090000
v -0.940000 1.000000 -0.090000
v -0.940000 1.000000 -0.067500
v -0.940000 1.000000 -0.045000
v -0.940000 1.000000 -0.022500
v -0.940000 1.000000 -0.000000
v -0.940000 1.000000 0.022500
v -0.940000 1.000000 0.045000
v -0.940000 1.000000 0.067500
v -0.940000 1.000000 0.090000
v -0.940000 1.037500 -0.090000
v -0.940000 1.037500 -0.067500
v -0.940000 1.037500 -0.045000
v -0.940000 1.037500 -0.022500
v -0.940000 1.037500 -0.000000
v -0.940000 1.037500 0.022500
v -0.940000 1.037500 0.045000
v -0.940000 1.037500 0.067500
v -0.940000 1.037500 0.090000
v -0.940000 1.075000 -0.090000
v -0.940000 1.075000 -0.067500
v -0.940000 1.075000 -0.045000
v -0.940000 1.075000 -0.022500
v -0.940000 1.075000 -0.000000
v -0.940000 1.075000 0.022500
v -0.940000 1.075000 0.045000
v -0.940000 1.075000 0.067500
v -0.940000 1.075000 0.090000
v -0.940000 1.111067 -0.086180
v -0.940000 1.112500 -0.067500
v -0.940000 1.112500 -0.045000
v -0.940000 1.112500 -0.022500
v -0.940000 1.112500 -0.000000
v -0.940000 1.112500 0.022500
v -0.940000 1.112500 0.045000
v -0.940000 1.112500 0.067500
v -0.940000 1.111067 0.086180
v -0.940000 1.132426 -0.072426
v -0.940000 1.140880 -0.061800
v -0.940000 1.148209 -0.044552
v -0.940000 1.150000 -0.022500
v -0.940000 1.150000 -0.000000
v -0.940000 1.150000 0.022500
v -0.940000 1.148209 0.044552
v -0.940000 1.140880 0.061800
v -0.940000 1.132426 0.072426
v -0.900000 0.867574 -0.072426
v -0.900000 0.859120 -0.061800
v -0.900000 0.851791 -0.044552
v -0.900000 0.850000 -0.022500
v -0.900000 0.850000 -0.000000
v -0.900000 0.850000 0.022500
v -0.900000 0.851791 0.044552
v -0.900000 0.859120 0.061800
v -0.900000 0.867574 0.072426
v -0.900000 0.888933 -0.086180
v -0.900000 0.887500 -0.067500
v -0.900000 0.887500 -0.045000
v -0.900000 0.887500 -0.022500
v -0.900000 0.887500 -0.000000
v -0.900000 0.887500 0.022500
v -0.900000 0.887500 0.045000
v -0.900000 0.887500 0.067500
v -0.900000 0.888933 0.086180
v -0.900000 0.925000 -0.090000
v -0.900000 0.925000 -0.067500
v -0.900000 0.925000 -0.045000
v -0.900000 0.925000 -0.022500
v -0.900000 0.925000 -0.000000
v -0.900000 0.925000 0.022500
v -0.900000 0.925000 0.045000
v -0.900000 0.925000 0.067500
v -0.900000 0.925000 0.090000
v -0.900000 0.962500 -0.090000
v -0.900000 0.962500 -0.067500
v -0.900000 0.962500 -0.045000
v -0.900000 0.962500 -0.022500
v -0.900000 0.962500 -0.000000
v -0.900000 0.962500 0.022500
v -0.900000 0.962500 0.045000
v -0.900000 0.962500 0.067500
v -0.900000 0.962500 0.090000
v -0.900000 1.000000 -0.090000
v -0.900000 1.000000 -0.067500
v -0.900000 1.000000 -0.045000
v -0.900000 1.000000 -0.022500
v -0.900000 1.000000 -0.000000
v -0.900000 1.000000 0.022500
v -0.900000 1.000000 0.045000
v -0.900000 1.000000 0.067500
v -0.900000 1.000000 0.090000
v -0.900000 1.037500 -0.090000
v -0.900000 1.037500 -0.067500
v -0.900000 1.037500 -0.045000
v -0.900000 1.037500 -0.022500
v -0.900000 1.037500 -0.000000
v -0.900000 1.037500 0.022500
v -0.900000 1.037500 0.045000
v -0.900000 1.037500 0.067500
v -0.900000 1.037500 0.090000
v -0.900000 1.075000 -0.090000
v -0.900000 1.075000 -0.067500
v -0.900000 1.075000 -0.045000
v -0.900000 1.075000 -0.022500
v -0.900000 1.075000 -0.000000
v -0.900000 1.075000 0.022500
v -0.900000 1.075000 0.045000
v -0.900000 1.075000 0.067500
v -0.900000 1.075000 0.090000
v -0.900000 1.111067 -0.086180
v -0.900000 1.112500 -0.067500
v -0.900000 1.112500 -0.045000
v -0.900000 1.112500 -0.022500
v -0.900000 1.112500 -0.000000
v -0.900000 1.112500 0.022500
v -0.900000 1.112500 0.045000
v -0.900000 1.112500 0.067500
v -0.900000 1.111067 0.086180
v -0.900000 1.132426 -0.072426
v -0.900000 1.140880 -0.061800
v -0.900000 1.148209 -0.044552
v -0.900000 1.150000 -0.022500
v -0.900000 1.150000 -0.000000
v -0.900000 1.150000 0.022500
v -0.900000 1.148209 0.044552
v -0.900000 1.140880 0.061800
v -0.900000 1.132426 0.072426
vn -0.452021 -0.598460 -0.661454
vn -0.709975 -0.620827 -0.332430
vn -0.711148 -0.690713 -0.131090
vn -0.707365 -0.706591 -0.019092
vn -0.707107 -0.707107 0.000000
vn -0.707365 -0.705816 0.038184
vn -0.711148 -0.672613 0.204597
vn -0.709975 -0.588219 0.387213
vn -0.319627 -0.596217 0.736453
vn -0.715657 -0.179402 -0.675019
vn -1.000000 0.000000 0.000000
vn -1.000000 0.000000 0.000000
vn -1.000000 0.000000 0.000000
vn -1.000000 0.000000 0.000000
vn -1.000000 0.000000 0.000000
vn -1.000000 0.000000 0.000000
vn -1.000000 0.000000 0.000000
vn -0.715657 -0.179402 0.675019
vn -0.707544 -0.024842 -0.706232
vn -1.000000 0.000000 0.000000
vn -1.000000 0.000000 0.000000
vn -1.000000 0.000000 0.000000
vn -1.000000 0.000000 0.000000
vn -1.000000 0.000000 0.000000
vn -1.000000 0.000000 0.000000
vn -1.000000 0.000000 0.000000
vn -0.707544 -0.024842 0.706232
vn -0.707107 0.000000 -0.707107
vn -1.000000 0.000000 0.000000
vn -1.000000 0.000000 0.000000
vn -1.000000 0.000000 0.000000
vn -1.000000 0.000000 0.000000
vn -1.000000 0.000000 0.000000
vn -1.000000 0.000000 0.000000
vn -1.000000 0.000000 0.000000
vn -0.707107 0.000000 0.707107
vn -0.707107 0.000000 -0.707107
vn -1.000000 0.000000 0.000000
vn -1.000000 0.000000 0.000000
vn -1.000000 0.000000 0.000000
vn -1.000000 0.000000 0.000000
vn -1.000000 0.000000 0.000000
vn -1.000000 0.000000 0.000000
vn -1.000000 0.000000 0.000000
vn -0.707107 0.000000 0.707107
vn -0.707107 0.000000 -0.707107
vn -1.000000 0.000000 0.000000
vn -1.000000 0.000000 0.000000
vn -1.000000 0.000000 0.000000
vn -1.000000 0.000000 0.000000
vn -1.000000 0.000000 0.000000
vn -1.000000 0.000000 0.000000
vn -1.000000 0.000000 0.000000
vn -0.707107 0.000000 0.707107
vn -0.707544 0.049684 -0.704920
vn -1.000000 0.000000 0.000000
vn -1.000000 0.000000 0.000000
vn -1.000000 0.000000 0.000000
vn -1.000000 0.000000 0.000000
vn -1.000000 0.000000 0.000000
vn -1.000000 0.000000 0.000000
vn -1.000000 0.000000 0.000000
vn -0.707544 0.049684 0.704920
vn -0.715657 0.283424 -0.638362
vn -1.000000 0.000000 0.000000
vn -1.000000 0.000000 0.000000
vn -1.000000 0.000000 0.000000
vn -1.000000 0.000000 0.000000
vn -1.000000 0.000000 0.000000
vn -1.000000 0.000000 0.000000
vn -1.000000 0.000000 0.000000
vn -0.715657 0.283424 0.638362
vn -0.319627 0.673309 -0.666703
vn -0.709975 0.620827 -0.332430
vn -0.711148 0.690713 -0.131090
vn -0.707365 0.706591 -0.019092
vn -0.707107 0.707107 0.000000
vn -0.707365 0.705816 0.038184
vn -0.711148 0.672613 0.204597
vn -0.709975 0.588219 0.387213
vn -0.711829 0.471218 0.520819
vn 0.711829 -0.471218 -0.520819
vn 0.709975 -0.588219 -0.387213
vn 0.711148 -0.672613 -0.204597
vn 0.707365 -0.705816 -0.038184
vn 0.707107 -0.707107 0.000000
vn 0.707365 -0.706591 0.019092
vn 0.711148 -0.690713 0.131090
vn 0.709975 -0.620827 0.332430
vn 0.319627 -0.673309 0.666703
vn 0.715657 -0.283424 -0.638362
vn 1.000000 -0.000000 -0.000000
vn 1.000000 -0.000000 -0.000000
vn 1.000000 0.000000 0.000000
vn 1.000000 0.000000 0.000000
vn 1.000000 0.000000 0.000000
vn 1.000000 0.000000 0.000000
vn 1.000000 0.000000 0.000000
vn 0.715657 -0.283424 0.638362
vn 0.707544 -0.049684 -0.704920
vn 1.000000 0.000000 -0.000000
vn 1.000000 0.000000 -0.000000
vn 1.000000 0.000000 0.000000
vn 1.000000 0.000000 0.000000
vn 1.000000 0.000000 0.000000
vn 1.000000 0.000000 0.000000
vn 1.000000 0.000000 0.000000
vn 0.707544 -0.049684 0.704920
vn 0.707107 0.000000 -0.707107
vn 1.000000 0.000000 -0.000000
vn 1.000000 0.000000 -0.000000
vn 1.000000 0.000000 0.000000
vn 1.000000 0.000000 0.000000
vn 1.000000 0.000000 0.000000
vn 1.000000 0.000000 0.000000
vn 1.000000 0.000000 0.000000
vn 0.707107 0.000000 0.707107
vn 0.707107 0.000000 -0.707107
vn 1.000000 0.000000 -0.000000
vn 1.000000 0.000000 -0.000000
vn 1.000000 0.000000 0.000000
vn 1.000000 0.000000 0.000000
vn 1.000000 0.000000 0.000000
vn 1.000000 0.000000 0.000000
vn 1.000000 0.000000 0.000000
vn 0.707107 0.000000 0.707107
vn 0.707107 0.000000 -0.707107
vn 1.000000 0.000000 -0.000000
vn 1.000000 0.000000 -0.000000
vn 1.000000 0.000000 0.000000
vn 1.000000 0.000000 0.000000
vn 1.000000 0.000000 0.000000
vn 1.000000 0.000000 0.000000
vn 1.000000 0.000000 0.000000
vn 0.707107 0.000000 0.707107
vn 0.707544 0.024842 -0.706232
vn 1.000000 0.000000 -0.000000
vn 1.000000 0.000000 -0.000000
vn 1.000000 0.000000 0.000000
vn 1.000000 0.000000 0.000000
vn 1.000000 0.000000 0.000000
vn 1.000000 0.000000 0.000000
vn 1.000000 0.000000 0.000000
vn 0.707544 0.024842 0.706232
vn 0.715657 0.179402 -0.675019
vn 1.000000 0.000000 -0.000000
vn 1.000000 0.000000 -0.000000
vn 1.000000 0.000000 0.000000
vn 1.000000 0.000000 0.000000
vn 1.000000 0.000000 0.000000
vn 1.000000 0.000000 0.000000
vn 1.000000 0.000000 0.000000
vn 0.715657 0.179402 0.675019
vn 0.319627 0.596217 -0.736453
vn 0.709975 0.588219 -0.387213
vn 0.711148 0.672613 -0.204597
vn 0.707365 0.705816 -0.038184
vn 0.707107 0.707107 0.000000
vn 0.707365 0.706591 0.019092
vn 0.711148 0.690713 0.131090
vn 0.709975 0.620827 0.332430
vn 0.452021 0.598460 0.661454
usemtl steel
f 9274 9275 9284
f 9274 9284 9283
f 9275 9276 9285
f 9275 9285 9284
f 9276 9277 9286
f 9276 9286 9285
f 9277 9278 9287
f 9277 9287 9286
f 9278 9279 9288
f 9278 9288 9287
f 9279 9280 9289
f 9279 9289 9288
f 9280 9281 9290
f 9280 9290 9289
f 9281 9282 9291
f 9281 9291 9290
f 9283 9284 9293
f 9283 9293 9292
f 9284 9285 9294
f 9284 9294 9293
f 9285 9286 9295
f 9285 9295 9294
f 9286 9287 9296
f 9286 9296 9295
f 9287 9288 9297
f 9287 9297 9296
f 9288 9289 9298
f 9288 9298 9297
f 9289 9290 9299
f 9289 9299 9298
f 9290 9291 9300
f 9290 9300 9299
f 9292 9293 9302
f 9292 9302 9301
f 9293 9294 9303
f 9293 9303 9302
f 9294 9295 9304
f 9294 9304 9303
f 9295 9296 9305
f 9295 9305 9304
f 9296 9297 9306
f 9296 9306 9305
f 9297 9298 9307
f 9297 9307 9306
f 9298 9299 9308
f 9298 9308 9307
f 9299 9300 9309
f 9299 9309 9308
f 9301 9302 9311
f 9301 9311 9310
f 9302 9303 9312
f 9302 9312 9311
f 9303 9304 9313
f 9303 9313 9312
f 9304 9305 9314
f 9304 9314 9313
f 9305 9306 9315
f 9305 9315 9314
f 9306 9307 9316
f 9306 9316 9315
f 9307 9308 9317
f 9307 9317 9316
f 9308 9309 9318
f 9308 9318 9317
f 9310 9311 9320
f 9310 9320 9319
f 9311 9312 9321
f 9311 9321 9320
f 9312 9313 9322
f 9312 9322 9321
f 9313 9314 9323
f 9313 9323 9322
f 9314 9315 9324
f 9314 9324 9323
f 9315 9316 9325
f 9315 9325 9324
f 9316 9317 9326
f 9316 9326 9325
f 9317 9318 9327
f 9317 9327 9326
f 9319 9320 9329
f 9319 9329 9328
f 9320 9321 9330
f 9320 9330 9329
f 9321 9322 9331
f 9321 9331 9330
f 9322 9323 9332
f 9322 9332 9331
f 9323 9324 9333
f 9323 9333 9332
f 9324 9325 9334
f 9324 9334 9333
f 9325 9326 9335
f 9325 9335 9334
f 9326 9327 9336
f 9326 9336 9335
f 9328 9329 9338
f 9328 9338 9337
f 9329 9330 9339
f 9329 9339 9338
f 9330 9331 9340
f 9330 9340 9339
f 9331 9332 9341
f 9331 9341 9340
f 9332 9333 9342
f 9332 9342 9341
f 9333 9334 9343
f 9333 9343 9342
f 9334 9335 9344
f 9334 9344 9343
f 9335 9336 9345
f 9335 9345 9344
f 9337 9338 9347
f 9337 9347 9346
f 9338 9339 9348
f 9338 9348 9347
f 9339 9340 9349
f 9339 9349 9348
f 9340 9341 9350
f 9340 9350 9349
f 9341 9342 9351
f 9341 9351 9350
f 9342 9343 9352
f 9342 9352 9351
f 9343 9344 9353
f 9343 9353 9352
f 9344 9345 9354
f 9344 9354 9353
f 9355 9364 9365
f 9355 9365 9356
f 9356 9365 9366
f 9356 9366 9357
f 9357 9366 9367
f 9357 9367 9358
f 9358 9367 9368
f 9358 9368 9359
f 9359 9368 9369
f 9359 9369 9360
f 9360 9369 9370
f 9360 9370 9361
f 9361 9370 9371
f 9361 9371 9362
f 9362 9371 9372
f 9362 9372 9363
f 9364 9373 9374
f 9364 9374 9365
f 9365 9374 9375
f 9365 9375 9366
f 9366 9375 9376
f 9366 9376 9367
f 9367 9376 9377
f 9367 9377 9368
f 9368 9377 9378
f 9368 9378 9369
f 9369 9378 9379
f 9369 9379 9370
f 9370 9379 9380
f 9370 9380 9371
f 9371 9380 9381
f 9371 9381 9372
f 9373 9382 9383
f 9373 9383 9374
f 9374 9383 9384
f 9374 9384 9375
f 9375 9384 9385
f 9375 9385 9376
f 9376 9385 9386
f 9376 9386 9377
f 9377 9386 9387
f 9377 9387 9378
f 9378 9387 9388
f 9378 9388 9379
f 9379 9388 9389
f 9379 9389 9380
f 9380 9389 9390
f 9380 9390 9381
f 9382 9391 9392
f 9382 9392 9383
f 9383 9392 9393
f 9383 9393 9384
f 9384 9393 9394
f 9384 9394 9385
f 9385 9394 9395
f 9385 9395 9386
f 9386 9395 9396
f 9386 9396 9387
f 9387 9396 9397
f 9387 9397 9388
f 9388 9397 9398
f 9388 9398 9389
f 9389 9398 9399
f 9389 9399 9390
f 9391 9400 9401
f 9391 9401 9392
f 9392 9401 9402
f 9392 9402 9393
f 9393 9402 9403
f 9393 9403 9394
f 9394 9403 9404
f 9394 9404 9395
f 9395 9404 9405
f 9395 9405 9396
f 9396 9405 9406
f 9396 9406 9397
f 9397 9406 9407
f 9397 9407 9398
f 9398 9407 9408
f 9398 9408 9399
f 9400 9409 9410
f 9400 9410 9401
f 9401 9410 9411
f 9401 9411 9402
f 9402 9411 9412
f 9402 9412 9403
f 9403 9412 9413
f 9403 9413 9404
f 9404 9413 9414
f 9404 9414 9405
f 9405 9414 9415
f 9405 9415 9406
f 9406 9415 9416
f 9406 9416 9407
f 9407 9416 9417
f 9407 9417 9408
f 9409 9418 9419
f 9409 9419 9410
f 9410 9419 9420
f 9410 9420 9411
f 9411 9420 9421
f 9411 9421 9412
f 9412 9421 9422
f 9412 9422 9413
f 9413 9422 9423
f 9413 9423 9414
f 9414 9423 9424
f 9414 9424 9415
f 9415 9424 9425
f 9415 9425 9416
f 9416 9425 9426
f 9416 9426 9417
f 9418 9427 9428
f 9418 9428 9419
f 9419 9428 9429
f 9419 9429 9420
f 9420 9429 9430
f 9420 9430 9421
f 9421 9430 9431
f 9421 9431 9422
f 9422 9431 9432
f 9422 9432 9423
f 9423 9432 9433
f 9423 9433 9424
f 9424 9433 9434
f 9424 9434 9425
f 9425 9434 9435
f 9425 9435 9426
f 9274 9283 9364
f 9274 9364 9355
f 9282 9363 9372
f 9282 9372 9291
f 9283 9292 9373
f 9283 9373 9364
f 9291 9372 9381
f 9291 9381 9300
f 9292 9301 9382
f 9292 9382 9373
f 9300 9381 9390
f 9300 9390 9309
f 9301 9310 9391
f 9301 9391 9382
f 9309 9390 9399
f 9309 9399 9318
f 9310 9319 9400
f 9310 9400 9391
f 9318 9399 9408
f 9318 9408 9327
f 9319 9328 9409
f 9319 9409 9400
f 9327 9408 9417
f 9327 9417 9336
f 9328 9337 9418
f 9328 9418 9409
f 9336 9417 9426
f 9336 9426 9345
f 9337 9346 9427
f 9337 9427 9418
f 9345 9426 9435
f 9345 9435 9354
f 9274 9355 9356
f 9274 9356 9275
f 9346 9347 9428
f 9346 9428 9427
f 9275 9356 9357
f 9275 9357 9276
f 9347 9348 9429
f 9347 9429 9428
f 9276 9357 9358
f 9276 9358 9277
f 9348 9349 9430
f 9348 9430 9429
f 9277 9358 9359
f 9277 9359 9278
f 9349 9350 9431
f 9349 9431 9430
f 9278 9359 9360
f 9278 9360 9279
f 9350 9351 9432
f 9350 9432 9431
f 9279 9360 9361
f 9279 9361 9280
f 9351 9352 9433
f 9351 9433 9432
f 9280 9361 9362
f 9280 9362 9281
f 9352 9353 9434
f 9352 9434 9433
f 9281 9362 9363
f 9281 9363 9282
f 9353 9354 9435
f 9353 9435 9434
o greave_v2_L
v 0.020000 0.050000 0.000000
v -0.001064 0.050000 0.146501
v -0.062548 0.050000 0.281133
v -0.159472 0.050000 0.392990
v -0.283984 0.050000 0.473009
v -0.425996 0.050000 0.514707
v -0.574004 0.050000 0.514707
v -0.716016 0.050000 0.473009
v -0.840528 0.050000 0.392990
v -0.937452 0.050000 0.281133
v -0.998936 0.050000 0.146501
v -1.020000 0.050000 0.000000
v -0.998936 0.050000 -0.146501
v -0.937452 0.050000 -0.281133
v -0.840528 0.050000 -0.392990
v -0.716016 0.050000 -0.473009
v -0.574004 0.050000 -0.514707
v -0.425996 0.050000 -0.514707
v -0.283984 0.050000 -0.473009
v -0.159472 0.050000 -0.392990
v -0.062548 0.050000 -0.281133
v -0.001064 0.050000 -0.146501
v 0.020000 0.050000 -0.000000
v 0.060000 0.300000 0.000000
v 0.037316 0.300000 0.157770
v -0.028898 0.300000 0.302759
v -0.133278 0.300000 0.423220
v -0.267368 0.300000 0.509394
v -0.420304 0.300000 0.554300
v -0.579696 0.300000 0.554300
v -0.732632 0.300000 0.509394
v -0.866722 0.300000 0.423220
v -0.971102 0.300000 0.302759
v -1.037316 0.300000 0.157770
v -1.060000 0.300000 0.000000
v -1.037316 0.300000 -0.157770
v -0.971102 0.300000 -0.302759
v -0.866722 0.300000 -0.423220
v -0.732632 0.300000 -0.509394
v -0.579696 0.300000 -0.554300
v -0.420304 0.300000 -0.554300
v -0.267368 0.300000 -0.509394
v -0.133278 0.300000 -0.423220
v -0.028898 0.300000 -0.302759
v 0.037316 0.300000 -0.157770
v 0.060000 0.300000 -0.000000
v 0.080000 0.550000 0.000000
v 0.056506 0.550000 0.163405
v -0.012073 0.550000 0.313572
v -0.120181 0.550000 0.438335
v -0.259059 0.550000 0.527587
v -0.417457 0.550000 0.574096
v -0.582543 0.550000 0.574096
v -0.740941 0.550000 0.527587
v -0.879819 0.550000 0.438335
v -0.987927 0.550000 0.313572
v -1.056506 0.550000 0.163405
v -1.080000 0.550000 0.000000
v -1.056506 0.550000 -0.163405
v -0.987927 0.550000 -0.313572
v -0.879819 0.550000 -0.438335
v -0.740941 0.550000 -0.527587
v -0.582543 0.550000 -0.574096
v -0.417457 0.550000 -0.574096
v -0.259059 0.550000 -0.527587
v -0.120181 0.550000 -0.438335
v -0.012073 0.550000 -0.313572
v 0.056506 0.550000 -0.163405
v 0.080000 0.550000 -0.000000
v 0.050000 0.800000 0.000000
v 0.027721 0.800000 0.154953
v -0.037311 0.800000 0.297352
v -0.139827 0.800000 0.415662
v -0.271522 0.800000 0.500298
v -0.421727 0.800000 0.544402
v -0.578273 0.800000 0.544402
v -0.728478 0.800000 0.500298
v -0.860173 0.800000 0.415662
v -0.962689 0.800000 0.297352
v -1.027721 0.800000 0.154953
v -1.050000 0.800000 0.000000
v -1.027721 0.800000 -0.154953
v -0.962689 0.800000 -0.297352
v -0.860173 0.800000 -0.415662
v -0.728478 0.800000 -0.500298
v -0.578273 0.800000 -0.544402
v -0.421727 0.800000 -0.544402
v -0.271522 0.800000 -0.500298
v -0.139827 0.800000 -0.415662
v -0.037311 0.800000 -0.297352
v 0.027721 0.800000 -0.154953
v 0.050000 0.800000 -0.000000
v 0.000000 0.950000 0.000000
v -0.020254 0.950000 0.140866
v -0.079373 0.950000 0.270320
v -0.172570 0.950000 0.377875
v -0.292292 0.950000 0.454816
v -0.428843 0.950000 0.494911
v -0.571157 0.950000 0.494911
v -0.707708 0.950000 0.454816
v -0.827430 0.950000 0.377875
v -0.920627 0.950000 0.270320
v -0.979746 0.950000 0.140866
v -1.000000 0.950000 0.000000
v -0.979746 0.950000 -0.140866
v -0.920627 0.950000 -0.270320
v -0.827430 0.950000 -0.377875
v -0.707708 0.950000 -0.454816
v -0.571157 0.950000 -0.494911
v -0.428843 0.950000 -0.494911
v -0.292292 0.950000 -0.454816
v -0.172570 0.950000 -0.377875
v -0.079373 0.950000 -0.270320
v -0.020254 0.950000 -0.140866
v 0.000000 0.950000 -0.000000
vn 0.977637 -0.156422 0.140563
vn 0.933065 -0.157814 0.323240
vn 0.804203 -0.157814 0.573021
vn 0.610188 -0.157814 0.776380
vn 0.366740 -0.157814 0.916841
vn 0.093580 -0.157814 0.983025
vn -0.187160 -0.157814 0.969570
vn -0.452739 -0.157814 0.877566
vn -0.681638 -0.157814 0.714467
vn -0.855316 -0.157814 0.493487
vn -0.959701 -0.157814 0.232527
vn -0.986337 -0.157814 -0.047271
vn -0.933065 -0.157814 -0.323240
vn -0.804203 -0.157814 -0.573021
vn -0.610188 -0.157814 -0.776380
vn -0.366740 -0.157814 -0.916841
vn -0.093580 -0.157814 -0.983025
vn 0.187160 -0.157814 -0.969570
vn 0.452739 -0.157814 -0.877566
vn 0.681638 -0.157814 -0.714467
vn 0.855316 -0.157814 -0.493487
vn 0.959701 -0.157814 -0.232527
vn 0.977637 -0.156422 -0.140563
vn 0.984367 -0.104837 0.141531
vn 0.952617 -0.118964 0.279943
vn 0.835160 -0.118964 0.536987
vn 0.650044 -0.118964 0.750527
vn 0.412265 -0.118964 0.903264
vn 0.141086 -0.118964 0.982824
vn -0.141522 -0.118964 0.982761
vn -0.412665 -0.118964 0.903081
vn -0.650377 -0.118964 0.750238
vn -0.835399 -0.118964 0.536616
vn -0.952741 -0.118964 0.279520
vn -0.992899 -0.118964 -0.000220
vn -0.952617 -0.118964 -0.279943
vn -0.835160 -0.118964 -0.536987
vn -0.650044 -0.118964 -0.750527
vn -0.412265 -0.118964 -0.903264
vn -0.141086 -0.118964 -0.982824
vn 0.141522 -0.118964 -0.982761
vn 0.412665 -0.118964 -0.903081
vn 0.650377 -0.118964 -0.750238
vn 0.835399 -0.118964 -0.536616
vn 0.952741 -0.118964 -0.279520
vn 0.981333 -0.130683 -0.141094
vn 0.988454 0.052547 0.142118
vn 0.959331 0.019802 0.281588
vn 0.841139 0.019802 0.540457
vn 0.654803 0.019802 0.755541
vn 0.415418 0.019802 0.909415
vn 0.142379 0.019802 0.989614
vn -0.142195 0.019802 0.989641
vn -0.415249 0.019802 0.909492
vn -0.654662 0.019802 0.755662
vn -0.841038 0.019802 0.540613
vn -0.959279 0.019802 0.281766
vn -0.999804 0.019802 0.000093
vn -0.959331 0.019802 -0.281588
vn -0.841139 0.019802 -0.540457
vn -0.654803 0.019802 -0.755541
vn -0.415418 0.019802 -0.909415
vn -0.142379 0.019802 -0.989614
vn 0.142195 0.019802 -0.989641
vn 0.415249 0.019802 -0.909492
vn 0.654662 0.019802 -0.755662
vn 0.841038 0.019802 -0.540613
vn 0.959279 0.019802 -0.281766
vn 0.989733 -0.013367 -0.142302
vn 0.958566 0.249313 0.137821
vn 0.936527 0.218848 0.273901
vn 0.821425 0.218848 0.526656
vn 0.639775 0.218848 0.736745
vn 0.406294 0.218848 0.887147
vn 0.139898 0.218848 0.965678
vn -0.137831 0.218848 0.965975
vn -0.404395 0.218848 0.888015
vn -0.638197 0.218848 0.738113
vn -0.820296 0.218848 0.528413
vn -0.935939 0.218848 0.275905
vn -0.975758 0.218848 0.001044
vn -0.936527 0.218848 -0.273901
vn -0.821425 0.218848 -0.526656
vn -0.639775 0.218848 -0.736745
vn -0.406294 0.218848 -0.887147
vn -0.139898 0.218848 -0.965678
vn 0.137831 0.218848 -0.965975
vn 0.404395 0.218848 -0.888015
vn 0.638197 0.218848 -0.738113
vn 0.820296 0.218848 -0.528413
vn 0.935939 0.218848 -0.275905
vn 0.972941 0.183895 -0.139888
vn 0.939979 0.313326 0.135149
vn 0.922112 0.315901 0.223419
vn 0.821815 0.315901 0.474158
vn 0.654940 0.315901 0.686483
vn 0.435006 0.315901 0.843194
vn 0.179830 0.315901 0.931594
vn -0.089915 0.315901 0.944522
vn -0.352375 0.315901 0.880930
vn -0.586288 0.315901 0.745971
vn -0.772704 0.315901 0.550577
vn -0.896519 0.315901 0.310579
vn -0.947704 0.315901 0.045420
vn -0.922112 0.315901 -0.223419
vn -0.821815 0.315901 -0.474158
vn -0.654940 0.315901 -0.686483
vn -0.435006 0.315901 -0.843194
vn -0.179830 0.315901 -0.931594
vn 0.089915 0.315901 -0.944522
vn 0.352375 0.315901 -0.880930
vn 0.586288 0.315901 -0.745971
vn 0.772704 0.315901 -0.550577
vn 0.896519 0.315901 -0.310579
vn 0.939979 0.313326 -0.135149
usemtl steel
f 9436 9459 9460
f 9436 9460 9437
f 9437 9460 9461
f 9437 9461 9438
f 9438 9461 9462
f 9438 9462 9439
f 9439 9462 9463
f 9439 9463 9440
f 9440 9463 9464
f 9440 9464 9441
f 9441 9464 9465
f 9441 9465 9442
f 9442 9465 9466
f 9442 9466 9443
f 9443 9466 9467
f 9443 9467 9444
f 9444 9467 9468
f 9444 9468 9445
f 9445 9468 9469
f 9445 9469 9446
f 9446 9469 9470
f 9446 9470 9447
f 9447 9470 9471
f 9447 9471 9448
f 9448 9471 9472
f 9448 9472 9449
f 9449 9472 9473
f 9449 9473 9450
f 9450 9473 9474
f 9450 9474 9451
f 9451 9474 9475
f 9451 9475 9452
f 9452 9475 9476
f 9452 9476 9453
f 9453 9476 9477
f 9453 9477 9454
f 9454 9477 9478
f 9454 9478 9455
f 9455 9478 9479
f 9455 9479 9456
f 9456 9479 9480
f 9456 9480 9457
f 9457 9480 9481
f 9457 9481 9458
f 9459 9482 9483
f 9459 9483 9460
f 9460 9483 9484
f 9460 9484 9461
f 9461 9484 9485
f 9461 9485 9462
f 9462 9485 9486
f 9462 9486 9463
f 9463 9486 9487
f 9463 9487 9464
f 9464 9487 9488
f 9464 9488 9465
f 9465 9488 9489
f 9465 9489 9466
f 9466 9489 9490
f 9466 9490 9467
f 9467 9490 9491
f 9467 9491 9468
f 9468 9491 9492
f 9468 9492 9469
f 9469 9492 9493
f 9469 9493 9470
f 9470 9493 9494
f 9470 9494 9471
f 9471 9494 9495
f 9471 9495 9472
f 9472 9495 9496
f 9472 9496 9473
f 9473 9496 9497
f 9473 9497 9474
f 9474 9497 9498
f 9474 9498 9475
f 9475 9498 9499
f 9475 9499 9476
f 9476 9499 9500
f 9476 9500 9477
f 9477 9500 9501
f 9477 9501 9478
f 9478 9501 9502
f 9478 9502 9479
f 9479 9502 9503
f 9479 9503 9480
f 9480 9503 9504
f 9480 9504 9481
f 9482 9505 9506
f 9482 9506 9483
f 9483 9506 9507
f 9483 9507 9484
f 9484 9507 9508
f 9484 9508 9485
f 9485 9508 9509
f 9485 9509 9486
f 9486 9509 9510
f 9486 9510 9487
f 9487 9510 9511
f 9487 9511 9488
f 9488 9511 9512
f 9488 9512 9489
f 9489 9512 9513
f 9489 9513 9490
f 9490 9513 9514
f 9490 9514 9491
f 9491 9514 9515
f 9491 9515 9492
f 9492 9515 9516
f 9492 9516 9493
f 9493 9516 9517
f 9493 9517 9494
f 9494 9517 9518
f 9494 9518 9495
f 9495 9518 9519
f 9495 9519 9496
f 9496 9519 9520
f 9496 9520 9497
f 9497 9520 9521
f 9497 9521 9498
f 9498 9521 9522
f 9498 9522 9499
f 9499 9522 9523
f 9499 9523 9500
f 9500 9523 9524
f 9500 9524 9501
f 9501 9524 9525
f 9501 9525 9502
f 9502 9525 9526
f 9502 9526 9503
f 9503 9526 9527
f 9503 9527 9504
f 9505 9528 9529
f 9505 9529 9506
f 9506 9529 9530
f 9506 9530 9507
f 9507 9530 9531
f 9507 9531 9508
f 9508 9531 9532
f 9508 9532 9509
f 9509 9532 9533
f 9509 9533 9510
f 9510 9533 9534
f 9510 9534 9511
f 9511 9534 9535
f 9511 9535 9512
f 9512 9535 9536
f 9512 9536 9513
f 9513 9536 9537
f 9513 9537 9514
f 9514 9537 9538
f 9514 9538 9515
f 9515 9538 9539
f 9515 9539 9516
f 9516 9539 9540
f 9516 9540 9517
f 9517 9540 9541
f 9517 9541 9518
f 9518 9541 9542
f 9518 9542 9519
f 9519 9542 9543
f 9519 9543 9520
f 9520 9543 9544
f 9520 9544 9521
f 9521 9544 9545
f 9521 9545 9522
f 9522 9545 9546
f 9522 9546 9523
f 9523 9546 9547
f 9523 9547 9524
f 9524 9547 9548
f 9524 9548 9525
f 9525 9548 9549
f 9525 9549 9526
f 9526 9549 9550
f 9526 9550 9527
o sabaton_v2_L
v -0.290000 0.160000 0.080000
v -0.302665 0.103567 0.080000
v -0.339131 0.053940 0.080000
v -0.395000 0.017106 0.080000
v -0.463534 -0.002493 0.080000
v -0.536466 -0.002493 0.080000
v -0.605000 0.017106 0.080000
v -0.660869 0.053940 0.080000
v -0.697335 0.103567 0.080000
v -0.710000 0.160000 0.080000
v -0.697335 0.216433 0.080000
v -0.660869 0.266060 0.080000
v -0.605000 0.302894 0.080000
v -0.536466 0.322493 0.080000
v -0.463534 0.322493 0.080000
v -0.395000 0.302894 0.080000
v -0.339131 0.266060 0.080000
v -0.302665 0.216433 0.080000
v -0.290000 0.160000 0.080000
v -0.290000 0.160000 0.160000
v -0.302665 0.103567 0.160000
v -0.339131 0.053940 0.160000
v -0.395000 0.017106 0.160000
v -0.463534 -0.002493 0.160000
v -0.536466 -0.002493 0.160000
v -0.605000 0.017106 0.160000
v -0.660869 0.053940 0.160000
v -0.697335 0.103567 0.160000
v -0.710000 0.160000 0.160000
v -0.697335 0.216433 0.160000
v -0.660869 0.266060 0.160000
v -0.605000 0.302894 0.160000
v -0.536466 0.322493 0.160000
v -0.463534 0.322493 0.160000
v -0.395000 0.302894 0.160000
v -0.339131 0.266060 0.160000
v -0.302665 0.216433 0.160000
v -0.290000 0.160000 0.160000
v -0.304000 0.160000 0.300000
v -0.315820 0.107329 0.300000
v -0.349855 0.061011 0.300000
v -0.402000 0.026632 0.300000
v -0.465965 0.008340 0.300000
v -0.534035 0.008340 0.300000
v -0.598000 0.026632 0.300000
v -0.650145 0.061011 0.300000
v -0.684180 0.107329 0.300000
v -0.696000 0.160000 0.300000
v -0.684180 0.212671 0.300000
v -0.650145 0.258989 0.300000
v -0.598000 0.293368 0.300000
v -0.534035 0.311660 0.300000
v -0.465965 0.311660 0.300000
v -0.402000 0.293368 0.300000
v -0.349855 0.258989 0.300000
v -0.315820 0.212671 0.300000
v -0.304000 0.160000 0.300000
v -0.346000 0.160000 0.460000
v -0.355287 0.118616 0.460000
v -0.382029 0.082223 0.460000
v -0.423000 0.055211 0.460000
v -0.473258 0.040838 0.460000
v -0.526742 0.040838 0.460000
v -0.577000 0.055211 0.460000
v -0.617971 0.082223 0.460000
v -0.644713 0.118616 0.460000
v -0.654000 0.160000 0.460000
v -0.644713 0.201384 0.460000
v -0.617971 0.237777 0.460000
v -0.577000 0.264789 0.460000
v -0.526742 0.279162 0.460000
v -0.473258 0.279162 0.460000
v -0.423000 0.264789 0.460000
v -0.382029 0.237777 0.460000
v -0.355287 0.201384 0.460000
v -0.346000 0.160000 0.460000
v -0.416000 0.160000 0.600000
v -0.421066 0.137427 0.600000
v -0.435652 0.117576 0.600000
v -0.458000 0.102842 0.600000
v -0.485414 0.095003 0.600000
v -0.514586 0.095003 0.600000
v -0.542000 0.102842 0.600000
v -0.564348 0.117576 0.600000
v -0.578934 0.137427 0.600000
v -0.584000 0.160000 0.600000
v -0.578934 0.182573 0.600000
v -0.564348 0.202424 0.600000
v -0.542000 0.217158 0.600000
v -0.514586 0.224997 0.600000
v -0.485414 0.224997 0.600000
v -0.458000 0.217158 0.600000
v -0.435652 0.202424 0.600000
v -0.421066 0.182573 0.600000
v -0.416000 0.160000 0.600000
v -0.486000 0.160000 0.700000
v -0.486844 0.156238 0.700000
v -0.489275 0.152929 0.700000
v -0.493000 0.150474 0.700000
v -0.497569 0.149167 0.700000
v -0.502431 0.149167 0.700000
v -0.507000 0.150474 0.700000
v -0.510725 0.152929 0.700000
v -0.513156 0.156238 0.700000
v -0.514000 0.160000 0.700000
v -0.513156 0.163762 0.700000
v -0.510725 0.167071 0.700000
v -0.507000 0.169526 0.700000
v -0.502431 0.170833 0.700000
v -0.497569 0.170833 0.700000
v -0.493000 0.169526 0.700000
v -0.489275 0.167071 0.700000
v -0.486844 0.163762 0.700000
v -0.486000 0.160000 0.700000
vn 0.975732 -0.218970 0.000000
vn 0.879045 -0.476738 0.000000
vn 0.644520 -0.764588 0.000000
vn 0.370584 -0.928799 0.000000
vn 0.092447 -0.995718 0.000000
vn -0.184893 -0.982759 0.000000
vn -0.463362 -0.886169 0.000000
vn -0.730855 -0.682533 0.000000
vn -0.936765 -0.349958 0.000000
vn -0.997214 0.074597 0.000000
vn -0.879045 0.476738 0.000000
vn -0.644520 0.764588 0.000000
vn -0.370584 0.928799 0.000000
vn -0.092447 0.995718 0.000000
vn 0.184893 0.982759 0.000000
vn 0.463362 0.886169 0.000000
vn 0.730855 0.682533 0.000000
vn 0.936765 0.349958 -0.000000
vn 0.975732 0.218970 -0.000000
vn 0.973680 -0.218510 0.064809
vn 0.909134 -0.413768 0.047664
vn 0.688307 -0.724087 0.043947
vn 0.417232 -0.907883 0.040817
vn 0.138780 -0.989544 0.039279
vn -0.138637 -0.989552 0.039578
vn -0.417062 -0.907922 0.041681
vn -0.688103 -0.724206 0.045173
vn -0.908961 -0.414031 0.048665
vn -0.998758 -0.000177 0.049820
vn -0.909134 0.413768 0.047664
vn -0.688307 0.724087 0.043947
vn -0.417232 0.907883 0.040817
vn -0.138780 0.989544 0.039279
vn 0.138637 0.989552 0.039578
vn 0.417062 0.907922 0.041681
vn 0.688103 0.724206 0.045173
vn 0.908961 0.414031 0.048665
vn 0.975219 0.218855 0.032405
vn 0.956354 -0.214621 0.198303
vn 0.897006 -0.407659 0.170864
vn 0.680551 -0.715413 0.158220
vn 0.413315 -0.898650 0.146968
vn 0.137801 -0.980367 0.141034
vn -0.136985 -0.980416 0.141489
vn -0.412352 -0.898878 0.148272
vn -0.679402 -0.716098 0.160050
vn -0.896046 -0.409148 0.172337
vn -0.984157 -0.000995 0.177298
vn -0.897006 0.407659 0.170864
vn -0.680551 0.715413 0.158220
vn -0.413315 0.898650 0.146968
vn -0.137801 0.980367 0.141034
vn 0.136985 0.980416 0.141489
vn 0.412352 0.898878 0.148272
vn 0.679402 0.716098 0.160050
vn 0.896046 0.409148 0.172337
vn 0.965010 0.216564 0.147835
vn 0.903837 -0.202836 0.376744
vn 0.856030 -0.387973 0.341599
vn 0.653736 -0.686344 0.318686
vn 0.399423 -0.867112 0.297622
vn 0.134006 -0.948762 0.286171
vn -0.131742 -0.948920 0.286695
vn -0.396803 -0.867808 0.299093
vn -0.650713 -0.688292 0.320668
vn -0.853590 -0.391983 0.343123
vn -0.935771 -0.002623 0.352598
vn -0.856030 0.387973 0.341599
vn -0.653736 0.686344 0.318686
vn -0.399423 0.867112 0.297622
vn -0.134006 0.948762 0.286171
vn 0.131742 0.948920 0.286695
vn 0.396803 0.867808 0.299093
vn 0.650713 0.688292 0.320668
vn 0.853590 0.391983 0.343123
vn 0.926703 0.207967 0.313003
vn 0.831414 -0.186583 0.523390
vn 0.789298 -0.358174 0.498719
vn 0.608509 -0.639551 0.469778
vn 0.375068 -0.814760 0.442143
vn 0.126552 -0.895548 0.426590
vn -0.124023 -0.895766 0.426875
vn -0.372227 -0.815645 0.442910
vn -0.605394 -0.641799 0.470736
vn -0.786912 -0.362460 0.499392
vn -0.859089 -0.002720 0.511818
vn -0.789298 0.358174 0.498719
vn -0.608509 0.639551 0.469778
vn -0.375068 0.814760 0.442143
vn -0.126552 0.895548 0.426590
vn 0.124023 0.895766 0.426875
vn 0.372227 0.815645 0.442910
vn 0.605394 0.641799 0.470736
vn 0.786912 0.362460 0.499392
vn 0.855206 0.191922 0.481444
vn 0.805728 -0.180818 0.564010
vn 0.773428 -0.290506 0.563396
vn 0.616482 -0.577822 0.534856
vn 0.399283 -0.765598 0.504414
vn 0.161397 -0.859424 0.485120
vn -0.080698 -0.872292 0.482281
vn -0.320834 -0.806582 0.496478
vn -0.547686 -0.652096 0.524224
vn -0.730380 -0.397782 0.555260
vn -0.817698 -0.061168 0.572389
vn -0.773428 0.290506 0.563396
vn -0.616482 0.577822 0.534856
vn -0.399283 0.765598 0.504414
vn -0.161397 0.859424 0.485120
vn 0.080698 0.872292 0.482281
vn 0.320834 0.806582 0.496478
vn 0.547686 0.652096 0.524224
vn 0.730380 0.397782 0.555260
vn 0.805728 0.180818 0.564010
usemtl steel
f 9551 9570 9571
f 9551 9571 9552
f 9552 9571 9572
f 9552 9572 9553
f 9553 9572 9573
f 9553 9573 9554
f 9554 9573 9574
f 9554 9574 9555
f 9555 9574 9575
f 9555 9575 9556
f 9556 9575 9576
f 9556 9576 9557
f 9557 9576 9577
f 9557 9577 9558
f 9558 9577 9578
f 9558 9578 9559
f 9559 9578 9579
f 9559 9579 9560
f 9560 9579 9580
f 9560 9580 9561
f 9561 9580 9581
f 9561 9581 9562
f 9562 9581 9582
f 9562 9582 9563
f 9563 9582 9583
f 9563 9583 9564
f 9564 9583 9584
f 9564 9584 9565
f 9565 9584 9585
f 9565 9585 9566
f 9566 9585 9586
f 9566 9586 9567
f 9567 9586 9587
f 9567 9587 9568
f 9568 9587 9588
f 9568 9588 9569
f 9570 9589 9590
f 9570 9590 9571
f 9571 9590 9591
f 9571 9591 9572
f 9572 9591 9592
f 9572 9592 9573
f 9573 9592 9593
f 9573 9593 9574
f 9574 9593 9594
f 9574 9594 9575
f 9575 9594 9595
f 9575 9595 9576
f 9576 9595 9596
f 9576 9596 9577
f 9577 9596 9597
f 9577 9597 9578
f 9578 9597 9598
f 9578 9598 9579
f 9579 9598 9599
f 9579 9599 9580
f 9580 9599 9600
f 9580 9600 9581
f 9581 9600 9601
f 9581 9601 9582
f 9582 9601 9602
f 9582 9602 9583
f 9583 9602 9603
f 9583 9603 9584
f 9584 9603 9604
f 9584 9604 9585
f 9585 9604 9605
f 9585 9605 9586
f 9586 9605 9606
f 9586 9606 9587
f 9587 9606 9607
f 9587 9607 9588
f 9589 9608 9609
f 9589 9609 9590
f 9590 9609 9610
f 9590 9610 9591
f 9591 9610 9611
f 9591 9611 9592
f 9592 9611 9612
f 9592 9612 9593
f 9593 9612 9613
f 9593 9613 9594
f 9594 9613 9614
f 9594 9614 9595
f 9595 9614 9615
f 9595 9615 9596
f 9596 9615 9616
f 9596 9616 9597
f 9597 9616 9617
f 9597 9617 9598
f 9598 9617 9618
f 9598 9618 9599
f 9599 9618 9619
f 9599 9619 9600
f 9600 9619 9620
f 9600 9620 9601
f 9601 9620 9621
f 9601 9621 9602
f 9602 9621 9622
f 9602 9622 9603
f 9603 9622 9623
f 9603 9623 9604
f 9604 9623 9624
f 9604 9624 9605
f 9605 9624 9625
f 9605 9625 9606
f 9606 9625 9626
f 9606 9626 9607
f 9608 9627 9628
f 9608 9628 9609
f 9609 9628 9629
f 9609 9629 9610
f 9610 9629 9630
f 9610 9630 9611
f 9611 9630 9631
f 9611 9631 9612
f 9612 9631 9632
f 9612 9632 9613
f 9613 9632 9633
f 9613 9633 9614
f 9614 9633 9634
f 9614 9634 9615
f 9615 9634 9635
f 9615 9635 9616
f 9616 9635 9636
f 9616 9636 9617
f 9617 9636 9637
f 9617 9637 9618
f 9618 9637 9638
f 9618 9638 9619
f 9619 9638 9639
f 9619 9639 9620
f 9620 9639 9640
f 9620 9640 9621
f 9621 9640 9641
f 9621 9641 9622
f 9622 9641 9642
f 9622 9642 9623
f 9623 9642 9643
f 9623 9643 9624
f 9624 9643 9644
f 9624 9644 9625
f 9625 9644 9645
f 9625 9645 9626
f 9627 9646 9647
f 9627 9647 9628
f 9628 9647 9648
f 9628 9648 9629
f 9629 9648 9649
f 9629 9649 9630
f 9630 9649 9650
f 9630 9650 9631
f 9631 9650 9651
f 9631 9651 9632
f 9632 9651 9652
f 9632 9652 9633
f 9633 9652 9653
f 9633 9653 9634
f 9634 9653 9654
f 9634 9654 9635
f 9635 9654 9655
f 9635 9655 9636
f 9636 9655 9656
f 9636 9656 9637
f 9637 9656 9657
f 9637 9657 9638
f 9638 9657 9658
f 9638 9658 9639
f 9639 9658 9659
f 9639 9659 9640
f 9640 9659 9660
f 9640 9660 9641
f 9641 9660 9661
f 9641 9661 9642
f 9642 9661 9662
f 9642 9662 9643
f 9643 9662 9663
f 9643 9663 9644
f 9644 9663 9664
f 9644 9664 9645
