# Armadura R6 - motor de modelagem proprio (Python)
mtllib armor.mtl
o under_torso
v 1.080000 -0.980000 0.000000
v 1.080000 -0.980000 0.356033
v 1.074605 -0.980000 0.481197
v 1.045577 -0.980000 0.539149
v 0.987430 -0.980000 0.585097
v 0.902478 -0.980000 0.600000
v 0.462844 -0.980000 0.600000
v 0.000000 -0.980000 0.600000
v -0.462844 -0.980000 0.600000
v -0.902478 -0.980000 0.600000
v -0.987430 -0.980000 0.585097
v -1.045577 -0.980000 0.539149
v -1.074605 -0.980000 0.481197
v -1.080000 -0.980000 0.356033
v -1.080000 -0.980000 0.000000
v -1.080000 -0.980000 -0.356033
v -1.074605 -0.980000 -0.481197
v -1.045577 -0.980000 -0.539149
v -0.987430 -0.980000 -0.585097
v -0.902478 -0.980000 -0.600000
v -0.462844 -0.980000 -0.600000
v -0.000000 -0.980000 -0.600000
v 0.462844 -0.980000 -0.600000
v 0.902478 -0.980000 -0.600000
v 0.987430 -0.980000 -0.585097
v 1.045577 -0.980000 -0.539149
v 1.074605 -0.980000 -0.481197
v 1.080000 -0.980000 -0.356033
v 1.080000 1.020000 0.000000
v 1.080000 1.020000 0.356033
v 1.074605 1.020000 0.481197
v 1.045577 1.020000 0.539149
v 0.987430 1.020000 0.585097
v 0.902478 1.020000 0.600000
v 0.462844 1.020000 0.600000
v 0.000000 1.020000 0.600000
v -0.462844 1.020000 0.600000
v -0.902478 1.020000 0.600000
v -0.987430 1.020000 0.585097
v -1.045577 1.020000 0.539149
v -1.074605 1.020000 0.481197
v -1.080000 1.020000 0.356033
v -1.080000 1.020000 0.000000
v -1.080000 1.020000 -0.356033
v -1.074605 1.020000 -0.481197
v -1.045577 1.020000 -0.539149
v -0.987430 1.020000 -0.585097
v -0.902478 1.020000 -0.600000
v -0.462844 1.020000 -0.600000
v -0.000000 1.020000 -0.600000
v 0.462844 1.020000 -0.600000
v 0.902478 1.020000 -0.600000
v 0.987430 1.020000 -0.585097
v 1.045577 1.020000 -0.539149
v 1.074605 1.020000 -0.481197
v 1.080000 1.020000 -0.356033
v 0.000000 -0.980000 0.000000
v 0.000000 1.020000 0.000000
vn 0.832050 -0.554700 0.000000
vn 0.831912 -0.554779 0.011945
vn 0.813179 -0.562316 0.150135
vn 0.677818 -0.562924 0.472948
vn 0.399284 -0.565240 0.721856
vn 0.096068 -0.555988 0.825620
vn 0.000000 -0.554700 0.832050
vn 0.000000 -0.554700 0.832050
vn 0.000000 -0.554700 0.832050
vn -0.048034 -0.555988 0.829801
vn -0.272892 -0.565240 0.778482
vn -0.600670 -0.562924 0.567726
vn -0.783665 -0.562316 0.263948
vn -0.831654 -0.554779 0.023890
vn -0.832050 -0.554700 0.000000
vn -0.831912 -0.554779 -0.011945
vn -0.813179 -0.562316 -0.150135
vn -0.677818 -0.562924 -0.472948
vn -0.399284 -0.565240 -0.721856
vn -0.096068 -0.555988 -0.825620
vn 0.000000 -0.554700 -0.832050
vn 0.000000 -0.554700 -0.832050
vn 0.000000 -0.554700 -0.832050
vn 0.048034 -0.555988 -0.829801
vn 0.272892 -0.565240 -0.778482
vn 0.600670 -0.562924 -0.567726
vn 0.783665 -0.562316 -0.263948
vn 0.831654 -0.554779 -0.023890
vn 0.832050 0.554700 0.000000
vn 0.831654 0.554779 0.023890
vn 0.783665 0.562316 0.263948
vn 0.600670 0.562924 0.567726
vn 0.272892 0.565240 0.778482
vn 0.048034 0.555988 0.829801
vn 0.000000 0.554700 0.832050
vn 0.000000 0.554700 0.832050
vn 0.000000 0.554700 0.832050
vn -0.096068 0.555988 0.825620
vn -0.399284 0.565240 0.721856
vn -0.677818 0.562924 0.472948
vn -0.813179 0.562316 0.150135
vn -0.831912 0.554779 0.011945
vn -0.832050 0.554700 0.000000
vn -0.831654 0.554779 -0.023890
vn -0.783665 0.562316 -0.263948
vn -0.600670 0.562924 -0.567726
vn -0.272892 0.565240 -0.778482
vn -0.048034 0.555988 -0.829801
vn 0.000000 0.554700 -0.832050
vn 0.000000 0.554700 -0.832050
vn 0.000000 0.554700 -0.832050
vn 0.096068 0.555988 -0.825620
vn 0.399284 0.565240 -0.721856
vn 0.677818 0.562924 -0.472948
vn 0.813179 0.562316 -0.150135
vn 0.831912 0.554779 -0.011945
vn 0.000000 -1.000000 0.000000
vn 0.000000 1.000000 0.000000
usemtl silk
f 29 30 2
f 29 2 1
f 30 31 3
f 30 3 2
f 31 32 4
f 31 4 3
f 32 33 5
f 32 5 4
f 33 34 6
f 33 6 5
f 34 35 7
f 34 7 6
f 35 36 8
f 35 8 7
f 36 37 9
f 36 9 8
f 37 38 10
f 37 10 9
f 38 39 11
f 38 11 10
f 39 40 12
f 39 12 11
f 40 41 13
f 40 13 12
f 41 42 14
f 41 14 13
f 42 43 15
f 42 15 14
f 43 44 16
f 43 16 15
f 44 45 17
f 44 17 16
f 45 46 18
f 45 18 17
f 46 47 19
f 46 19 18
f 47 48 20
f 47 20 19
f 48 49 21
f 48 21 20
f 49 50 22
f 49 22 21
f 50 51 23
f 50 23 22
f 51 52 24
f 51 24 23
f 52 53 25
f 52 25 24
f 53 54 26
f 53 26 25
f 54 55 27
f 54 27 26
f 55 56 28
f 55 28 27
f 56 29 1
f 56 1 28
f 1 2 57
f 2 3 57
f 3 4 57
f 4 5 57
f 5 6 57
f 6 7 57
f 7 8 57
f 8 9 57
f 9 10 57
f 10 11 57
f 11 12 57
f 12 13 57
f 13 14 57
f 14 15 57
f 15 16 57
f 16 17 57
f 17 18 57
f 18 19 57
f 19 20 57
f 20 21 57
f 21 22 57
f 22 23 57
f 23 24 57
f 24 25 57
f 25 26 57
f 26 27 57
f 27 28 57
f 28 1 57
f 30 29 58
f 31 30 58
f 32 31 58
f 33 32 58
f 34 33 58
f 35 34 58
f 36 35 58
f 37 36 58
f 38 37 58
f 39 38 58
f 40 39 58
f 41 40 58
f 42 41 58
f 43 42 58
f 44 43 58
f 45 44 58
f 46 45 58
f 47 46 58
f 48 47 58
f 49 48 58
f 50 49 58
f 51 50 58
f 52 51 58
f 53 52 58
f 54 53 58
f 55 54 58
f 56 55 58
f 29 56 58
o under_arm_R
v 0.580000 -0.980000 0.000000
v 0.579956 -0.980000 0.463250
v 0.564127 -0.980000 0.519645
v 0.519645 -0.980000 0.564127
v 0.463250 -0.980000 0.579956
v 0.000000 -0.980000 0.580000
v -0.463250 -0.980000 0.579956
v -0.519645 -0.980000 0.564127
v -0.564127 -0.980000 0.519645
v -0.579956 -0.980000 0.463250
v -0.580000 -0.980000 0.000000
v -0.579956 -0.980000 -0.463250
v -0.564127 -0.980000 -0.519645
v -0.519645 -0.980000 -0.564127
v -0.463250 -0.980000 -0.579956
v -0.000000 -0.980000 -0.580000
v 0.463250 -0.980000 -0.579956
v 0.519645 -0.980000 -0.564127
v 0.564127 -0.980000 -0.519645
v 0.579956 -0.980000 -0.463250
v 0.580000 1.000000 0.000000
v 0.579956 1.000000 0.463250
v 0.564127 1.000000 0.519645
v 0.519645 1.000000 0.564127
v 0.463250 1.000000 0.579956
v 0.000000 1.000000 0.580000
v -0.463250 1.000000 0.579956
v -0.519645 1.000000 0.564127
v -0.564127 1.000000 0.519645
v -0.579956 1.000000 0.463250
v -0.580000 1.000000 0.000000
v -0.579956 1.000000 -0.463250
v -0.564127 1.000000 -0.519645
v -0.519645 1.000000 -0.564127
v -0.463250 1.000000 -0.579956
v -0.000000 1.000000 -0.580000
v 0.463250 1.000000 -0.579956
v 0.519645 1.000000 -0.564127
v 0.564127 1.000000 -0.519645
v 0.579956 1.000000 -0.463250
v 0.000000 -0.980000 0.000000
v 0.000000 1.000000 0.000000
vn 0.832050 -0.554700 -0.000026
vn 0.826472 -0.557901 0.075435
vn 0.745011 -0.565968 0.353043
vn 0.476671 -0.565968 0.672655
vn 0.150790 -0.557901 0.816094
vn 0.000026 -0.554700 0.832050
vn -0.075435 -0.557901 0.826472
vn -0.353043 -0.565968 0.745011
vn -0.672655 -0.565968 0.476671
vn -0.816094 -0.557901 0.150790
vn -0.832050 -0.554700 0.000026
vn -0.826472 -0.557901 -0.075435
vn -0.745011 -0.565968 -0.353043
vn -0.476671 -0.565968 -0.672655
vn -0.150790 -0.557901 -0.816094
vn -0.000026 -0.554700 -0.832050
vn 0.075435 -0.557901 -0.826472
vn 0.353043 -0.565968 -0.745011
vn 0.672655 -0.565968 -0.476671
vn 0.816094 -0.557901 -0.150790
vn 0.832050 0.554700 0.000026
vn 0.816094 0.557901 0.150790
vn 0.672655 0.565968 0.476671
vn 0.353043 0.565968 0.745011
vn 0.075435 0.557901 0.826472
vn -0.000026 0.554700 0.832050
vn -0.150790 0.557901 0.816094
vn -0.476671 0.565968 0.672655
vn -0.745011 0.565968 0.353043
vn -0.826472 0.557901 0.075435
vn -0.832050 0.554700 -0.000026
vn -0.816094 0.557901 -0.150790
vn -0.672655 0.565968 -0.476671
vn -0.353043 0.565968 -0.745011
vn -0.075435 0.557901 -0.826472
vn 0.000026 0.554700 -0.832050
vn 0.150790 0.557901 -0.816094
vn 0.476671 0.565968 -0.672655
vn 0.745011 0.565968 -0.353043
vn 0.826472 0.557901 -0.075435
vn 0.000000 -1.000000 0.000000
vn 0.000000 1.000000 0.000000
usemtl silk
f 79 80 60
f 79 60 59
f 80 81 61
f 80 61 60
f 81 82 62
f 81 62 61
f 82 83 63
f 82 63 62
f 83 84 64
f 83 64 63
f 84 85 65
f 84 65 64
f 85 86 66
f 85 66 65
f 86 87 67
f 86 67 66
f 87 88 68
f 87 68 67
f 88 89 69
f 88 69 68
f 89 90 70
f 89 70 69
f 90 91 71
f 90 71 70
f 91 92 72
f 91 72 71
f 92 93 73
f 92 73 72
f 93 94 74
f 93 74 73
f 94 95 75
f 94 75 74
f 95 96 76
f 95 76 75
f 96 97 77
f 96 77 76
f 97 98 78
f 97 78 77
f 98 79 59
f 98 59 78
f 59 60 99
f 60 61 99
f 61 62 99
f 62 63 99
f 63 64 99
f 64 65 99
f 65 66 99
f 66 67 99
f 67 68 99
f 68 69 99
f 69 70 99
f 70 71 99
f 71 72 99
f 72 73 99
f 73 74 99
f 74 75 99
f 75 76 99
f 76 77 99
f 77 78 99
f 78 59 99
f 80 79 100
f 81 80 100
f 82 81 100
f 83 82 100
f 84 83 100
f 85 84 100
f 86 85 100
f 87 86 100
f 88 87 100
f 89 88 100
f 90 89 100
f 91 90 100
f 92 91 100
f 93 92 100
f 94 93 100
f 95 94 100
f 96 95 100
f 97 96 100
f 98 97 100
f 79 98 100
o under_leg_R
v 0.580000 -0.980000 0.000000
v 0.579956 -0.980000 0.463250
v 0.564127 -0.980000 0.519645
v 0.519645 -0.980000 0.564127
v 0.463250 -0.980000 0.579956
v 0.000000 -0.980000 0.580000
v -0.463250 -0.980000 0.579956
v -0.519645 -0.980000 0.564127
v -0.564127 -0.980000 0.519645
v -0.579956 -0.980000 0.463250
v -0.580000 -0.980000 0.000000
v -0.579956 -0.980000 -0.463250
v -0.564127 -0.980000 -0.519645
v -0.519645 -0.980000 -0.564127
v -0.463250 -0.980000 -0.579956
v -0.000000 -0.980000 -0.580000
v 0.463250 -0.980000 -0.579956
v 0.519645 -0.980000 -0.564127
v 0.564127 -0.980000 -0.519645
v 0.579956 -0.980000 -0.463250
v 0.580000 0.980000 0.000000
v 0.579956 0.980000 0.463250
v 0.564127 0.980000 0.519645
v 0.519645 0.980000 0.564127
v 0.463250 0.980000 0.579956
v 0.000000 0.980000 0.580000
v -0.463250 0.980000 0.579956
v -0.519645 0.980000 0.564127
v -0.564127 0.980000 0.519645
v -0.579956 0.980000 0.463250
v -0.580000 0.980000 0.000000
v -0.579956 0.980000 -0.463250
v -0.564127 0.980000 -0.519645
v -0.519645 0.980000 -0.564127
v -0.463250 0.980000 -0.579956
v -0.000000 0.980000 -0.580000
v 0.463250 0.980000 -0.579956
v 0.519645 0.980000 -0.564127
v 0.564127 0.980000 -0.519645
v 0.579956 0.980000 -0.463250
v 0.000000 -0.980000 0.000000
v 0.000000 0.980000 0.000000
vn 0.832050 -0.554700 -0.000026
vn 0.826472 -0.557901 0.075435
vn 0.745011 -0.565968 0.353043
vn 0.476671 -0.565968 0.672655
vn 0.150790 -0.557901 0.816094
vn 0.000026 -0.554700 0.832050
vn -0.075435 -0.557901 0.826472
vn -0.353043 -0.565968 0.745011
vn -0.672655 -0.565968 0.476671
vn -0.816094 -0.557901 0.150790
vn -0.832050 -0.554700 0.000026
vn -0.826472 -0.557901 -0.075435
vn -0.745011 -0.565968 -0.353043
vn -0.476671 -0.565968 -0.672655
vn -0.150790 -0.557901 -0.816094
vn -0.000026 -0.554700 -0.832050
vn 0.075435 -0.557901 -0.826472
vn 0.353043 -0.565968 -0.745011
vn 0.672655 -0.565968 -0.476671
vn 0.816094 -0.557901 -0.150790
vn 0.832050 0.554700 0.000026
vn 0.816094 0.557901 0.150790
vn 0.672655 0.565968 0.476671
vn 0.353043 0.565968 0.745011
vn 0.075435 0.557901 0.826472
vn -0.000026 0.554700 0.832050
vn -0.150790 0.557901 0.816094
vn -0.476671 0.565968 0.672655
vn -0.745011 0.565968 0.353043
vn -0.826472 0.557901 0.075435
vn -0.832050 0.554700 -0.000026
vn -0.816094 0.557901 -0.150790
vn -0.672655 0.565968 -0.476671
vn -0.353043 0.565968 -0.745011
vn -0.075435 0.557901 -0.826472
vn 0.000026 0.554700 -0.832050
vn 0.150790 0.557901 -0.816094
vn 0.476671 0.565968 -0.672655
vn 0.745011 0.565968 -0.353043
vn 0.826472 0.557901 -0.075435
vn 0.000000 -1.000000 0.000000
vn 0.000000 1.000000 0.000000
usemtl silk
f 121 122 102
f 121 102 101
f 122 123 103
f 122 103 102
f 123 124 104
f 123 104 103
f 124 125 105
f 124 105 104
f 125 126 106
f 125 106 105
f 126 127 107
f 126 107 106
f 127 128 108
f 127 108 107
f 128 129 109
f 128 109 108
f 129 130 110
f 129 110 109
f 130 131 111
f 130 111 110
f 131 132 112
f 131 112 111
f 132 133 113
f 132 113 112
f 133 134 114
f 133 114 113
f 134 135 115
f 134 115 114
f 135 136 116
f 135 116 115
f 136 137 117
f 136 117 116
f 137 138 118
f 137 118 117
f 138 139 119
f 138 119 118
f 139 140 120
f 139 120 119
f 140 121 101
f 140 101 120
f 101 102 141
f 102 103 141
f 103 104 141
f 104 105 141
f 105 106 141
f 106 107 141
f 107 108 141
f 108 109 141
f 109 110 141
f 110 111 141
f 111 112 141
f 112 113 141
f 113 114 141
f 114 115 141
f 115 116 141
f 116 117 141
f 117 118 141
f 118 119 141
f 119 120 141
f 120 101 141
f 122 121 142
f 123 122 142
f 124 123 142
f 125 124 142
f 126 125 142
f 127 126 142
f 128 127 142
f 129 128 142
f 130 129 142
f 131 130 142
f 132 131 142
f 133 132 142
f 134 133 142
f 135 134 142
f 136 135 142
f 137 136 142
f 138 137 142
f 139 138 142
f 140 139 142
f 121 140 142
o under_arm_L
v 0.580000 -0.980000 0.000000
v 0.579956 -0.980000 0.463250
v 0.564127 -0.980000 0.519645
v 0.519645 -0.980000 0.564127
v 0.463250 -0.980000 0.579956
v 0.000000 -0.980000 0.580000
v -0.463250 -0.980000 0.579956
v -0.519645 -0.980000 0.564127
v -0.564127 -0.980000 0.519645
v -0.579956 -0.980000 0.463250
v -0.580000 -0.980000 0.000000
v -0.579956 -0.980000 -0.463250
v -0.564127 -0.980000 -0.519645
v -0.519645 -0.980000 -0.564127
v -0.463250 -0.980000 -0.579956
v -0.000000 -0.980000 -0.580000
v 0.463250 -0.980000 -0.579956
v 0.519645 -0.980000 -0.564127
v 0.564127 -0.980000 -0.519645
v 0.579956 -0.980000 -0.463250
v 0.580000 1.000000 0.000000
v 0.579956 1.000000 0.463250
v 0.564127 1.000000 0.519645
v 0.519645 1.000000 0.564127
v 0.463250 1.000000 0.579956
v 0.000000 1.000000 0.580000
v -0.463250 1.000000 0.579956
v -0.519645 1.000000 0.564127
v -0.564127 1.000000 0.519645
v -0.579956 1.000000 0.463250
v -0.580000 1.000000 0.000000
v -0.579956 1.000000 -0.463250
v -0.564127 1.000000 -0.519645
v -0.519645 1.000000 -0.564127
v -0.463250 1.000000 -0.579956
v -0.000000 1.000000 -0.580000
v 0.463250 1.000000 -0.579956
v 0.519645 1.000000 -0.564127
v 0.564127 1.000000 -0.519645
v 0.579956 1.000000 -0.463250
v 0.000000 -0.980000 0.000000
v 0.000000 1.000000 0.000000
vn 0.832050 -0.554700 -0.000026
vn 0.826472 -0.557901 0.075435
vn 0.745011 -0.565968 0.353043
vn 0.476671 -0.565968 0.672655
vn 0.150790 -0.557901 0.816094
vn 0.000026 -0.554700 0.832050
vn -0.075435 -0.557901 0.826472
vn -0.353043 -0.565968 0.745011
vn -0.672655 -0.565968 0.476671
vn -0.816094 -0.557901 0.150790
vn -0.832050 -0.554700 0.000026
vn -0.826472 -0.557901 -0.075435
vn -0.745011 -0.565968 -0.353043
vn -0.476671 -0.565968 -0.672655
vn -0.150790 -0.557901 -0.816094
vn -0.000026 -0.554700 -0.832050
vn 0.075435 -0.557901 -0.826472
vn 0.353043 -0.565968 -0.745011
vn 0.672655 -0.565968 -0.476671
vn 0.816094 -0.557901 -0.150790
vn 0.832050 0.554700 0.000026
vn 0.816094 0.557901 0.150790
vn 0.672655 0.565968 0.476671
vn 0.353043 0.565968 0.745011
vn 0.075435 0.557901 0.826472
vn -0.000026 0.554700 0.832050
vn -0.150790 0.557901 0.816094
vn -0.476671 0.565968 0.672655
vn -0.745011 0.565968 0.353043
vn -0.826472 0.557901 0.075435
vn -0.832050 0.554700 -0.000026
vn -0.816094 0.557901 -0.150790
vn -0.672655 0.565968 -0.476671
vn -0.353043 0.565968 -0.745011
vn -0.075435 0.557901 -0.826472
vn 0.000026 0.554700 -0.832050
vn 0.150790 0.557901 -0.816094
vn 0.476671 0.565968 -0.672655
vn 0.745011 0.565968 -0.353043
vn 0.826472 0.557901 -0.075435
vn 0.000000 -1.000000 0.000000
vn 0.000000 1.000000 0.000000
usemtl silk
f 163 164 144
f 163 144 143
f 164 165 145
f 164 145 144
f 165 166 146
f 165 146 145
f 166 167 147
f 166 147 146
f 167 168 148
f 167 148 147
f 168 169 149
f 168 149 148
f 169 170 150
f 169 150 149
f 170 171 151
f 170 151 150
f 171 172 152
f 171 152 151
f 172 173 153
f 172 153 152
f 173 174 154
f 173 154 153
f 174 175 155
f 174 155 154
f 175 176 156
f 175 156 155
f 176 177 157
f 176 157 156
f 177 178 158
f 177 158 157
f 178 179 159
f 178 159 158
f 179 180 160
f 179 160 159
f 180 181 161
f 180 161 160
f 181 182 162
f 181 162 161
f 182 163 143
f 182 143 162
f 143 144 183
f 144 145 183
f 145 146 183
f 146 147 183
f 147 148 183
f 148 149 183
f 149 150 183
f 150 151 183
f 151 152 183
f 152 153 183
f 153 154 183
f 154 155 183
f 155 156 183
f 156 157 183
f 157 158 183
f 158 159 183
f 159 160 183
f 160 161 183
f 161 162 183
f 162 143 183
f 164 163 184
f 165 164 184
f 166 165 184
f 167 166 184
f 168 167 184
f 169 168 184
f 170 169 184
f 171 170 184
f 172 171 184
f 173 172 184
f 174 173 184
f 175 174 184
f 176 175 184
f 177 176 184
f 178 177 184
f 179 178 184
f 180 179 184
f 181 180 184
f 182 181 184
f 163 182 184
o under_leg_L
v 0.580000 -0.980000 0.000000
v 0.579956 -0.980000 0.463250
v 0.564127 -0.980000 0.519645
v 0.519645 -0.980000 0.564127
v 0.463250 -0.980000 0.579956
v 0.000000 -0.980000 0.580000
v -0.463250 -0.980000 0.579956
v -0.519645 -0.980000 0.564127
v -0.564127 -0.980000 0.519645
v -0.579956 -0.980000 0.463250
v -0.580000 -0.980000 0.000000
v -0.579956 -0.980000 -0.463250
v -0.564127 -0.980000 -0.519645
v -0.519645 -0.980000 -0.564127
v -0.463250 -0.980000 -0.579956
v -0.000000 -0.980000 -0.580000
v 0.463250 -0.980000 -0.579956
v 0.519645 -0.980000 -0.564127
v 0.564127 -0.980000 -0.519645
v 0.579956 -0.980000 -0.463250
v 0.580000 0.980000 0.000000
v 0.579956 0.980000 0.463250
v 0.564127 0.980000 0.519645
v 0.519645 0.980000 0.564127
v 0.463250 0.980000 0.579956
v 0.000000 0.980000 0.580000
v -0.463250 0.980000 0.579956
v -0.519645 0.980000 0.564127
v -0.564127 0.980000 0.519645
v -0.579956 0.980000 0.463250
v -0.580000 0.980000 0.000000
v -0.579956 0.980000 -0.463250
v -0.564127 0.980000 -0.519645
v -0.519645 0.980000 -0.564127
v -0.463250 0.980000 -0.579956
v -0.000000 0.980000 -0.580000
v 0.463250 0.980000 -0.579956
v 0.519645 0.980000 -0.564127
v 0.564127 0.980000 -0.519645
v 0.579956 0.980000 -0.463250
v 0.000000 -0.980000 0.000000
v 0.000000 0.980000 0.000000
vn 0.832050 -0.554700 -0.000026
vn 0.826472 -0.557901 0.075435
vn 0.745011 -0.565968 0.353043
vn 0.476671 -0.565968 0.672655
vn 0.150790 -0.557901 0.816094
vn 0.000026 -0.554700 0.832050
vn -0.075435 -0.557901 0.826472
vn -0.353043 -0.565968 0.745011
vn -0.672655 -0.565968 0.476671
vn -0.816094 -0.557901 0.150790
vn -0.832050 -0.554700 0.000026
vn -0.826472 -0.557901 -0.075435
vn -0.745011 -0.565968 -0.353043
vn -0.476671 -0.565968 -0.672655
vn -0.150790 -0.557901 -0.816094
vn -0.000026 -0.554700 -0.832050
vn 0.075435 -0.557901 -0.826472
vn 0.353043 -0.565968 -0.745011
vn 0.672655 -0.565968 -0.476671
vn 0.816094 -0.557901 -0.150790
vn 0.832050 0.554700 0.000026
vn 0.816094 0.557901 0.150790
vn 0.672655 0.565968 0.476671
vn 0.353043 0.565968 0.745011
vn 0.075435 0.557901 0.826472
vn -0.000026 0.554700 0.832050
vn -0.150790 0.557901 0.816094
vn -0.476671 0.565968 0.672655
vn -0.745011 0.565968 0.353043
vn -0.826472 0.557901 0.075435
vn -0.832050 0.554700 -0.000026
vn -0.816094 0.557901 -0.150790
vn -0.672655 0.565968 -0.476671
vn -0.353043 0.565968 -0.745011
vn -0.075435 0.557901 -0.826472
vn 0.000026 0.554700 -0.832050
vn 0.150790 0.557901 -0.816094
vn 0.476671 0.565968 -0.672655
vn 0.745011 0.565968 -0.353043
vn 0.826472 0.557901 -0.075435
vn 0.000000 -1.000000 0.000000
vn 0.000000 1.000000 0.000000
usemtl silk
f 205 206 186
f 205 186 185
f 206 207 187
f 206 187 186
f 207 208 188
f 207 188 187
f 208 209 189
f 208 189 188
f 209 210 190
f 209 190 189
f 210 211 191
f 210 191 190
f 211 212 192
f 211 192 191
f 212 213 193
f 212 193 192
f 213 214 194
f 213 194 193
f 214 215 195
f 214 195 194
f 215 216 196
f 215 196 195
f 216 217 197
f 216 197 196
f 217 218 198
f 217 198 197
f 218 219 199
f 218 199 198
f 219 220 200
f 219 200 199
f 220 221 201
f 220 201 200
f 221 222 202
f 221 202 201
f 222 223 203
f 222 203 202
f 223 224 204
f 223 204 203
f 224 205 185
f 224 185 204
f 185 186 225
f 186 187 225
f 187 188 225
f 188 189 225
f 189 190 225
f 190 191 225
f 191 192 225
f 192 193 225
f 193 194 225
f 194 195 225
f 195 196 225
f 196 197 225
f 197 198 225
f 198 199 225
f 199 200 225
f 200 201 225
f 201 202 225
f 202 203 225
f 203 204 225
f 204 185 225
f 206 205 226
f 207 206 226
f 208 207 226
f 209 208 226
f 210 209 226
f 211 210 226
f 212 211 226
f 213 212 226
f 214 213 226
f 215 214 226
f 216 215 226
f 217 216 226
f 218 217 226
f 219 218 226
f 220 219 226
f 221 220 226
f 222 221 226
f 223 222 226
f 224 223 226
f 205 224 226
o cuirass_front
v -1.000000 -0.850000 0.520000
v -0.916667 -0.850000 0.517083
v -0.833333 -0.850000 0.514167
v -0.750000 -0.850000 0.511250
v -0.666667 -0.850000 0.508333
v -0.583333 -0.850000 0.505417
v -0.500000 -0.850000 0.502500
v -0.416667 -0.850000 0.499583
v -0.333333 -0.850000 0.496667
v -0.250000 -0.850000 0.493750
v -0.166667 -0.850000 0.490833
v -0.083333 -0.850000 0.487917
v 0.000000 -0.850000 0.485000
v 0.083333 -0.850000 0.487917
v 0.166667 -0.850000 0.490833
v 0.250000 -0.850000 0.493750
v 0.333333 -0.850000 0.496667
v 0.416667 -0.850000 0.499583
v 0.500000 -0.850000 0.502500
v 0.583333 -0.850000 0.505417
v 0.666667 -0.850000 0.508333
v 0.750000 -0.850000 0.511250
v 0.833333 -0.850000 0.514167
v 0.916667 -0.850000 0.517083
v 1.000000 -0.850000 0.520000
v -1.000000 -0.767368 0.520000
v -0.916667 -0.767368 0.517449
v -0.833333 -0.767368 0.514898
v -0.750000 -0.767368 0.512346
v -0.666667 -0.767368 0.509795
v -0.583333 -0.767368 0.507244
v -0.500000 -0.767368 0.504693
v -0.416667 -0.767368 0.502142
v -0.333333 -0.767368 0.499591
v -0.250000 -0.767368 0.497039
v -0.166667 -0.767368 0.494488
v -0.083333 -0.767368 0.491937
v 0.000000 -0.767368 0.489386
v 0.083333 -0.767368 0.491937
v 0.166667 -0.767368 0.494488
v 0.250000 -0.767368 0.497039
v 0.333333 -0.767368 0.499591
v 0.416667 -0.767368 0.502142
v 0.500000 -0.767368 0.504693
v 0.583333 -0.767368 0.507244
v 0.666667 -0.767368 0.509795
v 0.750000 -0.767368 0.512346
v 0.833333 -0.767368 0.514898
v 0.916667 -0.767368 0.517449
v 1.000000 -0.767368 0.520000
v -1.000000 -0.684737 0.520858
v -0.916667 -0.684737 0.520922
v -0.833333 -0.684737 0.520790
v -0.750000 -0.684737 0.520462
v -0.666667 -0.684737 0.519939
v -0.583333 -0.684737 0.519221
v -0.500000 -0.684737 0.518307
v -0.416667 -0.684737 0.517197
v -0.333333 -0.684737 0.515891
v -0.250000 -0.684737 0.514390
v -0.166667 -0.684737 0.512694
v -0.083333 -0.684737 0.510802
v 0.000000 -0.684737 0.508714
v 0.083333 -0.684737 0.510802
v 0.166667 -0.684737 0.512694
v 0.250000 -0.684737 0.514390
v 0.333333 -0.684737 0.515891
v 0.416667 -0.684737 0.517197
v 0.500000 -0.684737 0.518307
v 0.583333 -0.684737 0.519221
v 0.666667 -0.684737 0.519939
v 0.750000 -0.684737 0.520462
v 0.833333 -0.684737 0.520790
v 0.916667 -0.684737 0.520922
v 1.000000 -0.684737 0.520858
v -1.000000 -0.602105 0.522111
v -0.916667 -0.602105 0.525827
v -0.833333 -0.602105 0.529062
v -0.750000 -0.602105 0.531815
v -0.666667 -0.602105 0.534087
v -0.583333 -0.602105 0.535877
v -0.500000 -0.602105 0.537186
v -0.416667 -0.602105 0.538014
v -0.333333 -0.602105 0.538360
v -0.250000 -0.602105 0.538225
v -0.166667 -0.602105 0.537608
v -0.083333 -0.602105 0.536510
v 0.000000 -0.602105 0.534931
v 0.083333 -0.602105 0.536510
v 0.166667 -0.602105 0.537608
v 0.250000 -0.602105 0.538225
v 0.333333 -0.602105 0.538360
v 0.416667 -0.602105 0.538014
v 0.500000 -0.602105 0.537186
v 0.583333 -0.602105 0.535877
v 0.666667 -0.602105 0.534087
v 0.750000 -0.602105 0.531815
v 0.833333 -0.602105 0.529062
v 0.916667 -0.602105 0.525827
v 1.000000 -0.602105 0.522111
v -1.000000 -0.519474 0.523554
v -0.916667 -0.519474 0.531421
v -0.833333 -0.519474 0.538477
v -0.750000 -0.519474 0.544722
v -0.666667 -0.519474 0.550157
v -0.583333 -0.519474 0.554781
v -0.500000 -0.519474 0.558595
v -0.416667 -0.519474 0.561598
v -0.333333 -0.519474 0.563791
v -0.250000 -0.519474 0.565173
v -0.166667 -0.519474 0.565745
v -0.083333 -0.519474 0.565506
v 0.000000 -0.519474 0.564457
v 0.083333 -0.519474 0.565506
v 0.166667 -0.519474 0.565745
v 0.250000 -0.519474 0.565173
v 0.333333 -0.519474 0.563791
v 0.416667 -0.519474 0.561598
v 0.500000 -0.519474 0.558595
v 0.583333 -0.519474 0.554781
v 0.666667 -0.519474 0.550157
v 0.750000 -0.519474 0.544722
v 0.833333 -0.519474 0.538477
v 0.916667 -0.519474 0.531421
v 1.000000 -0.519474 0.523554
v -1.000000 -0.436842 0.525067
v -0.916667 -0.436842 0.537267
v -0.833333 -0.436842 0.548311
v -0.750000 -0.436842 0.558200
v -0.666667 -0.436842 0.566933
v -0.583333 -0.436842 0.574511
v -0.500000 -0.436842 0.580933
v -0.416667 -0.436842 0.586200
v -0.333333 -0.436842 0.590311
v -0.250000 -0.436842 0.593266
v -0.166667 -0.436842 0.595066
v -0.083333 -0.436842 0.595710
v 0.000000 -0.436842 0.595198
v 0.083333 -0.436842 0.595710
v 0.166667 -0.436842 0.595066
v 0.250000 -0.436842 0.593266
v 0.333333 -0.436842 0.590311
v 0.416667 -0.436842 0.586200
v 0.500000 -0.436842 0.580933
v 0.583333 -0.436842 0.574511
v 0.666667 -0.436842 0.566933
v 0.750000 -0.436842 0.558200
v 0.833333 -0.436842 0.548311
v 0.916667 -0.436842 0.537267
v 1.000000 -0.436842 0.525067
v -1.000000 -0.354211 0.526511
v -0.916667 -0.354211 0.542864
v -0.833333 -0.354211 0.557732
v -0.750000 -0.354211 0.571115
v -0.666667 -0.354211 0.583014
v -0.583333 -0.354211 0.593427
v -0.500000 -0.354211 0.602355
v -0.416667 -0.354211 0.609799
v -0.333333 -0.354211 0.615757
v -0.250000 -0.354211 0.620231
v -0.166667 -0.354211 0.623219
v -0.083333 -0.354211 0.624723
v 0.000000 -0.354211 0.624742
v 0.083333 -0.354211 0.624723
v 0.166667 -0.354211 0.623219
v 0.250000 -0.354211 0.620231
v 0.333333 -0.354211 0.615757
v 0.416667 -0.354211 0.609799
v 0.500000 -0.354211 0.602355
v 0.583333 -0.354211 0.593427
v 0.666667 -0.354211 0.583014
v 0.750000 -0.354211 0.571115
v 0.833333 -0.354211 0.557732
v 0.916667 -0.354211 0.542864
v 1.000000 -0.354211 0.526511
v -1.000000 -0.271579 0.527746
v -0.916667 -0.271579 0.547704
v -0.833333 -0.271579 0.565896
v -0.750000 -0.271579 0.582321
v -0.666667 -0.271579 0.596979
v -0.583333 -0.271579 0.609870
v -0.500000 -0.271579 0.620995
v -0.416667 -0.271579 0.630353
v -0.333333 -0.271579 0.637945
v -0.250000 -0.271579 0.643770
v -0.166667 -0.271579 0.647828
v -0.083333 -0.271579 0.650120
v 0.000000 -0.271579 0.650645
v 0.083333 -0.271579 0.650120
v 0.166667 -0.271579 0.647828
v 0.250000 -0.271579 0.643770
v 0.333333 -0.271579 0.637945
v 0.416667 -0.271579 0.630353
v 0.500000 -0.271579 0.620995
v 0.583333 -0.271579 0.609870
v 0.666667 -0.271579 0.596979
v 0.750000 -0.271579 0.582321
v 0.833333 -0.271579 0.565896
v 0.916667 -0.271579 0.547704
v 1.000000 -0.271579 0.527746
v -1.000000 -0.188947 0.528648
v -0.916667 -0.188947 0.551330
v -0.833333 -0.188947 0.572039
v -0.750000 -0.188947 0.590776
v -0.666667 -0.188947 0.607541
v -0.583333 -0.188947 0.622333
v -0.500000 -0.188947 0.635154
v -0.416667 -0.188947 0.646001
v -0.333333 -0.188947 0.654877
v -0.250000 -0.188947 0.661780
v -0.166667 -0.188947 0.666711
v -0.083333 -0.188947 0.669669
v 0.000000 -0.188947 0.670655
v 0.083333 -0.188947 0.669669
v 0.166667 -0.188947 0.666711
v 0.250000 -0.188947 0.661780
v 0.333333 -0.188947 0.654877
v 0.416667 -0.188947 0.646001
v 0.500000 -0.188947 0.635154
v 0.583333 -0.188947 0.622333
v 0.666667 -0.188947 0.607541
v 0.750000 -0.188947 0.590776
v 0.833333 -0.188947 0.572039
v 0.916667 -0.188947 0.551330
v 1.000000 -0.188947 0.528648
v -1.000000 -0.106316 0.529124
v -0.916667 -0.106316 0.553053
v -0.833333 -0.106316 0.574902
v -0.750000 -0.106316 0.594670
v -0.666667 -0.106316 0.612357
v -0.583333 -0.106316 0.627963
v -0.500000 -0.106316 0.641488
v -0.416667 -0.106316 0.652933
v -0.333333 -0.106316 0.662297
v -0.250000 -0.106316 0.669580
v -0.166667 -0.106316 0.674782
v -0.083333 -0.106316 0.677903
v 0.000000 -0.106316 0.678943
v 0.083333 -0.106316 0.677903
v 0.166667 -0.106316 0.674782
v 0.250000 -0.106316 0.669580
v 0.333333 -0.106316 0.662297
v 0.416667 -0.106316 0.652933
v 0.500000 -0.106316 0.641488
v 0.583333 -0.106316 0.627963
v 0.666667 -0.106316 0.612357
v 0.750000 -0.106316 0.594670
v 0.833333 -0.106316 0.574902
v 0.916667 -0.106316 0.553053
v 1.000000 -0.106316 0.529124
v -1.000000 -0.023684 0.529124
v -0.916667 -0.023684 0.553053
v -0.833333 -0.023684 0.574902
v -0.750000 -0.023684 0.594670
v -0.666667 -0.023684 0.612357
v -0.583333 -0.023684 0.627963
v -0.500000 -0.023684 0.641488
v -0.416667 -0.023684 0.652933
v -0.333333 -0.023684 0.662297
v -0.250000 -0.023684 0.669580
v -0.166667 -0.023684 0.674782
v -0.083333 -0.023684 0.677903
v 0.000000 -0.023684 0.678943
v 0.083333 -0.023684 0.677903
v 0.166667 -0.023684 0.674782
v 0.250000 -0.023684 0.669580
v 0.333333 -0.023684 0.662297
v 0.416667 -0.023684 0.652933
v 0.500000 -0.023684 0.641488
v 0.583333 -0.023684 0.627963
v 0.666667 -0.023684 0.612357
v 0.750000 -0.023684 0.594670
v 0.833333 -0.023684 0.574902
v 0.916667 -0.023684 0.553053
v 1.000000 -0.023684 0.529124
v -1.000000 0.058947 0.528648
v -0.916667 0.058947 0.551330
v -0.833333 0.058947 0.572039
v -0.750000 0.058947 0.590776
v -0.666667 0.058947 0.607541
v -0.583333 0.058947 0.622333
v -0.500000 0.058947 0.635154
v -0.416667 0.058947 0.646001
v -0.333333 0.058947 0.654877
v -0.250000 0.058947 0.661780
v -0.166667 0.058947 0.666711
v -0.083333 0.058947 0.669669
v 0.000000 0.058947 0.670655
v 0.083333 0.058947 0.669669
v 0.166667 0.058947 0.666711
v 0.250000 0.058947 0.661780
v 0.333333 0.058947 0.654877
v 0.416667 0.058947 0.646001
v 0.500000 0.058947 0.635154
v 0.583333 0.058947 0.622333
v 0.666667 0.058947 0.607541
v 0.750000 0.058947 0.590776
v 0.833333 0.058947 0.572039
v 0.916667 0.058947 0.551330
v 1.000000 0.058947 0.528648
v -1.000000 0.141579 0.527746
v -0.916667 0.141579 0.548063
v -0.833333 0.141579 0.566612
v -0.750000 0.141579 0.583395
v -0.666667 0.141579 0.598411
v -0.583333 0.141579 0.611661
v -0.500000 0.141579 0.623144
v -0.416667 0.141579 0.632861
v -0.333333 0.141579 0.640811
v -0.250000 0.141579 0.646994
v -0.166667 0.141579 0.651410
v -0.083333 0.141579 0.654060
v 0.000000 0.141579 0.654944
v 0.083333 0.141579 0.654060
v 0.166667 0.141579 0.651410
v 0.250000 0.141579 0.646994
v 0.333333 0.141579 0.640811
v 0.416667 0.141579 0.632861
v 0.500000 0.141579 0.623144
v 0.583333 0.141579 0.611661
v 0.666667 0.141579 0.598411
v 0.750000 0.141579 0.583395
v 0.833333 0.141579 0.566612
v 0.916667 0.141579 0.548063
v 1.000000 0.141579 0.527746
v -1.000000 0.224211 0.526511
v -0.916667 0.224211 0.543588
v -0.833333 0.224211 0.559180
v -0.750000 0.224211 0.573286
v -0.666667 0.224211 0.585908
v -0.583333 0.224211 0.597045
v -0.500000 0.224211 0.606697
v -0.416667 0.224211 0.614864
v -0.333333 0.224211 0.621547
v -0.250000 0.224211 0.626744
v -0.166667 0.224211 0.630456
v -0.083333 0.224211 0.632684
v 0.000000 0.224211 0.633426
v 0.083333 0.224211 0.632684
v 0.166667 0.224211 0.630456
v 0.250000 0.224211 0.626744
v 0.333333 0.224211 0.621547
v 0.416667 0.224211 0.614864
v 0.500000 0.224211 0.606697
v 0.583333 0.224211 0.597045
v 0.666667 0.224211 0.585908
v 0.750000 0.224211 0.573286
v 0.833333 0.224211 0.559180
v 0.916667 0.224211 0.543588
v 1.000000 0.224211 0.526511
v -1.000000 0.306842 0.525067
v -0.916667 0.306842 0.538356
v -0.833333 0.306842 0.550490
v -0.750000 0.306842 0.561468
v -0.666667 0.306842 0.571290
v -0.583333 0.306842 0.579957
v -0.500000 0.306842 0.587468
v -0.416667 0.306842 0.593824
v -0.333333 0.306842 0.599024
v -0.250000 0.306842 0.603069
v -0.166667 0.306842 0.605957
v -0.083333 0.306842 0.607691
v 0.000000 0.306842 0.608269
v 0.083333 0.306842 0.607691
v 0.166667 0.306842 0.605957
v 0.250000 0.306842 0.603069
v 0.333333 0.306842 0.599024
v 0.416667 0.306842 0.593824
v 0.500000 0.306842 0.587468
v 0.583333 0.306842 0.579957
v 0.666667 0.306842 0.571290
v 0.750000 0.306842 0.561468
v 0.833333 0.306842 0.550490
v 0.916667 0.306842 0.538356
v 1.000000 0.306842 0.525067
v -1.000000 0.389474 0.523554
v -0.916667 0.389474 0.532875
v -0.833333 0.389474 0.541386
v -0.750000 0.389474 0.549086
v -0.666667 0.389474 0.555976
v -0.583333 0.389474 0.562055
v -0.500000 0.389474 0.567323
v -0.416667 0.389474 0.571781
v -0.333333 0.389474 0.575429
v -0.250000 0.389474 0.578265
v -0.166667 0.389474 0.580292
v -0.083333 0.389474 0.581508
v 0.000000 0.389474 0.581913
v 0.083333 0.389474 0.581508
v 0.166667 0.389474 0.580292
v 0.250000 0.389474 0.578265
v 0.333333 0.389474 0.575429
v 0.416667 0.389474 0.571781
v 0.500000 0.389474 0.567323
v 0.583333 0.389474 0.562055
v 0.666667 0.389474 0.555976
v 0.750000 0.389474 0.549086
v 0.833333 0.389474 0.541386
v 0.916667 0.389474 0.532875
v 1.000000 0.389474 0.523554
v -1.000000 0.472105 0.522111
v -0.916667 0.472105 0.527647
v -0.833333 0.472105 0.532702
v -0.750000 0.472105 0.537275
v -0.666667 0.472105 0.541367
v -0.583333 0.472105 0.544978
v -0.500000 0.472105 0.548107
v -0.416667 0.472105 0.550755
v -0.333333 0.472105 0.552921
v -0.250000 0.472105 0.554606
v -0.166667 0.472105 0.555810
v -0.083333 0.472105 0.556532
v 0.000000 0.472105 0.556773
v 0.083333 0.472105 0.556532
v 0.166667 0.472105 0.555810
v 0.250000 0.472105 0.554606
v 0.333333 0.472105 0.552921
v 0.416667 0.472105 0.550755
v 0.500000 0.472105 0.548107
v 0.583333 0.472105 0.544978
v 0.666667 0.472105 0.541367
v 0.750000 0.472105 0.537275
v 0.833333 0.472105 0.532702
v 0.916667 0.472105 0.527647
v 1.000000 0.472105 0.522111
v -1.000000 0.554737 0.520858
v -0.916667 0.554737 0.523107
v -0.833333 0.554737 0.525161
v -0.750000 0.554737 0.527019
v -0.666667 0.554737 0.528682
v -0.583333 0.554737 0.530149
v -0.500000 0.554737 0.531421
v -0.416667 0.554737 0.532497
v -0.333333 0.554737 0.533377
v -0.250000 0.554737 0.534061
v -0.166667 0.554737 0.534550
v -0.083333 0.554737 0.534844
v 0.000000 0.554737 0.534942
v 0.083333 0.554737 0.534844
v 0.166667 0.554737 0.534550
v 0.250000 0.554737 0.534061
v 0.333333 0.554737 0.533377
v 0.416667 0.554737 0.532497
v 0.500000 0.554737 0.531421
v 0.583333 0.554737 0.530149
v 0.666667 0.554737 0.528682
v 0.750000 0.554737 0.527019
v 0.833333 0.554737 0.525161
v 0.916667 0.554737 0.523107
v 1.000000 0.554737 0.520858
v -1.000000 0.637368 0.520000
v -0.916667 0.637368 0.520000
v -0.833333 0.637368 0.520000
v -0.750000 0.637368 0.520000
v -0.666667 0.637368 0.520000
v -0.583333 0.637368 0.520000
v -0.500000 0.637368 0.520000
v -0.416667 0.637368 0.520000
v -0.333333 0.637368 0.520000
v -0.250000 0.637368 0.520000
v -0.166667 0.637368 0.520000
v -0.083333 0.637368 0.520000
v 0.000000 0.637368 0.520000
v 0.083333 0.637368 0.520000
v 0.166667 0.637368 0.520000
v 0.250000 0.637368 0.520000
v 0.333333 0.637368 0.520000
v 0.416667 0.637368 0.520000
v 0.500000 0.637368 0.520000
v 0.583333 0.637368 0.520000
v 0.666667 0.637368 0.520000
v 0.750000 0.637368 0.520000
v 0.833333 0.637368 0.520000
v 0.916667 0.637368 0.520000
v 1.000000 0.637368 0.520000
v -1.000000 0.720000 0.520000
v -0.916667 0.720000 0.520000
v -0.833333 0.720000 0.520000
v -0.750000 0.720000 0.520000
v -0.666667 0.720000 0.520000
v -0.583333 0.720000 0.520000
v -0.500000 0.720000 0.520000
v -0.416667 0.720000 0.520000
v -0.333333 0.720000 0.520000
v -0.250000 0.720000 0.520000
v -0.166667 0.720000 0.520000
v -0.083333 0.720000 0.520000
v 0.000000 0.720000 0.520000
v 0.083333 0.720000 0.520000
v 0.166667 0.720000 0.520000
v 0.250000 0.720000 0.520000
v 0.333333 0.720000 0.520000
v 0.416667 0.720000 0.520000
v 0.500000 0.720000 0.520000
v 0.583333 0.720000 0.520000
v 0.666667 0.720000 0.520000
v 0.750000 0.720000 0.520000
v 0.833333 0.720000 0.520000
v 0.916667 0.720000 0.520000
v 1.000000 0.720000 0.520000
v -1.002099 -0.850000 0.460037
v -0.918765 -0.849735 0.457121
v -0.835432 -0.849470 0.454206
v -0.752099 -0.849204 0.451292
v -0.668765 -0.848939 0.448379
v -0.585432 -0.848674 0.445468
v -0.502098 -0.848409 0.442558
v -0.418764 -0.848144 0.439649
v -0.335431 -0.847879 0.436741
v -0.252097 -0.847615 0.433834
v -0.168763 -0.847350 0.430929
v -0.085430 -0.847086 0.428024
v 0.000000 -0.846820 0.425084
v 0.085430 -0.847086 0.428024
v 0.168763 -0.847350 0.430929
v 0.252097 -0.847615 0.433834
v 0.335431 -0.847879 0.436741
v 0.418764 -0.848144 0.439649
v 0.502098 -0.848409 0.442558
v 0.585432 -0.848674 0.445468
v 0.668765 -0.848939 0.448379
v 0.752099 -0.849204 0.451292
v 0.835432 -0.849470 0.454206
v 0.918765 -0.849735 0.457121
v 1.002099 -0.850000 0.460037
v -1.001836 -0.767057 0.460029
v -0.918502 -0.765976 0.457493
v -0.835168 -0.764967 0.454974
v -0.751833 -0.764031 0.452467
v -0.668498 -0.763167 0.449971
v -0.585163 -0.762376 0.447480
v -0.501828 -0.761658 0.444993
v -0.418492 -0.761013 0.442507
v -0.335157 -0.760439 0.440020
v -0.251822 -0.759936 0.437529
v -0.168487 -0.759504 0.435034
v -0.085152 -0.759142 0.432532
v 0.000000 -0.758846 0.429994
v 0.085152 -0.759142 0.432532
v 0.168487 -0.759504 0.435034
v 0.251822 -0.759936 0.437529
v 0.335157 -0.760439 0.440020
v 0.418492 -0.761013 0.442507
v 0.501828 -0.761658 0.444993
v 0.585163 -0.762376 0.447480
v 0.668498 -0.763167 0.449971
v 0.751833 -0.764031 0.452467
v 0.835168 -0.764967 0.454974
v 0.918502 -0.765976 0.457493
v 1.001836 -0.767057 0.460029
v -0.999954 -0.683971 0.460863
v -0.916691 -0.681699 0.460999
v -0.833498 -0.679613 0.461009
v -0.750304 -0.677717 0.460875
v -0.667109 -0.676012 0.460579
v -0.583912 -0.674494 0.460104
v -0.500715 -0.673162 0.459438
v -0.417516 -0.672011 0.458568
v -0.334317 -0.671035 0.457485
v -0.251117 -0.670230 0.456181
v -0.167917 -0.669592 0.454650
v -0.084716 -0.669117 0.452887
v 0.000000 -0.668796 0.450870
v 0.084716 -0.669117 0.452887
v 0.167917 -0.669592 0.454650
v 0.251117 -0.670230 0.456181
v 0.334317 -0.671035 0.457485
v 0.417516 -0.672011 0.458568
v 0.500715 -0.673162 0.459438
v 0.583912 -0.674494 0.460104
v 0.667109 -0.676012 0.460579
v 0.750304 -0.677717 0.460875
v 0.833498 -0.679613 0.461009
v 0.916691 -0.681699 0.460999
v 0.999954 -0.683971 0.460863
v -0.997327 -0.601127 0.462178
v -0.914172 -0.598304 0.465999
v -0.831191 -0.595724 0.469440
v -0.748211 -0.593395 0.472477
v -0.665229 -0.591317 0.475082
v -0.582243 -0.589486 0.477229
v -0.499253 -0.587896 0.478898
v -0.416259 -0.586537 0.480070
v -0.333260 -0.585402 0.480732
v -0.250259 -0.584482 0.480872
v -0.167254 -0.583767 0.480482
v -0.084248 -0.583253 0.479556
v 0.000000 -0.582929 0.478078
v 0.084248 -0.583253 0.479556
v 0.167254 -0.583767 0.480482
v 0.250259 -0.584482 0.480872
v 0.333260 -0.585402 0.480732
v 0.416259 -0.586537 0.480070
v 0.499253 -0.587896 0.478898
v 0.582243 -0.589486 0.477229
v 0.665229 -0.591317 0.475082
v 0.748211 -0.593395 0.472477
v 0.831191 -0.595724 0.469440
v 0.914172 -0.598304 0.465999
v 0.997327 -0.601127 0.462178
v -0.994362 -0.518405 0.463829
v -0.911329 -0.515347 0.471801
v -0.828592 -0.512554 0.479066
v -0.745858 -0.510037 0.485614
v -0.663121 -0.507798 0.491411
v -0.580379 -0.505832 0.496427
v -0.497629 -0.504132 0.500638
v -0.414872 -0.502686 0.504023
v -0.332106 -0.501484 0.506565
v -0.249333 -0.500516 0.508251
v -0.166554 -0.499770 0.509073
v -0.083770 -0.499240 0.509022
v 0.000000 -0.498917 0.508088
v 0.083770 -0.499240 0.509022
v 0.166554 -0.499770 0.509073
v 0.249333 -0.500516 0.508251
v 0.332106 -0.501484 0.506565
v 0.414872 -0.502686 0.504023
v 0.497629 -0.504132 0.500638
v 0.580379 -0.505832 0.496427
v 0.663121 -0.507798 0.491411
v 0.745858 -0.510037 0.485614
v 0.828592 -0.512554 0.479066
v 0.911329 -0.515347 0.471801
v 0.994362 -0.518405 0.463829
v -0.991310 -0.435780 0.465709
v -0.908398 -0.432737 0.477981
v -0.825906 -0.429952 0.489173
v -0.743420 -0.427437 0.499308
v -0.660934 -0.425196 0.508354
v -0.578442 -0.423226 0.516282
v -0.495942 -0.421519 0.523065
v -0.413431 -0.420067 0.528683
v -0.330909 -0.418859 0.533120
v -0.248377 -0.417885 0.536363
v -0.165836 -0.417135 0.538400
v -0.083288 -0.416603 0.539226
v 0.000000 -0.416280 0.538832
v 0.083288 -0.416603 0.539226
v 0.165836 -0.417135 0.538400
v 0.248377 -0.417885 0.536363
v 0.330909 -0.418859 0.533120
v 0.413431 -0.420067 0.528683
v 0.495942 -0.421519 0.523065
v 0.578442 -0.423226 0.516282
v 0.660934 -0.425196 0.508354
v 0.743420 -0.427437 0.499308
v 0.825906 -0.429952 0.489173
v 0.908398 -0.432737 0.477981
v 0.991310 -0.435780 0.465709
v -0.988448 -0.353256 0.467641
v -0.905640 -0.350493 0.484003
v -0.823361 -0.347951 0.498899
v -0.741094 -0.345641 0.512402
v -0.658832 -0.343570 0.524487
v -0.576568 -0.341737 0.535129
v -0.494298 -0.340139 0.544308
v -0.412019 -0.338770 0.552006
v -0.329731 -0.337623 0.558208
v -0.247433 -0.336691 0.562903
v -0.165127 -0.335968 0.566081
v -0.082813 -0.335448 0.567734
v 0.000000 -0.335126 0.567858
v 0.082813 -0.335448 0.567734
v 0.165127 -0.335968 0.566081
v 0.247433 -0.336691 0.562903
v 0.329731 -0.337623 0.558208
v 0.412019 -0.338770 0.552006
v 0.494298 -0.340139 0.544308
v 0.576568 -0.341737 0.535129
v 0.658832 -0.343570 0.524487
v 0.741094 -0.345641 0.512402
v 0.823361 -0.347951 0.498899
v 0.905640 -0.350493 0.484003
v 0.988448 -0.353256 0.467641
v -0.986027 -0.270824 0.469401
v -0.903296 -0.268587 0.489290
v -0.821175 -0.266511 0.507359
v -0.739074 -0.264609 0.523737
v -0.656985 -0.262886 0.538407
v -0.574901 -0.261344 0.551354
v -0.492819 -0.259983 0.562566
v -0.410735 -0.258803 0.572030
v -0.328648 -0.257800 0.579737
v -0.246555 -0.256974 0.585677
v -0.164457 -0.256319 0.589843
v -0.082355 -0.255835 0.592231
v 0.000000 -0.255518 0.592835
v 0.082355 -0.255835 0.592231
v 0.164457 -0.256319 0.589843
v 0.246555 -0.256974 0.585677
v 0.328648 -0.257800 0.579737
v 0.410735 -0.258803 0.572030
v 0.492819 -0.259983 0.562566
v 0.574901 -0.261344 0.551354
v 0.656985 -0.262886 0.538407
v 0.739074 -0.264609 0.523737
v 0.821175 -0.266511 0.507359
v 0.903296 -0.268587 0.489290
v 0.986027 -0.270824 0.469401
v -0.984243 -0.188465 0.470756
v -0.901557 -0.187069 0.493294
v -0.819534 -0.185770 0.513734
v -0.737533 -0.184574 0.532249
v -0.655551 -0.183484 0.548833
v -0.573583 -0.182504 0.563483
v -0.491627 -0.181636 0.576192
v -0.409680 -0.180880 0.586958
v -0.327738 -0.180239 0.595776
v -0.245801 -0.179712 0.602644
v -0.163867 -0.179300 0.607558
v -0.081933 -0.179003 0.610516
v 0.000000 -0.178821 0.611516
v 0.081933 -0.179003 0.610516
v 0.163867 -0.179300 0.607558
v 0.245801 -0.179712 0.602644
v 0.327738 -0.180239 0.595776
v 0.409680 -0.180880 0.586958
v 0.491627 -0.181636 0.576192
v 0.573583 -0.182504 0.563483
v 0.655551 -0.183484 0.548833
v 0.737533 -0.184574 0.532249
v 0.819534 -0.185770 0.513734
v 0.901557 -0.187069 0.493294
v 0.984243 -0.188465 0.470756
v -0.983440 -0.106150 0.471455
v -0.900776 -0.105712 0.495199
v -0.818800 -0.105308 0.516698
v -0.736848 -0.104937 0.536145
v -0.654918 -0.104602 0.553543
v -0.573008 -0.104304 0.568892
v -0.491116 -0.104043 0.582193
v -0.409240 -0.103821 0.593447
v -0.327376 -0.103638 0.602653
v -0.245523 -0.103495 0.609813
v -0.163678 -0.103393 0.614927
v -0.081837 -0.103331 0.617996
v 0.000000 -0.103311 0.619019
v 0.081837 -0.103331 0.617996
v 0.163678 -0.103393 0.614927
v 0.245523 -0.103495 0.609813
v 0.327376 -0.103638 0.602653
v 0.409240 -0.103821 0.593447
v 0.491116 -0.104043 0.582193
v 0.573008 -0.104304 0.568892
v 0.654918 -0.104602 0.553543
v 0.736848 -0.104937 0.536145
v 0.818800 -0.105308 0.516698
v 0.900776 -0.105712 0.495199
v 0.983440 -0.106150 0.471455
v -0.983440 -0.023850 0.471455
v -0.900776 -0.024288 0.495199
v -0.818800 -0.024692 0.516698
v -0.736848 -0.025063 0.536145
v -0.654918 -0.025398 0.553543
v -0.573008 -0.025696 0.568892
v -0.491116 -0.025957 0.582193
v -0.409240 -0.026179 0.593447
v -0.327376 -0.026362 0.602653
v -0.245523 -0.026505 0.609813
v -0.163678 -0.026607 0.614927
v -0.081837 -0.026669 0.617996
v 0.000000 -0.026689 0.619019
v 0.081837 -0.026669 0.617996
v 0.163678 -0.026607 0.614927
v 0.245523 -0.026505 0.609813
v 0.327376 -0.026362 0.602653
v 0.409240 -0.026179 0.593447
v 0.491116 -0.025957 0.582193
v 0.573008 -0.025696 0.568892
v 0.654918 -0.025398 0.553543
v 0.736848 -0.025063 0.536145
v 0.818800 -0.024692 0.516698
v 0.900776 -0.024288 0.495199
v 0.983440 -0.023850 0.471455
v -0.984243 0.058465 0.470756
v -0.901556 0.057195 0.493290
v -0.819531 0.056022 0.513722
v -0.737528 0.054953 0.532223
v -0.655543 0.053990 0.548790
v -0.573573 0.053136 0.563419
v -0.491615 0.052393 0.576105
v -0.409666 0.051763 0.586846
v -0.327725 0.051246 0.595638
v -0.245789 0.050843 0.602479
v -0.163858 0.050555 0.607367
v -0.081928 0.050382 0.610300
v 0.000000 0.050325 0.611278
v 0.081928 0.050382 0.610300
v 0.163858 0.050555 0.607367
v 0.245789 0.050843 0.602479
v 0.327725 0.051246 0.595638
v 0.409666 0.051763 0.586846
v 0.491615 0.052393 0.576105
v 0.573573 0.053136 0.563419
v 0.655543 0.053990 0.548790
v 0.737528 0.054953 0.532223
v 0.819531 0.056022 0.513722
v 0.901556 0.057195 0.493290
v 0.984243 0.058465 0.470756
v -0.985790 0.140825 0.469458
v -0.903055 0.138844 0.489691
v -0.820926 0.137025 0.508086
v -0.738815 0.135375 0.524774
v -0.656717 0.133899 0.539743
v -0.574625 0.132600 0.552980
v -0.492537 0.131477 0.564474
v -0.410450 0.130530 0.574215
v -0.328363 0.129758 0.582197
v -0.246274 0.129159 0.588412
v -0.164184 0.128733 0.592854
v -0.082092 0.128478 0.595521
v 0.000000 0.128393 0.596410
v 0.082092 0.128478 0.595521
v 0.164184 0.128733 0.592854
v 0.246274 0.129159 0.588412
v 0.328363 0.129758 0.582197
v 0.410450 0.130530 0.574215
v 0.492537 0.131477 0.564474
v 0.574625 0.132600 0.552980
v 0.656717 0.133899 0.539743
v 0.738815 0.135375 0.524774
v 0.820926 0.137025 0.508086
v 0.903055 0.138844 0.489691
v 0.985790 0.140825 0.469458
v -0.987957 0.223258 0.467740
v -0.905145 0.220758 0.484806
v -0.822856 0.218474 0.500381
v -0.740580 0.216417 0.514545
v -0.658309 0.214589 0.527278
v -0.576038 0.212990 0.538557
v -0.493764 0.211618 0.548366
v -0.411484 0.210469 0.556690
v -0.329197 0.209537 0.563516
v -0.246904 0.208819 0.568834
v -0.164606 0.208309 0.572638
v -0.082304 0.208004 0.574923
v 0.000000 0.207903 0.575685
v 0.082304 0.208004 0.574923
v 0.164606 0.208309 0.572638
v 0.246904 0.208819 0.568834
v 0.329197 0.209537 0.563516
v 0.411484 0.210469 0.556690
v 0.493764 0.211618 0.548366
v 0.576038 0.212990 0.538557
v 0.658309 0.214589 0.527278
v 0.740580 0.216417 0.514545
v 0.822856 0.218474 0.500381
v 0.905145 0.220758 0.484806
v 0.987957 0.223258 0.467740
v -0.990553 0.305782 0.465825
v -0.907638 0.303005 0.479164
v -0.825139 0.300479 0.491394
v -0.742647 0.298214 0.502548
v -0.660156 0.296212 0.512599
v -0.577661 0.294470 0.521521
v -0.495160 0.292982 0.529292
v -0.412650 0.291740 0.535895
v -0.330132 0.290738 0.541314
v -0.247607 0.289967 0.545540
v -0.165075 0.289421 0.548564
v -0.082539 0.289095 0.550381
v 0.000000 0.288987 0.550987
v 0.082539 0.289095 0.550381
v 0.165075 0.289421 0.548564
v 0.247607 0.289967 0.545540
v 0.330132 0.290738 0.541314
v 0.412650 0.291740 0.535895
v 0.495160 0.292982 0.529292
v 0.577661 0.294470 0.521521
v 0.660156 0.296212 0.512599
v 0.742647 0.298214 0.502548
v 0.825139 0.300479 0.491394
v 0.907638 0.303005 0.479164
v 0.990553 0.305782 0.465825
v -0.993331 0.388407 0.463935
v -0.910297 0.385616 0.473339
v -0.827558 0.383083 0.482007
v -0.744822 0.380816 0.489940
v -0.662086 0.378815 0.497108
v -0.579346 0.377077 0.503485
v -0.496599 0.375595 0.509050
v -0.413846 0.374359 0.513785
v -0.331086 0.373363 0.517676
v -0.248321 0.372597 0.520712
v -0.165550 0.372055 0.522887
v -0.082776 0.371732 0.524194
v 0.000000 0.371624 0.524629
v 0.082776 0.371732 0.524194
v 0.165550 0.372055 0.522887
v 0.248321 0.372597 0.520712
v 0.331086 0.373363 0.517676
v 0.413846 0.374359 0.513785
v 0.496599 0.375595 0.509050
v 0.579346 0.377077 0.503485
v 0.662086 0.378815 0.497108
v 0.744822 0.380816 0.489940
v 0.827558 0.383083 0.482007
v 0.910297 0.385616 0.473339
v 0.993331 0.388407 0.463935
v -0.996023 0.471129 0.462251
v -0.912868 0.468572 0.467872
v -0.829889 0.466253 0.473088
v -0.746912 0.464175 0.477882
v -0.663934 0.462339 0.482231
v -0.580953 0.460741 0.486112
v -0.497969 0.459375 0.489508
v -0.414981 0.458235 0.492405
v -0.331990 0.457313 0.494789
v -0.248996 0.456604 0.496652
v -0.165999 0.456101 0.497988
v -0.083000 0.455801 0.498791
v 0.000000 0.455702 0.499059
v 0.083000 0.455801 0.498791
v 0.165999 0.456101 0.497988
v 0.248996 0.456604 0.496652
v 0.331990 0.457313 0.494789
v 0.414981 0.458235 0.492405
v 0.497969 0.459375 0.489508
v 0.580953 0.460741 0.486112
v 0.663934 0.462339 0.482231
v 0.746912 0.464175 0.477882
v 0.829889 0.466253 0.473088
v 0.912868 0.468572 0.467872
v 0.996023 0.471129 0.462251
v -0.998381 0.553971 0.460884
v -0.915120 0.551964 0.463191
v -0.831929 0.550140 0.465354
v -0.748740 0.548500 0.467358
v -0.665549 0.547045 0.469188
v -0.582359 0.545771 0.470831
v -0.499167 0.544678 0.472276
v -0.415974 0.543760 0.473513
v -0.332781 0.543015 0.474536
v -0.249586 0.542440 0.475337
v -0.166391 0.542031 0.475912
v -0.083196 0.541786 0.476258
v 0.000000 0.541705 0.476374
v 0.083196 0.541786 0.476258
v 0.166391 0.542031 0.475912
v 0.249586 0.542440 0.475337
v 0.332781 0.543015 0.474536
v 0.415974 0.543760 0.473513
v 0.499167 0.544678 0.472276
v 0.582359 0.545771 0.470831
v 0.665549 0.547045 0.469188
v 0.748740 0.548500 0.467358
v 0.831929 0.550140 0.465354
v 0.915120 0.551964 0.463191
v 0.998381 0.553971 0.460884
v -1.000000 0.637057 0.460001
v -0.916667 0.636241 0.460011
v -0.833333 0.635496 0.460029
v -0.750000 0.634822 0.460054
v -0.666667 0.634221 0.460083
v -0.583333 0.633691 0.460113
v -0.500000 0.633232 0.460143
v -0.416667 0.632844 0.460171
v -0.333333 0.632528 0.460196
v -0.250000 0.632282 0.460216
v -0.166667 0.632106 0.460231
v -0.083333 0.632001 0.460241
v 0.000000 0.631966 0.460244
v 0.083333 0.632001 0.460241
v 0.166667 0.632106 0.460231
v 0.250000 0.632282 0.460216
v 0.333333 0.632528 0.460196
v 0.416667 0.632844 0.460171
v 0.500000 0.633232 0.460143
v 0.583333 0.633691 0.460113
v 0.666667 0.634221 0.460083
v 0.750000 0.634822 0.460054
v 0.833333 0.635496 0.460029
v 0.916667 0.636241 0.460011
v 1.000000 0.637057 0.460001
v -1.000000 0.720000 0.460000
v -0.916667 0.720000 0.460000
v -0.833333 0.720000 0.460000
v -0.750000 0.720000 0.460000
v -0.666667 0.720000 0.460000
v -0.583333 0.720000 0.460000
v -0.500000 0.720000 0.460000
v -0.416667 0.720000 0.460000
v -0.333333 0.720000 0.460000
v -0.250000 0.720000 0.460000
v -0.166667 0.720000 0.460000
v -0.083333 0.720000 0.460000
v 0.000000 0.720000 0.460000
v 0.083333 0.720000 0.460000
v 0.166667 0.720000 0.460000
v 0.250000 0.720000 0.460000
v 0.333333 0.720000 0.460000
v 0.416667 0.720000 0.460000
v 0.500000 0.720000 0.460000
v 0.583333 0.720000 0.460000
v 0.666667 0.720000 0.460000
v 0.750000 0.720000 0.460000
v 0.833333 0.720000 0.460000
v 0.916667 0.720000 0.460000
v 1.000000 0.720000 0.460000
vn -0.677251 -0.665895 -0.312916
vn -0.023064 -0.703973 -0.709852
vn -0.023173 -0.700827 -0.712955
vn -0.023281 -0.697667 -0.716043
vn -0.023389 -0.694494 -0.719118
vn -0.023496 -0.691308 -0.722178
vn -0.023603 -0.688109 -0.725223
vn -0.023709 -0.684898 -0.728253
vn -0.023815 -0.681673 -0.731269
vn -0.023921 -0.678437 -0.734269
vn -0.024026 -0.675189 -0.737254
vn -0.024138 -0.671920 -0.740230
vn -0.007546 -0.669923 -0.742392
vn 0.024125 -0.671928 -0.740223
vn 0.024020 -0.675189 -0.737254
vn 0.023915 -0.678437 -0.734269
vn 0.023810 -0.681673 -0.731269
vn 0.023704 -0.684898 -0.728254
vn 0.023598 -0.688109 -0.725223
vn 0.023491 -0.691308 -0.722178
vn 0.023383 -0.694494 -0.719118
vn 0.023276 -0.697667 -0.716044
vn 0.023167 -0.700827 -0.712955
vn 0.023059 -0.703973 -0.709852
vn 0.688747 -0.331083 -0.644990
vn -0.725252 0.008701 -0.688429
vn -0.031275 -0.014332 -0.999408
vn -0.147891 -0.988073 -0.042901
vn -0.105785 -0.992667 -0.058488
vn -0.081279 -0.994040 -0.072655
vn -0.065176 -0.994204 -0.085501
vn -0.053692 -0.993827 -0.097080
vn -0.044985 -0.993195 -0.107426
vn -0.038046 -0.992454 -0.116569
vn -0.032272 -0.991690 -0.124535
vn -0.027268 -0.990962 -0.131344
vn -0.022762 -0.990307 -0.137018
vn 0.019889 -0.990144 -0.138633
vn 0.027162 -0.990699 -0.133331
vn 0.031998 -0.991398 -0.126907
vn 0.037526 -0.992145 -0.119334
vn 0.044094 -0.992887 -0.110592
vn 0.052233 -0.993549 -0.100655
vn 0.062800 -0.994005 -0.089498
vn 0.077314 -0.994022 -0.077087
vn 0.098763 -0.993091 -0.063379
vn 0.133953 -0.989810 -0.048300
vn 0.032059 0.007368 -0.999459
vn 0.026486 0.027327 -0.999276
vn 0.721188 0.017606 -0.692515
vn -0.999877 0.003362 -0.015330
vn -0.011859 -0.072721 0.997282
vn 0.001439 -0.086632 0.996239
vn 0.003952 -0.117994 0.993006
vn 0.006445 -0.146180 0.989237
vn 0.008915 -0.171224 0.985192
vn 0.011362 -0.193191 0.981095
vn 0.013787 -0.212156 0.977139
vn 0.016195 -0.228204 0.973479
vn 0.018590 -0.241417 0.970243
vn 0.020977 -0.251870 0.967534
vn 0.023364 -0.259627 0.965426
vn 0.001956 -0.263531 0.964649
vn -0.022446 -0.259396 0.965510
vn -0.020058 -0.251337 0.967692
vn -0.017668 -0.240570 0.970471
vn -0.015270 -0.227026 0.973769
vn -0.012858 -0.210629 0.977481
vn -0.010428 -0.191294 0.981477
vn -0.007976 -0.168938 0.985594
vn -0.005500 -0.143485 0.989637
vn -0.003002 -0.114877 0.993375
vn 0.010258 -0.104709 0.994450
vn 0.009683 0.031453 -0.999458
vn 0.696110 0.027625 -0.717404
vn -0.749014 -0.014392 0.662397
vn -0.041895 -0.063631 0.997094
vn -0.035927 -0.106508 0.993663
vn -0.029958 -0.145219 0.988946
vn -0.024024 -0.179752 0.983419
vn -0.018147 -0.210169 0.977497
vn -0.012339 -0.236584 0.971533
vn -0.006604 -0.259139 0.965817
vn -0.000938 -0.277983 0.960586
vn 0.004669 -0.293261 0.956021
vn 0.010230 -0.305104 0.952264
vn 0.015761 -0.313619 0.949418
vn 0.002003 -0.317719 0.948183
vn -0.014605 -0.313529 0.949466
vn -0.009070 -0.304882 0.952347
vn -0.003504 -0.292899 0.956137
vn 0.002110 -0.277470 0.960732
vn 0.007784 -0.258463 0.965990
vn 0.013527 -0.235731 0.971724
vn 0.019343 -0.209124 0.977698
vn 0.025229 -0.178502 0.983616
vn 0.031170 -0.143756 0.989122
vn 0.037143 -0.104826 0.993797
vn 0.056264 -0.078888 0.995294
vn 0.998072 0.012234 -0.060842
vn -0.781258 -0.014765 0.624034
vn -0.088597 -0.068411 0.993716
vn -0.078641 -0.114907 0.990259
vn -0.068640 -0.156815 0.985240
vn -0.058674 -0.194104 0.979225
vn -0.048797 -0.226843 0.972708
vn -0.039043 -0.255169 0.966108
vn -0.029424 -0.279253 0.959767
vn -0.019939 -0.299276 0.953958
vn -0.010575 -0.315415 0.948895
vn -0.001310 -0.327830 0.944736
vn 0.007881 -0.336649 0.941597
vn 0.002016 -0.340802 0.940133
vn -0.006619 -0.336620 0.941617
vn 0.002577 -0.327751 0.944761
vn 0.011846 -0.315285 0.948923
vn 0.021216 -0.299089 0.953989
vn 0.030708 -0.279005 0.959799
vn 0.040334 -0.254855 0.966138
vn 0.050095 -0.226457 0.972732
vn 0.059976 -0.193641 0.979237
vn 0.069946 -0.156272 0.985234
vn 0.079947 -0.114284 0.990226
vn 0.089898 -0.067712 0.993647
vn 0.770641 -0.014334 0.637109
vn -0.811638 -0.013783 0.583998
vn -0.136755 -0.067389 0.988310
vn -0.122806 -0.113837 0.985880
vn -0.108735 -0.155791 0.981787
vn -0.094664 -0.193191 0.976584
vn -0.080681 -0.226080 0.970762
vn -0.066840 -0.254573 0.964741
vn -0.053171 -0.278825 0.958869
vn -0.039678 -0.299006 0.953426
vn -0.026352 -0.315284 0.948632
vn -0.013168 -0.327811 0.944652
vn -0.000093 -0.336714 0.941607
vn 0.002002 -0.340888 0.940102
vn 0.001372 -0.336745 0.941595
vn 0.014449 -0.327881 0.944608
vn 0.027634 -0.315398 0.948557
vn 0.040960 -0.299167 0.953321
vn 0.054451 -0.279040 0.958734
vn 0.068118 -0.254848 0.964579
vn 0.081955 -0.226422 0.970575
vn 0.095932 -0.193608 0.976378
vn 0.109996 -0.156289 0.981568
vn 0.124057 -0.114419 0.985656
vn 0.137996 -0.068054 0.988092
vn 0.801846 -0.014791 0.597348
vn -0.837645 -0.011629 0.546091
vn -0.182144 -0.060343 0.981419
vn -0.164704 -0.102822 0.980969
vn -0.147043 -0.141418 0.978968
vn -0.129300 -0.176043 0.975854
vn -0.111578 -0.206694 0.972023
vn -0.093951 -0.233426 0.967825
vn -0.076462 -0.256335 0.963559
vn -0.059131 -0.275533 0.959471
vn -0.041957 -0.291139 0.955760
vn -0.024927 -0.303264 0.952580
vn -0.008013 -0.312004 0.950047
vn 0.001966 -0.316172 0.948700
vn 0.009208 -0.312108 0.950002
vn 0.026119 -0.303507 0.952471
vn 0.043142 -0.291530 0.955588
vn 0.060305 -0.276084 0.959240
vn 0.077622 -0.257060 0.963273
vn 0.095094 -0.234341 0.967492
vn 0.112702 -0.207815 0.971654
vn 0.130403 -0.177385 0.975464
vn 0.148126 -0.142992 0.978576
vn 0.165769 -0.104632 0.980598
vn 0.183193 -0.062382 0.981096
vn 0.829435 -0.014013 0.558427
vn -0.857656 -0.008598 0.514153
vn -0.220805 -0.047794 0.974146
vn -0.200740 -0.082538 0.976161
vn -0.180355 -0.114390 0.976927
vn -0.159773 -0.143256 0.976704
vn -0.139088 -0.169091 0.975737
vn -0.118377 -0.191890 0.974251
vn -0.097692 -0.211675 0.972445
vn -0.077067 -0.228485 0.970492
vn -0.056521 -0.242369 0.968536
vn -0.036059 -0.253379 0.966695
vn -0.015676 -0.261561 0.965060
vn 0.001882 -0.265643 0.964070
vn 0.016673 -0.261785 0.964982
vn 0.037046 -0.253854 0.966533
vn 0.057493 -0.243107 0.968294
vn 0.078018 -0.229499 0.970177
vn 0.098618 -0.212980 0.972067
vn 0.119274 -0.193502 0.973823
vn 0.139955 -0.171026 0.975276
vn 0.160608 -0.145525 0.976231
vn 0.181163 -0.117002 0.976468
vn 0.201525 -0.085492 0.975745
vn 0.221576 -0.051078 0.973804
vn 0.851481 -0.012154 0.524244
vn -0.870277 -0.004736 0.492541
vn -0.248942 -0.028271 0.968106
vn -0.227265 -0.050102 0.972543
vn -0.205213 -0.070201 0.976196
vn -0.182855 -0.088504 0.979148
vn -0.160256 -0.104962 0.981479
vn -0.137468 -0.119543 0.983266
vn -0.114539 -0.132226 0.984580
vn -0.091508 -0.143001 0.985483
vn -0.068408 -0.151864 0.986031
vn -0.045267 -0.158815 0.986270
vn -0.022108 -0.163859 0.986236
vn 0.001050 -0.167001 0.985956
vn 0.022803 -0.165564 0.985935
vn 0.045943 -0.160886 0.985903
vn 0.069060 -0.154308 0.985606
vn 0.092132 -0.145826 0.985011
vn 0.115131 -0.135439 0.984074
vn 0.138028 -0.123150 0.982742
vn 0.160784 -0.108969 0.980956
vn 0.183355 -0.092911 0.978646
vn 0.205689 -0.075006 0.975739
vn 0.227726 -0.055296 0.972154
vn 0.249399 -0.033837 0.967810
vn 0.866640 -0.010064 0.498833
vn -0.874803 -0.000930 0.484478
vn -0.262584 -0.007639 0.964879
vn -0.240126 -0.014580 0.970632
vn -0.217272 -0.020949 0.975886
vn -0.194056 -0.026724 0.980626
vn -0.170514 -0.031888 0.984839
vn -0.146683 -0.036424 0.988513
vn -0.122602 -0.040319 0.991637
vn -0.098311 -0.043562 0.994202
vn -0.073852 -0.046143 0.996201
vn -0.049265 -0.048055 0.997629
vn -0.024594 -0.049293 0.998482
vn 0.000118 -0.049854 0.998757
vn 0.024830 -0.049735 0.998454
vn 0.049497 -0.048939 0.997575
vn 0.074077 -0.047466 0.996122
vn 0.098529 -0.045322 0.994102
vn 0.122810 -0.042513 0.991519
vn 0.146880 -0.039047 0.988383
vn 0.170701 -0.034934 0.984703
vn 0.194233 -0.030187 0.980491
vn 0.217440 -0.024821 0.975758
vn 0.240288 -0.018851 0.970519
vn 0.262742 -0.012298 0.964788
vn 0.873687 -0.005673 0.486455
vn -0.872555 0.002916 0.488507
vn -0.262742 0.012298 0.964788
vn -0.240288 0.018851 0.970519
vn -0.217440 0.024821 0.975758
vn -0.194233 0.030187 0.980491
vn -0.170701 0.034934 0.984703
vn -0.146880 0.039047 0.988383
vn -0.122810 0.042513 0.991519
vn -0.098529 0.045322 0.994102
vn -0.074077 0.047466 0.996122
vn -0.049497 0.048939 0.997575
vn -0.024830 0.049735 0.998454
vn -0.000118 0.049854 0.998757
vn 0.024594 0.049293 0.998482
vn 0.049265 0.048055 0.997629
vn 0.073852 0.046143 0.996201
vn 0.098311 0.043562 0.994202
vn 0.122602 0.040319 0.991637
vn 0.146683 0.036424 0.988513
vn 0.170514 0.031888 0.984839
vn 0.194056 0.026724 0.980626
vn 0.217272 0.020949 0.975886
vn 0.240126 0.014580 0.970632
vn 0.262584 0.007639 0.964879
vn 0.873664 -0.001809 0.486526
vn -0.863559 0.006586 0.504205
vn -0.250081 0.031035 0.967727
vn -0.228451 0.050389 0.972251
vn -0.206462 0.068004 0.976089
vn -0.184176 0.083830 0.979312
vn -0.161645 0.097829 0.981988
vn -0.138918 0.109972 0.984179
vn -0.116035 0.120240 0.985940
vn -0.093030 0.128620 0.987321
vn -0.069933 0.135103 0.988361
vn -0.046770 0.139684 0.989091
vn -0.023564 0.142361 0.989534
vn -0.000335 0.143130 0.989704
vn 0.022897 0.141991 0.989603
vn 0.046112 0.138944 0.989226
vn 0.069289 0.133989 0.988558
vn 0.092405 0.127129 0.987573
vn 0.115433 0.118368 0.986237
vn 0.138342 0.107715 0.984510
vn 0.161095 0.095184 0.982338
vn 0.183651 0.080797 0.979665
vn 0.205960 0.064585 0.976427
vn 0.227966 0.046588 0.972554
vn 0.249606 0.026863 0.967975
vn 0.866902 0.002303 0.498473
vn -0.848007 0.009843 0.529893
vn -0.225632 0.046769 0.973089
vn -0.205715 0.076931 0.975583
vn -0.185503 0.104247 0.977098
vn -0.165094 0.128654 0.977851
vn -0.144566 0.150121 0.978041
vn -0.123975 0.168646 0.977849
vn -0.103363 0.184239 0.977431
vn -0.082756 0.196925 0.976920
vn -0.062166 0.206729 0.976421
vn -0.041596 0.213675 0.976019
vn -0.021044 0.217783 0.975770
vn -0.000501 0.219065 0.975710
vn 0.020046 0.217525 0.975849
vn 0.040607 0.213155 0.976174
vn 0.061191 0.205941 0.976649
vn 0.081800 0.195861 0.977214
vn 0.102432 0.182887 0.977783
vn 0.123071 0.166994 0.978247
vn 0.143691 0.148158 0.978469
vn 0.164248 0.126369 0.978291
vn 0.184684 0.101634 0.977529
vn 0.204918 0.073990 0.975979
vn 0.224851 0.043509 0.973421
vn 0.853528 0.006392 0.521007
vn -0.826515 0.012406 0.562777
vn -0.191474 0.057975 0.979784
vn -0.174195 0.095919 0.980028
vn -0.156705 0.130093 0.979040
vn -0.139121 0.160442 0.977192
vn -0.121531 0.186970 0.974819
vn -0.103993 0.209724 0.972215
vn -0.086543 0.228776 0.969624
vn -0.069194 0.244208 0.967251
vn -0.051945 0.256098 0.965254
vn -0.034781 0.264518 0.963753
vn -0.017677 0.269519 0.962833
vn -0.000604 0.271134 0.962541
vn 0.016471 0.269375 0.962894
vn 0.033580 0.264228 0.963876
vn 0.050753 0.255656 0.965435
vn 0.068014 0.243604 0.967487
vn 0.085378 0.227999 0.969911
vn 0.102846 0.208761 0.972544
vn 0.120404 0.185807 0.975181
vn 0.138015 0.159067 0.977573
vn 0.155620 0.128498 0.979424
vn 0.173129 0.094098 0.980394
vn 0.190424 0.055933 0.980107
vn 0.833995 0.010103 0.551680
vn -0.800418 0.013973 0.599279
vn -0.150681 0.063596 0.986535
vn -0.136846 0.105643 0.984943
vn -0.122883 0.143354 0.982013
vn -0.108898 0.176695 0.978223
vn -0.094971 0.205709 0.973994
vn -0.081148 0.230492 0.969685
vn -0.067455 0.251167 0.965591
vn -0.053896 0.267862 0.961949
vn -0.040462 0.280699 0.958943
vn -0.027130 0.289783 0.956708
vn -0.013870 0.295193 0.955337
vn -0.000648 0.296977 0.954884
vn 0.012574 0.295152 0.955368
vn 0.025835 0.289700 0.956769
vn 0.039169 0.280571 0.959034
vn 0.052606 0.267685 0.962069
vn 0.066168 0.250936 0.965740
vn 0.079867 0.230202 0.969860
vn 0.093696 0.205353 0.974193
vn 0.107632 0.176267 0.978440
vn 0.121625 0.142850 0.982243
vn 0.135600 0.105058 0.985178
vn 0.149446 0.062930 0.986765
vn 0.809372 0.013019 0.587152
vn -0.771893 0.014292 0.635591
vn -0.107090 0.063238 0.992236
vn -0.097176 0.105482 0.989662
vn -0.087195 0.143306 0.985830
vn -0.077226 0.176695 0.981231
vn -0.067319 0.205714 0.976294
vn -0.057508 0.230475 0.971377
vn -0.047807 0.251114 0.966776
vn -0.038216 0.267772 0.962724
vn -0.028725 0.280581 0.959401
vn -0.019315 0.289652 0.956937
vn -0.009963 0.295070 0.955424
vn -0.000640 0.296886 0.954913
vn 0.008681 0.295120 0.955421
vn 0.018032 0.289753 0.956932
vn 0.027439 0.280735 0.959393
vn 0.036927 0.267983 0.962716
vn 0.046515 0.251385 0.966769
vn 0.056212 0.230810 0.971374
vn 0.066020 0.206119 0.976297
vn 0.075924 0.177172 0.981247
vn 0.085893 0.143858 0.985864
vn 0.095876 0.106110 0.989721
vn 0.105797 0.063939 0.992330
vn 0.781547 0.014738 0.623673
vn -0.743746 0.013271 0.668331
vn -0.064825 0.057282 0.996251
vn -0.058835 0.096031 0.993638
vn -0.052818 0.130760 0.990006
vn -0.046814 0.161464 0.985768
vn -0.040849 0.188199 0.981281
vn -0.034938 0.211057 0.976849
vn -0.029089 0.230152 0.972720
vn -0.023301 0.245596 0.969092
vn -0.017569 0.257498 0.966119
vn -0.011881 0.265949 0.963914
vn -0.006225 0.271018 0.962554
vn -0.000586 0.272747 0.962086
vn 0.005052 0.271153 0.962523
vn 0.010705 0.266222 0.963852
vn 0.016389 0.257915 0.966029
vn 0.022117 0.246164 0.968976
vn 0.027899 0.230881 0.972582
vn 0.033742 0.211959 0.976696
vn 0.039646 0.189285 0.981121
vn 0.045606 0.162746 0.985613
vn 0.051606 0.132246 0.989873
vn 0.057620 0.097725 0.993544
vn 0.063612 0.059180 0.996218
vn 0.753125 0.014989 0.657707
vn -0.719725 0.010121 0.694185
vn -0.028231 0.043714 0.998645
vn -0.025658 0.074303 0.996906
vn -0.023079 0.101817 0.994535
vn -0.020503 0.126251 0.991786
vn -0.017940 0.147635 0.988879
vn -0.015394 0.166015 0.986003
vn -0.012868 0.181451 0.983316
vn -0.010360 0.194003 0.980946
vn -0.007869 0.203731 0.978995
vn -0.005393 0.210685 0.977539
vn -0.002927 0.214901 0.976631
vn -0.000466 0.216406 0.976303
vn 0.001994 0.215209 0.976566
vn 0.004459 0.211305 0.977410
vn 0.006933 0.204672 0.978806
vn 0.009421 0.195275 0.980703
vn 0.011925 0.183068 0.983028
vn 0.014447 0.167993 0.985682
vn 0.016989 0.149991 0.988541
vn 0.019548 0.129001 0.991452
vn 0.022119 0.104971 0.994229
vn 0.024697 0.077867 0.996658
vn 0.027269 0.047683 0.998490
vn 0.727442 0.014034 0.686025
vn -0.999994 0.003460 -0.000018
vn -0.300655 0.953515 -0.020401
vn -0.149802 0.988266 -0.029836
vn -0.095398 0.994626 -0.040232
vn -0.067331 0.996477 -0.050004
vn -0.050012 0.997016 -0.058807
vn -0.038077 0.997058 -0.066531
vn -0.029187 0.996895 -0.073135
vn -0.022151 0.996660 -0.078604
vn -0.016293 0.996422 -0.082937
vn -0.011188 0.996221 -0.086134
vn -0.006550 0.996081 -0.088200
vn -0.002160 0.996017 -0.089137
vn 0.002165 0.996034 -0.088947
vn 0.006596 0.996131 -0.087629
vn 0.011325 0.996301 -0.085181
vn 0.016582 0.996527 -0.081599
vn 0.022687 0.996782 -0.076881
vn 0.030116 0.997020 -0.071024
vn 0.039660 0.997159 -0.064033
vn 0.052750 0.997040 -0.055927
vn 0.072335 0.996284 -0.046760
vn 0.105641 0.993728 -0.036680
vn 0.176229 0.984000 -0.026199
vn 0.999874 0.015840 -0.000371
vn -0.333333 0.666667 -0.666667
vn 0.000000 0.707107 -0.707107
vn 0.000000 0.707107 -0.707107
vn 0.000000 0.707107 -0.707107
vn 0.000000 0.707107 -0.707107
vn 0.000000 0.707107 -0.707107
vn 0.000000 0.707107 -0.707107
vn 0.000000 0.707107 -0.707107
vn 0.000000 0.707107 -0.707107
vn 0.000000 0.707107 -0.707107
vn 0.000000 0.707107 -0.707107
vn 0.000000 0.707107 -0.707107
vn 0.000000 0.707107 -0.707107
vn 0.000000 0.707107 -0.707107
vn 0.000000 0.707107 -0.707107
vn 0.000000 0.707107 -0.707107
vn 0.000000 0.707107 -0.707107
vn 0.000000 0.707107 -0.707107
vn 0.000000 0.707107 -0.707107
vn 0.000000 0.707107 -0.707107
vn 0.000000 0.707107 -0.707107
vn 0.000000 0.707107 -0.707107
vn 0.000000 0.707107 -0.707107
vn 0.000000 0.707107 -0.707107
vn 0.577350 0.577350 -0.577350
vn -0.434519 -0.406140 -0.803893
vn -0.022237 -0.703900 -0.709951
vn -0.022323 -0.700668 -0.713139
vn -0.022418 -0.697399 -0.716332
vn -0.022520 -0.694106 -0.719521
vn -0.022627 -0.690796 -0.722696
vn -0.022739 -0.687476 -0.725851
vn -0.022855 -0.684154 -0.728980
vn -0.022974 -0.680834 -0.732078
vn -0.023094 -0.677520 -0.735142
vn -0.023216 -0.674216 -0.738169
vn -0.023168 -0.670925 -0.741163
vn 0.006662 -0.668899 -0.743323
vn 0.023233 -0.670945 -0.741143
vn 0.023207 -0.674248 -0.738140
vn 0.023088 -0.677567 -0.735099
vn 0.022971 -0.680893 -0.732022
vn 0.022857 -0.684224 -0.728913
vn 0.022746 -0.687554 -0.725777
vn 0.022640 -0.690877 -0.722618
vn 0.022540 -0.694186 -0.719443
vn 0.022446 -0.697473 -0.716260
vn 0.022361 -0.700728 -0.713078
vn 0.022284 -0.703940 -0.709910
vn 0.421401 -0.815891 -0.395908
vn -0.725284 0.018428 -0.688203
vn -0.026431 0.027341 -0.999277
vn -0.026795 0.043710 -0.998685
vn -0.027159 0.058855 -0.997897
vn -0.027525 0.072771 -0.996969
vn -0.031737 0.021811 -0.999258
vn -0.059603 -0.994171 -0.089839
vn -0.049408 -0.993657 -0.101020
vn -0.041614 -0.992951 -0.110977
vn -0.035373 -0.992175 -0.119737
vn -0.030161 -0.991403 -0.127321
vn -0.025625 -0.990684 -0.133748
vn -0.020300 -0.990075 -0.139069
vn 0.020546 -0.990293 -0.137467
vn 0.025221 -0.990959 -0.131775
vn 0.029968 -0.991709 -0.124958
vn 0.035499 -0.992500 -0.116980
vn 0.042208 -0.993274 -0.107818
vn 0.050708 -0.993948 -0.097451
vn 0.062018 -0.994376 -0.085852
vn 0.031028 0.005171 -0.999505
vn 0.026809 0.052037 -0.998285
vn 0.026451 0.036036 -0.999000
vn 0.026094 0.018794 -0.999483
vn 0.729351 0.009611 -0.684072
vn -0.704877 0.033027 -0.708560
vn 0.001111 0.052085 -0.998642
vn -0.011211 0.061091 -0.998069
vn -0.499373 -0.861269 -0.094033
vn -0.382175 -0.915521 -0.125556
vn 0.000385 -0.201211 0.979548
vn 0.010481 -0.190569 0.981618
vn 0.012907 -0.209777 0.977664
vn 0.015315 -0.226068 0.973991
vn 0.017710 -0.239530 0.970727
vn 0.020096 -0.250242 0.967975
vn 0.022359 -0.258274 0.965813
vn -0.001985 -0.262402 0.964957
vn -0.023330 -0.258509 0.965727
vn -0.021030 -0.250791 0.967813
vn -0.018641 -0.240403 0.970494
vn -0.016243 -0.227280 0.973694
vn -0.013831 -0.211344 0.977314
vn -0.011400 -0.192509 0.981229
vn -0.008946 -0.170686 0.985285
vn 0.001255 -0.178330 0.983970
vn 0.408535 -0.905364 -0.115818
vn 0.542077 -0.836194 -0.083255
vn 0.731046 -0.680587 -0.048715
vn 0.999904 0.010412 0.009120
vn -0.999325 0.021727 -0.029638
vn -0.975668 -0.211692 -0.057075
vn -0.048982 -0.123728 0.991107
vn -0.031085 -0.143732 0.989128
vn -0.025146 -0.178442 0.983629
vn -0.019267 -0.209027 0.977720
vn -0.013458 -0.235601 0.971757
vn -0.007723 -0.258304 0.966033
vn -0.002059 -0.277288 0.960785
vn 0.003545 -0.292699 0.956198
vn 0.009101 -0.304670 0.952414
vn 0.014554 -0.313314 0.949538
vn -0.002006 -0.317500 0.948256
vn -0.015752 -0.313396 0.949492
vn -0.010274 -0.304886 0.952333
vn -0.004720 -0.293054 0.956084
vn 0.000880 -0.277792 0.960641
vn 0.006542 -0.258969 0.965864
vn 0.012275 -0.236439 0.971569
vn 0.018084 -0.210052 0.977523
vn 0.023965 -0.179667 0.983436
vn 0.029909 -0.145166 0.988955
vn 0.035892 -0.106483 0.993667
vn 0.041881 -0.063622 0.997095
vn 0.738701 -0.006982 0.673997
vn -0.759840 -0.006266 0.650079
vn -0.089847 -0.067709 0.993651
vn -0.079874 -0.114318 0.990228
vn -0.069866 -0.156297 0.985236
vn -0.059895 -0.193655 0.979240
vn -0.050016 -0.226461 0.972735
vn -0.040261 -0.254849 0.966142
vn -0.030643 -0.278990 0.959805
vn -0.021161 -0.299066 0.953998
vn -0.011801 -0.315256 0.948933
vn -0.002543 -0.327718 0.944772
vn 0.006609 -0.336586 0.941629
vn -0.002004 -0.340766 0.940146
vn -0.007894 -0.336607 0.941612
vn 0.001273 -0.327787 0.944751
vn 0.010527 -0.315374 0.948909
vn 0.019881 -0.299236 0.953972
vn 0.029358 -0.279217 0.959779
vn 0.038972 -0.255137 0.966119
vn 0.048723 -0.226816 0.972718
vn 0.058599 -0.194081 0.979234
vn 0.068570 -0.156797 0.985248
vn 0.078580 -0.114893 0.990265
vn 0.088556 -0.068382 0.993721
vn 0.770711 -0.006359 0.637153
vn -0.791813 -0.006325 0.610731
vn -0.137970 -0.068022 0.988098
vn -0.123999 -0.114448 0.985660
vn -0.109924 -0.156327 0.981569
vn -0.095853 -0.193654 0.976376
vn -0.081874 -0.226476 0.970570
vn -0.068040 -0.254907 0.964569
vn -0.054378 -0.279103 0.958720
vn -0.040896 -0.299232 0.953304
vn -0.027580 -0.315463 0.948537
vn -0.014406 -0.327947 0.944586
vn -0.001348 -0.336814 0.941570
vn -0.001982 -0.340956 0.940077
vn 0.000063 -0.336775 0.941585
vn 0.013130 -0.327867 0.944633
vn 0.026302 -0.315337 0.948615
vn 0.039617 -0.299055 0.953413
vn 0.053099 -0.278868 0.958860
vn 0.066761 -0.254609 0.964737
vn 0.080596 -0.226106 0.970763
vn 0.094577 -0.193206 0.976589
vn 0.108650 -0.155795 0.981796
vn 0.122727 -0.113828 0.985891
vn 0.136697 -0.067337 0.988322
vn 0.801831 -0.005028 0.597529
vn -0.820987 -0.005829 0.570918
vn -0.183204 -0.062325 0.981097
vn -0.165743 -0.104650 0.980601
vn -0.148085 -0.143038 0.978576
vn -0.130351 -0.177459 0.975457
vn -0.112643 -0.207915 0.971639
vn -0.095033 -0.234464 0.967468
vn -0.077561 -0.257203 0.963240
vn -0.060248 -0.276242 0.959198
vn -0.043091 -0.291700 0.955539
vn -0.026076 -0.303684 0.952416
vn -0.009166 -0.312293 0.949942
vn -0.001936 -0.316359 0.948638
vn 0.007981 -0.312183 0.949988
vn 0.024897 -0.303434 0.952527
vn 0.041916 -0.291300 0.955713
vn 0.059080 -0.275681 0.959432
vn 0.076403 -0.256465 0.963529
vn 0.093884 -0.233535 0.967805
vn 0.111506 -0.206777 0.972013
vn 0.129225 -0.176099 0.975853
vn 0.146968 -0.141446 0.978976
vn 0.164631 -0.102823 0.980981
vn 0.182089 -0.060279 0.981433
vn 0.829359 -0.003247 0.558707
vn -0.845128 -0.004946 0.534541
vn -0.221623 -0.051016 0.973797
vn -0.201536 -0.085517 0.975741
vn -0.181160 -0.117088 0.976459
vn -0.160591 -0.145684 0.976210
vn -0.139926 -0.171265 0.975238
vn -0.119236 -0.193825 0.973763
vn -0.098573 -0.213386 0.971982
vn -0.077971 -0.229987 0.970065
vn -0.057447 -0.243671 0.968155
vn -0.037005 -0.254488 0.966368
vn -0.016627 -0.262487 0.964792
vn -0.001847 -0.266403 0.963860
vn 0.015656 -0.262293 0.964861
vn 0.036034 -0.254045 0.966521
vn 0.056486 -0.242966 0.968389
vn 0.077024 -0.229005 0.970373
vn 0.097644 -0.212113 0.972355
vn 0.118325 -0.192243 0.974188
vn 0.139034 -0.169359 0.975698
vn 0.159718 -0.143441 0.976686
vn 0.180300 -0.114499 0.976925
vn 0.200683 -0.082582 0.976169
vn 0.220765 -0.047744 0.974158
vn 0.851381 -0.001302 0.524545
vn -0.862913 -0.004467 0.505332
vn -0.249465 -0.033779 0.967795
vn -0.227776 -0.055289 0.972143
vn -0.205741 -0.075035 0.975726
vn -0.183407 -0.092978 0.978630
vn -0.160834 -0.109074 0.980936
vn -0.138074 -0.123292 0.982718
vn -0.115172 -0.135612 0.984045
vn -0.092166 -0.146026 0.984978
vn -0.069089 -0.154527 0.985570
vn -0.045965 -0.161117 0.985864
vn -0.022814 -0.165807 0.985894
vn -0.001031 -0.167210 0.985921
vn 0.022137 -0.164030 0.986207
vn 0.045302 -0.158981 0.986242
vn 0.068447 -0.152019 0.986005
vn 0.091549 -0.143140 0.985459
vn 0.114581 -0.132343 0.984559
vn 0.137509 -0.119635 0.983249
vn 0.160293 -0.105027 0.981466
vn 0.182886 -0.088542 0.979139
vn 0.205233 -0.070215 0.976191
vn 0.227272 -0.050096 0.972542
vn 0.248953 -0.028212 0.968105
vn 0.866556 0.000859 0.499080
vn -0.872577 -0.002887 0.488468
vn -0.262813 -0.012261 0.964769
vn -0.240357 -0.018801 0.970503
vn -0.217524 -0.024750 0.975741
vn -0.194326 -0.030089 0.980475
vn -0.170798 -0.034803 0.984691
vn -0.146977 -0.038876 0.988376
vn -0.122901 -0.042298 0.991517
vn -0.098610 -0.045058 0.994105
vn -0.074146 -0.047150 0.996132
vn -0.049549 -0.048568 0.997590
vn -0.024862 -0.049309 0.998474
vn -0.000094 -0.049410 0.998779
vn 0.024637 -0.048910 0.998499
vn 0.049325 -0.047732 0.997642
vn 0.073925 -0.045878 0.996208
vn 0.098395 -0.043351 0.994203
vn 0.122692 -0.040158 0.991632
vn 0.146774 -0.036307 0.988503
vn 0.170601 -0.031810 0.984827
vn 0.194135 -0.026678 0.980612
vn 0.217337 -0.020928 0.975872
vn 0.240171 -0.014577 0.970621
vn 0.262626 -0.007625 0.964868
vn 0.873677 0.001826 0.486503
vn -0.874812 -0.001474 0.484461
vn -0.262624 0.007630 0.964868
vn -0.240162 0.014597 0.970623
vn -0.217321 0.020975 0.975875
vn -0.194114 0.026761 0.980614
vn -0.170576 0.031937 0.984827
vn -0.146745 0.036486 0.988501
vn -0.122660 0.040393 0.991626
vn -0.098363 0.043646 0.994193
vn -0.073894 0.046236 0.996194
vn -0.049296 0.048155 0.997623
vn -0.024611 0.049397 0.998476
vn 0.000115 0.049958 0.998751
vn 0.024841 0.049836 0.998448
vn 0.049522 0.049034 0.997569
vn 0.074115 0.047552 0.996115
vn 0.098578 0.045396 0.994093
vn 0.122868 0.042573 0.991509
vn 0.146944 0.039092 0.988372
vn 0.170767 0.034964 0.984691
vn 0.194298 0.030201 0.980477
vn 0.217500 0.024820 0.975745
vn 0.240338 0.018838 0.970506
vn 0.262801 0.012275 0.964772
vn 0.873712 0.003255 0.486432
vn -0.870277 0.000080 0.492562
vn -0.249616 0.026827 0.967973
vn -0.227969 0.046605 0.972552
vn -0.205974 0.064628 0.976421
vn -0.183673 0.080871 0.979655
vn -0.161122 0.095291 0.982323
vn -0.138371 0.107854 0.984490
vn -0.115462 0.118538 0.986214
vn -0.092432 0.127326 0.987545
vn -0.069313 0.134210 0.988526
vn -0.046131 0.139182 0.989192
vn -0.022911 0.142239 0.989567
vn 0.000327 0.143381 0.989668
vn 0.023563 0.142607 0.989499
vn 0.046776 0.139919 0.989058
vn 0.069946 0.135318 0.988330
vn 0.093050 0.128810 0.987294
vn 0.116062 0.120401 0.985917
vn 0.138951 0.110100 0.984160
vn 0.161684 0.097922 0.981972
vn 0.184217 0.083888 0.979299
vn 0.206505 0.068029 0.976078
vn 0.228493 0.050385 0.972241
vn 0.250141 0.030987 0.967714
vn 0.866999 0.004436 0.498291
vn -0.859039 0.001755 0.511907
vn -0.224828 0.043456 0.973429
vn -0.204883 0.074002 0.975985
vn -0.184655 0.101679 0.977530
vn -0.164224 0.126450 0.978285
vn -0.143670 0.148276 0.978454
vn -0.123054 0.167148 0.978222
vn -0.102419 0.183075 0.977749
vn -0.081792 0.196077 0.977171
vn -0.061187 0.206181 0.976599
vn -0.040608 0.213411 0.976118
vn -0.020052 0.217791 0.975789
vn 0.000491 0.219335 0.975649
vn 0.021031 0.218049 0.975711
vn 0.041581 0.213931 0.975963
vn 0.062148 0.206967 0.976372
vn 0.082738 0.197141 0.976878
vn 0.103347 0.184426 0.977398
vn 0.123963 0.168799 0.977824
vn 0.144558 0.150238 0.978024
vn 0.165093 0.128732 0.977841
vn 0.185509 0.104288 0.977093
vn 0.205728 0.076938 0.975580
vn 0.225674 0.046711 0.973082
vn 0.853647 0.005368 0.520825
vn -0.841400 0.003477 0.540402
vn -0.190378 0.055877 0.980119
vn -0.173066 0.094102 0.980404
vn -0.155556 0.128529 0.979430
vn -0.137953 0.159126 0.977572
vn -0.120345 0.185893 0.975172
vn -0.102793 0.208873 0.972525
vn -0.085333 0.228133 0.969883
vn -0.067978 0.243757 0.967451
vn -0.050727 0.255824 0.965392
vn -0.033564 0.264407 0.963827
vn -0.016467 0.269561 0.962843
vn 0.000597 0.271323 0.962488
vn 0.017658 0.269706 0.962781
vn 0.034752 0.264700 0.963705
vn 0.051908 0.256271 0.965210
vn 0.069150 0.244367 0.967214
vn 0.086494 0.228919 0.969595
vn 0.103943 0.209845 0.972194
vn 0.121482 0.187067 0.974807
vn 0.139077 0.160513 0.977186
vn 0.156670 0.130137 0.979040
vn 0.174172 0.095937 0.980031
vn 0.191485 0.057924 0.979785
vn 0.834096 0.006021 0.551587
vn -0.818188 0.005083 0.574928
vn -0.149395 0.062884 0.986776
vn -0.135530 0.105052 0.985188
vn -0.121550 0.142856 0.982251
vn -0.107555 0.176286 0.978445
vn -0.093622 0.205383 0.974193
vn -0.079799 0.230242 0.969856
vn -0.066109 0.250983 0.965731
vn -0.052557 0.267738 0.962057
vn -0.039131 0.280630 0.959018
vn -0.025810 0.289763 0.956750
vn -0.012563 0.295217 0.955347
vn 0.000645 0.297044 0.954863
vn 0.013854 0.295261 0.955316
vn 0.027100 0.289851 0.956688
vn 0.040420 0.280766 0.958925
vn 0.053844 0.267926 0.961934
vn 0.067393 0.251228 0.965579
vn 0.081080 0.230549 0.969677
vn 0.094900 0.205760 0.973990
vn 0.108829 0.176738 0.978223
vn 0.122819 0.143389 0.982016
vn 0.136794 0.105669 0.984947
vn 0.150658 0.063566 0.986540
vn 0.809418 0.006315 0.587199
vn -0.791018 0.006329 0.611761
vn -0.105760 0.063914 0.992336
vn -0.095821 0.106098 0.989728
vn -0.085831 0.143842 0.985871
vn -0.075858 0.177152 0.981256
vn -0.065955 0.206093 0.976307
vn -0.056151 0.230779 0.971385
vn -0.046460 0.251349 0.966781
vn -0.036881 0.267943 0.962729
vn -0.027403 0.280693 0.959406
vn -0.018006 0.289709 0.956945
vn -0.008667 0.295075 0.955435
vn 0.000643 0.296842 0.954926
vn 0.009953 0.295028 0.955437
vn 0.019293 0.289614 0.956949
vn 0.028692 0.280547 0.959411
vn 0.038172 0.267745 0.962733
vn 0.047753 0.251095 0.966784
vn 0.057446 0.230465 0.971383
vn 0.067252 0.205714 0.976299
vn 0.077155 0.176705 0.981235
vn 0.087125 0.143326 0.985833
vn 0.097111 0.105511 0.989665
vn 0.107045 0.063235 0.992241
vn 0.781517 0.006149 0.623853
vn -0.996575 -0.017794 -0.080757
vn -0.923381 0.373708 -0.087808
vn -0.066815 0.116775 0.990908
vn -0.051563 0.132193 0.989882
vn -0.045557 0.162661 0.985630
vn -0.039594 0.189168 0.981146
vn -0.033690 0.211811 0.976730
vn -0.027851 0.230706 0.972625
vn -0.022074 0.245966 0.969027
vn -0.016353 0.257698 0.966087
vn -0.010678 0.265993 0.963916
vn -0.005034 0.270915 0.962590
vn 0.000594 0.272507 0.962154
vn 0.006223 0.270781 0.962621
vn 0.011868 0.265721 0.963977
vn 0.017545 0.257285 0.966176
vn 0.023267 0.245403 0.969142
vn 0.029044 0.229983 0.972761
vn 0.034884 0.210919 0.976881
vn 0.040787 0.188095 0.981304
vn 0.046746 0.161397 0.985782
vn 0.052746 0.130730 0.990014
vn 0.058762 0.096037 0.993642
vn 0.076476 0.073206 0.994380
vn 0.996511 -0.020545 -0.080894
vn -0.686102 -0.026394 -0.727027
vn 0.028173 -0.043677 -0.998648
vn 0.018243 -0.046618 -0.998746
vn -0.351575 0.929157 -0.114286
vn -0.262464 0.955257 -0.136372
vn -0.022140 0.183547 0.982762
vn -0.014436 0.167297 0.985801
vn -0.011911 0.182234 0.983183
vn -0.009406 0.194321 0.980893
vn -0.006919 0.203620 0.979026
vn -0.004446 0.210179 0.977653
vn -0.001982 0.214036 0.976824
vn 0.000476 0.215214 0.976567
vn 0.002934 0.213717 0.976891
vn 0.005397 0.209537 0.977786
vn 0.007869 0.202648 0.979220
vn 0.010354 0.193010 0.981142
vn 0.012856 0.180571 0.983478
vn 0.015376 0.165269 0.986129
vn 0.017914 0.147037 0.988969
vn 0.027549 0.154327 0.987636
vn 0.442922 0.891165 -0.098208
vn 0.616166 0.784232 -0.072933
vn -0.017983 -0.028342 -0.999437
vn 0.678026 -0.030556 -0.734403
vn -0.703872 -0.007165 -0.710291
vn 0.004504 -0.014363 -0.999887
vn 0.004131 -0.027203 -0.999621
vn 0.003752 -0.038826 -0.999239
vn 0.003368 -0.049232 -0.998782
vn 0.000965 0.009198 -0.999957
vn -0.028439 0.997052 -0.071270
vn -0.021232 0.996793 -0.077157
vn -0.015369 0.996522 -0.081904
vn -0.010366 0.996283 -0.085509
vn -0.005902 0.996105 -0.087975
vn -0.001744 0.996003 -0.089303
vn 0.002300 0.995985 -0.089494
vn 0.006404 0.996051 -0.088551
vn 0.010748 0.996197 -0.086470
vn 0.015551 0.996407 -0.083250
vn 0.021098 0.996660 -0.078889
vn 0.027807 0.996916 -0.073387
vn 0.036350 0.997107 -0.066748
vn 0.047903 0.997109 -0.058988
vn -0.000195 -0.000854 -1.000000
vn -0.003385 -0.045684 -0.998950
vn -0.003772 -0.034902 -0.999384
vn -0.004153 -0.022923 -0.999729
vn 0.700688 -0.015933 -0.713290
vn -0.816498 0.408245 -0.408249
vn 0.000027 0.707076 -0.707138
vn 0.000052 0.707010 -0.707203
vn 0.000069 0.706916 -0.707297
vn 0.000079 0.706805 -0.707409
vn 0.000084 0.706685 -0.707528
vn 0.000083 0.706565 -0.707648
vn 0.000077 0.706451 -0.707762
vn 0.000068 0.706348 -0.707864
vn 0.000056 0.706262 -0.707950
vn 0.000042 0.706196 -0.708016
vn 0.000026 0.706152 -0.708061
vn 0.000009 0.706131 -0.708081
vn -0.000009 0.706135 -0.708077
vn -0.000026 0.706164 -0.708048
vn -0.000042 0.706216 -0.707997
vn -0.000056 0.706289 -0.707924
vn -0.000068 0.706381 -0.707832
vn -0.000078 0.706488 -0.707725
vn -0.000083 0.706605 -0.707609
vn -0.000084 0.706726 -0.707488
vn -0.000080 0.706844 -0.707370
vn -0.000070 0.706950 -0.707263
vn -0.000052 0.707036 -0.707177
vn 0.577341 0.577335 -0.577375
usemtl steel
f 252 253 228
f 252 228 227
f 253 254 229
f 253 229 228
f 254 255 230
f 254 230 229
f 255 256 231
f 255 231 230
f 256 257 232
f 256 232 231
f 257 258 233
f 257 233 232
f 258 259 234
f 258 234 233
f 259 260 235
f 259 235 234
f 260 261 236
f 260 236 235
f 261 262 237
f 261 237 236
f 262 263 238
f 262 238 237
f 263 264 239
f 263 239 238
f 264 265 240
f 264 240 239
f 265 266 241
f 265 241 240
f 266 267 242
f 266 242 241
f 267 268 243
f 267 243 242
f 268 269 244
f 268 244 243
f 269 270 245
f 269 245 244
f 270 271 246
f 270 246 245
f 271 272 247
f 271 247 246
f 272 273 248
f 272 248 247
f 273 274 249
f 273 249 248
f 274 275 250
f 274 250 249
f 275 276 251
f 275 251 250
f 277 278 253
f 277 253 252
f 253 254 279
f 253 279 278
f 254 255 280
f 254 280 279
f 255 256 281
f 255 281 280
f 256 257 282
f 256 282 281
f 257 258 283
f 257 283 282
f 258 259 284
f 258 284 283
f 259 260 285
f 259 285 284
f 260 261 286
f 260 286 285
f 261 262 287
f 261 287 286
f 262 263 288
f 262 288 287
f 263 264 289
f 263 289 288
f 264 265 290
f 264 290 289
f 265 266 291
f 265 291 290
f 266 267 292
f 266 292 291
f 267 268 293
f 267 293 292
f 268 269 294
f 268 294 293
f 269 270 295
f 269 295 294
f 270 271 296
f 270 296 295
f 271 272 297
f 271 297 296
f 272 273 298
f 272 298 297
f 273 274 299
f 273 299 298
f 299 300 275
f 299 275 274
f 300 301 276
f 300 276 275
f 277 278 303
f 277 303 302
f 278 279 304
f 278 304 303
f 279 280 305
f 279 305 304
f 280 281 306
f 280 306 305
f 281 282 307
f 281 307 306
f 282 283 308
f 282 308 307
f 283 284 309
f 283 309 308
f 284 285 310
f 284 310 309
f 285 286 311
f 285 311 310
f 286 287 312
f 286 312 311
f 287 288 313
f 287 313 312
f 288 289 314
f 288 314 313
f 289 290 315
f 289 315 314
f 290 291 316
f 290 316 315
f 291 292 317
f 291 317 316
f 292 293 318
f 292 318 317
f 293 294 319
f 293 319 318
f 294 295 320
f 294 320 319
f 295 296 321
f 295 321 320
f 296 297 322
f 296 322 321
f 297 298 323
f 297 323 322
f 298 299 324
f 298 324 323
f 299 300 325
f 299 325 324
f 325 326 301
f 325 301 300
f 302 303 328
f 302 328 327
f 303 304 329
f 303 329 328
f 304 305 330
f 304 330 329
f 305 306 331
f 305 331 330
f 306 307 332
f 306 332 331
f 307 308 333
f 307 333 332
f 308 309 334
f 308 334 333
f 309 310 335
f 309 335 334
f 310 311 336
f 310 336 335
f 311 312 337
f 311 337 336
f 312 313 338
f 312 338 337
f 313 314 339
f 313 339 338
f 314 315 340
f 314 340 339
f 315 316 341
f 315 341 340
f 316 317 342
f 316 342 341
f 317 318 343
f 317 343 342
f 318 319 344
f 318 344 343
f 319 320 345
f 319 345 344
f 320 321 346
f 320 346 345
f 321 322 347
f 321 347 346
f 322 323 348
f 322 348 347
f 323 324 349
f 323 349 348
f 324 325 350
f 324 350 349
f 325 326 351
f 325 351 350
f 327 328 353
f 327 353 352
f 328 329 354
f 328 354 353
f 329 330 355
f 329 355 354
f 330 331 356
f 330 356 355
f 331 332 357
f 331 357 356
f 332 333 358
f 332 358 357
f 333 334 359
f 333 359 358
f 334 335 360
f 334 360 359
f 335 336 361
f 335 361 360
f 336 337 362
f 336 362 361
f 337 338 363
f 337 363 362
f 338 339 364
f 338 364 363
f 339 340 365
f 339 365 364
f 340 341 366
f 340 366 365
f 341 342 367
f 341 367 366
f 342 343 368
f 342 368 367
f 343 344 369
f 343 369 368
f 344 345 370
f 344 370 369
f 345 346 371
f 345 371 370
f 346 347 372
f 346 372 371
f 347 348 373
f 347 373 372
f 348 349 374
f 348 374 373
f 349 350 375
f 349 375 374
f 350 351 376
f 350 376 375
f 352 353 378
f 352 378 377
f 353 354 379
f 353 379 378
f 354 355 380
f 354 380 379
f 355 356 381
f 355 381 380
f 356 357 382
f 356 382 381
f 357 358 383
f 357 383 382
f 358 359 384
f 358 384 383
f 359 360 385
f 359 385 384
f 360 361 386
f 360 386 385
f 361 362 387
f 361 387 386
f 362 363 388
f 362 388 387
f 363 364 389
f 363 389 388
f 364 365 390
f 364 390 389
f 365 366 391
f 365 391 390
f 366 367 392
f 366 392 391
f 367 368 393
f 367 393 392
f 368 369 394
f 368 394 393
f 369 370 395
f 369 395 394
f 370 371 396
f 370 396 395
f 371 372 397
f 371 397 396
f 372 373 398
f 372 398 397
f 373 374 399
f 373 399 398
f 374 375 400
f 374 400 399
f 375 376 401
f 375 401 400
f 377 378 403
f 377 403 402
f 378 379 404
f 378 404 403
f 379 380 405
f 379 405 404
f 380 381 406
f 380 406 405
f 381 382 407
f 381 407 406
f 382 383 408
f 382 408 407
f 383 384 409
f 383 409 408
f 384 385 410
f 384 410 409
f 385 386 411
f 385 411 410
f 386 387 412
f 386 412 411
f 387 388 413
f 387 413 412
f 388 389 414
f 388 414 413
f 389 390 415
f 389 415 414
f 390 391 416
f 390 416 415
f 391 392 417
f 391 417 416
f 392 393 418
f 392 418 417
f 393 394 419
f 393 419 418
f 394 395 420
f 394 420 419
f 395 396 421
f 395 421 420
f 396 397 422
f 396 422 421
f 397 398 423
f 397 423 422
f 398 399 424
f 398 424 423
f 399 400 425
f 399 425 424
f 400 401 426
f 400 426 425
f 402 403 428
f 402 428 427
f 403 404 429
f 403 429 428
f 404 405 430
f 404 430 429
f 405 406 431
f 405 431 430
f 406 407 432
f 406 432 431
f 407 408 433
f 407 433 432
f 408 409 434
f 408 434 433
f 409 410 435
f 409 435 434
f 410 411 436
f 410 436 435
f 411 412 437
f 411 437 436
f 412 413 438
f 412 438 437
f 413 414 439
f 413 439 438
f 414 415 440
f 414 440 439
f 415 416 441
f 415 441 440
f 416 417 442
f 416 442 441
f 417 418 443
f 417 443 442
f 418 419 444
f 418 444 443
f 419 420 445
f 419 445 444
f 420 421 446
f 420 446 445
f 421 422 447
f 421 447 446
f 422 423 448
f 422 448 447
f 423 424 449
f 423 449 448
f 424 425 450
f 424 450 449
f 425 426 451
f 425 451 450
f 427 428 453
f 427 453 452
f 428 429 454
f 428 454 453
f 429 430 455
f 429 455 454
f 430 431 456
f 430 456 455
f 431 432 457
f 431 457 456
f 432 433 458
f 432 458 457
f 433 434 459
f 433 459 458
f 434 435 460
f 434 460 459
f 435 436 461
f 435 461 460
f 436 437 462
f 436 462 461
f 437 438 463
f 437 463 462
f 438 439 464
f 438 464 463
f 439 440 465
f 439 465 464
f 440 441 466
f 440 466 465
f 441 442 467
f 441 467 466
f 442 443 468
f 442 468 467
f 443 444 469
f 443 469 468
f 444 445 470
f 444 470 469
f 445 446 471
f 445 471 470
f 446 447 472
f 446 472 471
f 447 448 473
f 447 473 472
f 448 449 474
f 448 474 473
f 449 450 475
f 449 475 474
f 450 451 476
f 450 476 475
f 452 453 478
f 452 478 477
f 453 454 479
f 453 479 478
f 454 455 480
f 454 480 479
f 455 456 481
f 455 481 480
f 456 457 482
f 456 482 481
f 457 458 483
f 457 483 482
f 458 459 484
f 458 484 483
f 459 460 485
f 459 485 484
f 460 461 486
f 460 486 485
f 461 462 487
f 461 487 486
f 462 463 488
f 462 488 487
f 463 464 489
f 463 489 488
f 464 465 490
f 464 490 489
f 465 466 491
f 465 491 490
f 466 467 492
f 466 492 491
f 467 468 493
f 467 493 492
f 468 469 494
f 468 494 493
f 469 470 495
f 469 495 494
f 470 471 496
f 470 496 495
f 471 472 497
f 471 497 496
f 472 473 498
f 472 498 497
f 473 474 499
f 473 499 498
f 474 475 500
f 474 500 499
f 475 476 501
f 475 501 500
f 477 478 503
f 477 503 502
f 478 479 504
f 478 504 503
f 479 480 505
f 479 505 504
f 480 481 506
f 480 506 505
f 481 482 507
f 481 507 506
f 482 483 508
f 482 508 507
f 483 484 509
f 483 509 508
f 484 485 510
f 484 510 509
f 485 486 511
f 485 511 510
f 486 487 512
f 486 512 511
f 487 488 513
f 487 513 512
f 488 489 514
f 488 514 513
f 489 490 515
f 489 515 514
f 490 491 516
f 490 516 515
f 491 492 517
f 491 517 516
f 492 493 518
f 492 518 517
f 493 494 519
f 493 519 518
f 494 495 520
f 494 520 519
f 495 496 521
f 495 521 520
f 496 497 522
f 496 522 521
f 497 498 523
f 497 523 522
f 498 499 524
f 498 524 523
f 499 500 525
f 499 525 524
f 500 501 526
f 500 526 525
f 502 503 528
f 502 528 527
f 503 504 529
f 503 529 528
f 504 505 530
f 504 530 529
f 505 506 531
f 505 531 530
f 506 507 532
f 506 532 531
f 507 508 533
f 507 533 532
f 508 509 534
f 508 534 533
f 509 510 535
f 509 535 534
f 510 511 536
f 510 536 535
f 511 512 537
f 511 537 536
f 512 513 538
f 512 538 537
f 513 514 539
f 513 539 538
f 514 515 540
f 514 540 539
f 515 516 541
f 515 541 540
f 516 517 542
f 516 542 541
f 517 518 543
f 517 543 542
f 518 519 544
f 518 544 543
f 519 520 545
f 519 545 544
f 520 521 546
f 520 546 545
f 521 522 547
f 521 547 546
f 522 523 548
f 522 548 547
f 523 524 549
f 523 549 548
f 524 525 550
f 524 550 549
f 525 526 551
f 525 551 550
f 527 528 553
f 527 553 552
f 528 529 554
f 528 554 553
f 529 530 555
f 529 555 554
f 530 531 556
f 530 556 555
f 531 532 557
f 531 557 556
f 532 533 558
f 532 558 557
f 533 534 559
f 533 559 558
f 534 535 560
f 534 560 559
f 535 536 561
f 535 561 560
f 536 537 562
f 536 562 561
f 537 538 563
f 537 563 562
f 538 539 564
f 538 564 563
f 539 540 565
f 539 565 564
f 540 541 566
f 540 566 565
f 541 542 567
f 541 567 566
f 542 543 568
f 542 568 567
f 543 544 569
f 543 569 568
f 544 545 570
f 544 570 569
f 545 546 571
f 545 571 570
f 546 547 572
f 546 572 571
f 547 548 573
f 547 573 572
f 548 549 574
f 548 574 573
f 549 550 575
f 549 575 574
f 550 551 576
f 550 576 575
f 552 553 578
f 552 578 577
f 553 554 579
f 553 579 578
f 554 555 580
f 554 580 579
f 555 556 581
f 555 581 580
f 556 557 582
f 556 582 581
f 557 558 583
f 557 583 582
f 558 559 584
f 558 584 583
f 559 560 585
f 559 585 584
f 560 561 586
f 560 586 585
f 561 562 587
f 561 587 586
f 562 563 588
f 562 588 587
f 563 564 589
f 563 589 588
f 564 565 590
f 564 590 589
f 565 566 591
f 565 591 590
f 566 567 592
f 566 592 591
f 567 568 593
f 567 593 592
f 568 569 594
f 568 594 593
f 569 570 595
f 569 595 594
f 570 571 596
f 570 596 595
f 571 572 597
f 571 597 596
f 572 573 598
f 572 598 597
f 573 574 599
f 573 599 598
f 574 575 600
f 574 600 599
f 575 576 601
f 575 601 600
f 577 578 603
f 577 603 602
f 578 579 604
f 578 604 603
f 579 580 605
f 579 605 604
f 580 581 606
f 580 606 605
f 581 582 607
f 581 607 606
f 582 583 608
f 582 608 607
f 583 584 609
f 583 609 608
f 584 585 610
f 584 610 609
f 585 586 611
f 585 611 610
f 586 587 612
f 586 612 611
f 587 588 613
f 587 613 612
f 588 589 614
f 588 614 613
f 589 590 615
f 589 615 614
f 590 591 616
f 590 616 615
f 591 592 617
f 591 617 616
f 592 593 618
f 592 618 617
f 593 594 619
f 593 619 618
f 594 595 620
f 594 620 619
f 595 596 621
f 595 621 620
f 596 597 622
f 596 622 621
f 597 598 623
f 597 623 622
f 598 599 624
f 598 624 623
f 599 600 625
f 599 625 624
f 600 601 626
f 600 626 625
f 602 603 628
f 602 628 627
f 603 604 629
f 603 629 628
f 604 605 630
f 604 630 629
f 605 606 631
f 605 631 630
f 606 607 632
f 606 632 631
f 607 608 633
f 607 633 632
f 608 609 634
f 608 634 633
f 609 610 635
f 609 635 634
f 610 611 636
f 610 636 635
f 611 612 637
f 611 637 636
f 612 613 638
f 612 638 637
f 613 614 639
f 613 639 638
f 614 615 640
f 614 640 639
f 615 616 641
f 615 641 640
f 616 617 642
f 616 642 641
f 617 618 643
f 617 643 642
f 618 619 644
f 618 644 643
f 619 620 645
f 619 645 644
f 620 621 646
f 620 646 645
f 621 622 647
f 621 647 646
f 622 623 648
f 622 648 647
f 623 624 649
f 623 649 648
f 624 625 650
f 624 650 649
f 625 626 651
f 625 651 650
f 627 628 653
f 627 653 652
f 628 629 654
f 628 654 653
f 629 630 655
f 629 655 654
f 630 631 656
f 630 656 655
f 631 632 657
f 631 657 656
f 632 633 658
f 632 658 657
f 633 634 659
f 633 659 658
f 634 635 660
f 634 660 659
f 635 636 661
f 635 661 660
f 636 637 662
f 636 662 661
f 637 638 663
f 637 663 662
f 638 639 664
f 638 664 663
f 639 640 665
f 639 665 664
f 640 641 666
f 640 666 665
f 641 642 667
f 641 667 666
f 642 643 668
f 642 668 667
f 643 644 669
f 643 669 668
f 644 645 670
f 644 670 669
f 645 646 671
f 645 671 670
f 646 647 672
f 646 672 671
f 647 648 673
f 647 673 672
f 648 649 674
f 648 674 673
f 649 650 675
f 649 675 674
f 650 651 676
f 650 676 675
f 652 653 678
f 652 678 677
f 653 654 679
f 653 679 678
f 654 655 680
f 654 680 679
f 655 656 681
f 655 681 680
f 656 657 682
f 656 682 681
f 657 658 683
f 657 683 682
f 658 659 684
f 658 684 683
f 659 660 685
f 659 685 684
f 660 661 686
f 660 686 685
f 661 662 687
f 661 687 686
f 662 663 688
f 662 688 687
f 663 664 689
f 663 689 688
f 664 665 690
f 664 690 689
f 665 666 691
f 665 691 690
f 666 667 692
f 666 692 691
f 667 668 693
f 667 693 692
f 668 669 694
f 668 694 693
f 669 670 695
f 669 695 694
f 670 671 696
f 670 696 695
f 671 672 697
f 671 697 696
f 672 673 698
f 672 698 697
f 673 674 699
f 673 699 698
f 674 675 700
f 674 700 699
f 675 676 701
f 675 701 700
f 702 703 678
f 702 678 677
f 703 704 679
f 703 679 678
f 704 705 680
f 704 680 679
f 705 706 681
f 705 681 680
f 706 707 682
f 706 682 681
f 707 708 683
f 707 683 682
f 708 709 684
f 708 684 683
f 709 710 685
f 709 685 684
f 710 711 686
f 710 686 685
f 711 712 687
f 711 687 686
f 712 713 688
f 712 688 687
f 713 714 689
f 713 689 688
f 714 715 690
f 714 690 689
f 715 716 691
f 715 691 690
f 716 717 692
f 716 692 691
f 717 718 693
f 717 693 692
f 718 719 694
f 718 694 693
f 719 720 695
f 719 695 694
f 720 721 696
f 720 696 695
f 721 722 697
f 721 697 696
f 722 723 698
f 722 698 697
f 723 724 699
f 723 699 698
f 724 725 700
f 724 700 699
f 725 726 701
f 725 701 700
f 727 752 753
f 727 753 728
f 728 753 754
f 728 754 729
f 729 754 755
f 729 755 730
f 730 755 756
f 730 756 731
f 731 756 757
f 731 757 732
f 732 757 758
f 732 758 733
f 733 758 759
f 733 759 734
f 734 759 760
f 734 760 735
f 735 760 761
f 735 761 736
f 736 761 762
f 736 762 737
f 737 762 763
f 737 763 738
f 738 763 764
f 738 764 739
f 739 764 765
f 739 765 740
f 740 765 766
f 740 766 741
f 741 766 767
f 741 767 742
f 742 767 768
f 742 768 743
f 743 768 769
f 743 769 744
f 744 769 770
f 744 770 745
f 745 770 771
f 745 771 746
f 746 771 772
f 746 772 747
f 747 772 773
f 747 773 748
f 748 773 774
f 748 774 749
f 749 774 775
f 749 775 750
f 750 775 776
f 750 776 751
f 752 777 778
f 752 778 753
f 753 778 779
f 753 779 754
f 754 779 780
f 754 780 755
f 755 780 781
f 755 781 756
f 756 781 782
f 756 782 757
f 758 783 782
f 758 782 757
f 759 784 783
f 759 783 758
f 760 785 784
f 760 784 759
f 761 786 785
f 761 785 760
f 762 787 786
f 762 786 761
f 763 788 787
f 763 787 762
f 764 789 788
f 764 788 763
f 765 790 789
f 765 789 764
f 766 791 790
f 766 790 765
f 767 792 791
f 767 791 766
f 768 793 792
f 768 792 767
f 769 794 793
f 769 793 768
f 770 795 794
f 770 794 769
f 771 796 795
f 771 795 770
f 772 797 796
f 772 796 771
f 772 797 798
f 772 798 773
f 773 798 799
f 773 799 774
f 774 799 800
f 774 800 775
f 775 800 801
f 775 801 776
f 777 802 803
f 777 803 778
f 778 803 804
f 778 804 779
f 780 805 804
f 780 804 779
f 781 806 805
f 781 805 780
f 782 807 806
f 782 806 781
f 783 808 807
f 783 807 782
f 784 809 808
f 784 808 783
f 785 810 809
f 785 809 784
f 786 811 810
f 786 810 785
f 787 812 811
f 787 811 786
f 788 813 812
f 788 812 787
f 789 814 813
f 789 813 788
f 790 815 814
f 790 814 789
f 791 816 815
f 791 815 790
f 792 817 816
f 792 816 791
f 793 818 817
f 793 817 792
f 794 819 818
f 794 818 793
f 795 820 819
f 795 819 794
f 796 821 820
f 796 820 795
f 797 822 821
f 797 821 796
f 798 823 822
f 798 822 797
f 799 824 823
f 799 823 798
f 800 825 824
f 800 824 799
f 801 826 825
f 801 825 800
f 803 828 827
f 803 827 802
f 804 829 828
f 804 828 803
f 805 830 829
f 805 829 804
f 806 831 830
f 806 830 805
f 807 832 831
f 807 831 806
f 808 833 832
f 808 832 807
f 809 834 833
f 809 833 808
f 810 835 834
f 810 834 809
f 811 836 835
f 811 835 810
f 812 837 836
f 812 836 811
f 813 838 837
f 813 837 812
f 814 839 838
f 814 838 813
f 815 840 839
f 815 839 814
f 816 841 840
f 816 840 815
f 817 842 841
f 817 841 816
f 818 843 842
f 818 842 817
f 819 844 843
f 819 843 818
f 820 845 844
f 820 844 819
f 821 846 845
f 821 845 820
f 822 847 846
f 822 846 821
f 823 848 847
f 823 847 822
f 824 849 848
f 824 848 823
f 825 850 849
f 825 849 824
f 826 851 850
f 826 850 825
f 828 853 852
f 828 852 827
f 829 854 853
f 829 853 828
f 830 855 854
f 830 854 829
f 831 856 855
f 831 855 830
f 832 857 856
f 832 856 831
f 833 858 857
f 833 857 832
f 834 859 858
f 834 858 833
f 835 860 859
f 835 859 834
f 836 861 860
f 836 860 835
f 837 862 861
f 837 861 836
f 838 863 862
f 838 862 837
f 839 864 863
f 839 863 838
f 840 865 864
f 840 864 839
f 841 866 865
f 841 865 840
f 842 867 866
f 842 866 841
f 843 868 867
f 843 867 842
f 844 869 868
f 844 868 843
f 845 870 869
f 845 869 844
f 846 871 870
f 846 870 845
f 847 872 871
f 847 871 846
f 848 873 872
f 848 872 847
f 849 874 873
f 849 873 848
f 850 875 874
f 850 874 849
f 851 876 875
f 851 875 850
f 853 878 877
f 853 877 852
f 854 879 878
f 854 878 853
f 855 880 879
f 855 879 854
f 856 881 880
f 856 880 855
f 857 882 881
f 857 881 856
f 858 883 882
f 858 882 857
f 859 884 883
f 859 883 858
f 860 885 884
f 860 884 859
f 861 886 885
f 861 885 860
f 862 887 886
f 862 886 861
f 863 888 887
f 863 887 862
f 864 889 888
f 864 888 863
f 865 890 889
f 865 889 864
f 866 891 890
f 866 890 865
f 867 892 891
f 867 891 866
f 868 893 892
f 868 892 867
f 869 894 893
f 869 893 868
f 870 895 894
f 870 894 869
f 871 896 895
f 871 895 870
f 872 897 896
f 872 896 871
f 873 898 897
f 873 897 872
f 874 899 898
f 874 898 873
f 875 900 899
f 875 899 874
f 876 901 900
f 876 900 875
f 878 903 902
f 878 902 877
f 879 904 903
f 879 903 878
f 880 905 904
f 880 904 879
f 881 906 905
f 881 905 880
f 882 907 906
f 882 906 881
f 883 908 907
f 883 907 882
f 884 909 908
f 884 908 883
f 885 910 909
f 885 909 884
f 886 911 910
f 886 910 885
f 887 912 911
f 887 911 886
f 888 913 912
f 888 912 887
f 889 914 913
f 889 913 888
f 890 915 914
f 890 914 889
f 891 916 915
f 891 915 890
f 892 917 916
f 892 916 891
f 893 918 917
f 893 917 892
f 894 919 918
f 894 918 893
f 895 920 919
f 895 919 894
f 896 921 920
f 896 920 895
f 897 922 921
f 897 921 896
f 898 923 922
f 898 922 897
f 899 924 923
f 899 923 898
f 900 925 924
f 900 924 899
f 901 926 925
f 901 925 900
f 903 928 927
f 903 927 902
f 904 929 928
f 904 928 903
f 905 930 929
f 905 929 904
f 906 931 930
f 906 930 905
f 907 932 931
f 907 931 906
f 908 933 932
f 908 932 907
f 909 934 933
f 909 933 908
f 910 935 934
f 910 934 909
f 911 936 935
f 911 935 910
f 912 937 936
f 912 936 911
f 913 938 937
f 913 937 912
f 914 939 938
f 914 938 913
f 915 940 939
f 915 939 914
f 916 941 940
f 916 940 915
f 917 942 941
f 917 941 916
f 918 943 942
f 918 942 917
f 919 944 943
f 919 943 918
f 920 945 944
f 920 944 919
f 921 946 945
f 921 945 920
f 922 947 946
f 922 946 921
f 923 948 947
f 923 947 922
f 924 949 948
f 924 948 923
f 925 950 949
f 925 949 924
f 926 951 950
f 926 950 925
f 928 953 952
f 928 952 927
f 929 954 953
f 929 953 928
f 930 955 954
f 930 954 929
f 931 956 955
f 931 955 930
f 932 957 956
f 932 956 931
f 933 958 957
f 933 957 932
f 934 959 958
f 934 958 933
f 935 960 959
f 935 959 934
f 936 961 960
f 936 960 935
f 937 962 961
f 937 961 936
f 938 963 962
f 938 962 937
f 939 964 963
f 939 963 938
f 940 965 964
f 940 964 939
f 941 966 965
f 941 965 940
f 942 967 966
f 942 966 941
f 943 968 967
f 943 967 942
f 944 969 968
f 944 968 943
f 945 970 969
f 945 969 944
f 946 971 970
f 946 970 945
f 947 972 971
f 947 971 946
f 948 973 972
f 948 972 947
f 949 974 973
f 949 973 948
f 950 975 974
f 950 974 949
f 951 976 975
f 951 975 950
f 953 978 977
f 953 977 952
f 954 979 978
f 954 978 953
f 955 980 979
f 955 979 954
f 956 981 980
f 956 980 955
f 957 982 981
f 957 981 956
f 958 983 982
f 958 982 957
f 959 984 983
f 959 983 958
f 960 985 984
f 960 984 959
f 961 986 985
f 961 985 960
f 962 987 986
f 962 986 961
f 963 988 987
f 963 987 962
f 964 989 988
f 964 988 963
f 965 990 989
f 965 989 964
f 966 991 990
f 966 990 965
f 967 992 991
f 967 991 966
f 968 993 992
f 968 992 967
f 969 994 993
f 969 993 968
f 970 995 994
f 970 994 969
f 971 996 995
f 971 995 970
f 972 997 996
f 972 996 971
f 973 998 997
f 973 997 972
f 974 999 998
f 974 998 973
f 975 1000 999
f 975 999 974
f 976 1001 1000
f 976 1000 975
f 978 1003 1002
f 978 1002 977
f 979 1004 1003
f 979 1003 978
f 980 1005 1004
f 980 1004 979
f 981 1006 1005
f 981 1005 980
f 982 1007 1006
f 982 1006 981
f 983 1008 1007
f 983 1007 982
f 984 1009 1008
f 984 1008 983
f 985 1010 1009
f 985 1009 984
f 986 1011 1010
f 986 1010 985
f 987 1012 1011
f 987 1011 986
f 988 1013 1012
f 988 1012 987
f 989 1014 1013
f 989 1013 988
f 990 1015 1014
f 990 1014 989
f 991 1016 1015
f 991 1015 990
f 992 1017 1016
f 992 1016 991
f 993 1018 1017
f 993 1017 992
f 994 1019 1018
f 994 1018 993
f 995 1020 1019
f 995 1019 994
f 996 1021 1020
f 996 1020 995
f 997 1022 1021
f 997 1021 996
f 998 1023 1022
f 998 1022 997
f 999 1024 1023
f 999 1023 998
f 1000 1025 1024
f 1000 1024 999
f 1001 1026 1025
f 1001 1025 1000
f 1003 1028 1027
f 1003 1027 1002
f 1004 1029 1028
f 1004 1028 1003
f 1005 1030 1029
f 1005 1029 1004
f 1006 1031 1030
f 1006 1030 1005
f 1007 1032 1031
f 1007 1031 1006
f 1008 1033 1032
f 1008 1032 1007
f 1009 1034 1033
f 1009 1033 1008
f 1010 1035 1034
f 1010 1034 1009
f 1011 1036 1035
f 1011 1035 1010
f 1012 1037 1036
f 1012 1036 1011
f 1013 1038 1037
f 1013 1037 1012
f 1014 1039 1038
f 1014 1038 1013
f 1015 1040 1039
f 1015 1039 1014
f 1016 1041 1040
f 1016 1040 1015
f 1017 1042 1041
f 1017 1041 1016
f 1018 1043 1042
f 1018 1042 1017
f 1019 1044 1043
f 1019 1043 1018
f 1020 1045 1044
f 1020 1044 1019
f 1021 1046 1045
f 1021 1045 1020
f 1022 1047 1046
f 1022 1046 1021
f 1023 1048 1047
f 1023 1047 1022
f 1024 1049 1048
f 1024 1048 1023
f 1025 1050 1049
f 1025 1049 1024
f 1026 1051 1050
f 1026 1050 1025
f 1028 1053 1052
f 1028 1052 1027
f 1029 1054 1053
f 1029 1053 1028
f 1030 1055 1054
f 1030 1054 1029
f 1031 1056 1055
f 1031 1055 1030
f 1032 1057 1056
f 1032 1056 1031
f 1033 1058 1057
f 1033 1057 1032
f 1034 1059 1058
f 1034 1058 1033
f 1035 1060 1059
f 1035 1059 1034
f 1036 1061 1060
f 1036 1060 1035
f 1037 1062 1061
f 1037 1061 1036
f 1038 1063 1062
f 1038 1062 1037
f 1039 1064 1063
f 1039 1063 1038
f 1040 1065 1064
f 1040 1064 1039
f 1041 1066 1065
f 1041 1065 1040
f 1042 1067 1066
f 1042 1066 1041
f 1043 1068 1067
f 1043 1067 1042
f 1044 1069 1068
f 1044 1068 1043
f 1045 1070 1069
f 1045 1069 1044
f 1046 1071 1070
f 1046 1070 1045
f 1047 1072 1071
f 1047 1071 1046
f 1048 1073 1072
f 1048 1072 1047
f 1049 1074 1073
f 1049 1073 1048
f 1050 1075 1074
f 1050 1074 1049
f 1051 1076 1075
f 1051 1075 1050
f 1053 1078 1077
f 1053 1077 1052
f 1054 1079 1078
f 1054 1078 1053
f 1055 1080 1079
f 1055 1079 1054
f 1056 1081 1080
f 1056 1080 1055
f 1057 1082 1081
f 1057 1081 1056
f 1058 1083 1082
f 1058 1082 1057
f 1059 1084 1083
f 1059 1083 1058
f 1060 1085 1084
f 1060 1084 1059
f 1061 1086 1085
f 1061 1085 1060
f 1062 1087 1086
f 1062 1086 1061
f 1063 1088 1087
f 1063 1087 1062
f 1064 1089 1088
f 1064 1088 1063
f 1065 1090 1089
f 1065 1089 1064
f 1066 1091 1090
f 1066 1090 1065
f 1067 1092 1091
f 1067 1091 1066
f 1068 1093 1092
f 1068 1092 1067
f 1069 1094 1093
f 1069 1093 1068
f 1070 1095 1094
f 1070 1094 1069
f 1071 1096 1095
f 1071 1095 1070
f 1072 1097 1096
f 1072 1096 1071
f 1073 1098 1097
f 1073 1097 1072
f 1074 1099 1098
f 1074 1098 1073
f 1075 1100 1099
f 1075 1099 1074
f 1076 1101 1100
f 1076 1100 1075
f 1078 1103 1102
f 1078 1102 1077
f 1079 1104 1103
f 1079 1103 1078
f 1080 1105 1104
f 1080 1104 1079
f 1081 1106 1105
f 1081 1105 1080
f 1082 1107 1106
f 1082 1106 1081
f 1083 1108 1107
f 1083 1107 1082
f 1084 1109 1108
f 1084 1108 1083
f 1085 1110 1109
f 1085 1109 1084
f 1086 1111 1110
f 1086 1110 1085
f 1087 1112 1111
f 1087 1111 1086
f 1088 1113 1112
f 1088 1112 1087
f 1089 1114 1113
f 1089 1113 1088
f 1090 1115 1114
f 1090 1114 1089
f 1091 1116 1115
f 1091 1115 1090
f 1092 1117 1116
f 1092 1116 1091
f 1093 1118 1117
f 1093 1117 1092
f 1094 1119 1118
f 1094 1118 1093
f 1095 1120 1119
f 1095 1119 1094
f 1096 1121 1120
f 1096 1120 1095
f 1097 1122 1121
f 1097 1121 1096
f 1098 1123 1122
f 1098 1122 1097
f 1099 1124 1123
f 1099 1123 1098
f 1100 1125 1124
f 1100 1124 1099
f 1101 1126 1125
f 1101 1125 1100
f 1103 1128 1127
f 1103 1127 1102
f 1104 1129 1128
f 1104 1128 1103
f 1105 1130 1129
f 1105 1129 1104
f 1106 1131 1130
f 1106 1130 1105
f 1107 1132 1131
f 1107 1131 1106
f 1108 1133 1132
f 1108 1132 1107
f 1109 1134 1133
f 1109 1133 1108
f 1110 1135 1134
f 1110 1134 1109
f 1111 1136 1135
f 1111 1135 1110
f 1112 1137 1136
f 1112 1136 1111
f 1113 1138 1137
f 1113 1137 1112
f 1114 1139 1138
f 1114 1138 1113
f 1115 1140 1139
f 1115 1139 1114
f 1116 1141 1140
f 1116 1140 1115
f 1117 1142 1141
f 1117 1141 1116
f 1118 1143 1142
f 1118 1142 1117
f 1119 1144 1143
f 1119 1143 1118
f 1120 1145 1144
f 1120 1144 1119
f 1121 1146 1145
f 1121 1145 1120
f 1122 1147 1146
f 1122 1146 1121
f 1123 1148 1147
f 1123 1147 1122
f 1124 1149 1148
f 1124 1148 1123
f 1125 1150 1149
f 1125 1149 1124
f 1126 1151 1150
f 1126 1150 1125
f 1127 1152 1153
f 1127 1153 1128
f 1128 1153 1154
f 1128 1154 1129
f 1130 1155 1154
f 1130 1154 1129
f 1131 1156 1155
f 1131 1155 1130
f 1132 1157 1156
f 1132 1156 1131
f 1133 1158 1157
f 1133 1157 1132
f 1134 1159 1158
f 1134 1158 1133
f 1135 1160 1159
f 1135 1159 1134
f 1136 1161 1160
f 1136 1160 1135
f 1137 1162 1161
f 1137 1161 1136
f 1138 1163 1162
f 1138 1162 1137
f 1139 1164 1163
f 1139 1163 1138
f 1140 1165 1164
f 1140 1164 1139
f 1141 1166 1165
f 1141 1165 1140
f 1142 1167 1166
f 1142 1166 1141
f 1143 1168 1167
f 1143 1167 1142
f 1144 1169 1168
f 1144 1168 1143
f 1145 1170 1169
f 1145 1169 1144
f 1146 1171 1170
f 1146 1170 1145
f 1147 1172 1171
f 1147 1171 1146
f 1148 1173 1172
f 1148 1172 1147
f 1149 1174 1173
f 1149 1173 1148
f 1150 1175 1174
f 1150 1174 1149
f 1150 1175 1176
f 1150 1176 1151
f 1152 1177 1178
f 1152 1178 1153
f 1153 1178 1179
f 1153 1179 1154
f 1154 1179 1180
f 1154 1180 1155
f 1155 1180 1181
f 1155 1181 1156
f 1156 1181 1182
f 1156 1182 1157
f 1158 1183 1182
f 1158 1182 1157
f 1159 1184 1183
f 1159 1183 1158
f 1160 1185 1184
f 1160 1184 1159
f 1161 1186 1185
f 1161 1185 1160
f 1162 1187 1186
f 1162 1186 1161
f 1163 1188 1187
f 1163 1187 1162
f 1164 1189 1188
f 1164 1188 1163
f 1165 1190 1189
f 1165 1189 1164
f 1166 1191 1190
f 1166 1190 1165
f 1167 1192 1191
f 1167 1191 1166
f 1168 1193 1192
f 1168 1192 1167
f 1169 1194 1193
f 1169 1193 1168
f 1170 1195 1194
f 1170 1194 1169
f 1171 1196 1195
f 1171 1195 1170
f 1172 1197 1196
f 1172 1196 1171
f 1172 1197 1198
f 1172 1198 1173
f 1173 1198 1199
f 1173 1199 1174
f 1174 1199 1200
f 1174 1200 1175
f 1175 1200 1201
f 1175 1201 1176
f 1177 1202 1203
f 1177 1203 1178
f 1178 1203 1204
f 1178 1204 1179
f 1179 1204 1205
f 1179 1205 1180
f 1180 1205 1206
f 1180 1206 1181
f 1181 1206 1207
f 1181 1207 1182
f 1182 1207 1208
f 1182 1208 1183
f 1183 1208 1209
f 1183 1209 1184
f 1184 1209 1210
f 1184 1210 1185
f 1185 1210 1211
f 1185 1211 1186
f 1186 1211 1212
f 1186 1212 1187
f 1187 1212 1213
f 1187 1213 1188
f 1188 1213 1214
f 1188 1214 1189
f 1189 1214 1215
f 1189 1215 1190
f 1190 1215 1216
f 1190 1216 1191
f 1191 1216 1217
f 1191 1217 1192
f 1192 1217 1218
f 1192 1218 1193
f 1193 1218 1219
f 1193 1219 1194
f 1194 1219 1220
f 1194 1220 1195
f 1195 1220 1221
f 1195 1221 1196
f 1196 1221 1222
f 1196 1222 1197
f 1197 1222 1223
f 1197 1223 1198
f 1198 1223 1224
f 1198 1224 1199
f 1199 1224 1225
f 1199 1225 1200
f 1200 1225 1226
f 1200 1226 1201
f 227 252 752
f 227 752 727
f 251 751 776
f 251 776 276
f 252 277 777
f 252 777 752
f 276 776 801
f 276 801 301
f 277 302 802
f 277 802 777
f 301 801 826
f 301 826 326
f 302 327 827
f 302 827 802
f 326 826 851
f 326 851 351
f 327 352 852
f 327 852 827
f 351 851 876
f 351 876 376
f 352 377 877
f 352 877 852
f 376 876 901
f 376 901 401
f 377 402 902
f 377 902 877
f 401 901 926
f 401 926 426
f 402 427 927
f 402 927 902
f 426 926 951
f 426 951 451
f 427 452 952
f 427 952 927
f 451 951 976
f 451 976 476
f 452 477 977
f 452 977 952
f 476 976 1001
f 476 1001 501
f 477 502 1002
f 477 1002 977
f 501 1001 1026
f 501 1026 526
f 502 527 1027
f 502 1027 1002
f 526 1026 1051
f 526 1051 551
f 527 552 1052
f 527 1052 1027
f 551 1051 1076
f 551 1076 576
f 552 577 1077
f 552 1077 1052
f 576 1076 1101
f 576 1101 601
f 577 602 1102
f 577 1102 1077
f 601 1101 1126
f 601 1126 626
f 602 627 1127
f 602 1127 1102
f 626 1126 1151
f 626 1151 651
f 627 652 1152
f 627 1152 1127
f 651 1151 1176
f 651 1176 676
f 652 677 1177
f 652 1177 1152
f 676 1176 1201
f 676 1201 701
f 677 702 1202
f 677 1202 1177
f 701 1201 1226
f 701 1226 726
f 227 727 728
f 227 728 228
f 702 703 1203
f 702 1203 1202
f 228 728 729
f 228 729 229
f 703 704 1204
f 703 1204 1203
f 229 729 730
f 229 730 230
f 704 705 1205
f 704 1205 1204
f 230 730 731
f 230 731 231
f 705 706 1206
f 705 1206 1205
f 231 731 732
f 231 732 232
f 706 707 1207
f 706 1207 1206
f 232 732 733
f 232 733 233
f 707 708 1208
f 707 1208 1207
f 233 733 734
f 233 734 234
f 708 709 1209
f 708 1209 1208
f 234 734 735
f 234 735 235
f 709 710 1210
f 709 1210 1209
f 235 735 736
f 235 736 236
f 710 711 1211
f 710 1211 1210
f 236 736 737
f 236 737 237
f 711 712 1212
f 711 1212 1211
f 237 737 738
f 237 738 238
f 712 713 1213
f 712 1213 1212
f 238 738 739
f 238 739 239
f 713 714 1214
f 713 1214 1213
f 239 739 740
f 239 740 240
f 714 715 1215
f 714 1215 1214
f 240 740 741
f 240 741 241
f 715 716 1216
f 715 1216 1215
f 241 741 742
f 241 742 242
f 716 717 1217
f 716 1217 1216
f 242 742 743
f 242 743 243
f 717 718 1218
f 717 1218 1217
f 243 743 744
f 243 744 244
f 718 719 1219
f 718 1219 1218
f 244 744 745
f 244 745 245
f 719 720 1220
f 719 1220 1219
f 245 745 746
f 245 746 246
f 720 721 1221
f 720 1221 1220
f 246 746 747
f 246 747 247
f 721 722 1222
f 721 1222 1221
f 247 747 748
f 247 748 248
f 722 723 1223
f 722 1223 1222
f 248 748 749
f 248 749 249
f 723 724 1224
f 723 1224 1223
f 249 749 750
f 249 750 250
f 724 725 1225
f 724 1225 1224
f 250 750 751
f 250 751 251
f 725 726 1226
f 725 1226 1225
o cuirass_back
v -1.000000 -0.850000 -0.520000
v -0.916667 -0.850000 -0.520000
v -0.833333 -0.850000 -0.520000
v -0.750000 -0.850000 -0.520000
v -0.666667 -0.850000 -0.520000
v -0.583333 -0.850000 -0.520000
v -0.500000 -0.850000 -0.520000
v -0.416667 -0.850000 -0.520000
v -0.333333 -0.850000 -0.520000
v -0.250000 -0.850000 -0.520000
v -0.166667 -0.850000 -0.520000
v -0.083333 -0.850000 -0.520000
v 0.000000 -0.850000 -0.520000
v 0.083333 -0.850000 -0.520000
v 0.166667 -0.850000 -0.520000
v 0.250000 -0.850000 -0.520000
v 0.333333 -0.850000 -0.520000
v 0.416667 -0.850000 -0.520000
v 0.500000 -0.850000 -0.520000
v 0.583333 -0.850000 -0.520000
v 0.666667 -0.850000 -0.520000
v 0.750000 -0.850000 -0.520000
v 0.833333 -0.850000 -0.520000
v 0.916667 -0.850000 -0.520000
v 1.000000 -0.850000 -0.520000
v -1.000000 -0.773684 -0.520000
v -0.916667 -0.773684 -0.520000
v -0.833333 -0.773684 -0.520000
v -0.750000 -0.773684 -0.520000
v -0.666667 -0.773684 -0.520000
v -0.583333 -0.773684 -0.520000
v -0.500000 -0.773684 -0.520000
v -0.416667 -0.773684 -0.520000
v -0.333333 -0.773684 -0.520000
v -0.250000 -0.773684 -0.520000
v -0.166667 -0.773684 -0.520000
v -0.083333 -0.773684 -0.520000
v 0.000000 -0.773684 -0.520000
v 0.083333 -0.773684 -0.520000
v 0.166667 -0.773684 -0.520000
v 0.250000 -0.773684 -0.520000
v 0.333333 -0.773684 -0.520000
v 0.416667 -0.773684 -0.520000
v 0.500000 -0.773684 -0.520000
v 0.583333 -0.773684 -0.520000
v 0.666667 -0.773684 -0.520000
v 0.750000 -0.773684 -0.520000
v 0.833333 -0.773684 -0.520000
v 0.916667 -0.773684 -0.520000
v 1.000000 -0.773684 -0.520000
v -1.000000 -0.697368 -0.520482
v -0.916667 -0.697368 -0.521748
v -0.833333 -0.697368 -0.522903
v -0.750000 -0.697368 -0.523948
v -0.666667 -0.697368 -0.524884
v -0.583333 -0.697368 -0.525709
v -0.500000 -0.697368 -0.526424
v -0.416667 -0.697368 -0.527029
v -0.333333 -0.697368 -0.527524
v -0.250000 -0.697368 -0.527910
v -0.166667 -0.697368 -0.528185
v -0.083333 -0.697368 -0.528350
v 0.000000 -0.697368 -0.528405
v 0.083333 -0.697368 -0.528350
v 0.166667 -0.697368 -0.528185
v 0.250000 -0.697368 -0.527910
v 0.333333 -0.697368 -0.527524
v 0.416667 -0.697368 -0.527029
v 0.500000 -0.697368 -0.526424
v 0.583333 -0.697368 -0.525709
v 0.666667 -0.697368 -0.524884
v 0.750000 -0.697368 -0.523948
v 0.833333 -0.697368 -0.522903
v 0.916667 -0.697368 -0.521748
v 1.000000 -0.697368 -0.520482
v -1.000000 -0.621053 -0.521187
v -0.916667 -0.621053 -0.524302
v -0.833333 -0.621053 -0.527145
v -0.750000 -0.621053 -0.529717
v -0.666667 -0.621053 -0.532019
v -0.583333 -0.621053 -0.534050
v -0.500000 -0.621053 -0.535810
v -0.416667 -0.621053 -0.537300
v -0.333333 -0.621053 -0.538518
v -0.250000 -0.621053 -0.539466
v -0.166667 -0.621053 -0.540143
v -0.083333 -0.621053 -0.540549
v 0.000000 -0.621053 -0.540685
v 0.083333 -0.621053 -0.540549
v 0.166667 -0.621053 -0.540143
v 0.250000 -0.621053 -0.539466
v 0.333333 -0.621053 -0.538518
v 0.416667 -0.621053 -0.537300
v 0.500000 -0.621053 -0.535810
v 0.583333 -0.621053 -0.534050
v 0.666667 -0.621053 -0.532019
v 0.750000 -0.621053 -0.529717
v 0.833333 -0.621053 -0.527145
v 0.916667 -0.621053 -0.524302
v 1.000000 -0.621053 -0.521187
v -1.000000 -0.544737 -0.521999
v -0.916667 -0.544737 -0.527242
v -0.833333 -0.544737 -0.532030
v -0.750000 -0.544737 -0.536361
v -0.666667 -0.544737 -0.540236
v -0.583333 -0.544737 -0.543656
v -0.500000 -0.544737 -0.546619
v -0.416667 -0.544737 -0.549127
v -0.333333 -0.544737 -0.551179
v -0.250000 -0.544737 -0.552774
v -0.166667 -0.544737 -0.553914
v -0.083333 -0.544737 -0.554598
v 0.000000 -0.544737 -0.554826
v 0.083333 -0.544737 -0.554598
v 0.166667 -0.544737 -0.553914
v 0.250000 -0.544737 -0.552774
v 0.333333 -0.544737 -0.551179
v 0.416667 -0.544737 -0.549127
v 0.500000 -0.544737 -0.546619
v 0.583333 -0.544737 -0.543656
v 0.666667 -0.544737 -0.540236
v 0.750000 -0.544737 -0.536361
v 0.833333 -0.544737 -0.532030
v 0.916667 -0.544737 -0.527242
v 1.000000 -0.544737 -0.521999
v -1.000000 -0.468421 -0.522850
v -0.916667 -0.468421 -0.530325
v -0.833333 -0.468421 -0.537150
v -0.750000 -0.468421 -0.543326
v -0.666667 -0.468421 -0.548851
v -0.583333 -0.468421 -0.553726
v -0.500000 -0.468421 -0.557951
v -0.416667 -0.468421 -0.561526
v -0.333333 -0.468421 -0.564451
v -0.250000 -0.468421 -0.566726
v -0.166667 -0.468421 -0.568351
v -0.083333 -0.468421 -0.569326
v 0.000000 -0.468421 -0.569651
v 0.083333 -0.468421 -0.569326
v 0.166667 -0.468421 -0.568351
v 0.250000 -0.468421 -0.566726
v 0.333333 -0.468421 -0.564451
v 0.416667 -0.468421 -0.561526
v 0.500000 -0.468421 -0.557951
v 0.583333 -0.468421 -0.553726
v 0.666667 -0.468421 -0.548851
v 0.750000 -0.468421 -0.543326
v 0.833333 -0.468421 -0.537150
v 0.916667 -0.468421 -0.530325
v 1.000000 -0.468421 -0.522850
v -1.000000 -0.392105 -0.523663
v -0.916667 -0.392105 -0.533268
v -0.833333 -0.392105 -0.542039
v -0.750000 -0.392105 -0.549974
v -0.666667 -0.392105 -0.557073
v -0.583333 -0.392105 -0.563338
v -0.500000 -0.392105 -0.568767
v -0.416667 -0.392105 -0.573361
v -0.333333 -0.392105 -0.577120
v -0.250000 -0.392105 -0.580043
v -0.166667 -0.392105 -0.582132
v -0.083333 -0.392105 -0.583384
v 0.000000 -0.392105 -0.583802
v 0.083333 -0.392105 -0.583384
v 0.166667 -0.392105 -0.582132
v 0.250000 -0.392105 -0.580043
v 0.333333 -0.392105 -0.577120
v 0.416667 -0.392105 -0.573361
v 0.500000 -0.392105 -0.568767
v 0.583333 -0.392105 -0.563338
v 0.666667 -0.392105 -0.557073
v 0.750000 -0.392105 -0.549974
v 0.833333 -0.392105 -0.542039
v 0.916667 -0.392105 -0.533268
v 1.000000 -0.392105 -0.523663
v -1.000000 -0.315789 -0.524357
v -0.916667 -0.315789 -0.535785
v -0.833333 -0.315789 -0.546219
v -0.750000 -0.315789 -0.555660
v -0.666667 -0.315789 -0.564106
v -0.583333 -0.315789 -0.571559
v -0.500000 -0.315789 -0.578019
v -0.416667 -0.315789 -0.583484
v -0.333333 -0.315789 -0.587956
v -0.250000 -0.315789 -0.591434
v -0.166667 -0.315789 -0.593918
v -0.083333 -0.315789 -0.595409
v 0.000000 -0.315789 -0.595906
v 0.083333 -0.315789 -0.595409
v 0.166667 -0.315789 -0.593918
v 0.250000 -0.315789 -0.591434
v 0.333333 -0.315789 -0.587956
v 0.416667 -0.315789 -0.583484
v 0.500000 -0.315789 -0.578019
v 0.583333 -0.315789 -0.571559
v 0.666667 -0.315789 -0.564106
v 0.750000 -0.315789 -0.555660
v 0.833333 -0.315789 -0.546219
v 0.916667 -0.315789 -0.535785
v 1.000000 -0.315789 -0.524357
v -1.000000 -0.239474 -0.524865
v -0.916667 -0.239474 -0.537623
v -0.833333 -0.239474 -0.549272
v -0.750000 -0.239474 -0.559812
v -0.666667 -0.239474 -0.569242
v -0.583333 -0.239474 -0.577563
v -0.500000 -0.239474 -0.584774
v -0.416667 -0.239474 -0.590876
v -0.333333 -0.239474 -0.595868
v -0.250000 -0.239474 -0.599751
v -0.166667 -0.239474 -0.602525
v -0.083333 -0.239474 -0.604189
v 0.000000 -0.239474 -0.604744
v 0.083333 -0.239474 -0.604189
v 0.166667 -0.239474 -0.602525
v 0.250000 -0.239474 -0.599751
v 0.333333 -0.239474 -0.595868
v 0.416667 -0.239474 -0.590876
v 0.500000 -0.239474 -0.584774
v 0.583333 -0.239474 -0.577563
v 0.666667 -0.239474 -0.569242
v 0.750000 -0.239474 -0.559812
v 0.833333 -0.239474 -0.549272
v 0.916667 -0.239474 -0.537623
v 1.000000 -0.239474 -0.524865
v -1.000000 -0.163158 -0.525132
v -0.916667 -0.163158 -0.538593
v -0.833333 -0.163158 -0.550882
v -0.750000 -0.163158 -0.562002
v -0.666667 -0.163158 -0.571951
v -0.583333 -0.163158 -0.580729
v -0.500000 -0.163158 -0.588337
v -0.416667 -0.163158 -0.594775
v -0.333333 -0.163158 -0.600042
v -0.250000 -0.163158 -0.604138
v -0.166667 -0.163158 -0.607065
v -0.083333 -0.163158 -0.608820
v 0.000000 -0.163158 -0.609406
v 0.083333 -0.163158 -0.608820
v 0.166667 -0.163158 -0.607065
v 0.250000 -0.163158 -0.604138
v 0.333333 -0.163158 -0.600042
v 0.416667 -0.163158 -0.594775
v 0.500000 -0.163158 -0.588337
v 0.583333 -0.163158 -0.580729
v 0.666667 -0.163158 -0.571951
v 0.750000 -0.163158 -0.562002
v 0.833333 -0.163158 -0.550882
v 0.916667 -0.163158 -0.538593
v 1.000000 -0.163158 -0.525132
v -1.000000 -0.086842 -0.525132
v -0.916667 -0.086842 -0.538593
v -0.833333 -0.086842 -0.550882
v -0.750000 -0.086842 -0.562002
v -0.666667 -0.086842 -0.571951
v -0.583333 -0.086842 -0.580729
v -0.500000 -0.086842 -0.588337
v -0.416667 -0.086842 -0.594775
v -0.333333 -0.086842 -0.600042
v -0.250000 -0.086842 -0.604138
v -0.166667 -0.086842 -0.607065
v -0.083333 -0.086842 -0.608820
v 0.000000 -0.086842 -0.609406
v 0.083333 -0.086842 -0.608820
v 0.166667 -0.086842 -0.607065
v 0.250000 -0.086842 -0.604138
v 0.333333 -0.086842 -0.600042
v 0.416667 -0.086842 -0.594775
v 0.500000 -0.086842 -0.588337
v 0.583333 -0.086842 -0.580729
v 0.666667 -0.086842 -0.571951
v 0.750000 -0.086842 -0.562002
v 0.833333 -0.086842 -0.550882
v 0.916667 -0.086842 -0.538593
v 1.000000 -0.086842 -0.525132
v -1.000000 -0.010526 -0.524865
v -0.916667 -0.010526 -0.537623
v -0.833333 -0.010526 -0.549272
v -0.750000 -0.010526 -0.559812
v -0.666667 -0.010526 -0.569242
v -0.583333 -0.010526 -0.577563
v -0.500000 -0.010526 -0.584774
v -0.416667 -0.010526 -0.590876
v -0.333333 -0.010526 -0.595868
v -0.250000 -0.010526 -0.599751
v -0.166667 -0.010526 -0.602525
v -0.083333 -0.010526 -0.604189
v 0.000000 -0.010526 -0.604744
v 0.083333 -0.010526 -0.604189
v 0.166667 -0.010526 -0.602525
v 0.250000 -0.010526 -0.599751
v 0.333333 -0.010526 -0.595868
v 0.416667 -0.010526 -0.590876
v 0.500000 -0.010526 -0.584774
v 0.583333 -0.010526 -0.577563
v 0.666667 -0.010526 -0.569242
v 0.750000 -0.010526 -0.559812
v 0.833333 -0.010526 -0.549272
v 0.916667 -0.010526 -0.537623
v 1.000000 -0.010526 -0.524865
v -1.000000 0.065789 -0.524357
v -0.916667 0.065789 -0.535785
v -0.833333 0.065789 -0.546219
v -0.750000 0.065789 -0.555660
v -0.666667 0.065789 -0.564106
v -0.583333 0.065789 -0.571559
v -0.500000 0.065789 -0.578019
v -0.416667 0.065789 -0.583484
v -0.333333 0.065789 -0.587956
v -0.250000 0.065789 -0.591434
v -0.166667 0.065789 -0.593918
v -0.083333 0.065789 -0.595409
v 0.000000 0.065789 -0.595906
v 0.083333 0.065789 -0.595409
v 0.166667 0.065789 -0.593918
v 0.250000 0.065789 -0.591434
v 0.333333 0.065789 -0.587956
v 0.416667 0.065789 -0.583484
v 0.500000 0.065789 -0.578019
v 0.583333 0.065789 -0.571559
v 0.666667 0.065789 -0.564106
v 0.750000 0.065789 -0.555660
v 0.833333 0.065789 -0.546219
v 0.916667 0.065789 -0.535785
v 1.000000 0.065789 -0.524357
v -1.000000 0.142105 -0.523663
v -0.916667 0.142105 -0.533268
v -0.833333 0.142105 -0.542039
v -0.750000 0.142105 -0.549974
v -0.666667 0.142105 -0.557073
v -0.583333 0.142105 -0.563338
v -0.500000 0.142105 -0.568767
v -0.416667 0.142105 -0.573361
v -0.333333 0.142105 -0.577120
v -0.250000 0.142105 -0.580043
v -0.166667 0.142105 -0.582132
v -0.083333 0.142105 -0.583384
v 0.000000 0.142105 -0.583802
v 0.083333 0.142105 -0.583384
v 0.166667 0.142105 -0.582132
v 0.250000 0.142105 -0.580043
v 0.333333 0.142105 -0.577120
v 0.416667 0.142105 -0.573361
v 0.500000 0.142105 -0.568767
v 0.583333 0.142105 -0.563338
v 0.666667 0.142105 -0.557073
v 0.750000 0.142105 -0.549974
v 0.833333 0.142105 -0.542039
v 0.916667 0.142105 -0.533268
v 1.000000 0.142105 -0.523663
v -1.000000 0.218421 -0.522850
v -0.916667 0.218421 -0.530325
v -0.833333 0.218421 -0.537150
v -0.750000 0.218421 -0.543326
v -0.666667 0.218421 -0.548851
v -0.583333 0.218421 -0.553726
v -0.500000 0.218421 -0.557951
v -0.416667 0.218421 -0.561526
v -0.333333 0.218421 -0.564451
v -0.250000 0.218421 -0.566726
v -0.166667 0.218421 -0.568351
v -0.083333 0.218421 -0.569326
v 0.000000 0.218421 -0.569651
v 0.083333 0.218421 -0.569326
v 0.166667 0.218421 -0.568351
v 0.250000 0.218421 -0.566726
v 0.333333 0.218421 -0.564451
v 0.416667 0.218421 -0.561526
v 0.500000 0.218421 -0.557951
v 0.583333 0.218421 -0.553726
v 0.666667 0.218421 -0.548851
v 0.750000 0.218421 -0.543326
v 0.833333 0.218421 -0.537150
v 0.916667 0.218421 -0.530325
v 1.000000 0.218421 -0.522850
v -1.000000 0.294737 -0.521999
v -0.916667 0.294737 -0.527242
v -0.833333 0.294737 -0.532030
v -0.750000 0.294737 -0.536361
v -0.666667 0.294737 -0.540236
v -0.583333 0.294737 -0.543656
v -0.500000 0.294737 -0.546619
v -0.416667 0.294737 -0.549127
v -0.333333 0.294737 -0.551179
v -0.250000 0.294737 -0.552774
v -0.166667 0.294737 -0.553914
v -0.083333 0.294737 -0.554598
v 0.000000 0.294737 -0.554826
v 0.083333 0.294737 -0.554598
v 0.166667 0.294737 -0.553914
v 0.250000 0.294737 -0.552774
v 0.333333 0.294737 -0.551179
v 0.416667 0.294737 -0.549127
v 0.500000 0.294737 -0.546619
v 0.583333 0.294737 -0.543656
v 0.666667 0.294737 -0.540236
v 0.750000 0.294737 -0.536361
v 0.833333 0.294737 -0.532030
v 0.916667 0.294737 -0.527242
v 1.000000 0.294737 -0.521999
v -1.000000 0.371053 -0.521187
v -0.916667 0.371053 -0.524302
v -0.833333 0.371053 -0.527145
v -0.750000 0.371053 -0.529717
v -0.666667 0.371053 -0.532019
v -0.583333 0.371053 -0.534050
v -0.500000 0.371053 -0.535810
v -0.416667 0.371053 -0.537300
v -0.333333 0.371053 -0.538518
v -0.250000 0.371053 -0.539466
v -0.166667 0.371053 -0.540143
v -0.083333 0.371053 -0.540549
v 0.000000 0.371053 -0.540685
v 0.083333 0.371053 -0.540549
v 0.166667 0.371053 -0.540143
v 0.250000 0.371053 -0.539466
v 0.333333 0.371053 -0.538518
v 0.416667 0.371053 -0.537300
v 0.500000 0.371053 -0.535810
v 0.583333 0.371053 -0.534050
v 0.666667 0.371053 -0.532019
v 0.750000 0.371053 -0.529717
v 0.833333 0.371053 -0.527145
v 0.916667 0.371053 -0.524302
v 1.000000 0.371053 -0.521187
v -1.000000 0.447368 -0.520482
v -0.916667 0.447368 -0.521748
v -0.833333 0.447368 -0.522903
v -0.750000 0.447368 -0.523948
v -0.666667 0.447368 -0.524884
v -0.583333 0.447368 -0.525709
v -0.500000 0.447368 -0.526424
v -0.416667 0.447368 -0.527029
v -0.333333 0.447368 -0.527524
v -0.250000 0.447368 -0.527910
v -0.166667 0.447368 -0.528185
v -0.083333 0.447368 -0.528350
v 0.000000 0.447368 -0.528405
v 0.083333 0.447368 -0.528350
v 0.166667 0.447368 -0.528185
v 0.250000 0.447368 -0.527910
v 0.333333 0.447368 -0.527524
v 0.416667 0.447368 -0.527029
v 0.500000 0.447368 -0.526424
v 0.583333 0.447368 -0.525709
v 0.666667 0.447368 -0.524884
v 0.750000 0.447368 -0.523948
v 0.833333 0.447368 -0.522903
v 0.916667 0.447368 -0.521748
v 1.000000 0.447368 -0.520482
v -1.000000 0.523684 -0.520000
v -0.916667 0.523684 -0.520000
v -0.833333 0.523684 -0.520000
v -0.750000 0.523684 -0.520000
v -0.666667 0.523684 -0.520000
v -0.583333 0.523684 -0.520000
v -0.500000 0.523684 -0.520000
v -0.416667 0.523684 -0.520000
v -0.333333 0.523684 -0.520000
v -0.250000 0.523684 -0.520000
v -0.166667 0.523684 -0.520000
v -0.083333 0.523684 -0.520000
v 0.000000 0.523684 -0.520000
v 0.083333 0.523684 -0.520000
v 0.166667 0.523684 -0.520000
v 0.250000 0.523684 -0.520000
v 0.333333 0.523684 -0.520000
v 0.416667 0.523684 -0.520000
v 0.500000 0.523684 -0.520000
v 0.583333 0.523684 -0.520000
v 0.666667 0.523684 -0.520000
v 0.750000 0.523684 -0.520000
v 0.833333 0.523684 -0.520000
v 0.916667 0.523684 -0.520000
v 1.000000 0.523684 -0.520000
v -1.000000 0.600000 -0.520000
v -0.916667 0.600000 -0.520000
v -0.833333 0.600000 -0.520000
v -0.750000 0.600000 -0.520000
v -0.666667 0.600000 -0.520000
v -0.583333 0.600000 -0.520000
v -0.500000 0.600000 -0.520000
v -0.416667 0.600000 -0.520000
v -0.333333 0.600000 -0.520000
v -0.250000 0.600000 -0.520000
v -0.166667 0.600000 -0.520000
v -0.083333 0.600000 -0.520000
v 0.000000 0.600000 -0.520000
v 0.083333 0.600000 -0.520000
v 0.166667 0.600000 -0.520000
v 0.250000 0.600000 -0.520000
v 0.333333 0.600000 -0.520000
v 0.416667 0.600000 -0.520000
v 0.500000 0.600000 -0.520000
v 0.583333 0.600000 -0.520000
v 0.666667 0.600000 -0.520000
v 0.750000 0.600000 -0.520000
v 0.833333 0.600000 -0.520000
v 0.916667 0.600000 -0.520000
v 1.000000 0.600000 -0.520000
v -1.000000 -0.850000 -0.460000
v -0.916667 -0.850000 -0.460000
v -0.833333 -0.850000 -0.460000
v -0.750000 -0.850000 -0.460000
v -0.666667 -0.850000 -0.460000
v -0.583333 -0.850000 -0.460000
v -0.500000 -0.850000 -0.460000
v -0.416667 -0.850000 -0.460000
v -0.333333 -0.850000 -0.460000
v -0.250000 -0.850000 -0.460000
v -0.166667 -0.850000 -0.460000
v -0.083333 -0.850000 -0.460000
v 0.000000 -0.850000 -0.460000
v 0.083333 -0.850000 -0.460000
v 0.166667 -0.850000 -0.460000
v 0.250000 -0.850000 -0.460000
v 0.333333 -0.850000 -0.460000
v 0.416667 -0.850000 -0.460000
v 0.500000 -0.850000 -0.460000
v 0.583333 -0.850000 -0.460000
v 0.666667 -0.850000 -0.460000
v 0.750000 -0.850000 -0.460000
v 0.833333 -0.850000 -0.460000
v 0.916667 -0.850000 -0.460000
v 1.000000 -0.850000 -0.460000
v -1.000000 -0.773495 -0.460000
v -0.916667 -0.772997 -0.460004
v -0.833333 -0.772543 -0.460011
v -0.750000 -0.772133 -0.460020
v -0.666667 -0.771765 -0.460031
v -0.583333 -0.771442 -0.460042
v -0.500000 -0.771161 -0.460053
v -0.416667 -0.770924 -0.460064
v -0.333333 -0.770730 -0.460073
v -0.250000 -0.770579 -0.460080
v -0.166667 -0.770471 -0.460086
v -0.083333 -0.770407 -0.460090
v 0.000000 -0.770385 -0.460091
v 0.083333 -0.770407 -0.460090
v 0.166667 -0.770471 -0.460086
v 0.250000 -0.770579 -0.460080
v 0.333333 -0.770730 -0.460073
v 0.416667 -0.770924 -0.460064
v 0.500000 -0.771161 -0.460053
v 0.583333 -0.771442 -0.460042
v 0.666667 -0.771765 -0.460031
v 0.750000 -0.772133 -0.460020
v 0.833333 -0.772543 -0.460011
v 0.916667 -0.772997 -0.460004
v 1.000000 -0.773495 -0.460000
v -0.999089 -0.696902 -0.460491
v -0.915796 -0.695678 -0.461778
v -0.832542 -0.694563 -0.462974
v -0.749288 -0.693556 -0.464074
v -0.666035 -0.692658 -0.465072
v -0.582781 -0.691869 -0.465964
v -0.499527 -0.691187 -0.466745
v -0.416273 -0.690611 -0.467412
v -0.333019 -0.690142 -0.467962
v -0.249764 -0.689778 -0.468392
v -0.166510 -0.689518 -0.468701
v -0.083255 -0.689363 -0.468886
v 0.000000 -0.689311 -0.468948
v 0.083255 -0.689363 -0.468886
v 0.166510 -0.689518 -0.468701
v 0.249764 -0.689778 -0.468392
v 0.333019 -0.690142 -0.467962
v 0.416273 -0.690611 -0.467412
v 0.499527 -0.691187 -0.466745
v 0.582781 -0.691869 -0.465964
v 0.666035 -0.692658 -0.465072
v 0.749288 -0.693556 -0.464074
v 0.832542 -0.694563 -0.462974
v 0.915796 -0.695678 -0.461778
v 0.999089 -0.696902 -0.460491
v -0.997759 -0.620457 -0.461232
v -0.914525 -0.618895 -0.464379
v -0.831388 -0.617473 -0.467283
v -0.748252 -0.616191 -0.469940
v -0.665115 -0.615050 -0.472340
v -0.581978 -0.614048 -0.474476
v -0.498840 -0.613184 -0.476340
v -0.415702 -0.612457 -0.477926
v -0.332563 -0.611865 -0.479231
v -0.249423 -0.611406 -0.480249
v -0.166282 -0.611079 -0.480979
v -0.083141 -0.610884 -0.481418
v 0.000000 -0.610819 -0.481564
v 0.083141 -0.610884 -0.481418
v 0.166282 -0.611079 -0.480979
v 0.249423 -0.611406 -0.480249
v 0.332563 -0.611865 -0.479231
v 0.415702 -0.612457 -0.477926
v 0.498840 -0.613184 -0.476340
v 0.581978 -0.614048 -0.474476
v 0.665115 -0.615050 -0.472340
v 0.748252 -0.616191 -0.469940
v 0.831388 -0.617473 -0.467283
v 0.914525 -0.618895 -0.464379
v 0.997759 -0.620457 -0.461232
v -0.996233 -0.544085 -0.462121
v -0.913065 -0.542375 -0.467397
v -0.830063 -0.540818 -0.472247
v -0.747061 -0.539415 -0.476670
v -0.664059 -0.538166 -0.480654
v -0.581056 -0.537071 -0.484191
v -0.498052 -0.536128 -0.487272
v -0.415046 -0.535335 -0.489890
v -0.332039 -0.534689 -0.492040
v -0.249031 -0.534189 -0.493717
v -0.166021 -0.533833 -0.494917
v -0.083011 -0.533621 -0.495638
v 0.000000 -0.533550 -0.495878
v 0.083011 -0.533621 -0.495638
v 0.166021 -0.533833 -0.494917
v 0.249031 -0.534189 -0.493717
v 0.332039 -0.534689 -0.492040
v 0.415046 -0.535335 -0.489890
v 0.498052 -0.536128 -0.487272
v 0.581056 -0.537071 -0.484191
v 0.664059 -0.538166 -0.480654
v 0.747061 -0.539415 -0.476670
v 0.830063 -0.540818 -0.472247
v 0.913065 -0.542375 -0.467397
v 0.996233 -0.544085 -0.462121
v -0.994640 -0.467770 -0.463094
v -0.911541 -0.466063 -0.470591
v -0.828677 -0.464507 -0.477460
v -0.745815 -0.463104 -0.483708
v -0.662952 -0.461855 -0.489327
v -0.580089 -0.460759 -0.494306
v -0.497224 -0.459814 -0.498636
v -0.414357 -0.459019 -0.502312
v -0.331489 -0.458372 -0.505327
v -0.248618 -0.457871 -0.507677
v -0.165746 -0.457515 -0.509358
v -0.082873 -0.457301 -0.510367
v 0.000000 -0.457230 -0.510704
v 0.082873 -0.457301 -0.510367
v 0.165746 -0.457515 -0.509358
v 0.248618 -0.457871 -0.507677
v 0.331489 -0.458372 -0.505327
v 0.414357 -0.459019 -0.502312
v 0.497224 -0.459814 -0.498636
v 0.580089 -0.460759 -0.494306
v 0.662952 -0.461855 -0.489327
v 0.745815 -0.463104 -0.483708
v 0.828677 -0.464507 -0.477460
v 0.911541 -0.466063 -0.470591
v 0.994640 -0.467770 -0.463094
v -0.993130 -0.391517 -0.464060
v -0.910095 -0.389973 -0.473667
v -0.827360 -0.388564 -0.482442
v -0.744627 -0.387292 -0.490409
v -0.661895 -0.386157 -0.497560
v -0.579162 -0.385159 -0.503888
v -0.496429 -0.384298 -0.509385
v -0.413694 -0.383572 -0.514046
v -0.330958 -0.382980 -0.517866
v -0.248220 -0.382522 -0.520841
v -0.165481 -0.382195 -0.522968
v -0.082741 -0.381999 -0.524245
v 0.000000 -0.381934 -0.524671
v 0.082741 -0.381999 -0.524245
v 0.165481 -0.382195 -0.522968
v 0.248220 -0.382522 -0.520841
v 0.330958 -0.382980 -0.517866
v 0.413694 -0.383572 -0.514046
v 0.496429 -0.384298 -0.509385
v 0.579162 -0.385159 -0.503888
v 0.661895 -0.386157 -0.497560
v 0.744627 -0.387292 -0.490409
v 0.827360 -0.388564 -0.482442
v 0.910095 -0.389973 -0.473667
v 0.993130 -0.391517 -0.464060
v -0.991848 -0.315321 -0.464915
v -0.908866 -0.314093 -0.476319
v -0.826237 -0.312969 -0.486707
v -0.743611 -0.311952 -0.496124
v -0.660987 -0.311043 -0.504565
v -0.578364 -0.310241 -0.512024
v -0.495741 -0.309547 -0.518496
v -0.413119 -0.308961 -0.523980
v -0.330496 -0.308483 -0.528470
v -0.247873 -0.308111 -0.531965
v -0.165249 -0.307846 -0.534463
v -0.082624 -0.307687 -0.535963
v 0.000000 -0.307634 -0.536463
v 0.082624 -0.307687 -0.535963
v 0.165249 -0.307846 -0.534463
v 0.247873 -0.308111 -0.531965
v 0.330496 -0.308483 -0.528470
v 0.413119 -0.308961 -0.523980
v 0.495741 -0.309547 -0.518496
v 0.578364 -0.310241 -0.512024
v 0.660987 -0.311043 -0.504565
v 0.743611 -0.311952 -0.496124
v 0.826237 -0.312969 -0.486707
v 0.908866 -0.314093 -0.476319
v 0.991848 -0.315321 -0.464915
v -0.990920 -0.239173 -0.465556
v -0.907974 -0.238382 -0.478266
v -0.825419 -0.237657 -0.489824
v -0.742868 -0.237000 -0.500288
v -0.660321 -0.236411 -0.509657
v -0.577776 -0.235891 -0.517928
v -0.495233 -0.235439 -0.525100
v -0.412692 -0.235057 -0.531171
v -0.330153 -0.234744 -0.536139
v -0.247614 -0.234501 -0.540005
v -0.165076 -0.234327 -0.542767
v -0.082538 -0.234222 -0.544424
v 0.000000 -0.234188 -0.544977
v 0.082538 -0.234222 -0.544424
v 0.165076 -0.234327 -0.542767
v 0.247614 -0.234501 -0.540005
v 0.330153 -0.234744 -0.536139
v 0.412692 -0.235057 -0.531171
v 0.495233 -0.235439 -0.525100
v 0.577776 -0.235891 -0.517928
v 0.660321 -0.236411 -0.509657
v 0.742868 -0.237000 -0.500288
v 0.825419 -0.237657 -0.489824
v 0.907974 -0.238382 -0.478266
v 0.990920 -0.239173 -0.465556
v -0.990433 -0.163054 -0.465900
v -0.907505 -0.162781 -0.479297
v -0.824988 -0.162531 -0.491469
v -0.742476 -0.162304 -0.502482
v -0.659968 -0.162100 -0.512335
v -0.577464 -0.161919 -0.521030
v -0.494963 -0.161762 -0.528565
v -0.412465 -0.161629 -0.534942
v -0.329969 -0.161520 -0.540159
v -0.247475 -0.161435 -0.544216
v -0.164983 -0.161375 -0.547115
v -0.082491 -0.161338 -0.548854
v 0.000000 -0.161326 -0.549434
v 0.082491 -0.161338 -0.548854
v 0.164983 -0.161375 -0.547115
v 0.247475 -0.161435 -0.544216
v 0.329969 -0.161520 -0.540159
v 0.412465 -0.161629 -0.534942
v 0.494963 -0.161762 -0.528565
v 0.577464 -0.161919 -0.521030
v 0.659968 -0.162100 -0.512335
v 0.742476 -0.162304 -0.502482
v 0.824988 -0.162531 -0.491469
v 0.907505 -0.162781 -0.479297
v 0.990433 -0.163054 -0.465900
v -0.990433 -0.086946 -0.465900
v -0.907505 -0.087219 -0.479297
v -0.824988 -0.087469 -0.491469
v -0.742476 -0.087696 -0.502482
v -0.659968 -0.087900 -0.512335
v -0.577464 -0.088081 -0.521030
v -0.494963 -0.088238 -0.528565
v -0.412465 -0.088371 -0.534942
v -0.329969 -0.088480 -0.540159
v -0.247475 -0.088565 -0.544216
v -0.164983 -0.088625 -0.547115
v -0.082491 -0.088662 -0.548854
v 0.000000 -0.088674 -0.549434
v 0.082491 -0.088662 -0.548854
v 0.164983 -0.088625 -0.547115
v 0.247475 -0.088565 -0.544216
v 0.329969 -0.088480 -0.540159
v 0.412465 -0.088371 -0.534942
v 0.494963 -0.088238 -0.528565
v 0.577464 -0.088081 -0.521030
v 0.659968 -0.087900 -0.512335
v 0.742476 -0.087696 -0.502482
v 0.824988 -0.087469 -0.491469
v 0.907505 -0.087219 -0.479297
v 0.990433 -0.086946 -0.465900
v -0.990920 -0.010827 -0.465556
v -0.907974 -0.011618 -0.478266
v -0.825419 -0.012343 -0.489824
v -0.742868 -0.013000 -0.500288
v -0.660321 -0.013589 -0.509657
v -0.577776 -0.014109 -0.517928
v -0.495233 -0.014561 -0.525100
v -0.412692 -0.014943 -0.531171
v -0.330153 -0.015256 -0.536139
v -0.247614 -0.015499 -0.540005
v -0.165076 -0.015673 -0.542767
v -0.082538 -0.015778 -0.544424
v 0.000000 -0.015812 -0.544977
v 0.082538 -0.015778 -0.544424
v 0.165076 -0.015673 -0.542767
v 0.247614 -0.015499 -0.540005
v 0.330153 -0.015256 -0.536139
v 0.412692 -0.014943 -0.531171
v 0.495233 -0.014561 -0.525100
v 0.577776 -0.014109 -0.517928
v 0.660321 -0.013589 -0.509657
v 0.742868 -0.013000 -0.500288
v 0.825419 -0.012343 -0.489824
v 0.907974 -0.011618 -0.478266
v 0.990920 -0.010827 -0.465556
v -0.991848 0.065321 -0.464915
v -0.908866 0.064093 -0.476319
v -0.826237 0.062969 -0.486707
v -0.743611 0.061952 -0.496124
v -0.660987 0.061043 -0.504565
v -0.578364 0.060241 -0.512024
v -0.495741 0.059547 -0.518496
v -0.413119 0.058961 -0.523980
v -0.330496 0.058483 -0.528470
v -0.247873 0.058111 -0.531965
v -0.165249 0.057846 -0.534463
v -0.082624 0.057687 -0.535963
v 0.000000 0.057634 -0.536463
v 0.082624 0.057687 -0.535963
v 0.165249 0.057846 -0.534463
v 0.247873 0.058111 -0.531965
v 0.330496 0.058483 -0.528470
v 0.413119 0.058961 -0.523980
v 0.495741 0.059547 -0.518496
v 0.578364 0.060241 -0.512024
v 0.660987 0.061043 -0.504565
v 0.743611 0.061952 -0.496124
v 0.826237 0.062969 -0.486707
v 0.908866 0.064093 -0.476319
v 0.991848 0.065321 -0.464915
v -0.993130 0.141517 -0.464060
v -0.910095 0.139973 -0.473667
v -0.827360 0.138564 -0.482442
v -0.744627 0.137292 -0.490409
v -0.661895 0.136157 -0.497560
v -0.579162 0.135159 -0.503888
v -0.496429 0.134298 -0.509385
v -0.413694 0.133572 -0.514046
v -0.330958 0.132980 -0.517866
v -0.248220 0.132522 -0.520841
v -0.165481 0.132195 -0.522968
v -0.082741 0.131999 -0.524245
v 0.000000 0.131934 -0.524671
v 0.082741 0.131999 -0.524245
v 0.165481 0.132195 -0.522968
v 0.248220 0.132522 -0.520841
v 0.330958 0.132980 -0.517866
v 0.413694 0.133572 -0.514046
v 0.496429 0.134298 -0.509385
v 0.579162 0.135159 -0.503888
v 0.661895 0.136157 -0.497560
v 0.744627 0.137292 -0.490409
v 0.827360 0.138564 -0.482442
v 0.910095 0.139973 -0.473667
v 0.993130 0.141517 -0.464060
v -0.994640 0.217770 -0.463094
v -0.911541 0.216063 -0.470591
v -0.828677 0.214507 -0.477460
v -0.745815 0.213104 -0.483708
v -0.662952 0.211855 -0.489327
v -0.580089 0.210759 -0.494306
v -0.497224 0.209814 -0.498636
v -0.414357 0.209019 -0.502312
v -0.331489 0.208372 -0.505327
v -0.248618 0.207871 -0.507677
v -0.165746 0.207515 -0.509358
v -0.082873 0.207301 -0.510367
v 0.000000 0.207230 -0.510704
v 0.082873 0.207301 -0.510367
v 0.165746 0.207515 -0.509358
v 0.248618 0.207871 -0.507677
v 0.331489 0.208372 -0.505327
v 0.414357 0.209019 -0.502312
v 0.497224 0.209814 -0.498636
v 0.580089 0.210759 -0.494306
v 0.662952 0.211855 -0.489327
v 0.745815 0.213104 -0.483708
v 0.828677 0.214507 -0.477460
v 0.911541 0.216063 -0.470591
v 0.994640 0.217770 -0.463094
v -0.996233 0.294085 -0.462121
v -0.913065 0.292375 -0.467397
v -0.830063 0.290818 -0.472247
v -0.747061 0.289415 -0.476670
v -0.664059 0.288166 -0.480654
v -0.581056 0.287071 -0.484191
v -0.498052 0.286128 -0.487272
v -0.415046 0.285335 -0.489890
v -0.332039 0.284689 -0.492040
v -0.249031 0.284189 -0.493717
v -0.166021 0.283833 -0.494917
v -0.083011 0.283621 -0.495638
v 0.000000 0.283550 -0.495878
v 0.083011 0.283621 -0.495638
v 0.166021 0.283833 -0.494917
v 0.249031 0.284189 -0.493717
v 0.332039 0.284689 -0.492040
v 0.415046 0.285335 -0.489890
v 0.498052 0.286128 -0.487272
v 0.581056 0.287071 -0.484191
v 0.664059 0.288166 -0.480654
v 0.747061 0.289415 -0.476670
v 0.830063 0.290818 -0.472247
v 0.913065 0.292375 -0.467397
v 0.996233 0.294085 -0.462121
v -0.997759 0.370457 -0.461232
v -0.914525 0.368895 -0.464379
v -0.831388 0.367473 -0.467283
v -0.748252 0.366191 -0.469940
v -0.665115 0.365050 -0.472340
v -0.581978 0.364048 -0.474476
v -0.498840 0.363184 -0.476340
v -0.415702 0.362457 -0.477926
v -0.332563 0.361865 -0.479231
v -0.249423 0.361406 -0.480249
v -0.166282 0.361079 -0.480979
v -0.083141 0.360884 -0.481418
v 0.000000 0.360819 -0.481564
v 0.083141 0.360884 -0.481418
v 0.166282 0.361079 -0.480979
v 0.249423 0.361406 -0.480249
v 0.332563 0.361865 -0.479231
v 0.415702 0.362457 -0.477926
v 0.498840 0.363184 -0.476340
v 0.581978 0.364048 -0.474476
v 0.665115 0.365050 -0.472340
v 0.748252 0.366191 -0.469940
v 0.831388 0.367473 -0.467283
v 0.914525 0.368895 -0.464379
v 0.997759 0.370457 -0.461232
v -0.999089 0.446902 -0.460491
v -0.915796 0.445678 -0.461778
v -0.832542 0.444563 -0.462974
v -0.749288 0.443556 -0.464074
v -0.666035 0.442658 -0.465072
v -0.582781 0.441869 -0.465964
v -0.499527 0.441187 -0.466745
v -0.416273 0.440611 -0.467412
v -0.333019 0.440142 -0.467962
v -0.249764 0.439778 -0.468392
v -0.166510 0.439518 -0.468701
v -0.083255 0.439363 -0.468886
v 0.000000 0.439311 -0.468948
v 0.083255 0.439363 -0.468886
v 0.166510 0.439518 -0.468701
v 0.249764 0.439778 -0.468392
v 0.333019 0.440142 -0.467962
v 0.416273 0.440611 -0.467412
v 0.499527 0.441187 -0.466745
v 0.582781 0.441869 -0.465964
v 0.666035 0.442658 -0.465072
v 0.749288 0.443556 -0.464074
v 0.832542 0.444563 -0.462974
v 0.915796 0.445678 -0.461778
v 0.999089 0.446902 -0.460491
v -1.000000 0.523495 -0.460000
v -0.916667 0.522997 -0.460004
v -0.833333 0.522543 -0.460011
v -0.750000 0.522133 -0.460020
v -0.666667 0.521765 -0.460031
v -0.583333 0.521442 -0.460042
v -0.500000 0.521161 -0.460053
v -0.416667 0.520924 -0.460064
v -0.333333 0.520730 -0.460073
v -0.250000 0.520579 -0.460080
v -0.166667 0.520471 -0.460086
v -0.083333 0.520407 -0.460090
v 0.000000 0.520385 -0.460091
v 0.083333 0.520407 -0.460090
v 0.166667 0.520471 -0.460086
v 0.250000 0.520579 -0.460080
v 0.333333 0.520730 -0.460073
v 0.416667 0.520924 -0.460064
v 0.500000 0.521161 -0.460053
v 0.583333 0.521442 -0.460042
v 0.666667 0.521765 -0.460031
v 0.750000 0.522133 -0.460020
v 0.833333 0.522543 -0.460011
v 0.916667 0.522997 -0.460004
v 1.000000 0.523495 -0.460000
v -1.000000 0.600000 -0.460000
v -0.916667 0.600000 -0.460000
v -0.833333 0.600000 -0.460000
v -0.750000 0.600000 -0.460000
v -0.666667 0.600000 -0.460000
v -0.583333 0.600000 -0.460000
v -0.500000 0.600000 -0.460000
v -0.416667 0.600000 -0.460000
v -0.333333 0.600000 -0.460000
v -0.250000 0.600000 -0.460000
v -0.166667 0.600000 -0.460000
v -0.083333 0.600000 -0.460000
v 0.000000 0.600000 -0.460000
v 0.083333 0.600000 -0.460000
v 0.166667 0.600000 -0.460000
v 0.250000 0.600000 -0.460000
v 0.333333 0.600000 -0.460000
v 0.416667 0.600000 -0.460000
v 0.500000 0.600000 -0.460000
v 0.583333 0.600000 -0.460000
v 0.666667 0.600000 -0.460000
v 0.750000 0.600000 -0.460000
v 0.833333 0.600000 -0.460000
v 0.916667 0.600000 -0.460000
v 1.000000 0.600000 -0.460000
vn -0.577350 -0.577350 -0.577350
vn 0.000000 -0.707107 -0.707107
vn 0.000000 -0.707107 -0.707107
vn 0.000000 -0.707107 -0.707107
vn 0.000000 -0.707107 -0.707107
vn 0.000000 -0.707107 -0.707107
vn 0.000000 -0.707107 -0.707107
vn 0.000000 -0.707107 -0.707107
vn 0.000000 -0.707107 -0.707107
vn 0.000000 -0.707107 -0.707107
vn 0.000000 -0.707107 -0.707107
vn 0.000000 -0.707107 -0.707107
vn 0.000000 -0.707107 -0.707107
vn 0.000000 -0.707107 -0.707107
vn 0.000000 -0.707107 -0.707107
vn 0.000000 -0.707107 -0.707107
vn 0.000000 -0.707107 -0.707107
vn 0.000000 -0.707107 -0.707107
vn 0.000000 -0.707107 -0.707107
vn 0.000000 -0.707107 -0.707107
vn 0.000000 -0.707107 -0.707107
vn 0.000000 -0.707107 -0.707107
vn 0.000000 -0.707107 -0.707107
vn 0.000000 -0.707107 -0.707107
vn 0.333333 -0.666667 -0.666667
vn -0.707108 -0.001490 -0.707104
vn -0.002530 -0.008686 -0.999959
vn -0.002309 -0.016489 -0.999861
vn -0.002088 -0.023565 -0.999720
vn -0.001867 -0.029912 -0.999551
vn -0.001647 -0.035532 -0.999367
vn -0.001426 -0.040427 -0.999181
vn -0.001206 -0.044598 -0.999004
vn -0.000987 -0.048049 -0.998844
vn -0.000767 -0.050782 -0.998709
vn -0.000548 -0.052801 -0.998605
vn -0.000329 -0.054105 -0.998535
vn -0.000110 -0.054698 -0.998503
vn 0.000110 -0.054580 -0.998509
vn 0.000329 -0.053750 -0.998554
vn 0.000548 -0.052207 -0.998636
vn 0.000767 -0.049951 -0.998751
vn 0.000987 -0.046979 -0.998895
vn 0.001207 -0.043288 -0.999062
vn 0.001427 -0.038876 -0.999243
vn 0.001648 -0.033740 -0.999429
vn 0.001869 -0.027878 -0.999610
vn 0.002089 -0.021288 -0.999771
vn 0.002310 -0.013969 -0.999900
vn 0.708919 -0.006870 -0.705256
vn -0.714232 -0.006205 -0.699881
vn -0.015900 -0.026652 -0.999518
vn -0.014469 -0.045352 -0.998866
vn -0.013036 -0.062239 -0.997976
vn -0.011604 -0.077314 -0.996939
vn -0.010174 -0.090583 -0.995837
vn -0.008748 -0.102056 -0.994740
vn -0.007326 -0.111746 -0.993710
vn -0.005909 -0.119668 -0.992796
vn -0.004495 -0.125837 -0.992041
vn -0.003084 -0.130262 -0.991475
vn -0.001675 -0.132956 -0.991121
vn -0.000267 -0.133922 -0.990992
vn 0.001140 -0.133164 -0.991093
vn 0.002548 -0.130680 -0.991421
vn 0.003959 -0.126465 -0.991963
vn 0.005372 -0.120511 -0.992697
vn 0.006789 -0.112806 -0.993594
vn 0.008210 -0.103337 -0.994613
vn 0.009635 -0.092090 -0.995704
vn 0.011064 -0.079050 -0.996809
vn 0.012495 -0.064206 -0.997858
vn 0.013927 -0.047550 -0.998772
vn 0.015359 -0.029082 -0.999459
vn 0.718607 -0.008636 -0.695363
vn -0.727984 -0.008253 -0.685544
vn -0.036572 -0.034984 -0.998718
vn -0.033245 -0.058742 -0.997719
vn -0.029914 -0.080163 -0.996333
vn -0.026584 -0.099246 -0.994708
vn -0.023263 -0.116003 -0.992976
vn -0.019953 -0.130456 -0.991253
vn -0.016657 -0.142629 -0.989636
vn -0.013374 -0.152551 -0.988205
vn -0.010103 -0.160248 -0.987025
vn -0.006843 -0.165741 -0.986146
vn -0.003589 -0.169050 -0.985601
vn -0.000340 -0.170183 -0.985412
vn 0.002910 -0.169146 -0.985587
vn 0.006163 -0.165935 -0.986117
vn 0.009422 -0.160540 -0.986984
vn 0.012692 -0.152945 -0.988153
vn 0.015973 -0.143126 -0.989576
vn 0.019268 -0.131059 -0.991187
vn 0.022576 -0.116716 -0.992909
vn 0.025896 -0.100070 -0.994643
vn 0.029225 -0.081101 -0.996277
vn 0.032556 -0.059794 -0.997680
vn 0.035883 -0.036150 -0.998702
vn 0.733425 -0.009367 -0.679706
vn -0.744483 -0.009056 -0.667580
vn -0.060586 -0.038729 -0.997411
vn -0.055058 -0.064698 -0.996385
vn -0.049517 -0.088101 -0.994880
vn -0.043978 -0.108934 -0.993076
vn -0.038453 -0.127210 -0.991130
vn -0.032949 -0.142956 -0.989180
vn -0.027469 -0.156204 -0.987343
vn -0.022014 -0.166987 -0.985713
vn -0.016581 -0.175340 -0.984368
vn -0.011167 -0.181289 -0.983366
vn -0.005766 -0.184857 -0.982749
vn -0.000372 -0.186056 -0.982539
vn 0.005022 -0.184892 -0.982746
vn 0.010423 -0.181360 -0.983362
vn 0.015836 -0.175447 -0.984361
vn 0.021268 -0.167132 -0.985705
vn 0.026723 -0.156386 -0.987334
vn 0.032201 -0.143178 -0.989173
vn 0.037704 -0.127472 -0.991125
vn 0.043229 -0.109237 -0.993075
vn 0.048767 -0.088447 -0.994886
vn 0.054308 -0.065086 -0.996401
vn 0.059837 -0.039157 -0.997440
vn 0.750261 -0.009403 -0.661075
vn -0.761748 -0.009044 -0.647810
vn -0.085583 -0.039097 -0.995564
vn -0.077785 -0.065006 -0.994849
vn -0.069963 -0.088365 -0.993628
vn -0.062137 -0.109165 -0.992080
vn -0.054326 -0.127417 -0.990360
vn -0.046538 -0.143144 -0.988607
vn -0.038780 -0.156375 -0.986936
vn -0.031053 -0.167143 -0.985443
vn -0.023355 -0.175478 -0.984206
vn -0.015681 -0.181406 -0.983283
vn -0.008023 -0.184948 -0.982716
vn -0.000374 -0.186116 -0.982528
vn 0.007275 -0.184915 -0.982728
vn 0.014933 -0.181339 -0.983307
vn 0.022608 -0.175377 -0.984242
vn 0.030307 -0.167007 -0.985490
vn 0.038035 -0.156203 -0.986992
vn 0.045793 -0.142934 -0.988672
vn 0.053582 -0.127167 -0.990433
vn 0.061395 -0.108874 -0.992158
vn 0.069222 -0.088032 -0.993710
vn 0.077046 -0.064631 -0.994931
vn 0.084845 -0.038679 -0.995643
vn 0.767320 -0.008528 -0.641208
vn -0.778170 -0.008207 -0.628000
vn -0.109254 -0.035799 -0.993369
vn -0.099351 -0.059219 -0.993289
vn -0.089406 -0.080361 -0.992748
vn -0.079446 -0.099214 -0.991889
vn -0.069489 -0.115781 -0.990841
vn -0.059546 -0.130075 -0.989715
vn -0.049626 -0.142112 -0.988606
vn -0.039731 -0.151915 -0.987595
vn -0.029859 -0.159503 -0.986746
vn -0.020008 -0.164894 -0.986108
vn -0.010171 -0.168102 -0.985717
vn -0.000342 -0.169136 -0.985593
vn 0.009487 -0.167997 -0.985742
vn 0.019325 -0.164683 -0.986157
vn 0.029178 -0.159184 -0.986818
vn 0.039052 -0.151486 -0.987688
vn 0.048950 -0.141571 -0.988717
vn 0.058874 -0.129417 -0.989841
vn 0.068821 -0.115005 -0.990978
vn 0.078782 -0.098316 -0.992032
vn 0.088746 -0.079338 -0.992890
vn 0.098693 -0.058071 -0.993422
vn 0.108599 -0.034527 -0.993486
vn 0.783029 -0.006838 -0.621948
vn -0.792272 -0.006639 -0.610131
vn -0.129329 -0.029005 -0.991177
vn -0.117689 -0.047637 -0.991907
vn -0.105991 -0.064487 -0.992274
vn -0.094258 -0.079543 -0.992365
vn -0.082505 -0.092800 -0.992261
vn -0.070745 -0.104258 -0.992031
vn -0.058985 -0.113923 -0.991737
vn -0.047231 -0.121802 -0.991430
vn -0.035483 -0.127900 -0.991152
vn -0.023743 -0.132226 -0.990935
vn -0.012009 -0.134785 -0.990802
vn -0.000277 -0.135579 -0.990767
vn 0.011455 -0.134609 -0.990833
vn 0.023192 -0.131875 -0.990995
vn 0.034935 -0.127372 -0.991240
vn 0.046686 -0.121093 -0.991543
vn 0.058445 -0.113032 -0.991871
vn 0.070211 -0.103182 -0.992181
vn 0.081977 -0.091535 -0.992422
vn 0.093735 -0.078087 -0.992530
vn 0.105473 -0.062839 -0.992435
vn 0.117175 -0.045797 -0.992055
vn 0.128819 -0.026974 -0.991301
vn 0.796013 -0.004525 -0.605262
vn -0.802884 -0.004500 -0.596118
vn -0.143860 -0.019313 -0.989410
vn -0.130997 -0.031268 -0.990890
vn -0.118063 -0.042096 -0.992113
vn -0.105073 -0.051787 -0.993115
vn -0.092039 -0.060333 -0.993926
vn -0.078969 -0.067729 -0.994574
vn -0.065873 -0.073972 -0.995082
vn -0.052756 -0.079060 -0.995473
vn -0.039625 -0.082992 -0.995762
vn -0.026483 -0.085767 -0.995963
vn -0.013334 -0.087386 -0.996085
vn -0.000181 -0.087848 -0.996134
vn 0.012972 -0.087152 -0.996111
vn 0.026123 -0.085300 -0.996013
vn 0.039268 -0.082290 -0.995835
vn 0.052403 -0.078123 -0.995566
vn 0.065524 -0.072799 -0.995192
vn 0.078626 -0.066319 -0.994696
vn 0.091700 -0.058685 -0.994056
vn 0.104740 -0.049900 -0.993247
vn 0.117734 -0.039971 -0.992240
vn 0.130672 -0.028905 -0.991004
vn 0.143537 -0.016715 -0.989504
vn 0.805229 -0.001838 -0.592961
vn -0.809209 -0.001989 -0.587518
vn -0.151437 -0.007666 -0.988437
vn -0.137945 -0.011707 -0.990371
vn -0.124376 -0.015363 -0.992116
vn -0.110738 -0.018629 -0.993675
vn -0.097038 -0.021503 -0.995048
vn -0.083284 -0.023981 -0.996237
vn -0.069484 -0.026061 -0.997243
vn -0.055646 -0.027740 -0.998065
vn -0.041777 -0.029019 -0.998705
vn -0.027886 -0.029894 -0.999164
vn -0.013978 -0.030366 -0.999441
vn -0.000063 -0.030435 -0.999537
vn 0.013852 -0.030099 -0.999451
vn 0.027760 -0.029360 -0.999183
vn 0.041653 -0.028217 -0.998734
vn 0.055524 -0.026673 -0.998101
vn 0.069364 -0.024727 -0.997285
vn 0.083166 -0.022382 -0.996284
vn 0.096922 -0.019641 -0.995098
vn 0.110624 -0.016505 -0.993725
vn 0.124264 -0.012977 -0.992164
vn 0.137834 -0.009062 -0.990414
vn 0.151327 -0.004764 -0.988472
vn 0.810004 0.000967 -0.586423
vn -0.810813 0.000684 -0.585305
vn -0.151327 0.004764 -0.988472
vn -0.137834 0.009062 -0.990414
vn -0.124264 0.012977 -0.992164
vn -0.110624 0.016505 -0.993725
vn -0.096922 0.019641 -0.995098
vn -0.083166 0.022382 -0.996284
vn -0.069364 0.024727 -0.997285
vn -0.055524 0.026673 -0.998101
vn -0.041653 0.028217 -0.998734
vn -0.027760 0.029360 -0.999183
vn -0.013852 0.030099 -0.999451
vn 0.000063 0.030435 -0.999537
vn 0.013978 0.030366 -0.999441
vn 0.027886 0.029894 -0.999164
vn 0.041777 0.029019 -0.998705
vn 0.055646 0.027740 -0.998065
vn 0.069484 0.026061 -0.997243
vn 0.083284 0.023981 -0.996237
vn 0.097038 0.021503 -0.995048
vn 0.110738 0.018629 -0.993675
vn 0.124376 0.015363 -0.992116
vn 0.137945 0.011707 -0.990371
vn 0.151437 0.007666 -0.988437
vn 0.810015 0.003646 -0.586398
vn -0.807593 0.003303 -0.589731
vn -0.143537 0.016715 -0.989504
vn -0.130672 0.028905 -0.991004
vn -0.117734 0.039971 -0.992240
vn -0.104740 0.049900 -0.993247
vn -0.091700 0.058685 -0.994056
vn -0.078626 0.066319 -0.994696
vn -0.065524 0.072799 -0.995192
vn -0.052403 0.078123 -0.995566
vn -0.039268 0.082290 -0.995835
vn -0.026123 0.085300 -0.996013
vn -0.012972 0.087152 -0.996111
vn 0.000181 0.087848 -0.996134
vn 0.013334 0.087386 -0.996085
vn 0.026483 0.085767 -0.995963
vn 0.039625 0.082992 -0.995762
vn 0.052756 0.079060 -0.995473
vn 0.065873 0.073972 -0.995082
vn 0.078969 0.067729 -0.994574
vn 0.092039 0.060333 -0.993926
vn 0.105073 0.051787 -0.993115
vn 0.118063 0.042096 -0.992113
vn 0.130997 0.031268 -0.990890
vn 0.143860 0.019313 -0.989410
vn 0.805258 0.005982 -0.592895
vn -0.799761 0.005652 -0.600292
vn -0.128819 0.026974 -0.991301
vn -0.117175 0.045797 -0.992055
vn -0.105473 0.062839 -0.992435
vn -0.093735 0.078087 -0.992530
vn -0.081977 0.091535 -0.992422
vn -0.070211 0.103182 -0.992181
vn -0.058445 0.113032 -0.991871
vn -0.046686 0.121093 -0.991543
vn -0.034935 0.127372 -0.991240
vn -0.023192 0.131875 -0.990995
vn -0.011455 0.134609 -0.990833
vn 0.000277 0.135579 -0.990767
vn 0.012009 0.134785 -0.990802
vn 0.023743 0.132226 -0.990935
vn 0.035483 0.127900 -0.991152
vn 0.047231 0.121802 -0.991430
vn 0.058985 0.113923 -0.991737
vn 0.070745 0.104258 -0.992031
vn 0.082505 0.092800 -0.992261
vn 0.094258 0.079543 -0.992365
vn 0.105991 0.064487 -0.992274
vn 0.117689 0.047637 -0.991907
vn 0.129329 0.029005 -0.991177
vn 0.796049 0.007785 -0.605182
vn -0.787870 0.007520 -0.615795
vn -0.108599 0.034527 -0.993486
vn -0.098693 0.058071 -0.993422
vn -0.088746 0.079338 -0.992890
vn -0.078782 0.098316 -0.992032
vn -0.068821 0.115005 -0.990978
vn -0.058874 0.129417 -0.989841
vn -0.048950 0.141571 -0.988717
vn -0.039052 0.151486 -0.987688
vn -0.029178 0.159184 -0.986818
vn -0.019325 0.164683 -0.986157
vn -0.009487 0.167997 -0.985742
vn 0.000342 0.169136 -0.985593
vn 0.010171 0.168102 -0.985717
vn 0.020008 0.164894 -0.986108
vn 0.029859 0.159503 -0.986746
vn 0.039731 0.151915 -0.987595
vn 0.049626 0.142112 -0.988606
vn 0.059546 0.130075 -0.989715
vn 0.069489 0.115781 -0.990841
vn 0.079446 0.099214 -0.991889
vn 0.089406 0.080361 -0.992748
vn 0.099351 0.059219 -0.993289
vn 0.109254 0.035799 -0.993369
vn 0.783059 0.008906 -0.621884
vn -0.772845 0.008721 -0.634535
vn -0.084845 0.038679 -0.995643
vn -0.077046 0.064631 -0.994931
vn -0.069222 0.088032 -0.993710
vn -0.061395 0.108874 -0.992158
vn -0.053582 0.127167 -0.990433
vn -0.045793 0.142934 -0.988672
vn -0.038035 0.156203 -0.986992
vn -0.030307 0.167007 -0.985490
vn -0.022608 0.175377 -0.984242
vn -0.014933 0.181339 -0.983307
vn -0.007275 0.184915 -0.982728
vn 0.000374 0.186116 -0.982528
vn 0.008023 0.184948 -0.982716
vn 0.015681 0.181406 -0.983283
vn 0.023355 0.175478 -0.984206
vn 0.031053 0.167143 -0.985443
vn 0.038780 0.156375 -0.986936
vn 0.046538 0.143144 -0.988607
vn 0.054326 0.127417 -0.990360
vn 0.062137 0.109165 -0.992080
vn 0.069963 0.088365 -0.993628
vn 0.077785 0.065006 -0.994849
vn 0.085583 0.039097 -0.995564
vn 0.767332 0.009244 -0.641184
vn -0.755971 0.009128 -0.654542
vn -0.059837 0.039157 -0.997440
vn -0.054308 0.065086 -0.996401
vn -0.048767 0.088447 -0.994886
vn -0.043229 0.109237 -0.993075
vn -0.037704 0.127472 -0.991125
vn -0.032201 0.143178 -0.989173
vn -0.026723 0.156386 -0.987334
vn -0.021268 0.167132 -0.985705
vn -0.015836 0.175447 -0.984361
vn -0.010423 0.181360 -0.983362
vn -0.005022 0.184892 -0.982746
vn 0.000372 0.186056 -0.982539
vn 0.005766 0.184857 -0.982749
vn 0.011167 0.181289 -0.983366
vn 0.016581 0.175340 -0.984368
vn 0.022014 0.166987 -0.985713
vn 0.027469 0.156204 -0.987343
vn 0.032949 0.142956 -0.989180
vn 0.038453 0.127210 -0.991130
vn 0.043978 0.108934 -0.993076
vn 0.049517 0.088101 -0.994880
vn 0.055058 0.064698 -0.996385
vn 0.060586 0.038729 -0.997411
vn 0.750250 0.008776 -0.661096
vn -0.738790 0.008700 -0.673879
vn -0.035883 0.036150 -0.998702
vn -0.032556 0.059794 -0.997680
vn -0.029225 0.081101 -0.996277
vn -0.025896 0.100070 -0.994643
vn -0.022576 0.116716 -0.992909
vn -0.019268 0.131059 -0.991187
vn -0.015973 0.143126 -0.989576
vn -0.012692 0.152945 -0.988153
vn -0.009422 0.160540 -0.986984
vn -0.006163 0.165935 -0.986117
vn -0.002910 0.169146 -0.985587
vn 0.000340 0.170183 -0.985412
vn 0.003589 0.169050 -0.985601
vn 0.006843 0.165741 -0.986146
vn 0.010103 0.160248 -0.987025
vn 0.013374 0.152551 -0.988205
vn 0.016657 0.142629 -0.989636
vn 0.019953 0.130456 -0.991253
vn 0.023263 0.116003 -0.992976
vn 0.026584 0.099246 -0.994708
vn 0.029914 0.080163 -0.996333
vn 0.033245 0.058742 -0.997719
vn 0.036572 0.034984 -0.998718
vn 0.733395 0.007572 -0.679760
vn -0.722905 0.007312 -0.690908
vn -0.015359 0.029082 -0.999459
vn -0.013927 0.047550 -0.998772
vn -0.012495 0.064206 -0.997858
vn -0.011064 0.079050 -0.996809
vn -0.009635 0.092090 -0.995704
vn -0.008210 0.103337 -0.994613
vn -0.006789 0.112806 -0.993594
vn -0.005372 0.120511 -0.992697
vn -0.003959 0.126465 -0.991963
vn -0.002548 0.130680 -0.991421
vn -0.001140 0.133164 -0.991093
vn 0.000267 0.133922 -0.990992
vn 0.001675 0.132956 -0.991121
vn 0.003084 0.130262 -0.991475
vn 0.004495 0.125837 -0.992041
vn 0.005909 0.119668 -0.992796
vn 0.007326 0.111746 -0.993710
vn 0.008748 0.102056 -0.994740
vn 0.010174 0.090583 -0.995837
vn 0.011604 0.077314 -0.996939
vn 0.013036 0.062239 -0.997976
vn 0.014469 0.045352 -0.998866
vn 0.015900 0.026652 -0.999518
vn 0.718556 0.004857 -0.695452
vn -0.710691 0.004061 -0.703493
vn -0.002310 0.013969 -0.999900
vn -0.002089 0.021288 -0.999771
vn -0.001869 0.027878 -0.999610
vn -0.001648 0.033740 -0.999429
vn -0.001427 0.038876 -0.999243
vn -0.001207 0.043288 -0.999062
vn -0.000987 0.046979 -0.998895
vn -0.000767 0.049951 -0.998751
vn -0.000548 0.052207 -0.998636
vn -0.000329 0.053750 -0.998554
vn -0.000110 0.054580 -0.998509
vn 0.000110 0.054698 -0.998503
vn 0.000329 0.054105 -0.998535
vn 0.000548 0.052801 -0.998605
vn 0.000767 0.050782 -0.998709
vn 0.000987 0.048049 -0.998844
vn 0.001206 0.044598 -0.999004
vn 0.001426 0.040427 -0.999181
vn 0.001647 0.035532 -0.999367
vn 0.001867 0.029912 -0.999551
vn 0.002088 0.023565 -0.999720
vn 0.002309 0.016489 -0.999861
vn 0.002530 0.008686 -0.999959
vn 0.708874 -0.001339 -0.705334
vn -0.666667 0.333333 -0.666667
vn 0.000000 0.707107 -0.707107
vn 0.000000 0.707107 -0.707107
vn 0.000000 0.707107 -0.707107
vn 0.000000 0.707107 -0.707107
vn 0.000000 0.707107 -0.707107
vn 0.000000 0.707107 -0.707107
vn 0.000000 0.707107 -0.707107
vn 0.000000 0.707107 -0.707107
vn 0.000000 0.707107 -0.707107
vn 0.000000 0.707107 -0.707107
vn 0.000000 0.707107 -0.707107
vn 0.000000 0.707107 -0.707107
vn 0.000000 0.707107 -0.707107
vn 0.000000 0.707107 -0.707107
vn 0.000000 0.707107 -0.707107
vn 0.000000 0.707107 -0.707107
vn 0.000000 0.707107 -0.707107
vn 0.000000 0.707107 -0.707107
vn 0.000000 0.707107 -0.707107
vn 0.000000 0.707107 -0.707107
vn 0.000000 0.707107 -0.707107
vn 0.000000 0.707107 -0.707107
vn 0.000000 0.707107 -0.707107
vn 0.666667 0.666667 -0.333333
vn -0.666667 -0.666666 0.333334
vn 0.000010 -0.707094 0.707119
vn 0.000019 -0.707068 0.707146
vn 0.000026 -0.707030 0.707184
vn 0.000030 -0.706984 0.707230
vn 0.000031 -0.706935 0.707279
vn 0.000031 -0.706885 0.707328
vn 0.000029 -0.706838 0.707375
vn 0.000026 -0.706796 0.707418
vn 0.000021 -0.706760 0.707454
vn 0.000016 -0.706732 0.707481
vn 0.000010 -0.706714 0.707499
vn 0.000003 -0.706705 0.707508
vn -0.000003 -0.706707 0.707506
vn -0.000010 -0.706719 0.707494
vn -0.000016 -0.706741 0.707473
vn -0.000021 -0.706771 0.707442
vn -0.000026 -0.706809 0.707404
vn -0.000029 -0.706853 0.707360
vn -0.000031 -0.706902 0.707312
vn -0.000031 -0.706951 0.707262
vn -0.000030 -0.707000 0.707214
vn -0.000026 -0.707043 0.707170
vn -0.000019 -0.707078 0.707135
vn 0.666663 -0.333320 0.666677
vn -0.705299 0.004338 0.708897
vn 0.002533 0.008726 0.999959
vn 0.002321 0.016549 0.999860
vn 0.002106 0.023642 0.999718
vn 0.001889 0.030006 0.999548
vn 0.001670 0.035641 0.999363
vn 0.001450 0.040548 0.999177
vn 0.000507 -0.003840 0.999992
vn -0.014610 -0.998636 0.050123
vn -0.009901 -0.998579 0.052359
vn -0.005685 -0.998531 0.053890
vn -0.001748 -0.998500 0.054715
vn 0.002087 -0.998493 0.054834
vn 0.005979 -0.998510 0.054247
vn 0.010096 -0.998546 0.052955
vn 0.014637 -0.998594 0.050957
vn 0.019868 -0.998637 0.048255
vn 0.026177 -0.998651 0.044852
vn 0.034184 -0.998584 0.040754
vn -0.000076 0.000487 1.000000
vn -0.001674 0.033750 0.999429
vn -0.001894 0.027877 0.999610
vn -0.002112 0.021283 0.999771
vn -0.002328 0.013968 0.999900
vn 0.703508 0.009701 0.710621
vn -0.695391 0.016039 0.718453
vn 0.015878 0.026634 0.999519
vn 0.010287 0.028438 0.999543
vn -0.330867 -0.941092 0.069808
vn -0.246548 -0.965520 0.083579
vn -0.187097 -0.977664 0.095746
vn -0.142610 -0.984061 0.106234
vn -0.008688 -0.136319 -0.990627
vn -0.005366 -0.120102 -0.992747
vn -0.003953 -0.126012 -0.992021
vn -0.002543 -0.130193 -0.991485
vn -0.001135 -0.132655 -0.991162
vn 0.000271 -0.133404 -0.991062
vn 0.001678 -0.132442 -0.991189
vn 0.003085 -0.129766 -0.991540
vn 0.004494 -0.125369 -0.992100
vn 0.005906 -0.119242 -0.992848
vn 0.007321 -0.111370 -0.993752
vn 0.008740 -0.101739 -0.994773
vn 0.013684 -0.109991 -0.993838
vn 0.309009 -0.948128 0.074607
vn 0.419665 -0.905702 0.059871
vn 0.590678 -0.805698 0.044155
vn -0.010119 0.017309 0.999799
vn 0.690904 0.018557 0.722709
vn -0.998900 0.010637 0.045658
vn -0.916092 -0.397648 0.051490
vn -0.037799 -0.071505 -0.996724
vn -0.029209 -0.081078 -0.996280
vn -0.025878 -0.100034 -0.994647
vn -0.022556 -0.116665 -0.992915
vn -0.019248 -0.130994 -0.991196
vn -0.015954 -0.143049 -0.989587
vn -0.012675 -0.152856 -0.988167
vn -0.009408 -0.160443 -0.987000
vn -0.006152 -0.165831 -0.986135
vn -0.002902 -0.169038 -0.985605
vn 0.000343 -0.170073 -0.985431
vn 0.003588 -0.168941 -0.985620
vn 0.006837 -0.165637 -0.986163
vn 0.010094 -0.160150 -0.987041
vn 0.013360 -0.152463 -0.988219
vn 0.016639 -0.142553 -0.989647
vn 0.019932 -0.130394 -0.991262
vn 0.023238 -0.115956 -0.992982
vn 0.026558 -0.099215 -0.994712
vn 0.029886 -0.080147 -0.996335
vn 0.033218 -0.058741 -0.997720
vn 0.043192 -0.044682 -0.998067
vn 0.998879 0.012323 0.045698
vn -0.755980 -0.004331 -0.654581
vn -0.059824 -0.039149 -0.997441
vn -0.054288 -0.065081 -0.996402
vn -0.048743 -0.088440 -0.994888
vn -0.043203 -0.109229 -0.993077
vn -0.037679 -0.127461 -0.991128
vn -0.032177 -0.143164 -0.989176
vn -0.026701 -0.156370 -0.987338
vn -0.021250 -0.167114 -0.985709
vn -0.015821 -0.175427 -0.984365
vn -0.010412 -0.181339 -0.983365
vn -0.005016 -0.184871 -0.982750
vn 0.000373 -0.186035 -0.982543
vn 0.005762 -0.184836 -0.982752
vn 0.011158 -0.181270 -0.983370
vn 0.016568 -0.175323 -0.984372
vn 0.021996 -0.166973 -0.985716
vn 0.027448 -0.156193 -0.987345
vn 0.032925 -0.142949 -0.989182
vn 0.038427 -0.127207 -0.991132
vn 0.043951 -0.108935 -0.993077
vn 0.049490 -0.088107 -0.994881
vn 0.055033 -0.064707 -0.996386
vn 0.060567 -0.038727 -0.997413
vn 0.750250 -0.004074 -0.661142
vn -0.772850 -0.003700 -0.634578
vn -0.084825 -0.038663 -0.995645
vn -0.077020 -0.064629 -0.994933
vn -0.069193 -0.088035 -0.993711
vn -0.061365 -0.108882 -0.992159
vn -0.053553 -0.127180 -0.990433
vn -0.045767 -0.142950 -0.988671
vn -0.038011 -0.156224 -0.986990
vn -0.030288 -0.167031 -0.985486
vn -0.022594 -0.175404 -0.984237
vn -0.014924 -0.181368 -0.983302
vn -0.007271 -0.184945 -0.982722
vn 0.000373 -0.186147 -0.982522
vn 0.008016 -0.184979 -0.982710
vn 0.015669 -0.181437 -0.983278
vn 0.023339 -0.175507 -0.984201
vn 0.031033 -0.167171 -0.985439
vn 0.038757 -0.156400 -0.986933
vn 0.046512 -0.143166 -0.988605
vn 0.054299 -0.127436 -0.990359
vn 0.062111 -0.109180 -0.992080
vn 0.069938 -0.088377 -0.993629
vn 0.077765 -0.065015 -0.994850
vn 0.085572 -0.039086 -0.995565
vn 0.767337 -0.004314 -0.641229
vn -0.787871 -0.002748 -0.615834
vn -0.108581 -0.034507 -0.993489
vn -0.098669 -0.058073 -0.993424
vn -0.088722 -0.079351 -0.992891
vn -0.078758 -0.098340 -0.992031
vn -0.068799 -0.115041 -0.990975
vn -0.058855 -0.129465 -0.989836
vn -0.048934 -0.141629 -0.988710
vn -0.039038 -0.151553 -0.987678
vn -0.029168 -0.159258 -0.986806
vn -0.019319 -0.164763 -0.986144
vn -0.009486 -0.168080 -0.985728
vn 0.000339 -0.169220 -0.985578
vn 0.010165 -0.168186 -0.985703
vn 0.019997 -0.164975 -0.986095
vn 0.029845 -0.159578 -0.986734
vn 0.039714 -0.151984 -0.987585
vn 0.049608 -0.142172 -0.988598
vn 0.059528 -0.130125 -0.989709
vn 0.069471 -0.115821 -0.990838
vn 0.079430 -0.099243 -0.991888
vn 0.089393 -0.080379 -0.992748
vn 0.099341 -0.059227 -0.993289
vn 0.109256 -0.035781 -0.993369
vn 0.783070 -0.004204 -0.621919
vn -0.799760 -0.001597 -0.600317
vn -0.128809 -0.026955 -0.991303
vn -0.117162 -0.045803 -0.992056
vn -0.105462 -0.062858 -0.992435
vn -0.093726 -0.078121 -0.992528
vn -0.081970 -0.091584 -0.992418
vn -0.070205 -0.103246 -0.992175
vn -0.058442 -0.113110 -0.991862
vn -0.046684 -0.121183 -0.991532
vn -0.034934 -0.127472 -0.991227
vn -0.023193 -0.131982 -0.990981
vn -0.011458 -0.134721 -0.990817
vn 0.000273 -0.135692 -0.990751
vn 0.012004 -0.134896 -0.990787
vn 0.023738 -0.132333 -0.990921
vn 0.035478 -0.128000 -0.991139
vn 0.047226 -0.121891 -0.991419
vn 0.058981 -0.114001 -0.991728
vn 0.070741 -0.104322 -0.992025
vn 0.082503 -0.092848 -0.992256
vn 0.094258 -0.079576 -0.992362
vn 0.105993 -0.064505 -0.992272
vn 0.117693 -0.047641 -0.991907
vn 0.129344 -0.028985 -0.991176
vn 0.796064 -0.003770 -0.605201
vn -0.807593 -0.000367 -0.589740
vn -0.143540 -0.016702 -0.989504
vn -0.130673 -0.028913 -0.991004
vn -0.117740 -0.039989 -0.992239
vn -0.104749 -0.049931 -0.993244
vn -0.091711 -0.058728 -0.994052
vn -0.078637 -0.066375 -0.994691
vn -0.065536 -0.072867 -0.995186
vn -0.052414 -0.078202 -0.995559
vn -0.039277 -0.082377 -0.995827
vn -0.026130 -0.085394 -0.996005
vn -0.012978 -0.087250 -0.996102
vn 0.000178 -0.087946 -0.996125
vn 0.013333 -0.087483 -0.996077
vn 0.026485 -0.085860 -0.995955
vn 0.039630 -0.083077 -0.995755
vn 0.052765 -0.079136 -0.995466
vn 0.065884 -0.074037 -0.995077
vn 0.078982 -0.067782 -0.994569
vn 0.092054 -0.060372 -0.993922
vn 0.105089 -0.051812 -0.993112
vn 0.118079 -0.042109 -0.992111
vn 0.131013 -0.031269 -0.990887
vn 0.143883 -0.019296 -0.989407
vn 0.805272 -0.003056 -0.592898
vn -0.810817 0.000849 -0.585299
vn -0.151342 -0.004761 -0.988470
vn -0.137849 -0.009069 -0.990412
vn -0.124283 -0.012988 -0.992162
vn -0.110646 -0.016519 -0.993723
vn -0.096945 -0.019660 -0.995096
vn -0.083189 -0.022406 -0.996282
vn -0.069386 -0.024755 -0.997283
vn -0.055543 -0.026705 -0.998099
vn -0.041669 -0.028253 -0.998732
vn -0.027771 -0.029398 -0.999182
vn -0.013859 -0.030138 -0.999450
vn 0.000062 -0.030474 -0.999536
vn 0.013982 -0.030405 -0.999440
vn 0.027895 -0.029931 -0.999163
vn 0.041791 -0.029052 -0.998704
vn 0.055664 -0.027769 -0.998063
vn 0.069506 -0.026085 -0.997240
vn 0.083308 -0.024000 -0.996235
vn 0.097063 -0.021516 -0.995046
vn 0.110763 -0.018636 -0.993672
vn 0.124400 -0.015364 -0.992113
vn 0.137965 -0.011703 -0.990368
vn 0.151460 -0.007658 -0.988434
vn 0.810026 -0.002108 -0.586391
vn -0.809217 0.001980 -0.587506
vn -0.151460 0.007658 -0.988434
vn -0.137965 0.011703 -0.990368
vn -0.124400 0.015364 -0.992113
vn -0.110763 0.018636 -0.993672
vn -0.097063 0.021516 -0.995046
vn -0.083308 0.024000 -0.996235
vn -0.069506 0.026085 -0.997240
vn -0.055664 0.027769 -0.998063
vn -0.041791 0.029052 -0.998704
vn -0.027895 0.029931 -0.999163
vn -0.013982 0.030405 -0.999440
vn -0.000062 0.030474 -0.999536
vn 0.013859 0.030138 -0.999450
vn 0.027771 0.029398 -0.999182
vn 0.041669 0.028253 -0.998732
vn 0.055543 0.026705 -0.998099
vn 0.069386 0.024755 -0.997283
vn 0.083189 0.022406 -0.996282
vn 0.096945 0.019660 -0.995096
vn 0.110646 0.016519 -0.993723
vn 0.124283 0.012988 -0.992162
vn 0.137849 0.009069 -0.990412
vn 0.151342 0.004761 -0.988470
vn 0.810010 -0.000973 -0.586416
vn -0.802897 0.002963 -0.596111
vn -0.143883 0.019296 -0.989407
vn -0.131013 0.031269 -0.990887
vn -0.118079 0.042109 -0.992111
vn -0.105089 0.051812 -0.993112
vn -0.092054 0.060372 -0.993922
vn -0.078982 0.067782 -0.994569
vn -0.065884 0.074037 -0.995077
vn -0.052765 0.079136 -0.995466
vn -0.039630 0.083077 -0.995755
vn -0.026485 0.085860 -0.995955
vn -0.013333 0.087483 -0.996077
vn -0.000178 0.087946 -0.996125
vn 0.012978 0.087250 -0.996102
vn 0.026130 0.085394 -0.996005
vn 0.039277 0.082377 -0.995827
vn 0.052414 0.078202 -0.995559
vn 0.065536 0.072867 -0.995186
vn 0.078637 0.066375 -0.994691
vn 0.091711 0.058728 -0.994052
vn 0.104749 0.049931 -0.993244
vn 0.117740 0.039989 -0.992239
vn 0.130673 0.028913 -0.991004
vn 0.143540 0.016702 -0.989504
vn 0.805230 0.000285 -0.592962
vn -0.792286 0.003739 -0.610139
vn -0.129344 0.028985 -0.991176
vn -0.117693 0.047641 -0.991907
vn -0.105993 0.064505 -0.992272
vn -0.094258 0.079576 -0.992362
vn -0.082503 0.092848 -0.992256
vn -0.070741 0.104322 -0.992025
vn -0.058981 0.114001 -0.991728
vn -0.047226 0.121891 -0.991419
vn -0.035478 0.128000 -0.991139
vn -0.023738 0.132333 -0.990921
vn -0.012004 0.134896 -0.990787
vn -0.000273 0.135692 -0.990751
vn 0.011458 0.134721 -0.990817
vn 0.023193 0.131982 -0.990981
vn 0.034934 0.127472 -0.991227
vn 0.046684 0.121183 -0.991532
vn 0.058442 0.113110 -0.991862
vn 0.070205 0.103246 -0.992175
vn 0.081970 0.091584 -0.992418
vn 0.093726 0.078121 -0.992528
vn 0.105462 0.062858 -0.992435
vn 0.117162 0.045803 -0.992056
vn 0.128809 0.026955 -0.991303
vn 0.796013 0.001579 -0.605278
vn -0.778181 0.004238 -0.628025
vn -0.109256 0.035781 -0.993369
vn -0.099341 0.059227 -0.993289
vn -0.089393 0.080379 -0.992748
vn -0.079430 0.099243 -0.991888
vn -0.069471 0.115821 -0.990838
vn -0.059528 0.130125 -0.989709
vn -0.049608 0.142172 -0.988598
vn -0.039714 0.151984 -0.987585
vn -0.029845 0.159578 -0.986734
vn -0.019997 0.164975 -0.986095
vn -0.010165 0.168186 -0.985703
vn -0.000339 0.169220 -0.985578
vn 0.009486 0.168080 -0.985728
vn 0.019319 0.164763 -0.986144
vn 0.029168 0.159258 -0.986806
vn 0.039038 0.151553 -0.987678
vn 0.048934 0.141629 -0.988710
vn 0.058855 0.129465 -0.989836
vn 0.068799 0.115041 -0.990975
vn 0.078758 0.098340 -0.992031
vn 0.088722 0.079351 -0.992891
vn 0.098669 0.058073 -0.993424
vn 0.108581 0.034507 -0.993489
vn 0.783030 0.002793 -0.621977
vn -0.761755 0.004399 -0.647850
vn -0.085572 0.039086 -0.995565
vn -0.077765 0.065015 -0.994850
vn -0.069938 0.088377 -0.993629
vn -0.062111 0.109180 -0.992080
vn -0.054299 0.127436 -0.990359
vn -0.046512 0.143166 -0.988605
vn -0.038757 0.156400 -0.986933
vn -0.031033 0.167171 -0.985439
vn -0.023339 0.175507 -0.984201
vn -0.015669 0.181437 -0.983278
vn -0.008016 0.184979 -0.982710
vn -0.000373 0.186147 -0.982522
vn 0.007271 0.184945 -0.982722
vn 0.014924 0.181368 -0.983302
vn 0.022594 0.175404 -0.984237
vn 0.030288 0.167031 -0.985486
vn 0.038011 0.156224 -0.986990
vn 0.045767 0.142950 -0.988671
vn 0.053553 0.127180 -0.990433
vn 0.061365 0.108882 -0.992159
vn 0.069193 0.088035 -0.993711
vn 0.077020 0.064629 -0.994933
vn 0.084825 0.038663 -0.995645
vn 0.767325 0.003790 -0.641247
vn -0.998435 -0.013886 0.054165
vn -0.993957 0.087925 0.065716
vn -0.060601 0.074137 -0.995405
vn -0.049490 0.088107 -0.994881
vn -0.043951 0.108935 -0.993077
vn -0.038427 0.127207 -0.991132
vn -0.032925 0.142949 -0.989182
vn -0.027448 0.156193 -0.987345
vn -0.021996 0.166973 -0.985716
vn -0.016568 0.175323 -0.984372
vn -0.011158 0.181270 -0.983370
vn -0.005762 0.184836 -0.982752
vn -0.000373 0.186035 -0.982543
vn 0.005016 0.184871 -0.982750
vn 0.010412 0.181339 -0.983365
vn 0.015821 0.175427 -0.984365
vn 0.021250 0.167114 -0.985709
vn 0.026701 0.156370 -0.987338
vn 0.032177 0.143164 -0.989176
vn 0.037679 0.127461 -0.991128
vn 0.043203 0.109229 -0.993077
vn 0.048743 0.088440 -0.994888
vn 0.054288 0.065081 -0.996402
vn 0.065430 0.049225 -0.996642
vn 0.998434 -0.013243 0.054354
vn -0.679699 -0.022896 0.733134
vn 0.035879 -0.036147 0.998702
vn 0.027280 -0.048050 0.998472
vn -0.777067 0.625286 0.072003
vn -0.031063 0.111337 -0.993297
vn -0.023238 0.115956 -0.992982
vn -0.019932 0.130394 -0.991262
vn -0.016639 0.142553 -0.989647
vn -0.013360 0.152463 -0.988219
vn -0.010094 0.160150 -0.987041
vn -0.006837 0.165637 -0.986163
vn -0.003588 0.168941 -0.985620
vn -0.000343 0.170073 -0.985431
vn 0.002902 0.169038 -0.985605
vn 0.006152 0.165831 -0.986135
vn 0.009408 0.160443 -0.987000
vn 0.012675 0.152856 -0.988167
vn 0.015954 0.143049 -0.989587
vn 0.019248 0.130994 -0.991196
vn 0.022556 0.116665 -0.992915
vn 0.025878 0.100034 -0.994647
vn 0.033746 0.093493 -0.995048
vn 0.807745 0.585789 0.066322
vn -0.031230 -0.022961 0.999248
vn 0.685503 -0.021640 0.727748
vn -0.695389 -0.018592 0.718393
vn 0.015368 -0.029073 0.999459
vn 0.013932 -0.047502 0.998774
vn 0.012496 -0.064104 0.997865
vn 0.007502 -0.059509 0.998200
vn -0.233957 0.968269 0.087857
vn -0.179859 0.978651 0.099467
vn -0.009763 0.134160 -0.990912
vn -0.005906 0.119242 -0.992848
vn -0.004494 0.125369 -0.992100
vn -0.003085 0.129766 -0.991540
vn -0.001678 0.132442 -0.991189
vn -0.000271 0.133404 -0.991062
vn 0.001135 0.132655 -0.991162
vn 0.002543 0.130193 -0.991485
vn 0.003953 0.126012 -0.992021
vn 0.005366 0.120102 -0.992747
vn 0.006783 0.112451 -0.993634
vn 0.010649 0.125736 -0.992007
vn 0.187097 0.977664 0.095746
vn 0.246548 0.965520 0.083579
vn -0.009426 -0.042956 0.999032
vn -0.014449 -0.045291 0.998869
vn -0.015878 -0.026634 0.999519
vn 0.699849 -0.016057 0.714111
vn -0.705306 -0.009703 0.708836
vn 0.002328 -0.013968 0.999900
vn 0.002112 -0.021283 0.999771
vn 0.001894 -0.027877 0.999610
vn 0.001674 -0.033750 0.999429
vn 0.001453 -0.038900 0.999242
vn 0.001231 -0.043329 0.999060
vn 0.000067 -0.000760 1.000000
vn -0.019868 0.998637 0.048255
vn -0.014637 0.998594 0.050957
vn -0.010096 0.998546 0.052955
vn -0.005979 0.998510 0.054247
vn -0.002087 0.998493 0.054834
vn 0.001748 0.998500 0.054715
vn 0.005685 0.998531 0.053890
vn 0.009901 0.998579 0.052359
vn 0.014610 0.998636 0.050123
vn 0.020107 0.998684 0.047184
vn -0.000511 0.004918 0.999988
vn -0.001670 -0.035641 0.999363
vn -0.001889 -0.030006 0.999548
vn -0.002106 -0.023642 0.999718
vn -0.002321 -0.016549 0.999860
vn -0.002533 -0.008726 0.999959
vn 0.707093 -0.004327 0.707107
vn -0.333324 0.666660 0.666678
vn 0.000019 0.707078 0.707135
vn 0.000026 0.707043 0.707170
vn 0.000030 0.707000 0.707214
vn 0.000031 0.706951 0.707262
vn 0.000031 0.706902 0.707312
vn 0.000029 0.706853 0.707360
vn 0.000026 0.706809 0.707404
vn 0.000021 0.706771 0.707442
vn 0.000016 0.706741 0.707473
vn 0.000010 0.706719 0.707494
vn 0.000003 0.706707 0.707506
vn -0.000003 0.706705 0.707508
vn -0.000010 0.706714 0.707499
vn -0.000016 0.706732 0.707481
vn -0.000021 0.706760 0.707454
vn -0.000026 0.706796 0.707418
vn -0.000029 0.706838 0.707375
vn -0.000031 0.706885 0.707328
vn -0.000031 0.706935 0.707279
vn -0.000030 0.706984 0.707230
vn -0.000026 0.707030 0.707184
vn -0.000019 0.707068 0.707146
vn -0.000010 0.707094 0.707119
vn 0.577351 0.577349 0.577351
usemtl steel
f 1252 1253 1228
f 1252 1228 1227
f 1253 1254 1229
f 1253 1229 1228
f 1254 1255 1230
f 1254 1230 1229
f 1255 1256 1231
f 1255 1231 1230
f 1256 1257 1232
f 1256 1232 1231
f 1257 1258 1233
f 1257 1233 1232
f 1258 1259 1234
f 1258 1234 1233
f 1259 1260 1235
f 1259 1235 1234
f 1260 1261 1236
f 1260 1236 1235
f 1261 1262 1237
f 1261 1237 1236
f 1262 1263 1238
f 1262 1238 1237
f 1263 1264 1239
f 1263 1239 1238
f 1264 1265 1240
f 1264 1240 1239
f 1265 1266 1241
f 1265 1241 1240
f 1266 1267 1242
f 1266 1242 1241
f 1267 1268 1243
f 1267 1243 1242
f 1268 1269 1244
f 1268 1244 1243
f 1269 1270 1245
f 1269 1245 1244
f 1270 1271 1246
f 1270 1246 1245
f 1271 1272 1247
f 1271 1247 1246
f 1272 1273 1248
f 1272 1248 1247
f 1273 1274 1249
f 1273 1249 1248
f 1274 1275 1250
f 1274 1250 1249
f 1275 1276 1251
f 1275 1251 1250
f 1277 1278 1253
f 1277 1253 1252
f 1278 1279 1254
f 1278 1254 1253
f 1279 1280 1255
f 1279 1255 1254
f 1280 1281 1256
f 1280 1256 1255
f 1281 1282 1257
f 1281 1257 1256
f 1282 1283 1258
f 1282 1258 1257
f 1283 1284 1259
f 1283 1259 1258
f 1284 1285 1260
f 1284 1260 1259
f 1285 1286 1261
f 1285 1261 1260
f 1286 1287 1262
f 1286 1262 1261
f 1287 1288 1263
f 1287 1263 1262
f 1288 1289 1264
f 1288 1264 1263
f 1289 1290 1265
f 1289 1265 1264
f 1290 1291 1266
f 1290 1266 1265
f 1291 1292 1267
f 1291 1267 1266
f 1292 1293 1268
f 1292 1268 1267
f 1293 1294 1269
f 1293 1269 1268
f 1294 1295 1270
f 1294 1270 1269
f 1295 1296 1271
f 1295 1271 1270
f 1296 1297 1272
f 1296 1272 1271
f 1297 1298 1273
f 1297 1273 1272
f 1298 1299 1274
f 1298 1274 1273
f 1299 1300 1275
f 1299 1275 1274
f 1300 1301 1276
f 1300 1276 1275
f 1302 1303 1278
f 1302 1278 1277
f 1303 1304 1279
f 1303 1279 1278
f 1304 1305 1280
f 1304 1280 1279
f 1305 1306 1281
f 1305 1281 1280
f 1306 1307 1282
f 1306 1282 1281
f 1307 1308 1283
f 1307 1283 1282
f 1308 1309 1284
f 1308 1284 1283
f 1309 1310 1285
f 1309 1285 1284
f 1310 1311 1286
f 1310 1286 1285
f 1311 1312 1287
f 1311 1287 1286
f 1312 1313 1288
f 1312 1288 1287
f 1313 1314 1289
f 1313 1289 1288
f 1314 1315 1290
f 1314 1290 1289
f 1315 1316 1291
f 1315 1291 1290
f 1316 1317 1292
f 1316 1292 1291
f 1317 1318 1293
f 1317 1293 1292
f 1318 1319 1294
f 1318 1294 1293
f 1319 1320 1295
f 1319 1295 1294
f 1320 1321 1296
f 1320 1296 1295
f 1321 1322 1297
f 1321 1297 1296
f 1322 1323 1298
f 1322 1298 1297
f 1323 1324 1299
f 1323 1299 1298
f 1324 1325 1300
f 1324 1300 1299
f 1325 1326 1301
f 1325 1301 1300
f 1327 1328 1303
f 1327 1303 1302
f 1328 1329 1304
f 1328 1304 1303
f 1329 1330 1305
f 1329 1305 1304
f 1330 1331 1306
f 1330 1306 1305
f 1331 1332 1307
f 1331 1307 1306
f 1332 1333 1308
f 1332 1308 1307
f 1333 1334 1309
f 1333 1309 1308
f 1334 1335 1310
f 1334 1310 1309
f 1335 1336 1311
f 1335 1311 1310
f 1336 1337 1312
f 1336 1312 1311
f 1337 1338 1313
f 1337 1313 1312
f 1338 1339 1314
f 1338 1314 1313
f 1339 1340 1315
f 1339 1315 1314
f 1340 1341 1316
f 1340 1316 1315
f 1341 1342 1317
f 1341 1317 1316
f 1342 1343 1318
f 1342 1318 1317
f 1343 1344 1319
f 1343 1319 1318
f 1344 1345 1320
f 1344 1320 1319
f 1345 1346 1321
f 1345 1321 1320
f 1346 1347 1322
f 1346 1322 1321
f 1347 1348 1323
f 1347 1323 1322
f 1348 1349 1324
f 1348 1324 1323
f 1349 1350 1325
f 1349 1325 1324
f 1350 1351 1326
f 1350 1326 1325
f 1352 1353 1328
f 1352 1328 1327
f 1353 1354 1329
f 1353 1329 1328
f 1354 1355 1330
f 1354 1330 1329
f 1355 1356 1331
f 1355 1331 1330
f 1356 1357 1332
f 1356 1332 1331
f 1357 1358 1333
f 1357 1333 1332
f 1358 1359 1334
f 1358 1334 1333
f 1359 1360 1335
f 1359 1335 1334
f 1360 1361 1336
f 1360 1336 1335
f 1361 1362 1337
f 1361 1337 1336
f 1362 1363 1338
f 1362 1338 1337
f 1363 1364 1339
f 1363 1339 1338
f 1364 1365 1340
f 1364 1340 1339
f 1365 1366 1341
f 1365 1341 1340
f 1366 1367 1342
f 1366 1342 1341
f 1367 1368 1343
f 1367 1343 1342
f 1368 1369 1344
f 1368 1344 1343
f 1369 1370 1345
f 1369 1345 1344
f 1370 1371 1346
f 1370 1346 1345
f 1371 1372 1347
f 1371 1347 1346
f 1372 1373 1348
f 1372 1348 1347
f 1373 1374 1349
f 1373 1349 1348
f 1374 1375 1350
f 1374 1350 1349
f 1375 1376 1351
f 1375 1351 1350
f 1377 1378 1353
f 1377 1353 1352
f 1378 1379 1354
f 1378 1354 1353
f 1379 1380 1355
f 1379 1355 1354
f 1380 1381 1356
f 1380 1356 1355
f 1381 1382 1357
f 1381 1357 1356
f 1382 1383 1358
f 1382 1358 1357
f 1383 1384 1359
f 1383 1359 1358
f 1384 1385 1360
f 1384 1360 1359
f 1385 1386 1361
f 1385 1361 1360
f 1386 1387 1362
f 1386 1362 1361
f 1387 1388 1363
f 1387 1363 1362
f 1388 1389 1364
f 1388 1364 1363
f 1389 1390 1365
f 1389 1365 1364
f 1390 1391 1366
f 1390 1366 1365
f 1391 1392 1367
f 1391 1367 1366
f 1392 1393 1368
f 1392 1368 1367
f 1393 1394 1369
f 1393 1369 1368
f 1394 1395 1370
f 1394 1370 1369
f 1395 1396 1371
f 1395 1371 1370
f 1396 1397 1372
f 1396 1372 1371
f 1397 1398 1373
f 1397 1373 1372
f 1398 1399 1374
f 1398 1374 1373
f 1399 1400 1375
f 1399 1375 1374
f 1400 1401 1376
f 1400 1376 1375
f 1402 1403 1378
f 1402 1378 1377
f 1403 1404 1379
f 1403 1379 1378
f 1404 1405 1380
f 1404 1380 1379
f 1405 1406 1381
f 1405 1381 1380
f 1406 1407 1382
f 1406 1382 1381
f 1407 1408 1383
f 1407 1383 1382
f 1408 1409 1384
f 1408 1384 1383
f 1409 1410 1385
f 1409 1385 1384
f 1410 1411 1386
f 1410 1386 1385
f 1411 1412 1387
f 1411 1387 1386
f 1412 1413 1388
f 1412 1388 1387
f 1413 1414 1389
f 1413 1389 1388
f 1414 1415 1390
f 1414 1390 1389
f 1415 1416 1391
f 1415 1391 1390
f 1416 1417 1392
f 1416 1392 1391
f 1417 1418 1393
f 1417 1393 1392
f 1418 1419 1394
f 1418 1394 1393
f 1419 1420 1395
f 1419 1395 1394
f 1420 1421 1396
f 1420 1396 1395
f 1421 1422 1397
f 1421 1397 1396
f 1422 1423 1398
f 1422 1398 1397
f 1423 1424 1399
f 1423 1399 1398
f 1424 1425 1400
f 1424 1400 1399
f 1425 1426 1401
f 1425 1401 1400
f 1427 1428 1403
f 1427 1403 1402
f 1428 1429 1404
f 1428 1404 1403
f 1429 1430 1405
f 1429 1405 1404
f 1430 1431 1406
f 1430 1406 1405
f 1431 1432 1407
f 1431 1407 1406
f 1432 1433 1408
f 1432 1408 1407
f 1433 1434 1409
f 1433 1409 1408
f 1434 1435 1410
f 1434 1410 1409
f 1435 1436 1411
f 1435 1411 1410
f 1436 1437 1412
f 1436 1412 1411
f 1437 1438 1413
f 1437 1413 1412
f 1438 1439 1414
f 1438 1414 1413
f 1439 1440 1415
f 1439 1415 1414
f 1440 1441 1416
f 1440 1416 1415
f 1441 1442 1417
f 1441 1417 1416
f 1442 1443 1418
f 1442 1418 1417
f 1443 1444 1419
f 1443 1419 1418
f 1444 1445 1420
f 1444 1420 1419
f 1445 1446 1421
f 1445 1421 1420
f 1446 1447 1422
f 1446 1422 1421
f 1447 1448 1423
f 1447 1423 1422
f 1448 1449 1424
f 1448 1424 1423
f 1449 1450 1425
f 1449 1425 1424
f 1450 1451 1426
f 1450 1426 1425
f 1452 1453 1428
f 1452 1428 1427
f 1453 1454 1429
f 1453 1429 1428
f 1454 1455 1430
f 1454 1430 1429
f 1455 1456 1431
f 1455 1431 1430
f 1456 1457 1432
f 1456 1432 1431
f 1457 1458 1433
f 1457 1433 1432
f 1458 1459 1434
f 1458 1434 1433
f 1459 1460 1435
f 1459 1435 1434
f 1460 1461 1436
f 1460 1436 1435
f 1461 1462 1437
f 1461 1437 1436
f 1462 1463 1438
f 1462 1438 1437
f 1463 1464 1439
f 1463 1439 1438
f 1464 1465 1440
f 1464 1440 1439
f 1465 1466 1441
f 1465 1441 1440
f 1466 1467 1442
f 1466 1442 1441
f 1467 1468 1443
f 1467 1443 1442
f 1468 1469 1444
f 1468 1444 1443
f 1469 1470 1445
f 1469 1445 1444
f 1470 1471 1446
f 1470 1446 1445
f 1471 1472 1447
f 1471 1447 1446
f 1472 1473 1448
f 1472 1448 1447
f 1473 1474 1449
f 1473 1449 1448
f 1474 1475 1450
f 1474 1450 1449
f 1475 1476 1451
f 1475 1451 1450
f 1477 1478 1453
f 1477 1453 1452
f 1478 1479 1454
f 1478 1454 1453
f 1479 1480 1455
f 1479 1455 1454
f 1480 1481 1456
f 1480 1456 1455
f 1481 1482 1457
f 1481 1457 1456
f 1482 1483 1458
f 1482 1458 1457
f 1483 1484 1459
f 1483 1459 1458
f 1484 1485 1460
f 1484 1460 1459
f 1485 1486 1461
f 1485 1461 1460
f 1486 1487 1462
f 1486 1462 1461
f 1487 1488 1463
f 1487 1463 1462
f 1488 1489 1464
f 1488 1464 1463
f 1489 1490 1465
f 1489 1465 1464
f 1490 1491 1466
f 1490 1466 1465
f 1491 1492 1467
f 1491 1467 1466
f 1492 1493 1468
f 1492 1468 1467
f 1493 1494 1469
f 1493 1469 1468
f 1494 1495 1470
f 1494 1470 1469
f 1495 1496 1471
f 1495 1471 1470
f 1496 1497 1472
f 1496 1472 1471
f 1497 1498 1473
f 1497 1473 1472
f 1498 1499 1474
f 1498 1474 1473
f 1499 1500 1475
f 1499 1475 1474
f 1500 1501 1476
f 1500 1476 1475
f 1502 1503 1478
f 1502 1478 1477
f 1503 1504 1479
f 1503 1479 1478
f 1504 1505 1480
f 1504 1480 1479
f 1505 1506 1481
f 1505 1481 1480
f 1506 1507 1482
f 1506 1482 1481
f 1507 1508 1483
f 1507 1483 1482
f 1508 1509 1484
f 1508 1484 1483
f 1509 1510 1485
f 1509 1485 1484
f 1510 1511 1486
f 1510 1486 1485
f 1511 1512 1487
f 1511 1487 1486
f 1512 1513 1488
f 1512 1488 1487
f 1513 1514 1489
f 1513 1489 1488
f 1514 1515 1490
f 1514 1490 1489
f 1515 1516 1491
f 1515 1491 1490
f 1516 1517 1492
f 1516 1492 1491
f 1517 1518 1493
f 1517 1493 1492
f 1518 1519 1494
f 1518 1494 1493
f 1519 1520 1495
f 1519 1495 1494
f 1520 1521 1496
f 1520 1496 1495
f 1521 1522 1497
f 1521 1497 1496
f 1522 1523 1498
f 1522 1498 1497
f 1523 1524 1499
f 1523 1499 1498
f 1524 1525 1500
f 1524 1500 1499
f 1525 1526 1501
f 1525 1501 1500
f 1527 1528 1503
f 1527 1503 1502
f 1528 1529 1504
f 1528 1504 1503
f 1529 1530 1505
f 1529 1505 1504
f 1530 1531 1506
f 1530 1506 1505
f 1531 1532 1507
f 1531 1507 1506
f 1532 1533 1508
f 1532 1508 1507
f 1533 1534 1509
f 1533 1509 1508
f 1534 1535 1510
f 1534 1510 1509
f 1535 1536 1511
f 1535 1511 1510
f 1536 1537 1512
f 1536 1512 1511
f 1537 1538 1513
f 1537 1513 1512
f 1538 1539 1514
f 1538 1514 1513
f 1539 1540 1515
f 1539 1515 1514
f 1540 1541 1516
f 1540 1516 1515
f 1541 1542 1517
f 1541 1517 1516
f 1542 1543 1518
f 1542 1518 1517
f 1543 1544 1519
f 1543 1519 1518
f 1544 1545 1520
f 1544 1520 1519
f 1545 1546 1521
f 1545 1521 1520
f 1546 1547 1522
f 1546 1522 1521
f 1547 1548 1523
f 1547 1523 1522
f 1548 1549 1524
f 1548 1524 1523
f 1549 1550 1525
f 1549 1525 1524
f 1550 1551 1526
f 1550 1526 1525
f 1552 1553 1528
f 1552 1528 1527
f 1553 1554 1529
f 1553 1529 1528
f 1554 1555 1530
f 1554 1530 1529
f 1555 1556 1531
f 1555 1531 1530
f 1556 1557 1532
f 1556 1532 1531
f 1557 1558 1533
f 1557 1533 1532
f 1558 1559 1534
f 1558 1534 1533
f 1559 1560 1535
f 1559 1535 1534
f 1560 1561 1536
f 1560 1536 1535
f 1561 1562 1537
f 1561 1537 1536
f 1562 1563 1538
f 1562 1538 1537
f 1563 1564 1539
f 1563 1539 1538
f 1564 1565 1540
f 1564 1540 1539
f 1565 1566 1541
f 1565 1541 1540
f 1566 1567 1542
f 1566 1542 1541
f 1567 1568 1543
f 1567 1543 1542
f 1568 1569 1544
f 1568 1544 1543
f 1569 1570 1545
f 1569 1545 1544
f 1570 1571 1546
f 1570 1546 1545
f 1571 1572 1547
f 1571 1547 1546
f 1572 1573 1548
f 1572 1548 1547
f 1573 1574 1549
f 1573 1549 1548
f 1574 1575 1550
f 1574 1550 1549
f 1575 1576 1551
f 1575 1551 1550
f 1577 1578 1553
f 1577 1553 1552
f 1578 1579 1554
f 1578 1554 1553
f 1579 1580 1555
f 1579 1555 1554
f 1580 1581 1556
f 1580 1556 1555
f 1581 1582 1557
f 1581 1557 1556
f 1582 1583 1558
f 1582 1558 1557
f 1583 1584 1559
f 1583 1559 1558
f 1584 1585 1560
f 1584 1560 1559
f 1585 1586 1561
f 1585 1561 1560
f 1586 1587 1562
f 1586 1562 1561
f 1587 1588 1563
f 1587 1563 1562
f 1588 1589 1564
f 1588 1564 1563
f 1589 1590 1565
f 1589 1565 1564
f 1590 1591 1566
f 1590 1566 1565
f 1591 1592 1567
f 1591 1567 1566
f 1592 1593 1568
f 1592 1568 1567
f 1593 1594 1569
f 1593 1569 1568
f 1594 1595 1570
f 1594 1570 1569
f 1595 1596 1571
f 1595 1571 1570
f 1596 1597 1572
f 1596 1572 1571
f 1597 1598 1573
f 1597 1573 1572
f 1598 1599 1574
f 1598 1574 1573
f 1599 1600 1575
f 1599 1575 1574
f 1600 1601 1576
f 1600 1576 1575
f 1602 1603 1578
f 1602 1578 1577
f 1603 1604 1579
f 1603 1579 1578
f 1604 1605 1580
f 1604 1580 1579
f 1605 1606 1581
f 1605 1581 1580
f 1606 1607 1582
f 1606 1582 1581
f 1607 1608 1583
f 1607 1583 1582
f 1608 1609 1584
f 1608 1584 1583
f 1609 1610 1585
f 1609 1585 1584
f 1610 1611 1586
f 1610 1586 1585
f 1611 1612 1587
f 1611 1587 1586
f 1612 1613 1588
f 1612 1588 1587
f 1613 1614 1589
f 1613 1589 1588
f 1614 1615 1590
f 1614 1590 1589
f 1615 1616 1591
f 1615 1591 1590
f 1616 1617 1592
f 1616 1592 1591
f 1617 1618 1593
f 1617 1593 1592
f 1618 1619 1594
f 1618 1594 1593
f 1619 1620 1595
f 1619 1595 1594
f 1620 1621 1596
f 1620 1596 1595
f 1621 1622 1597
f 1621 1597 1596
f 1622 1623 1598
f 1622 1598 1597
f 1623 1624 1599
f 1623 1599 1598
f 1624 1625 1600
f 1624 1600 1599
f 1625 1626 1601
f 1625 1601 1600
f 1627 1628 1603
f 1627 1603 1602
f 1628 1629 1604
f 1628 1604 1603
f 1629 1630 1605
f 1629 1605 1604
f 1630 1631 1606
f 1630 1606 1605
f 1631 1632 1607
f 1631 1607 1606
f 1632 1633 1608
f 1632 1608 1607
f 1633 1634 1609
f 1633 1609 1608
f 1634 1635 1610
f 1634 1610 1609
f 1635 1636 1611
f 1635 1611 1610
f 1636 1637 1612
f 1636 1612 1611
f 1637 1638 1613
f 1637 1613 1612
f 1638 1639 1614
f 1638 1614 1613
f 1639 1640 1615
f 1639 1615 1614
f 1640 1641 1616
f 1640 1616 1615
f 1641 1642 1617
f 1641 1617 1616
f 1642 1643 1618
f 1642 1618 1617
f 1643 1644 1619
f 1643 1619 1618
f 1644 1645 1620
f 1644 1620 1619
f 1645 1646 1621
f 1645 1621 1620
f 1646 1647 1622
f 1646 1622 1621
f 1647 1648 1623
f 1647 1623 1622
f 1648 1649 1624
f 1648 1624 1623
f 1649 1650 1625
f 1649 1625 1624
f 1650 1651 1626
f 1650 1626 1625
f 1652 1653 1628
f 1652 1628 1627
f 1653 1654 1629
f 1653 1629 1628
f 1654 1655 1630
f 1654 1630 1629
f 1655 1656 1631
f 1655 1631 1630
f 1656 1657 1632
f 1656 1632 1631
f 1657 1658 1633
f 1657 1633 1632
f 1658 1659 1634
f 1658 1634 1633
f 1659 1660 1635
f 1659 1635 1634
f 1660 1661 1636
f 1660 1636 1635
f 1661 1662 1637
f 1661 1637 1636
f 1662 1663 1638
f 1662 1638 1637
f 1663 1664 1639
f 1663 1639 1638
f 1664 1665 1640
f 1664 1640 1639
f 1665 1666 1641
f 1665 1641 1640
f 1666 1667 1642
f 1666 1642 1641
f 1667 1668 1643
f 1667 1643 1642
f 1668 1669 1644
f 1668 1644 1643
f 1669 1670 1645
f 1669 1645 1644
f 1670 1671 1646
f 1670 1646 1645
f 1671 1672 1647
f 1671 1647 1646
f 1672 1673 1648
f 1672 1648 1647
f 1673 1674 1649
f 1673 1649 1648
f 1674 1675 1650
f 1674 1650 1649
f 1675 1676 1651
f 1675 1651 1650
f 1677 1678 1653
f 1677 1653 1652
f 1678 1679 1654
f 1678 1654 1653
f 1679 1680 1655
f 1679 1655 1654
f 1680 1681 1656
f 1680 1656 1655
f 1681 1682 1657
f 1681 1657 1656
f 1682 1683 1658
f 1682 1658 1657
f 1683 1684 1659
f 1683 1659 1658
f 1684 1685 1660
f 1684 1660 1659
f 1685 1686 1661
f 1685 1661 1660
f 1686 1687 1662
f 1686 1662 1661
f 1687 1688 1663
f 1687 1663 1662
f 1688 1689 1664
f 1688 1664 1663
f 1689 1690 1665
f 1689 1665 1664
f 1690 1691 1666
f 1690 1666 1665
f 1691 1692 1667
f 1691 1667 1666
f 1692 1693 1668
f 1692 1668 1667
f 1693 1694 1669
f 1693 1669 1668
f 1694 1695 1670
f 1694 1670 1669
f 1695 1696 1671
f 1695 1671 1670
f 1696 1697 1672
f 1696 1672 1671
f 1697 1698 1673
f 1697 1673 1672
f 1698 1699 1674
f 1698 1674 1673
f 1699 1700 1675
f 1699 1675 1674
f 1700 1701 1676
f 1700 1676 1675
f 1702 1703 1678
f 1702 1678 1677
f 1703 1704 1679
f 1703 1679 1678
f 1704 1705 1680
f 1704 1680 1679
f 1705 1706 1681
f 1705 1681 1680
f 1706 1707 1682
f 1706 1682 1681
f 1707 1708 1683
f 1707 1683 1682
f 1708 1709 1684
f 1708 1684 1683
f 1709 1710 1685
f 1709 1685 1684
f 1710 1711 1686
f 1710 1686 1685
f 1711 1712 1687
f 1711 1687 1686
f 1712 1713 1688
f 1712 1688 1687
f 1713 1714 1689
f 1713 1689 1688
f 1714 1715 1690
f 1714 1690 1689
f 1715 1716 1691
f 1715 1691 1690
f 1716 1717 1692
f 1716 1692 1691
f 1717 1718 1693
f 1717 1693 1692
f 1718 1719 1694
f 1718 1694 1693
f 1719 1720 1695
f 1719 1695 1694
f 1720 1721 1696
f 1720 1696 1695
f 1721 1722 1697
f 1721 1697 1696
f 1722 1723 1698
f 1722 1698 1697
f 1723 1724 1699
f 1723 1699 1698
f 1724 1725 1700
f 1724 1700 1699
f 1725 1726 1701
f 1725 1701 1700
f 1728 1753 1752
f 1728 1752 1727
f 1729 1754 1753
f 1729 1753 1728
f 1730 1755 1754
f 1730 1754 1729
f 1731 1756 1755
f 1731 1755 1730
f 1732 1757 1756
f 1732 1756 1731
f 1733 1758 1757
f 1733 1757 1732
f 1734 1759 1758
f 1734 1758 1733
f 1735 1760 1759
f 1735 1759 1734
f 1736 1761 1760
f 1736 1760 1735
f 1737 1762 1761
f 1737 1761 1736
f 1738 1763 1762
f 1738 1762 1737
f 1739 1764 1763
f 1739 1763 1738
f 1740 1765 1764
f 1740 1764 1739
f 1741 1766 1765
f 1741 1765 1740
f 1742 1767 1766
f 1742 1766 1741
f 1743 1768 1767
f 1743 1767 1742
f 1744 1769 1768
f 1744 1768 1743
f 1745 1770 1769
f 1745 1769 1744
f 1746 1771 1770
f 1746 1770 1745
f 1747 1772 1771
f 1747 1771 1746
f 1748 1773 1772
f 1748 1772 1747
f 1749 1774 1773
f 1749 1773 1748
f 1750 1775 1774
f 1750 1774 1749
f 1751 1776 1775
f 1751 1775 1750
f 1753 1778 1777
f 1753 1777 1752
f 1754 1779 1778
f 1754 1778 1753
f 1755 1780 1779
f 1755 1779 1754
f 1756 1781 1780
f 1756 1780 1755
f 1757 1782 1781
f 1757 1781 1756
f 1758 1783 1782
f 1758 1782 1757
f 1759 1784 1783
f 1759 1783 1758
f 1759 1784 1785
f 1759 1785 1760
f 1760 1785 1786
f 1760 1786 1761
f 1761 1786 1787
f 1761 1787 1762
f 1762 1787 1788
f 1762 1788 1763
f 1763 1788 1789
f 1763 1789 1764
f 1764 1789 1790
f 1764 1790 1765
f 1765 1790 1791
f 1765 1791 1766
f 1766 1791 1792
f 1766 1792 1767
f 1767 1792 1793
f 1767 1793 1768
f 1768 1793 1794
f 1768 1794 1769
f 1769 1794 1795
f 1769 1795 1770
f 1770 1795 1796
f 1770 1796 1771
f 1772 1797 1796
f 1772 1796 1771
f 1773 1798 1797
f 1773 1797 1772
f 1774 1799 1798
f 1774 1798 1773
f 1775 1800 1799
f 1775 1799 1774
f 1776 1801 1800
f 1776 1800 1775
f 1778 1803 1802
f 1778 1802 1777
f 1779 1804 1803
f 1779 1803 1778
f 1779 1804 1805
f 1779 1805 1780
f 1780 1805 1806
f 1780 1806 1781
f 1781 1806 1807
f 1781 1807 1782
f 1782 1807 1808
f 1782 1808 1783
f 1783 1808 1809
f 1783 1809 1784
f 1784 1809 1810
f 1784 1810 1785
f 1785 1810 1811
f 1785 1811 1786
f 1786 1811 1812
f 1786 1812 1787
f 1787 1812 1813
f 1787 1813 1788
f 1788 1813 1814
f 1788 1814 1789
f 1789 1814 1815
f 1789 1815 1790
f 1790 1815 1816
f 1790 1816 1791
f 1791 1816 1817
f 1791 1817 1792
f 1792 1817 1818
f 1792 1818 1793
f 1793 1818 1819
f 1793 1819 1794
f 1794 1819 1820
f 1794 1820 1795
f 1795 1820 1821
f 1795 1821 1796
f 1796 1821 1822
f 1796 1822 1797
f 1797 1822 1823
f 1797 1823 1798
f 1798 1823 1824
f 1798 1824 1799
f 1799 1824 1825
f 1799 1825 1800
f 1801 1826 1825
f 1801 1825 1800
f 1802 1827 1828
f 1802 1828 1803
f 1803 1828 1829
f 1803 1829 1804
f 1804 1829 1830
f 1804 1830 1805
f 1805 1830 1831
f 1805 1831 1806
f 1806 1831 1832
f 1806 1832 1807
f 1807 1832 1833
f 1807 1833 1808
f 1808 1833 1834
f 1808 1834 1809
f 1809 1834 1835
f 1809 1835 1810
f 1810 1835 1836
f 1810 1836 1811
f 1811 1836 1837
f 1811 1837 1812
f 1812 1837 1838
f 1812 1838 1813
f 1813 1838 1839
f 1813 1839 1814
f 1814 1839 1840
f 1814 1840 1815
f 1815 1840 1841
f 1815 1841 1816
f 1816 1841 1842
f 1816 1842 1817
f 1817 1842 1843
f 1817 1843 1818
f 1818 1843 1844
f 1818 1844 1819
f 1819 1844 1845
f 1819 1845 1820
f 1820 1845 1846
f 1820 1846 1821
f 1821 1846 1847
f 1821 1847 1822
f 1822 1847 1848
f 1822 1848 1823
f 1823 1848 1849
f 1823 1849 1824
f 1824 1849 1850
f 1824 1850 1825
f 1825 1850 1851
f 1825 1851 1826
f 1827 1852 1853
f 1827 1853 1828
f 1828 1853 1854
f 1828 1854 1829
f 1829 1854 1855
f 1829 1855 1830
f 1830 1855 1856
f 1830 1856 1831
f 1831 1856 1857
f 1831 1857 1832
f 1832 1857 1858
f 1832 1858 1833
f 1833 1858 1859
f 1833 1859 1834
f 1834 1859 1860
f 1834 1860 1835
f 1835 1860 1861
f 1835 1861 1836
f 1836 1861 1862
f 1836 1862 1837
f 1837 1862 1863
f 1837 1863 1838
f 1838 1863 1864
f 1838 1864 1839
f 1839 1864 1865
f 1839 1865 1840
f 1840 1865 1866
f 1840 1866 1841
f 1841 1866 1867
f 1841 1867 1842
f 1842 1867 1868
f 1842 1868 1843
f 1843 1868 1869
f 1843 1869 1844
f 1844 1869 1870
f 1844 1870 1845
f 1845 1870 1871
f 1845 1871 1846
f 1846 1871 1872
f 1846 1872 1847
f 1847 1872 1873
f 1847 1873 1848
f 1848 1873 1874
f 1848 1874 1849
f 1849 1874 1875
f 1849 1875 1850
f 1850 1875 1876
f 1850 1876 1851
f 1852 1877 1878
f 1852 1878 1853
f 1853 1878 1879
f 1853 1879 1854
f 1854 1879 1880
f 1854 1880 1855
f 1855 1880 1881
f 1855 1881 1856
f 1856 1881 1882
f 1856 1882 1857
f 1857 1882 1883
f 1857 1883 1858
f 1858 1883 1884
f 1858 1884 1859
f 1859 1884 1885
f 1859 1885 1860
f 1860 1885 1886
f 1860 1886 1861
f 1861 1886 1887
f 1861 1887 1862
f 1862 1887 1888
f 1862 1888 1863
f 1863 1888 1889
f 1863 1889 1864
f 1864 1889 1890
f 1864 1890 1865
f 1865 1890 1891
f 1865 1891 1866
f 1866 1891 1892
f 1866 1892 1867
f 1867 1892 1893
f 1867 1893 1868
f 1868 1893 1894
f 1868 1894 1869
f 1869 1894 1895
f 1869 1895 1870
f 1870 1895 1896
f 1870 1896 1871
f 1871 1896 1897
f 1871 1897 1872
f 1872 1897 1898
f 1872 1898 1873
f 1873 1898 1899
f 1873 1899 1874
f 1874 1899 1900
f 1874 1900 1875
f 1875 1900 1901
f 1875 1901 1876
f 1877 1902 1903
f 1877 1903 1878
f 1878 1903 1904
f 1878 1904 1879
f 1879 1904 1905
f 1879 1905 1880
f 1880 1905 1906
f 1880 1906 1881
f 1881 1906 1907
f 1881 1907 1882
f 1882 1907 1908
f 1882 1908 1883
f 1883 1908 1909
f 1883 1909 1884
f 1884 1909 1910
f 1884 1910 1885
f 1885 1910 1911
f 1885 1911 1886
f 1886 1911 1912
f 1886 1912 1887
f 1887 1912 1913
f 1887 1913 1888
f 1888 1913 1914
f 1888 1914 1889
f 1889 1914 1915
f 1889 1915 1890
f 1890 1915 1916
f 1890 1916 1891
f 1891 1916 1917
f 1891 1917 1892
f 1892 1917 1918
f 1892 1918 1893
f 1893 1918 1919
f 1893 1919 1894
f 1894 1919 1920
f 1894 1920 1895
f 1895 1920 1921
f 1895 1921 1896
f 1896 1921 1922
f 1896 1922 1897
f 1897 1922 1923
f 1897 1923 1898
f 1898 1923 1924
f 1898 1924 1899
f 1899 1924 1925
f 1899 1925 1900
f 1900 1925 1926
f 1900 1926 1901
f 1902 1927 1928
f 1902 1928 1903
f 1903 1928 1929
f 1903 1929 1904
f 1904 1929 1930
f 1904 1930 1905
f 1905 1930 1931
f 1905 1931 1906
f 1906 1931 1932
f 1906 1932 1907
f 1907 1932 1933
f 1907 1933 1908
f 1908 1933 1934
f 1908 1934 1909
f 1909 1934 1935
f 1909 1935 1910
f 1910 1935 1936
f 1910 1936 1911
f 1911 1936 1937
f 1911 1937 1912
f 1912 1937 1938
f 1912 1938 1913
f 1913 1938 1939
f 1913 1939 1914
f 1914 1939 1940
f 1914 1940 1915
f 1915 1940 1941
f 1915 1941 1916
f 1916 1941 1942
f 1916 1942 1917
f 1917 1942 1943
f 1917 1943 1918
f 1918 1943 1944
f 1918 1944 1919
f 1919 1944 1945
f 1919 1945 1920
f 1920 1945 1946
f 1920 1946 1921
f 1921 1946 1947
f 1921 1947 1922
f 1922 1947 1948
f 1922 1948 1923
f 1923 1948 1949
f 1923 1949 1924
f 1924 1949 1950
f 1924 1950 1925
f 1925 1950 1951
f 1925 1951 1926
f 1927 1952 1953
f 1927 1953 1928
f 1928 1953 1954
f 1928 1954 1929
f 1929 1954 1955
f 1929 1955 1930
f 1930 1955 1956
f 1930 1956 1931
f 1931 1956 1957
f 1931 1957 1932
f 1932 1957 1958
f 1932 1958 1933
f 1933 1958 1959
f 1933 1959 1934
f 1934 1959 1960
f 1934 1960 1935
f 1935 1960 1961
f 1935 1961 1936
f 1936 1961 1962
f 1936 1962 1937
f 1937 1962 1963
f 1937 1963 1938
f 1938 1963 1964
f 1938 1964 1939
f 1939 1964 1965
f 1939 1965 1940
f 1940 1965 1966
f 1940 1966 1941
f 1941 1966 1967
f 1941 1967 1942
f 1942 1967 1968
f 1942 1968 1943
f 1943 1968 1969
f 1943 1969 1944
f 1944 1969 1970
f 1944 1970 1945
f 1945 1970 1971
f 1945 1971 1946
f 1946 1971 1972
f 1946 1972 1947
f 1947 1972 1973
f 1947 1973 1948
f 1948 1973 1974
f 1948 1974 1949
f 1949 1974 1975
f 1949 1975 1950
f 1950 1975 1976
f 1950 1976 1951
f 1952 1977 1978
f 1952 1978 1953
f 1953 1978 1979
f 1953 1979 1954
f 1954 1979 1980
f 1954 1980 1955
f 1955 1980 1981
f 1955 1981 1956
f 1956 1981 1982
f 1956 1982 1957
f 1957 1982 1983
f 1957 1983 1958
f 1958 1983 1984
f 1958 1984 1959
f 1959 1984 1985
f 1959 1985 1960
f 1960 1985 1986
f 1960 1986 1961
f 1961 1986 1987
f 1961 1987 1962
f 1962 1987 1988
f 1962 1988 1963
f 1963 1988 1989
f 1963 1989 1964
f 1964 1989 1990
f 1964 1990 1965
f 1965 1990 1991
f 1965 1991 1966
f 1966 1991 1992
f 1966 1992 1967
f 1967 1992 1993
f 1967 1993 1968
f 1968 1993 1994
f 1968 1994 1969
f 1969 1994 1995
f 1969 1995 1970
f 1970 1995 1996
f 1970 1996 1971
f 1971 1996 1997
f 1971 1997 1972
f 1972 1997 1998
f 1972 1998 1973
f 1973 1998 1999
f 1973 1999 1974
f 1974 1999 2000
f 1974 2000 1975
f 1975 2000 2001
f 1975 2001 1976
f 1977 2002 2003
f 1977 2003 1978
f 1978 2003 2004
f 1978 2004 1979
f 1979 2004 2005
f 1979 2005 1980
f 1980 2005 2006
f 1980 2006 1981
f 1981 2006 2007
f 1981 2007 1982
f 1982 2007 2008
f 1982 2008 1983
f 1983 2008 2009
f 1983 2009 1984
f 1984 2009 2010
f 1984 2010 1985
f 1985 2010 2011
f 1985 2011 1986
f 1986 2011 2012
f 1986 2012 1987
f 1987 2012 2013
f 1987 2013 1988
f 1988 2013 2014
f 1988 2014 1989
f 1989 2014 2015
f 1989 2015 1990
f 1990 2015 2016
f 1990 2016 1991
f 1991 2016 2017
f 1991 2017 1992
f 1992 2017 2018
f 1992 2018 1993
f 1993 2018 2019
f 1993 2019 1994
f 1994 2019 2020
f 1994 2020 1995
f 1995 2020 2021
f 1995 2021 1996
f 1996 2021 2022
f 1996 2022 1997
f 1997 2022 2023
f 1997 2023 1998
f 1998 2023 2024
f 1998 2024 1999
f 1999 2024 2025
f 1999 2025 2000
f 2000 2025 2026
f 2000 2026 2001
f 2002 2027 2028
f 2002 2028 2003
f 2003 2028 2029
f 2003 2029 2004
f 2004 2029 2030
f 2004 2030 2005
f 2005 2030 2031
f 2005 2031 2006
f 2006 2031 2032
f 2006 2032 2007
f 2007 2032 2033
f 2007 2033 2008
f 2008 2033 2034
f 2008 2034 2009
f 2009 2034 2035
f 2009 2035 2010
f 2010 2035 2036
f 2010 2036 2011
f 2011 2036 2037
f 2011 2037 2012
f 2012 2037 2038
f 2012 2038 2013
f 2013 2038 2039
f 2013 2039 2014
f 2014 2039 2040
f 2014 2040 2015
f 2015 2040 2041
f 2015 2041 2016
f 2016 2041 2042
f 2016 2042 2017
f 2017 2042 2043
f 2017 2043 2018
f 2018 2043 2044
f 2018 2044 2019
f 2019 2044 2045
f 2019 2045 2020
f 2020 2045 2046
f 2020 2046 2021
f 2021 2046 2047
f 2021 2047 2022
f 2022 2047 2048
f 2022 2048 2023
f 2023 2048 2049
f 2023 2049 2024
f 2024 2049 2050
f 2024 2050 2025
f 2025 2050 2051
f 2025 2051 2026
f 2027 2052 2053
f 2027 2053 2028
f 2028 2053 2054
f 2028 2054 2029
f 2029 2054 2055
f 2029 2055 2030
f 2030 2055 2056
f 2030 2056 2031
f 2031 2056 2057
f 2031 2057 2032
f 2032 2057 2058
f 2032 2058 2033
f 2033 2058 2059
f 2033 2059 2034
f 2034 2059 2060
f 2034 2060 2035
f 2035 2060 2061
f 2035 2061 2036
f 2036 2061 2062
f 2036 2062 2037
f 2037 2062 2063
f 2037 2063 2038
f 2038 2063 2064
f 2038 2064 2039
f 2039 2064 2065
f 2039 2065 2040
f 2040 2065 2066
f 2040 2066 2041
f 2041 2066 2067
f 2041 2067 2042
f 2042 2067 2068
f 2042 2068 2043
f 2043 2068 2069
f 2043 2069 2044
f 2044 2069 2070
f 2044 2070 2045
f 2045 2070 2071
f 2045 2071 2046
f 2046 2071 2072
f 2046 2072 2047
f 2047 2072 2073
f 2047 2073 2048
f 2048 2073 2074
f 2048 2074 2049
f 2049 2074 2075
f 2049 2075 2050
f 2050 2075 2076
f 2050 2076 2051
f 2052 2077 2078
f 2052 2078 2053
f 2053 2078 2079
f 2053 2079 2054
f 2054 2079 2080
f 2054 2080 2055
f 2055 2080 2081
f 2055 2081 2056
f 2056 2081 2082
f 2056 2082 2057
f 2057 2082 2083
f 2057 2083 2058
f 2058 2083 2084
f 2058 2084 2059
f 2059 2084 2085
f 2059 2085 2060
f 2060 2085 2086
f 2060 2086 2061
f 2061 2086 2087
f 2061 2087 2062
f 2062 2087 2088
f 2062 2088 2063
f 2063 2088 2089
f 2063 2089 2064
f 2064 2089 2090
f 2064 2090 2065
f 2065 2090 2091
f 2065 2091 2066
f 2066 2091 2092
f 2066 2092 2067
f 2067 2092 2093
f 2067 2093 2068
f 2068 2093 2094
f 2068 2094 2069
f 2069 2094 2095
f 2069 2095 2070
f 2070 2095 2096
f 2070 2096 2071
f 2071 2096 2097
f 2071 2097 2072
f 2072 2097 2098
f 2072 2098 2073
f 2073 2098 2099
f 2073 2099 2074
f 2074 2099 2100
f 2074 2100 2075
f 2075 2100 2101
f 2075 2101 2076
f 2077 2102 2103
f 2077 2103 2078
f 2078 2103 2104
f 2078 2104 2079
f 2079 2104 2105
f 2079 2105 2080
f 2080 2105 2106
f 2080 2106 2081
f 2081 2106 2107
f 2081 2107 2082
f 2082 2107 2108
f 2082 2108 2083
f 2083 2108 2109
f 2083 2109 2084
f 2084 2109 2110
f 2084 2110 2085
f 2085 2110 2111
f 2085 2111 2086
f 2086 2111 2112
f 2086 2112 2087
f 2087 2112 2113
f 2087 2113 2088
f 2088 2113 2114
f 2088 2114 2089
f 2089 2114 2115
f 2089 2115 2090
f 2090 2115 2116
f 2090 2116 2091
f 2091 2116 2117
f 2091 2117 2092
f 2092 2117 2118
f 2092 2118 2093
f 2093 2118 2119
f 2093 2119 2094
f 2094 2119 2120
f 2094 2120 2095
f 2095 2120 2121
f 2095 2121 2096
f 2096 2121 2122
f 2096 2122 2097
f 2097 2122 2123
f 2097 2123 2098
f 2098 2123 2124
f 2098 2124 2099
f 2099 2124 2125
f 2099 2125 2100
f 2100 2125 2126
f 2100 2126 2101
f 2103 2128 2127
f 2103 2127 2102
f 2104 2129 2128
f 2104 2128 2103
f 2104 2129 2130
f 2104 2130 2105
f 2105 2130 2131
f 2105 2131 2106
f 2106 2131 2132
f 2106 2132 2107
f 2107 2132 2133
f 2107 2133 2108
f 2108 2133 2134
f 2108 2134 2109
f 2109 2134 2135
f 2109 2135 2110
f 2110 2135 2136
f 2110 2136 2111
f 2111 2136 2137
f 2111 2137 2112
f 2112 2137 2138
f 2112 2138 2113
f 2113 2138 2139
f 2113 2139 2114
f 2114 2139 2140
f 2114 2140 2115
f 2115 2140 2141
f 2115 2141 2116
f 2116 2141 2142
f 2116 2142 2117
f 2117 2142 2143
f 2117 2143 2118
f 2118 2143 2144
f 2118 2144 2119
f 2119 2144 2145
f 2119 2145 2120
f 2120 2145 2146
f 2120 2146 2121
f 2121 2146 2147
f 2121 2147 2122
f 2122 2147 2148
f 2122 2148 2123
f 2123 2148 2149
f 2123 2149 2124
f 2124 2149 2150
f 2124 2150 2125
f 2126 2151 2150
f 2126 2150 2125
f 2128 2153 2152
f 2128 2152 2127
f 2129 2154 2153
f 2129 2153 2128
f 2130 2155 2154
f 2130 2154 2129
f 2131 2156 2155
f 2131 2155 2130
f 2131 2156 2157
f 2131 2157 2132
f 2132 2157 2158
f 2132 2158 2133
f 2133 2158 2159
f 2133 2159 2134
f 2134 2159 2160
f 2134 2160 2135
f 2135 2160 2161
f 2135 2161 2136
f 2136 2161 2162
f 2136 2162 2137
f 2137 2162 2163
f 2137 2163 2138
f 2138 2163 2164
f 2138 2164 2139
f 2139 2164 2165
f 2139 2165 2140
f 2140 2165 2166
f 2140 2166 2141
f 2141 2166 2167
f 2141 2167 2142
f 2142 2167 2168
f 2142 2168 2143
f 2143 2168 2169
f 2143 2169 2144
f 2144 2169 2170
f 2144 2170 2145
f 2145 2170 2171
f 2145 2171 2146
f 2146 2171 2172
f 2146 2172 2147
f 2147 2172 2173
f 2147 2173 2148
f 2149 2174 2173
f 2149 2173 2148
f 2150 2175 2174
f 2150 2174 2149
f 2151 2176 2175
f 2151 2175 2150
f 2153 2178 2177
f 2153 2177 2152
f 2154 2179 2178
f 2154 2178 2153
f 2155 2180 2179
f 2155 2179 2154
f 2156 2181 2180
f 2156 2180 2155
f 2157 2182 2181
f 2157 2181 2156
f 2158 2183 2182
f 2158 2182 2157
f 2159 2184 2183
f 2159 2183 2158
f 2159 2184 2185
f 2159 2185 2160
f 2160 2185 2186
f 2160 2186 2161
f 2161 2186 2187
f 2161 2187 2162
f 2162 2187 2188
f 2162 2188 2163
f 2163 2188 2189
f 2163 2189 2164
f 2164 2189 2190
f 2164 2190 2165
f 2165 2190 2191
f 2165 2191 2166
f 2166 2191 2192
f 2166 2192 2167
f 2167 2192 2193
f 2167 2193 2168
f 2168 2193 2194
f 2168 2194 2169
f 2169 2194 2195
f 2169 2195 2170
f 2171 2196 2195
f 2171 2195 2170
f 2172 2197 2196
f 2172 2196 2171
f 2173 2198 2197
f 2173 2197 2172
f 2174 2199 2198
f 2174 2198 2173
f 2175 2200 2199
f 2175 2199 2174
f 2176 2201 2200
f 2176 2200 2175
f 2178 2203 2202
f 2178 2202 2177
f 2179 2204 2203
f 2179 2203 2178
f 2180 2205 2204
f 2180 2204 2179
f 2181 2206 2205
f 2181 2205 2180
f 2182 2207 2206
f 2182 2206 2181
f 2183 2208 2207
f 2183 2207 2182
f 2184 2209 2208
f 2184 2208 2183
f 2185 2210 2209
f 2185 2209 2184
f 2186 2211 2210
f 2186 2210 2185
f 2187 2212 2211
f 2187 2211 2186
f 2188 2213 2212
f 2188 2212 2187
f 2189 2214 2213
f 2189 2213 2188
f 2190 2215 2214
f 2190 2214 2189
f 2191 2216 2215
f 2191 2215 2190
f 2192 2217 2216
f 2192 2216 2191
f 2193 2218 2217
f 2193 2217 2192
f 2194 2219 2218
f 2194 2218 2193
f 2195 2220 2219
f 2195 2219 2194
f 2196 2221 2220
f 2196 2220 2195
f 2197 2222 2221
f 2197 2221 2196
f 2198 2223 2222
f 2198 2222 2197
f 2199 2224 2223
f 2199 2223 2198
f 2200 2225 2224
f 2200 2224 2199
f 2201 2226 2225
f 2201 2225 2200
f 1727 1752 1252
f 1727 1252 1227
f 1276 1776 1751
f 1276 1751 1251
f 1752 1777 1277
f 1752 1277 1252
f 1301 1801 1776
f 1301 1776 1276
f 1777 1802 1302
f 1777 1302 1277
f 1326 1826 1801
f 1326 1801 1301
f 1802 1827 1327
f 1802 1327 1302
f 1351 1851 1826
f 1351 1826 1326
f 1827 1852 1352
f 1827 1352 1327
f 1376 1876 1851
f 1376 1851 1351
f 1852 1877 1377
f 1852 1377 1352
f 1401 1901 1876
f 1401 1876 1376
f 1877 1902 1402
f 1877 1402 1377
f 1426 1926 1901
f 1426 1901 1401
f 1902 1927 1427
f 1902 1427 1402
f 1451 1951 1926
f 1451 1926 1426
f 1927 1952 1452
f 1927 1452 1427
f 1476 1976 1951
f 1476 1951 1451
f 1952 1977 1477
f 1952 1477 1452
f 1501 2001 1976
f 1501 1976 1476
f 1977 2002 1502
f 1977 1502 1477
f 1526 2026 2001
f 1526 2001 1501
f 2002 2027 1527
f 2002 1527 1502
f 1551 2051 2026
f 1551 2026 1526
f 2027 2052 1552
f 2027 1552 1527
f 1576 2076 2051
f 1576 2051 1551
f 2052 2077 1577
f 2052 1577 1552
f 1601 2101 2076
f 1601 2076 1576
f 2077 2102 1602
f 2077 1602 1577
f 1626 2126 2101
f 1626 2101 1601
f 2102 2127 1627
f 2102 1627 1602
f 1651 2151 2126
f 1651 2126 1626
f 2127 2152 1652
f 2127 1652 1627
f 1676 2176 2151
f 1676 2151 1651
f 2152 2177 1677
f 2152 1677 1652
f 1701 2201 2176
f 1701 2176 1676
f 2177 2202 1702
f 2177 1702 1677
f 1726 2226 2201
f 1726 2201 1701
f 1228 1728 1727
f 1228 1727 1227
f 2202 2203 1703
f 2202 1703 1702
f 1229 1729 1728
f 1229 1728 1228
f 2203 2204 1704
f 2203 1704 1703
f 1230 1730 1729
f 1230 1729 1229
f 2204 2205 1705
f 2204 1705 1704
f 1231 1731 1730
f 1231 1730 1230
f 2205 2206 1706
f 2205 1706 1705
f 1232 1732 1731
f 1232 1731 1231
f 2206 2207 1707
f 2206 1707 1706
f 1233 1733 1732
f 1233 1732 1232
f 2207 2208 1708
f 2207 1708 1707
f 1234 1734 1733
f 1234 1733 1233
f 2208 2209 1709
f 2208 1709 1708
f 1235 1735 1734
f 1235 1734 1234
f 2209 2210 1710
f 2209 1710 1709
f 1236 1736 1735
f 1236 1735 1235
f 2210 2211 1711
f 2210 1711 1710
f 1237 1737 1736
f 1237 1736 1236
f 2211 2212 1712
f 2211 1712 1711
f 1238 1738 1737
f 1238 1737 1237
f 2212 2213 1713
f 2212 1713 1712
f 1239 1739 1738
f 1239 1738 1238
f 2213 2214 1714
f 2213 1714 1713
f 1240 1740 1739
f 1240 1739 1239
f 2214 2215 1715
f 2214 1715 1714
f 1241 1741 1740
f 1241 1740 1240
f 2215 2216 1716
f 2215 1716 1715
f 1242 1742 1741
f 1242 1741 1241
f 2216 2217 1717
f 2216 1717 1716
f 1243 1743 1742
f 1243 1742 1242
f 2217 2218 1718
f 2217 1718 1717
f 1244 1744 1743
f 1244 1743 1243
f 2218 2219 1719
f 2218 1719 1718
f 1245 1745 1744
f 1245 1744 1244
f 2219 2220 1720
f 2219 1720 1719
f 1246 1746 1745
f 1246 1745 1245
f 2220 2221 1721
f 2220 1721 1720
f 1247 1747 1746
f 1247 1746 1246
f 2221 2222 1722
f 2221 1722 1721
f 1248 1748 1747
f 1248 1747 1247
f 2222 2223 1723
f 2222 1723 1722
f 1249 1749 1748
f 1249 1748 1248
f 2223 2224 1724
f 2223 1724 1723
f 1250 1750 1749
f 1250 1749 1249
f 2224 2225 1725
f 2224 1725 1724
f 1251 1751 1750
f 1251 1750 1250
f 2225 2226 1726
f 2225 1726 1725
o fauld_front_0
v 0.969948 -0.150000 0.403200
v 0.883346 0.020000 0.367200
v 0.917450 -0.150000 0.462532
v 0.835535 0.020000 0.421235
v 0.857970 -0.150000 0.518344
v 0.781365 0.020000 0.472063
v 0.791960 -0.150000 0.570211
v 0.721249 0.020000 0.519299
v 0.719922 -0.150000 0.617738
v 0.655643 0.020000 0.562583
v 0.642406 -0.150000 0.660564
v 0.585048 0.020000 0.601585
v 0.560000 -0.150000 0.698363
v 0.510000 0.020000 0.636009
v 0.473332 -0.150000 0.730847
v 0.431071 0.020000 0.665592
v 0.383063 -0.150000 0.757768
v 0.348861 0.020000 0.690110
v 0.289877 -0.150000 0.778923
v 0.263995 0.020000 0.709376
v 0.194486 -0.150000 0.794149
v 0.177121 0.020000 0.723243
v 0.097614 -0.150000 0.803331
v 0.088899 0.020000 0.731605
v 0.000000 -0.150000 0.806400
v 0.000000 0.020000 0.734400
v -0.097614 -0.150000 0.803331
v -0.088899 0.020000 0.731605
v -0.194486 -0.150000 0.794149
v -0.177121 0.020000 0.723243
v -0.289877 -0.150000 0.778923
v -0.263995 0.020000 0.709376
v -0.383063 -0.150000 0.757768
v -0.348861 0.020000 0.690110
v -0.473332 -0.150000 0.730847
v -0.431071 0.020000 0.665592
v -0.560000 -0.150000 0.698363
v -0.510000 0.020000 0.636009
v -0.642406 -0.150000 0.660564
v -0.585048 0.020000 0.601585
v -0.719922 -0.150000 0.617738
v -0.655643 0.020000 0.562583
v -0.791960 -0.150000 0.570211
v -0.721249 0.020000 0.519299
v -0.857970 -0.150000 0.518344
v -0.781365 0.020000 0.472063
v -0.917450 -0.150000 0.462532
v -0.835535 0.020000 0.421235
v -0.969948 -0.150000 0.403200
v -0.883346 0.020000 0.367200
vn 0.663952 0.462642 0.587478
vn 0.663952 0.462642 0.587478
vn 0.628694 0.455970 0.629949
vn 0.646580 0.459485 0.608941
vn 0.573357 0.445546 0.687569
vn 0.592059 0.448983 0.669238
vn 0.516185 0.435558 0.737456
vn 0.535401 0.438819 0.721654
vn 0.457937 0.426257 0.780127
vn 0.477438 0.429265 0.766671
vn 0.399165 0.417826 0.816143
vn 0.418789 0.420527 0.804843
vn 0.340244 0.410394 0.846056
vn 0.359884 0.412751 0.836732
vn 0.281408 0.404050 0.870375
vn 0.301000 0.406037 0.862863
vn 0.222780 0.398848 0.889544
vn 0.242294 0.400450 0.883704
vn 0.164400 0.394825 0.903928
vn 0.183831 0.396031 0.899647
vn 0.106246 0.391998 0.913810
vn 0.125606 0.392805 0.911003
vn 0.048259 0.390380 0.919388
vn 0.067572 0.390784 0.917999
vn -0.009648 0.389975 0.920775
vn 0.009648 0.389975 0.920775
vn -0.067572 0.390784 0.917999
vn -0.048259 0.390380 0.919388
vn -0.125606 0.392805 0.911003
vn -0.106246 0.391998 0.913810
vn -0.183831 0.396031 0.899647
vn -0.164400 0.394825 0.903928
vn -0.242294 0.400450 0.883704
vn -0.222780 0.398848 0.889544
vn -0.301000 0.406037 0.862863
vn -0.281408 0.404050 0.870375
vn -0.359884 0.412751 0.836732
vn -0.340244 0.410394 0.846056
vn -0.418789 0.420527 0.804843
vn -0.399165 0.417826 0.816143
vn -0.477438 0.429265 0.766671
vn -0.457937 0.426257 0.780127
vn -0.535401 0.438819 0.721654
vn -0.516185 0.435558 0.737456
vn -0.592059 0.448983 0.669238
vn -0.573357 0.445546 0.687569
vn -0.646580 0.459485 0.608941
vn -0.628694 0.455970 0.629949
vn -0.663952 0.462642 0.587478
vn -0.663952 0.462642 0.587478
usemtl lacquer_black
f 2227 2228 2230
f 2227 2230 2229
f 2229 2230 2232
f 2229 2232 2231
f 2231 2232 2234
f 2231 2234 2233
f 2233 2234 2236
f 2233 2236 2235
f 2235 2236 2238
f 2235 2238 2237
f 2237 2238 2240
f 2237 2240 2239
f 2239 2240 2242
f 2239 2242 2241
f 2241 2242 2244
f 2241 2244 2243
f 2243 2244 2246
f 2243 2246 2245
f 2245 2246 2248
f 2245 2248 2247
f 2247 2248 2250
f 2247 2250 2249
f 2249 2250 2252
f 2249 2252 2251
f 2251 2252 2254
f 2251 2254 2253
f 2253 2254 2256
f 2253 2256 2255
f 2255 2256 2258
f 2255 2258 2257
f 2257 2258 2260
f 2257 2260 2259
f 2259 2260 2262
f 2259 2262 2261
f 2261 2262 2264
f 2261 2264 2263
f 2263 2264 2266
f 2263 2266 2265
f 2265 2266 2268
f 2265 2268 2267
f 2267 2268 2270
f 2267 2270 2269
f 2269 2270 2272
f 2269 2272 2271
f 2271 2272 2274
f 2271 2274 2273
f 2273 2274 2276
f 2273 2276 2275
o fauld_front_1
v 1.056551 -0.350000 0.439200
v 0.969948 -0.180000 0.403200
v 0.999365 -0.350000 0.503830
v 0.917450 -0.180000 0.462532
v 0.934574 -0.350000 0.564625
v 0.857970 -0.180000 0.518344
v 0.862670 -0.350000 0.621123
v 0.791960 -0.180000 0.570211
v 0.784201 -0.350000 0.672893
v 0.719922 -0.180000 0.617738
v 0.699763 -0.350000 0.719543
v 0.642406 -0.180000 0.660564
v 0.610000 -0.350000 0.760717
v 0.560000 -0.180000 0.698363
v 0.515594 -0.350000 0.796101
v 0.473332 -0.180000 0.730847
v 0.417265 -0.350000 0.825426
v 0.383063 -0.180000 0.757768
v 0.315759 -0.350000 0.848469
v 0.289877 -0.180000 0.778923
v 0.211851 -0.350000 0.865055
v 0.194486 -0.180000 0.794149
v 0.106330 -0.350000 0.875057
v 0.097614 -0.180000 0.803331
v 0.000000 -0.350000 0.878400
v 0.000000 -0.180000 0.806400
v -0.106330 -0.350000 0.875057
v -0.097614 -0.180000 0.803331
v -0.211851 -0.350000 0.865055
v -0.194486 -0.180000 0.794149
v -0.315759 -0.350000 0.848469
v -0.289877 -0.180000 0.778923
v -0.417265 -0.350000 0.825426
v -0.383063 -0.180000 0.757768
v -0.515594 -0.350000 0.796101
v -0.473332 -0.180000 0.730847
v -0.610000 -0.350000 0.760717
v -0.560000 -0.180000 0.698363
v -0.699763 -0.350000 0.719543
v -0.642406 -0.180000 0.660564
v -0.784201 -0.350000 0.672893
v -0.719922 -0.180000 0.617738
v -0.862670 -0.350000 0.621123
v -0.791960 -0.180000 0.570211
v -0.934574 -0.350000 0.564625
v -0.857970 -0.180000 0.518344
v -0.999365 -0.350000 0.503830
v -0.917450 -0.180000 0.462532
v -1.056551 -0.350000 0.439200
v -0.969948 -0.180000 0.403200
vn 0.663952 0.462642 0.587478
vn 0.663952 0.462642 0.587478
vn 0.628694 0.455970 0.629949
vn 0.646580 0.459485 0.608941
vn 0.573357 0.445546 0.687569
vn 0.592059 0.448983 0.669238
vn 0.516185 0.435558 0.737456
vn 0.535401 0.438819 0.721654
vn 0.457937 0.426257 0.780127
vn 0.477438 0.429265 0.766671
vn 0.399165 0.417826 0.816143
vn 0.418789 0.420527 0.804843
vn 0.340244 0.410394 0.846056
vn 0.359884 0.412751 0.836732
vn 0.281408 0.404050 0.870375
vn 0.301000 0.406037 0.862863
vn 0.222780 0.398848 0.889544
vn 0.242294 0.400450 0.883704
vn 0.164400 0.394825 0.903928
vn 0.183831 0.396031 0.899647
vn 0.106246 0.391998 0.913810
vn 0.125606 0.392805 0.911003
vn 0.048259 0.390380 0.919388
vn 0.067572 0.390784 0.917999
vn -0.009648 0.389975 0.920775
vn 0.009648 0.389975 0.920775
vn -0.067572 0.390784 0.917999
vn -0.048259 0.390380 0.919388
vn -0.125606 0.392805 0.911003
vn -0.106246 0.391998 0.913810
vn -0.183831 0.396031 0.899647
vn -0.164400 0.394825 0.903928
vn -0.242294 0.400450 0.883704
vn -0.222780 0.398848 0.889544
vn -0.301000 0.406037 0.862863
vn -0.281408 0.404050 0.870375
vn -0.359884 0.412751 0.836732
vn -0.340244 0.410394 0.846056
vn -0.418789 0.420527 0.804843
vn -0.399165 0.417826 0.816143
vn -0.477438 0.429265 0.766671
vn -0.457937 0.426257 0.780127
vn -0.535401 0.438819 0.721654
vn -0.516185 0.435558 0.737456
vn -0.592059 0.448983 0.669238
vn -0.573357 0.445546 0.687569
vn -0.646580 0.459485 0.608941
vn -0.628694 0.455970 0.629949
vn -0.663952 0.462642 0.587478
vn -0.663952 0.462642 0.587478
usemtl lacquer_black
f 2277 2278 2280
f 2277 2280 2279
f 2279 2280 2282
f 2279 2282 2281
f 2281 2282 2284
f 2281 2284 2283
f 2283 2284 2286
f 2283 2286 2285
f 2285 2286 2288
f 2285 2288 2287
f 2287 2288 2290
f 2287 2290 2289
f 2289 2290 2292
f 2289 2292 2291
f 2291 2292 2294
f 2291 2294 2293
f 2293 2294 2296
f 2293 2296 2295
f 2295 2296 2298
f 2295 2298 2297
f 2297 2298 2300
f 2297 2300 2299
f 2299 2300 2302
f 2299 2302 2301
f 2301 2302 2304
f 2301 2304 2303
f 2303 2304 2306
f 2303 2306 2305
f 2305 2306 2308
f 2305 2308 2307
f 2307 2308 2310
f 2307 2310 2309
f 2309 2310 2312
f 2309 2312 2311
f 2311 2312 2314
f 2311 2314 2313
f 2313 2314 2316
f 2313 2316 2315
f 2315 2316 2318
f 2315 2318 2317
f 2317 2318 2320
f 2317 2320 2319
f 2319 2320 2322
f 2319 2322 2321
f 2321 2322 2324
f 2321 2324 2323
f 2323 2324 2326
f 2323 2326 2325
o fauld_front_2
v 1.143154 -0.550000 0.475200
v 1.056551 -0.380000 0.439200
v 1.081281 -0.550000 0.545127
v 0.999365 -0.380000 0.503830
v 1.011179 -0.550000 0.610905
v 0.934574 -0.380000 0.564625
v 0.933381 -0.550000 0.672034
v 0.862670 -0.380000 0.621123
v 0.848480 -0.550000 0.728049
v 0.784201 -0.380000 0.672893
v 0.757121 -0.550000 0.778522
v 0.699763 -0.380000 0.719543
v 0.660000 -0.550000 0.823071
v 0.610000 -0.380000 0.760717
v 0.557856 -0.550000 0.861355
v 0.515594 -0.380000 0.796101
v 0.451467 -0.550000 0.893084
v 0.417265 -0.380000 0.825426
v 0.341641 -0.550000 0.918016
v 0.315759 -0.380000 0.848469
v 0.229216 -0.550000 0.935961
v 0.211851 -0.380000 0.865055
v 0.115046 -0.550000 0.946783
v 0.106330 -0.380000 0.875057
v 0.000000 -0.550000 0.950400
v 0.000000 -0.380000 0.878400
v -0.115046 -0.550000 0.946783
v -0.106330 -0.380000 0.875057
v -0.229216 -0.550000 0.935961
v -0.211851 -0.380000 0.865055
v -0.341641 -0.550000 0.918016
v -0.315759 -0.380000 0.848469
v -0.451467 -0.550000 0.893084
v -0.417265 -0.380000 0.825426
v -0.557856 -0.550000 0.861355
v -0.515594 -0.380000 0.796101
v -0.660000 -0.550000 0.823071
v -0.610000 -0.380000 0.760717
v -0.757121 -0.550000 0.778522
v -0.699763 -0.380000 0.719543
v -0.848480 -0.550000 0.728049
v -0.784201 -0.380000 0.672893
v -0.933381 -0.550000 0.672034
v -0.862670 -0.380000 0.621123
v -1.011179 -0.550000 0.610905
v -0.934574 -0.380000 0.564625
v -1.081281 -0.550000 0.545127
v -0.999365 -0.380000 0.503830
v -1.143154 -0.550000 0.475200
v -1.056551 -0.380000 0.439200
vn 0.663952 0.462642 0.587478
vn 0.663952 0.462642 0.587478
vn 0.628694 0.455970 0.629949
vn 0.646580 0.459485 0.608941
vn 0.573357 0.445546 0.687569
vn 0.592059 0.448983 0.669238
vn 0.516185 0.435558 0.737456
vn 0.535401 0.438819 0.721654
vn 0.457937 0.426257 0.780127
vn 0.477438 0.429265 0.766671
vn 0.399165 0.417826 0.816143
vn 0.418789 0.420527 0.804843
vn 0.340244 0.410394 0.846056
vn 0.359884 0.412751 0.836732
vn 0.281408 0.404050 0.870375
vn 0.301000 0.406037 0.862863
vn 0.222780 0.398848 0.889544
vn 0.242294 0.400450 0.883704
vn 0.164400 0.394825 0.903928
vn 0.183831 0.396031 0.899647
vn 0.106246 0.391998 0.913810
vn 0.125606 0.392805 0.911003
vn 0.048259 0.390380 0.919388
vn 0.067572 0.390784 0.917999
vn -0.009648 0.389975 0.920775
vn 0.009648 0.389975 0.920775
vn -0.067572 0.390784 0.917999
vn -0.048259 0.390380 0.919388
vn -0.125606 0.392805 0.911003
vn -0.106246 0.391998 0.913810
vn -0.183831 0.396031 0.899647
vn -0.164400 0.394825 0.903928
vn -0.242294 0.400450 0.883704
vn -0.222780 0.398848 0.889544
vn -0.301000 0.406037 0.862863
vn -0.281408 0.404050 0.870375
vn -0.359884 0.412751 0.836732
vn -0.340244 0.410394 0.846056
vn -0.418789 0.420527 0.804843
vn -0.399165 0.417826 0.816143
vn -0.477438 0.429265 0.766671
vn -0.457937 0.426257 0.780127
vn -0.535401 0.438819 0.721654
vn -0.516185 0.435558 0.737456
vn -0.592059 0.448983 0.669238
vn -0.573357 0.445546 0.687569
vn -0.646580 0.459485 0.608941
vn -0.628694 0.455970 0.629949
vn -0.663952 0.462642 0.587478
vn -0.663952 0.462642 0.587478
usemtl lacquer_black
f 2327 2328 2330
f 2327 2330 2329
f 2329 2330 2332
f 2329 2332 2331
f 2331 2332 2334
f 2331 2334 2333
f 2333 2334 2336
f 2333 2336 2335
f 2335 2336 2338
f 2335 2338 2337
f 2337 2338 2340
f 2337 2340 2339
f 2339 2340 2342
f 2339 2342 2341
f 2341 2342 2344
f 2341 2344 2343
f 2343 2344 2346
f 2343 2346 2345
f 2345 2346 2348
f 2345 2348 2347
f 2347 2348 2350
f 2347 2350 2349
f 2349 2350 2352
f 2349 2352 2351
f 2351 2352 2354
f 2351 2354 2353
f 2353 2354 2356
f 2353 2356 2355
f 2355 2356 2358
f 2355 2358 2357
f 2357 2358 2360
f 2357 2360 2359
f 2359 2360 2362
f 2359 2362 2361
f 2361 2362 2364
f 2361 2364 2363
f 2363 2364 2366
f 2363 2366 2365
f 2365 2366 2368
f 2365 2368 2367
f 2367 2368 2370
f 2367 2370 2369
f 2369 2370 2372
f 2369 2372 2371
f 2371 2372 2374
f 2371 2374 2373
f 2373 2374 2376
f 2373 2376 2375
o fauld_back_0
v -0.935307 -0.170000 -0.388800
v -0.866025 -0.020000 -0.360000
v -0.884684 -0.170000 -0.446013
v -0.819152 -0.020000 -0.412975
v -0.827328 -0.170000 -0.499832
v -0.766044 -0.020000 -0.462807
v -0.763675 -0.170000 -0.549846
v -0.707107 -0.020000 -0.509117
v -0.694211 -0.170000 -0.595676
v -0.642788 -0.020000 -0.551552
v -0.619463 -0.170000 -0.636973
v -0.573576 -0.020000 -0.589789
v -0.540000 -0.170000 -0.673421
v -0.500000 -0.020000 -0.623538
v -0.456428 -0.170000 -0.704745
v -0.422618 -0.020000 -0.652542
v -0.369382 -0.170000 -0.730705
v -0.342020 -0.020000 -0.676579
v -0.279525 -0.170000 -0.751104
v -0.258819 -0.020000 -0.695467
v -0.187540 -0.170000 -0.765787
v -0.173648 -0.020000 -0.709062
v -0.094128 -0.170000 -0.774641
v -0.087156 -0.020000 -0.717260
v -0.000000 -0.170000 -0.777600
v -0.000000 -0.020000 -0.720000
v 0.094128 -0.170000 -0.774641
v 0.087156 -0.020000 -0.717260
v 0.187540 -0.170000 -0.765787
v 0.173648 -0.020000 -0.709062
v 0.279525 -0.170000 -0.751104
v 0.258819 -0.020000 -0.695467
v 0.369382 -0.170000 -0.730705
v 0.342020 -0.020000 -0.676579
v 0.456428 -0.170000 -0.704745
v 0.422618 -0.020000 -0.652542
v 0.540000 -0.170000 -0.673421
v 0.500000 -0.020000 -0.623538
v 0.619463 -0.170000 -0.636973
v 0.573576 -0.020000 -0.589789
v 0.694211 -0.170000 -0.595676
v 0.642788 -0.020000 -0.551552
v 0.763675 -0.170000 -0.549846
v 0.707107 -0.020000 -0.509117
v 0.827328 -0.170000 -0.499832
v 0.766044 -0.020000 -0.462807
v 0.884684 -0.170000 -0.446013
v 0.819152 -0.020000 -0.412975
v 0.935307 -0.170000 -0.388800
v 0.866025 -0.020000 -0.360000
vn -0.676970 0.427686 -0.598996
vn -0.676970 0.427686 -0.598996
vn -0.640668 0.421282 -0.641924
vn -0.659090 0.424655 -0.620700
vn -0.583772 0.411294 -0.700034
vn -0.602984 0.414584 -0.681565
vn -0.525136 0.401748 -0.750221
vn -0.544827 0.404861 -0.734337
vn -0.465534 0.392878 -0.793048
vn -0.485474 0.395744 -0.779552
vn -0.405522 0.384855 -0.829119
vn -0.425547 0.387424 -0.817810
vn -0.345467 0.377796 -0.859024
vn -0.365474 0.380033 -0.849708
vn -0.285593 0.371779 -0.883299
vn -0.305521 0.373663 -0.875804
vn -0.226007 0.366853 -0.902408
vn -0.245832 0.368369 -0.896588
vn -0.166732 0.363045 -0.916733
vn -0.186454 0.364187 -0.912471
vn -0.107732 0.360373 -0.926566
vn -0.127369 0.361136 -0.923774
vn -0.048928 0.358844 -0.932114
vn -0.068510 0.359226 -0.930733
vn 0.009782 0.358461 -0.933493
vn -0.009782 0.358461 -0.933493
vn 0.068510 0.359226 -0.930733
vn 0.048928 0.358844 -0.932114
vn 0.127369 0.361136 -0.923774
vn 0.107732 0.360373 -0.926566
vn 0.186454 0.364187 -0.912471
vn 0.166732 0.363045 -0.916733
vn 0.245832 0.368369 -0.896588
vn 0.226007 0.366853 -0.902408
vn 0.305521 0.373663 -0.875804
vn 0.285593 0.371779 -0.883299
vn 0.365474 0.380033 -0.849708
vn 0.345467 0.377796 -0.859024
vn 0.425547 0.387424 -0.817810
vn 0.405522 0.384855 -0.829119
vn 0.485474 0.395744 -0.779552
vn 0.465534 0.392878 -0.793048
vn 0.544827 0.404861 -0.734337
vn 0.525136 0.401748 -0.750221
vn 0.602984 0.414584 -0.681565
vn 0.583772 0.411294 -0.700034
vn 0.659090 0.424655 -0.620700
vn 0.640668 0.421282 -0.641924
vn 0.676970 0.427686 -0.598996
vn 0.676970 0.427686 -0.598996
usemtl lacquer_black
f 2377 2378 2380
f 2377 2380 2379
f 2379 2380 2382
f 2379 2382 2381
f 2381 2382 2384
f 2381 2384 2383
f 2383 2384 2386
f 2383 2386 2385
f 2385 2386 2388
f 2385 2388 2387
f 2387 2388 2390
f 2387 2390 2389
f 2389 2390 2392
f 2389 2392 2391
f 2391 2392 2394
f 2391 2394 2393
f 2393 2394 2396
f 2393 2396 2395
f 2395 2396 2398
f 2395 2398 2397
f 2397 2398 2400
f 2397 2400 2399
f 2399 2400 2402
f 2399 2402 2401
f 2401 2402 2404
f 2401 2404 2403
f 2403 2404 2406
f 2403 2406 2405
f 2405 2406 2408
f 2405 2408 2407
f 2407 2408 2410
f 2407 2410 2409
f 2409 2410 2412
f 2409 2412 2411
f 2411 2412 2414
f 2411 2414 2413
f 2413 2414 2416
f 2413 2416 2415
f 2415 2416 2418
f 2415 2418 2417
f 2417 2418 2420
f 2417 2420 2419
f 2419 2420 2422
f 2419 2422 2421
f 2421 2422 2424
f 2421 2424 2423
f 2423 2424 2426
f 2423 2426 2425
o fauld_back_1
v -1.004589 -0.350000 -0.417600
v -0.935307 -0.200000 -0.388800
v -0.950216 -0.350000 -0.479051
v -0.884684 -0.200000 -0.446013
v -0.888612 -0.350000 -0.536856
v -0.827328 -0.200000 -0.499832
v -0.820244 -0.350000 -0.590576
v -0.763675 -0.200000 -0.549846
v -0.745634 -0.350000 -0.639800
v -0.694211 -0.200000 -0.595676
v -0.665349 -0.350000 -0.684156
v -0.619463 -0.200000 -0.636973
v -0.580000 -0.350000 -0.723304
v -0.540000 -0.200000 -0.673421
v -0.490237 -0.350000 -0.756948
v -0.456428 -0.200000 -0.704745
v -0.396743 -0.350000 -0.784831
v -0.369382 -0.200000 -0.730705
v -0.300230 -0.350000 -0.806741
v -0.279525 -0.200000 -0.751104
v -0.201432 -0.350000 -0.822511
v -0.187540 -0.200000 -0.765787
v -0.101101 -0.350000 -0.832022
v -0.094128 -0.200000 -0.774641
v -0.000000 -0.350000 -0.835200
v -0.000000 -0.200000 -0.777600
v 0.101101 -0.350000 -0.832022
v 0.094128 -0.200000 -0.774641
v 0.201432 -0.350000 -0.822511
v 0.187540 -0.200000 -0.765787
v 0.300230 -0.350000 -0.806741
v 0.279525 -0.200000 -0.751104
v 0.396743 -0.350000 -0.784831
v 0.369382 -0.200000 -0.730705
v 0.490237 -0.350000 -0.756948
v 0.456428 -0.200000 -0.704745
v 0.580000 -0.350000 -0.723304
v 0.540000 -0.200000 -0.673421
v 0.665349 -0.350000 -0.684156
v 0.619463 -0.200000 -0.636973
v 0.745634 -0.350000 -0.639800
v 0.694211 -0.200000 -0.595676
v 0.820244 -0.350000 -0.590576
v 0.763675 -0.200000 -0.549846
v 0.888612 -0.350000 -0.536856
v 0.827328 -0.200000 -0.499832
v 0.950216 -0.350000 -0.479051
v 0.884684 -0.200000 -0.446013
v 1.004589 -0.350000 -0.417600
v 0.935307 -0.200000 -0.388800
vn -0.676970 0.427686 -0.598996
vn -0.676970 0.427686 -0.598996
vn -0.640668 0.421282 -0.641924
vn -0.659090 0.424655 -0.620700
vn -0.583772 0.411294 -0.700034
vn -0.602984 0.414584 -0.681565
vn -0.525136 0.401748 -0.750221
vn -0.544827 0.404861 -0.734337
vn -0.465534 0.392878 -0.793048
vn -0.485474 0.395744 -0.779552
vn -0.405522 0.384855 -0.829119
vn -0.425547 0.387424 -0.817810
vn -0.345467 0.377796 -0.859024
vn -0.365474 0.380033 -0.849708
vn -0.285593 0.371779 -0.883299
vn -0.305521 0.373663 -0.875804
vn -0.226007 0.366853 -0.902408
vn -0.245832 0.368369 -0.896588
vn -0.166732 0.363045 -0.916733
vn -0.186454 0.364187 -0.912471
vn -0.107732 0.360373 -0.926566
vn -0.127369 0.361136 -0.923774
vn -0.048928 0.358844 -0.932114
vn -0.068510 0.359226 -0.930733
vn 0.009782 0.358461 -0.933493
vn -0.009782 0.358461 -0.933493
vn 0.068510 0.359226 -0.930733
vn 0.048928 0.358844 -0.932114
vn 0.127369 0.361136 -0.923774
vn 0.107732 0.360373 -0.926566
vn 0.186454 0.364187 -0.912471
vn 0.166732 0.363045 -0.916733
vn 0.245832 0.368369 -0.896588
vn 0.226007 0.366853 -0.902408
vn 0.305521 0.373663 -0.875804
vn 0.285593 0.371779 -0.883299
vn 0.365474 0.380033 -0.849708
vn 0.345467 0.377796 -0.859024
vn 0.425547 0.387424 -0.817810
vn 0.405522 0.384855 -0.829119
vn 0.485474 0.395744 -0.779552
vn 0.465534 0.392878 -0.793048
vn 0.544827 0.404861 -0.734337
vn 0.525136 0.401748 -0.750221
vn 0.602984 0.414584 -0.681565
vn 0.583772 0.411294 -0.700034
vn 0.659090 0.424655 -0.620700
vn 0.640668 0.421282 -0.641924
vn 0.676970 0.427686 -0.598996
vn 0.676970 0.427686 -0.598996
usemtl lacquer_black
f 2427 2428 2430
f 2427 2430 2429
f 2429 2430 2432
f 2429 2432 2431
f 2431 2432 2434
f 2431 2434 2433
f 2433 2434 2436
f 2433 2436 2435
f 2435 2436 2438
f 2435 2438 2437
f 2437 2438 2440
f 2437 2440 2439
f 2439 2440 2442
f 2439 2442 2441
f 2441 2442 2444
f 2441 2444 2443
f 2443 2444 2446
f 2443 2446 2445
f 2445 2446 2448
f 2445 2448 2447
f 2447 2448 2450
f 2447 2450 2449
f 2449 2450 2452
f 2449 2452 2451
f 2451 2452 2454
f 2451 2454 2453
f 2453 2454 2456
f 2453 2456 2455
f 2455 2456 2458
f 2455 2458 2457
f 2457 2458 2460
f 2457 2460 2459
f 2459 2460 2462
f 2459 2462 2461
f 2461 2462 2464
f 2461 2464 2463
f 2463 2464 2466
f 2463 2466 2465
f 2465 2466 2468
f 2465 2468 2467
f 2467 2468 2470
f 2467 2470 2469
f 2469 2470 2472
f 2469 2472 2471
f 2471 2472 2474
f 2471 2474 2473
f 2473 2474 2476
f 2473 2476 2475
o gorget
v 0.720000 0.850000 0.000000
v 1.020000 1.350000 0.000000
v 0.695467 0.850000 0.186350
v 0.985244 1.350000 0.263995
v 0.623538 0.850000 0.360000
v 0.883346 1.350000 0.510000
v 0.509117 0.850000 0.509117
v 0.721249 1.350000 0.721249
v 0.360000 0.850000 0.623538
v 0.510000 1.350000 0.883346
v 0.186350 0.850000 0.695467
v 0.263995 1.350000 0.985244
v 0.000000 0.850000 0.720000
v 0.000000 1.350000 1.020000
v -0.186350 0.850000 0.695467
v -0.263995 1.350000 0.985244
v -0.360000 0.850000 0.623538
v -0.510000 1.350000 0.883346
v -0.509117 0.850000 0.509117
v -0.721249 1.350000 0.721249
v -0.623538 0.850000 0.360000
v -0.883346 1.350000 0.510000
v -0.695467 0.850000 0.186350
v -0.985244 1.350000 0.263995
v -0.720000 0.850000 0.000000
v -1.020000 1.350000 0.000000
v -0.695467 0.850000 -0.186350
v -0.985244 1.350000 -0.263995
v -0.623538 0.850000 -0.360000
v -0.883346 1.350000 -0.510000
v -0.509117 0.850000 -0.509117
v -0.721249 1.350000 -0.721249
v -0.360000 0.850000 -0.623538
v -0.510000 1.350000 -0.883346
v -0.186350 0.850000 -0.695467
v -0.263995 1.350000 -0.985244
v -0.000000 0.850000 -0.720000
v -0.000000 1.350000 -1.020000
v 0.186350 0.850000 -0.695467
v 0.263995 1.350000 -0.985244
v 0.360000 0.850000 -0.623538
v 0.510000 1.350000 -0.883346
v 0.509117 0.850000 -0.509117
v 0.721249 1.350000 -0.721249
v 0.623538 0.850000 -0.360000
v 0.883346 1.350000 -0.510000
v 0.695467 0.850000 -0.186350
v 0.985244 1.350000 -0.263995
v 0.720000 0.850000 -0.000000
v 1.020000 1.350000 -0.000000
vn 0.852080 -0.511248 0.112179
vn 0.852080 -0.511248 0.112179
vn 0.817956 -0.514132 0.258101
vn 0.837421 -0.514132 0.185456
vn 0.723284 -0.514132 0.461009
vn 0.760887 -0.514132 0.395877
vn 0.579320 -0.514132 0.632500
vn 0.632500 -0.514132 0.579320
vn 0.395877 -0.514132 0.760887
vn 0.461009 -0.514132 0.723284
vn 0.185456 -0.514132 0.837421
vn 0.258101 -0.514132 0.817956
vn -0.037604 -0.514132 0.856886
vn 0.037604 -0.514132 0.856886
vn -0.258101 -0.514132 0.817956
vn -0.185456 -0.514132 0.837421
vn -0.461009 -0.514132 0.723284
vn -0.395877 -0.514132 0.760887
vn -0.632500 -0.514132 0.579320
vn -0.579320 -0.514132 0.632500
vn -0.760887 -0.514132 0.395877
vn -0.723284 -0.514132 0.461009
vn -0.837421 -0.514132 0.185456
vn -0.817956 -0.514132 0.258101
vn -0.856886 -0.514132 -0.037604
vn -0.856886 -0.514132 0.037604
vn -0.817956 -0.514132 -0.258101
vn -0.837421 -0.514132 -0.185456
vn -0.723284 -0.514132 -0.461009
vn -0.760887 -0.514132 -0.395877
vn -0.579320 -0.514132 -0.632500
vn -0.632500 -0.514132 -0.579320
vn -0.395877 -0.514132 -0.760887
vn -0.461009 -0.514132 -0.723284
vn -0.185456 -0.514132 -0.837421
vn -0.258101 -0.514132 -0.817956
vn 0.037604 -0.514132 -0.856886
vn -0.037604 -0.514132 -0.856886
vn 0.258101 -0.514132 -0.817956
vn 0.185456 -0.514132 -0.837421
vn 0.461009 -0.514132 -0.723284
vn 0.395877 -0.514132 -0.760887
vn 0.632500 -0.514132 -0.579320
vn 0.579320 -0.514132 -0.632500
vn 0.760887 -0.514132 -0.395877
vn 0.723284 -0.514132 -0.461009
vn 0.837421 -0.514132 -0.185456
vn 0.817956 -0.514132 -0.258101
vn 0.852080 -0.511248 -0.112179
vn 0.852080 -0.511248 -0.112179
usemtl steel
f 2477 2478 2480
f 2477 2480 2479
f 2479 2480 2482
f 2479 2482 2481
f 2481 2482 2484
f 2481 2484 2483
f 2483 2484 2486
f 2483 2486 2485
f 2485 2486 2488
f 2485 2488 2487
f 2487 2488 2490
f 2487 2490 2489
f 2489 2490 2492
f 2489 2492 2491
f 2491 2492 2494
f 2491 2494 2493
f 2493 2494 2496
f 2493 2496 2495
f 2495 2496 2498
f 2495 2498 2497
f 2497 2498 2500
f 2497 2500 2499
f 2499 2500 2502
f 2499 2502 2501
f 2501 2502 2504
f 2501 2504 2503
f 2503 2504 2506
f 2503 2506 2505
f 2505 2506 2508
f 2505 2508 2507
f 2507 2508 2510
f 2507 2510 2509
f 2509 2510 2512
f 2509 2512 2511
f 2511 2512 2514
f 2511 2514 2513
f 2513 2514 2516
f 2513 2516 2515
f 2515 2516 2518
f 2515 2518 2517
f 2517 2518 2520
f 2517 2520 2519
f 2519 2520 2522
f 2519 2522 2521
f 2521 2522 2524
f 2521 2524 2523
f 2523 2524 2526
f 2523 2526 2525
o sode_0_R
v 1.707684 0.791716 0.209342
v 1.760977 0.780000 0.225827
v 1.825462 0.780000 0.245775
v 1.889948 0.780000 0.265722
v 1.954433 0.780000 0.285670
v 2.018918 0.780000 0.305618
v 2.083403 0.780000 0.325565
v 2.147888 0.780000 0.345513
v 2.201181 0.791716 0.361998
v 1.697633 0.810299 0.206232
v 1.760977 0.810000 0.225827
v 1.825462 0.810000 0.245775
v 1.889948 0.810000 0.265722
v 1.954433 0.810000 0.285670
v 2.018918 0.810000 0.305618
v 2.083403 0.810000 0.325565
v 2.147888 0.810000 0.345513
v 2.211233 0.810299 0.365107
v 1.696492 0.840000 0.205879
v 1.760977 0.840000 0.225827
v 1.825462 0.840000 0.245775
v 1.889948 0.840000 0.265722
v 1.954433 0.840000 0.285670
v 2.018918 0.840000 0.305618
v 2.083403 0.840000 0.325565
v 2.147888 0.840000 0.345513
v 2.212374 0.840000 0.365460
v 1.696492 0.870000 0.205879
v 1.760977 0.870000 0.225827
v 1.825462 0.870000 0.245775
v 1.889948 0.870000 0.265722
v 1.954433 0.870000 0.285670
v 2.018918 0.870000 0.305618
v 2.083403 0.870000 0.325565
v 2.147888 0.870000 0.345513
v 2.212374 0.870000 0.365460
v 1.696492 0.900000 0.205879
v 1.760977 0.900000 0.225827
v 1.825462 0.900000 0.245775
v 1.889948 0.900000 0.265722
v 1.954433 0.900000 0.285670
v 2.018918 0.900000 0.305618
v 2.083403 0.900000 0.325565
v 2.147888 0.900000 0.345513
v 2.212374 0.900000 0.365460
v 1.696492 0.930000 0.205879
v 1.760977 0.930000 0.225827
v 1.825462 0.930000 0.245775
v 1.889948 0.930000 0.265722
v 1.954433 0.930000 0.285670
v 2.018918 0.930000 0.305618
v 2.083403 0.930000 0.325565
v 2.147888 0.930000 0.345513
v 2.212374 0.930000 0.365460
v 1.696492 0.960000 0.205879
v 1.760977 0.960000 0.225827
v 1.825462 0.960000 0.245775
v 1.889948 0.960000 0.265722
v 1.954433 0.960000 0.285670
v 2.018918 0.960000 0.305618
v 2.083403 0.960000 0.325565
v 2.147888 0.960000 0.345513
v 2.212374 0.960000 0.365460
v 1.697633 0.989701 0.206232
v 1.760977 0.990000 0.225827
v 1.825462 0.990000 0.245775
v 1.889948 0.990000 0.265722
v 1.954433 0.990000 0.285670
v 2.018918 0.990000 0.305618
v 2.083403 0.990000 0.325565
v 2.147888 0.990000 0.345513
v 2.211233 0.989701 0.365107
v 1.707684 1.008284 0.209342
v 1.760977 1.020000 0.225827
v 1.825462 1.020000 0.245775
v 1.889948 1.020000 0.265722
v 1.954433 1.020000 0.285670
v 2.018918 1.020000 0.305618
v 2.083403 1.020000 0.325565
v 2.147888 1.020000 0.345513
v 2.201181 1.008284 0.361998
v 1.716550 0.791716 0.180682
v 1.769843 0.780000 0.197167
v 1.834328 0.780000 0.217115
v 1.898813 0.780000 0.237062
v 1.963298 0.780000 0.257010
v 2.027784 0.780000 0.276957
v 2.092269 0.780000 0.296905
v 2.156754 0.780000 0.316853
v 2.210047 0.791716 0.333338
v 1.706499 0.810299 0.177572
v 1.769843 0.810000 0.197167
v 1.834328 0.810000 0.217115
v 1.898813 0.810000 0.237062
v 1.963298 0.810000 0.257010
v 2.027784 0.810000 0.276957
v 2.092269 0.810000 0.296905
v 2.156754 0.810000 0.316853
v 2.220098 0.810299 0.336447
v 1.705358 0.840000 0.177219
v 1.769843 0.840000 0.197167
v 1.834328 0.840000 0.217115
v 1.898813 0.840000 0.237062
v 1.963298 0.840000 0.257010
v 2.027784 0.840000 0.276957
v 2.092269 0.840000 0.296905
v 2.156754 0.840000 0.316853
v 2.221239 0.840000 0.336800
v 1.705358 0.870000 0.177219
v 1.769843 0.870000 0.197167
v 1.834328 0.870000 0.217115
v 1.898813 0.870000 0.237062
v 1.963298 0.870000 0.257010
v 2.027784 0.870000 0.276957
v 2.092269 0.870000 0.296905
v 2.156754 0.870000 0.316853
v 2.221239 0.870000 0.336800
v 1.705358 0.900000 0.177219
v 1.769843 0.900000 0.197167
v 1.834328 0.900000 0.217115
v 1.898813 0.900000 0.237062
v 1.963298 0.900000 0.257010
v 2.027784 0.900000 0.276957
v 2.092269 0.900000 0.296905
v 2.156754 0.900000 0.316853
v 2.221239 0.900000 0.336800
v 1.705358 0.930000 0.177219
v 1.769843 0.930000 0.197167
v 1.834328 0.930000 0.217115
v 1.898813 0.930000 0.237062
v 1.963298 0.930000 0.257010
v 2.027784 0.930000 0.276957
v 2.092269 0.930000 0.296905
v 2.156754 0.930000 0.316853
v 2.221239 0.930000 0.336800
v 1.705358 0.960000 0.177219
v 1.769843 0.960000 0.197167
v 1.834328 0.960000 0.217115
v 1.898813 0.960000 0.237062
v 1.963298 0.960000 0.257010
v 2.027784 0.960000 0.276957
v 2.092269 0.960000 0.296905
v 2.156754 0.960000 0.316853
v 2.221239 0.960000 0.336800
v 1.706499 0.989701 0.177572
v 1.769843 0.990000 0.197167
v 1.834328 0.990000 0.217115
v 1.898813 0.990000 0.237062
v 1.963298 0.990000 0.257010
v 2.027784 0.990000 0.276957
v 2.092269 0.990000 0.296905
v 2.156754 0.990000 0.316853
v 2.220098 0.989701 0.336447
v 1.716550 1.008284 0.180682
v 1.769843 1.020000 0.197167
v 1.834328 1.020000 0.217115
v 1.898813 1.020000 0.237062
v 1.963298 1.020000 0.257010
v 2.027784 1.020000 0.276957
v 2.092269 1.020000 0.296905
v 2.156754 1.020000 0.316853
v 2.210047 1.008284 0.333338
vn -0.636476 -0.707733 0.306613
vn -0.255853 -0.703746 0.662783
vn -0.208964 -0.707107 0.675525
vn -0.208964 -0.707107 0.675525
vn -0.208964 -0.707107 0.675525
vn -0.208964 -0.707107 0.675525
vn -0.208964 -0.707107 0.675525
vn -0.116679 -0.698702 0.705834
vn 0.531787 -0.668022 0.520528
vn -0.865612 -0.136763 0.481676
vn -0.295520 0.000000 0.955336
vn -0.295520 0.000000 0.955336
vn -0.295520 0.000000 0.955336
vn -0.295520 0.000000 0.955336
vn -0.295520 0.000000 0.955336
vn -0.295520 0.000000 0.955336
vn -0.295520 -0.000000 0.955336
vn 0.442446 -0.136763 0.886306
vn -0.884387 -0.009471 0.466659
vn -0.295520 -0.000000 0.955336
vn -0.295520 0.000000 0.955336
vn -0.295520 0.000000 0.955336
vn -0.295520 0.000000 0.955336
vn -0.295520 0.000000 0.955336
vn -0.295520 0.000000 0.955336
vn -0.295520 0.000000 0.955336
vn 0.466421 -0.009471 0.884512
vn -0.884489 0.000000 0.466561
vn -0.295520 0.000000 0.955336
vn -0.295520 0.000000 0.955336
vn -0.295520 0.000000 0.955336
vn -0.295520 0.000000 0.955336
vn -0.295520 0.000000 0.955336
vn -0.295520 0.000000 0.955336
vn -0.295520 0.000000 0.955336
vn 0.466561 0.000000 0.884489
vn -0.884489 0.000000 0.466561
vn -0.295520 0.000000 0.955336
vn -0.295520 0.000000 0.955336
vn -0.295520 0.000000 0.955336
vn -0.295520 0.000000 0.955336
vn -0.295520 0.000000 0.955336
vn -0.295520 0.000000 0.955336
vn -0.295520 0.000000 0.955336
vn 0.466561 0.000000 0.884489
vn -0.884489 0.000000 0.466561
vn -0.295520 0.000000 0.955336
vn -0.295520 0.000000 0.955336
vn -0.295520 0.000000 0.955336
vn -0.295520 0.000000 0.955336
vn -0.295520 0.000000 0.955336
vn -0.295520 0.000000 0.955336
vn -0.295520 0.000000 0.955336
vn 0.466561 0.000000 0.884489
vn -0.884205 0.018942 0.466715
vn -0.295520 0.000000 0.955336
vn -0.295520 0.000000 0.955336
vn -0.295520 0.000000 0.955336
vn -0.295520 0.000000 0.955336
vn -0.295520 0.000000 0.955336
vn -0.295520 0.000000 0.955336
vn -0.295520 0.000000 0.955336
vn 0.466239 0.018942 0.884456
vn -0.836202 0.244760 0.490774
vn -0.295520 0.000000 0.955336
vn -0.295520 0.000000 0.955336
vn -0.295520 0.000000 0.955336
vn -0.295520 0.000000 0.955336
vn -0.295520 0.000000 0.955336
vn -0.295520 0.000000 0.955336
vn -0.295520 -0.000000 0.955336
vn 0.413036 0.244760 0.877208
vn -0.516842 0.833307 0.196149
vn -0.255853 0.703746 0.662783
vn -0.208964 0.707107 0.675525
vn -0.208964 0.707107 0.675525
vn -0.208964 0.707107 0.675525
vn -0.208964 0.707107 0.675525
vn -0.208964 0.707107 0.675525
vn -0.116679 0.698702 0.705834
vn 0.161367 0.543749 0.823588
vn -0.161367 -0.543749 -0.823588
vn 0.116679 -0.698702 -0.705834
vn 0.208964 -0.707107 -0.675525
vn 0.208964 -0.707107 -0.675525
vn 0.208964 -0.707107 -0.675525
vn 0.208964 -0.707107 -0.675525
vn 0.208964 -0.707107 -0.675525
vn 0.255853 -0.703746 -0.662783
vn 0.516842 -0.833307 -0.196149
vn -0.413036 -0.244760 -0.877208
vn 0.295520 -0.000000 -0.955336
vn 0.295520 0.000000 -0.955336
vn 0.295520 0.000000 -0.955336
vn 0.295520 0.000000 -0.955336
vn 0.295520 0.000000 -0.955336
vn 0.295520 0.000000 -0.955336
vn 0.295520 0.000000 -0.955336
vn 0.836202 -0.244760 -0.490774
vn -0.466239 -0.018942 -0.884456
vn 0.295520 0.000000 -0.955336
vn 0.295520 0.000000 -0.955336
vn 0.295520 0.000000 -0.955336
vn 0.295520 0.000000 -0.955336
vn 0.295520 0.000000 -0.955336
vn 0.295520 0.000000 -0.955336
vn 0.295520 0.000000 -0.955336
vn 0.884205 -0.018942 -0.466715
vn -0.466561 0.000000 -0.884489
vn 0.295520 0.000000 -0.955336
vn 0.295520 0.000000 -0.955336
vn 0.295520 0.000000 -0.955336
vn 0.295520 0.000000 -0.955336
vn 0.295520 0.000000 -0.955336
vn 0.295520 0.000000 -0.955336
vn 0.295520 0.000000 -0.955336
vn 0.884489 0.000000 -0.466561
vn -0.466561 0.000000 -0.884489
vn 0.295520 0.000000 -0.955336
vn 0.295520 0.000000 -0.955336
vn 0.295520 0.000000 -0.955336
vn 0.295520 0.000000 -0.955336
vn 0.295520 0.000000 -0.955336
vn 0.295520 0.000000 -0.955336
vn 0.295520 0.000000 -0.955336
vn 0.884489 0.000000 -0.466561
vn -0.466561 0.000000 -0.884489
vn 0.295520 0.000000 -0.955336
vn 0.295520 0.000000 -0.955336
vn 0.295520 0.000000 -0.955336
vn 0.295520 0.000000 -0.955336
vn 0.295520 0.000000 -0.955336
vn 0.295520 0.000000 -0.955336
vn 0.295520 0.000000 -0.955336
vn 0.884489 0.000000 -0.466561
vn -0.466421 0.009471 -0.884512
vn 0.295520 0.000000 -0.955336
vn 0.295520 0.000000 -0.955336
vn 0.295520 0.000000 -0.955336
vn 0.295520 0.000000 -0.955336
vn 0.295520 0.000000 -0.955336
vn 0.295520 0.000000 -0.955336
vn 0.295520 -0.000000 -0.955336
vn 0.884387 0.009471 -0.466659
vn -0.442446 0.136763 -0.886306
vn 0.295520 -0.000000 -0.955336
vn 0.295520 0.000000 -0.955336
vn 0.295520 0.000000 -0.955336
vn 0.295520 0.000000 -0.955336
vn 0.295520 0.000000 -0.955336
vn 0.295520 0.000000 -0.955336
vn 0.295520 0.000000 -0.955336
vn 0.865612 0.136763 -0.481676
vn -0.531787 0.668022 -0.520528
vn 0.116679 0.698702 -0.705834
vn 0.208964 0.707107 -0.675525
vn 0.208964 0.707107 -0.675525
vn 0.208964 0.707107 -0.675525
vn 0.208964 0.707107 -0.675525
vn 0.208964 0.707107 -0.675525
vn 0.255853 0.703746 -0.662783
vn 0.636476 0.707733 -0.306613
usemtl lacquer_red
f 2527 2528 2537
f 2527 2537 2536
f 2528 2529 2538
f 2528 2538 2537
f 2529 2530 2539
f 2529 2539 2538
f 2530 2531 2540
f 2530 2540 2539
f 2531 2532 2541
f 2531 2541 2540
f 2532 2533 2542
f 2532 2542 2541
f 2533 2534 2543
f 2533 2543 2542
f 2534 2535 2544
f 2534 2544 2543
f 2536 2537 2546
f 2536 2546 2545
f 2537 2538 2547
f 2537 2547 2546
f 2538 2539 2548
f 2538 2548 2547
f 2539 2540 2549
f 2539 2549 2548
f 2540 2541 2550
f 2540 2550 2549
f 2541 2542 2551
f 2541 2551 2550
f 2542 2543 2552
f 2542 2552 2551
f 2543 2544 2553
f 2543 2553 2552
f 2545 2546 2555
f 2545 2555 2554
f 2546 2547 2556
f 2546 2556 2555
f 2547 2548 2557
f 2547 2557 2556
f 2548 2549 2558
f 2548 2558 2557
f 2549 2550 2559
f 2549 2559 2558
f 2550 2551 2560
f 2550 2560 2559
f 2551 2552 2561
f 2551 2561 2560
f 2552 2553 2562
f 2552 2562 2561
f 2554 2555 2564
f 2554 2564 2563
f 2555 2556 2565
f 2555 2565 2564
f 2556 2557 2566
f 2556 2566 2565
f 2557 2558 2567
f 2557 2567 2566
f 2558 2559 2568
f 2558 2568 2567
f 2559 2560 2569
f 2559 2569 2568
f 2560 2561 2570
f 2560 2570 2569
f 2561 2562 2571
f 2561 2571 2570
f 2563 2564 2573
f 2563 2573 2572
f 2564 2565 2574
f 2564 2574 2573
f 2565 2566 2575
f 2565 2575 2574
f 2566 2567 2576
f 2566 2576 2575
f 2567 2568 2577
f 2567 2577 2576
f 2568 2569 2578
f 2568 2578 2577
f 2569 2570 2579
f 2569 2579 2578
f 2570 2571 2580
f 2570 2580 2579
f 2572 2573 2582
f 2572 2582 2581
f 2573 2574 2583
f 2573 2583 2582
f 2574 2575 2584
f 2574 2584 2583
f 2575 2576 2585
f 2575 2585 2584
f 2576 2577 2586
f 2576 2586 2585
f 2577 2578 2587
f 2577 2587 2586
f 2578 2579 2588
f 2578 2588 2587
f 2579 2580 2589
f 2579 2589 2588
f 2581 2582 2591
f 2581 2591 2590
f 2582 2583 2592
f 2582 2592 2591
f 2583 2584 2593
f 2583 2593 2592
f 2584 2585 2594
f 2584 2594 2593
f 2585 2586 2595
f 2585 2595 2594
f 2586 2587 2596
f 2586 2596 2595
f 2587 2588 2597
f 2587 2597 2596
f 2588 2589 2598
f 2588 2598 2597
f 2590 2591 2600
f 2590 2600 2599
f 2591 2592 2601
f 2591 2601 2600
f 2592 2593 2602
f 2592 2602 2601
f 2593 2594 2603
f 2593 2603 2602
f 2594 2595 2604
f 2594 2604 2603
f 2595 2596 2605
f 2595 2605 2604
f 2596 2597 2606
f 2596 2606 2605
f 2597 2598 2607
f 2597 2607 2606
f 2608 2617 2618
f 2608 2618 2609
f 2609 2618 2619
f 2609 2619 2610
f 2610 2619 2620
f 2610 2620 2611
f 2611 2620 2621
f 2611 2621 2612
f 2612 2621 2622
f 2612 2622 2613
f 2613 2622 2623
f 2613 2623 2614
f 2614 2623 2624
f 2614 2624 2615
f 2615 2624 2625
f 2615 2625 2616
f 2617 2626 2627
f 2617 2627 2618
f 2618 2627 2628
f 2618 2628 2619
f 2619 2628 2629
f 2619 2629 2620
f 2620 2629 2630
f 2620 2630 2621
f 2621 2630 2631
f 2621 2631 2622
f 2622 2631 2632
f 2622 2632 2623
f 2623 2632 2633
f 2623 2633 2624
f 2624 2633 2634
f 2624 2634 2625
f 2626 2635 2636
f 2626 2636 2627
f 2627 2636 2637
f 2627 2637 2628
f 2628 2637 2638
f 2628 2638 2629
f 2629 2638 2639
f 2629 2639 2630
f 2630 2639 2640
f 2630 2640 2631
f 2631 2640 2641
f 2631 2641 2632
f 2632 2641 2642
f 2632 2642 2633
f 2633 2642 2643
f 2633 2643 2634
f 2635 2644 2645
f 2635 2645 2636
f 2636 2645 2646
f 2636 2646 2637
f 2637 2646 2647
f 2637 2647 2638
f 2638 2647 2648
f 2638 2648 2639
f 2639 2648 2649
f 2639 2649 2640
f 2640 2649 2650
f 2640 2650 2641
f 2641 2650 2651
f 2641 2651 2642
f 2642 2651 2652
f 2642 2652 2643
f 2644 2653 2654
f 2644 2654 2645
f 2645 2654 2655
f 2645 2655 2646
f 2646 2655 2656
f 2646 2656 2647
f 2647 2656 2657
f 2647 2657 2648
f 2648 2657 2658
f 2648 2658 2649
f 2649 2658 2659
f 2649 2659 2650
f 2650 2659 2660
f 2650 2660 2651
f 2651 2660 2661
f 2651 2661 2652
f 2653 2662 2663
f 2653 2663 2654
f 2654 2663 2664
f 2654 2664 2655
f 2655 2664 2665
f 2655 2665 2656
f 2656 2665 2666
f 2656 2666 2657
f 2657 2666 2667
f 2657 2667 2658
f 2658 2667 2668
f 2658 2668 2659
f 2659 2668 2669
f 2659 2669 2660
f 2660 2669 2670
f 2660 2670 2661
f 2662 2671 2672
f 2662 2672 2663
f 2663 2672 2673
f 2663 2673 2664
f 2664 2673 2674
f 2664 2674 2665
f 2665 2674 2675
f 2665 2675 2666
f 2666 2675 2676
f 2666 2676 2667
f 2667 2676 2677
f 2667 2677 2668
f 2668 2677 2678
f 2668 2678 2669
f 2669 2678 2679
f 2669 2679 2670
f 2671 2680 2681
f 2671 2681 2672
f 2672 2681 2682
f 2672 2682 2673
f 2673 2682 2683
f 2673 2683 2674
f 2674 2683 2684
f 2674 2684 2675
f 2675 2684 2685
f 2675 2685 2676
f 2676 2685 2686
f 2676 2686 2677
f 2677 2686 2687
f 2677 2687 2678
f 2678 2687 2688
f 2678 2688 2679
f 2527 2536 2617
f 2527 2617 2608
f 2535 2616 2625
f 2535 2625 2544
f 2536 2545 2626
f 2536 2626 2617
f 2544 2625 2634
f 2544 2634 2553
f 2545 2554 2635
f 2545 2635 2626
f 2553 2634 2643
f 2553 2643 2562
f 2554 2563 2644
f 2554 2644 2635
f 2562 2643 2652
f 2562 2652 2571
f 2563 2572 2653
f 2563 2653 2644
f 2571 2652 2661
f 2571 2661 2580
f 2572 2581 2662
f 2572 2662 2653
f 2580 2661 2670
f 2580 2670 2589
f 2581 2590 2671
f 2581 2671 2662
f 2589 2670 2679
f 2589 2679 2598
f 2590 2599 2680
f 2590 2680 2671
f 2598 2679 2688
f 2598 2688 2607
f 2527 2608 2609
f 2527 2609 2528
f 2599 2600 2681
f 2599 2681 2680
f 2528 2609 2610
f 2528 2610 2529
f 2600 2601 2682
f 2600 2682 2681
f 2529 2610 2611
f 2529 2611 2530
f 2601 2602 2683
f 2601 2683 2682
f 2530 2611 2612
f 2530 2612 2531
f 2602 2603 2684
f 2602 2684 2683
f 2531 2612 2613
f 2531 2613 2532
f 2603 2604 2685
f 2603 2685 2684
f 2532 2613 2614
f 2532 2614 2533
f 2604 2605 2686
f 2604 2686 2685
f 2533 2614 2615
f 2533 2615 2534
f 2605 2606 2687
f 2605 2687 2686
f 2534 2615 2616
f 2534 2616 2535
f 2606 2607 2688
f 2606 2688 2687
o sode_1_R
v 1.717238 0.551716 0.212297
v 1.768142 0.540000 0.228044
v 1.830239 0.540000 0.247252
v 1.892336 0.540000 0.266461
v 1.954433 0.540000 0.285670
v 2.016530 0.540000 0.304879
v 2.078627 0.540000 0.324088
v 2.140723 0.540000 0.343296
v 2.191628 0.551716 0.359043
v 1.707186 0.570299 0.209188
v 1.768142 0.570000 0.228044
v 1.830239 0.570000 0.247252
v 1.892336 0.570000 0.266461
v 1.954433 0.570000 0.285670
v 2.016530 0.570000 0.304879
v 2.078627 0.570000 0.324088
v 2.140723 0.570000 0.343296
v 2.201679 0.570299 0.362152
v 1.706045 0.600000 0.208835
v 1.768142 0.600000 0.228044
v 1.830239 0.600000 0.247252
v 1.892336 0.600000 0.266461
v 1.954433 0.600000 0.285670
v 2.016530 0.600000 0.304879
v 2.078627 0.600000 0.324088
v 2.140723 0.600000 0.343296
v 2.202820 0.600000 0.362505
v 1.706045 0.630000 0.208835
v 1.768142 0.630000 0.228044
v 1.830239 0.630000 0.247252
v 1.892336 0.630000 0.266461
v 1.954433 0.630000 0.285670
v 2.016530 0.630000 0.304879
v 2.078627 0.630000 0.324088
v 2.140723 0.630000 0.343296
v 2.202820 0.630000 0.362505
v 1.706045 0.660000 0.208835
v 1.768142 0.660000 0.228044
v 1.830239 0.660000 0.247252
v 1.892336 0.660000 0.266461
v 1.954433 0.660000 0.285670
v 2.016530 0.660000 0.304879
v 2.078627 0.660000 0.324088
v 2.140723 0.660000 0.343296
v 2.202820 0.660000 0.362505
v 1.706045 0.690000 0.208835
v 1.768142 0.690000 0.228044
v 1.830239 0.690000 0.247252
v 1.892336 0.690000 0.266461
v 1.954433 0.690000 0.285670
v 2.016530 0.690000 0.304879
v 2.078627 0.690000 0.324088
v 2.140723 0.690000 0.343296
v 2.202820 0.690000 0.362505
v 1.706045 0.720000 0.208835
v 1.768142 0.720000 0.228044
v 1.830239 0.720000 0.247252
v 1.892336 0.720000 0.266461
v 1.954433 0.720000 0.285670
v 2.016530 0.720000 0.304879
v 2.078627 0.720000 0.324088
v 2.140723 0.720000 0.343296
v 2.202820 0.720000 0.362505
v 1.707186 0.749701 0.209188
v 1.768142 0.750000 0.228044
v 1.830239 0.750000 0.247252
v 1.892336 0.750000 0.266461
v 1.954433 0.750000 0.285670
v 2.016530 0.750000 0.304879
v 2.078627 0.750000 0.324088
v 2.140723 0.750000 0.343296
v 2.201679 0.749701 0.362152
v 1.717238 0.768284 0.212297
v 1.768142 0.780000 0.228044
v 1.830239 0.780000 0.247252
v 1.892336 0.780000 0.266461
v 1.954433 0.780000 0.285670
v 2.016530 0.780000 0.304879
v 2.078627 0.780000 0.324088
v 2.140723 0.780000 0.343296
v 2.191628 0.768284 0.359043
v 1.726103 0.551716 0.183637
v 1.777008 0.540000 0.199383
v 1.839105 0.540000 0.218592
v 1.901202 0.540000 0.237801
v 1.963298 0.540000 0.257010
v 2.025395 0.540000 0.276219
v 2.087492 0.540000 0.295427
v 2.149589 0.540000 0.314636
v 2.200493 0.551716 0.330383
v 1.716052 0.570299 0.180528
v 1.777008 0.570000 0.199383
v 1.839105 0.570000 0.218592
v 1.901202 0.570000 0.237801
v 1.963298 0.570000 0.257010
v 2.025395 0.570000 0.276219
v 2.087492 0.570000 0.295427
v 2.149589 0.570000 0.314636
v 2.210545 0.570299 0.333492
v 1.714911 0.600000 0.180175
v 1.777008 0.600000 0.199383
v 1.839105 0.600000 0.218592
v 1.901202 0.600000 0.237801
v 1.963298 0.600000 0.257010
v 2.025395 0.600000 0.276219
v 2.087492 0.600000 0.295427
v 2.149589 0.600000 0.314636
v 2.211686 0.600000 0.333845
v 1.714911 0.630000 0.180175
v 1.777008 0.630000 0.199383
v 1.839105 0.630000 0.218592
v 1.901202 0.630000 0.237801
v 1.963298 0.630000 0.257010
v 2.025395 0.630000 0.276219
v 2.087492 0.630000 0.295427
v 2.149589 0.630000 0.314636
v 2.211686 0.630000 0.333845
v 1.714911 0.660000 0.180175
v 1.777008 0.660000 0.199383
v 1.839105 0.660000 0.218592
v 1.901202 0.660000 0.237801
v 1.963298 0.660000 0.257010
v 2.025395 0.660000 0.276219
v 2.087492 0.660000 0.295427
v 2.149589 0.660000 0.314636
v 2.211686 0.660000 0.333845
v 1.714911 0.690000 0.180175
v 1.777008 0.690000 0.199383
v 1.839105 0.690000 0.218592
v 1.901202 0.690000 0.237801
v 1.963298 0.690000 0.257010
v 2.025395 0.690000 0.276219
v 2.087492 0.690000 0.295427
v 2.149589 0.690000 0.314636
v 2.211686 0.690000 0.333845
v 1.714911 0.720000 0.180175
v 1.777008 0.720000 0.199383
v 1.839105 0.720000 0.218592
v 1.901202 0.720000 0.237801
v 1.963298 0.720000 0.257010
v 2.025395 0.720000 0.276219
v 2.087492 0.720000 0.295427
v 2.149589 0.720000 0.314636
v 2.211686 0.720000 0.333845
v 1.716052 0.749701 0.180528
v 1.777008 0.750000 0.199383
v 1.839105 0.750000 0.218592
v 1.901202 0.750000 0.237801
v 1.963298 0.750000 0.257010
v 2.025395 0.750000 0.276219
v 2.087492 0.750000 0.295427
v 2.149589 0.750000 0.314636
v 2.210545 0.749701 0.333492
v 1.726103 0.768284 0.183637
v 1.777008 0.780000 0.199383
v 1.839105 0.780000 0.218592
v 1.901202 0.780000 0.237801
v 1.963298 0.780000 0.257010
v 2.025395 0.780000 0.276219
v 2.087492 0.780000 0.295427
v 2.149589 0.780000 0.314636
v 2.200493 0.768284 0.330383
vn -0.639667 -0.705633 0.304808
vn -0.257989 -0.703434 0.662286
vn -0.208964 -0.707107 0.675525
vn -0.208964 -0.707107 0.675525
vn -0.208964 -0.707107 0.675525
vn -0.208964 -0.707107 0.675525
vn -0.208964 -0.707107 0.675525
vn -0.112547 -0.697921 0.707276
vn 0.533910 -0.666265 0.520606
vn -0.865612 -0.136763 0.481676
vn -0.295520 0.000000 0.955336
vn -0.295520 0.000000 0.955336
vn -0.295520 0.000000 0.955336
vn -0.295520 0.000000 0.955336
vn -0.295520 0.000000 0.955336
vn -0.295520 0.000000 0.955336
vn -0.295520 -0.000000 0.955336
vn 0.442446 -0.136763 0.886306
vn -0.884387 -0.009471 0.466659
vn -0.295520 -0.000000 0.955336
vn -0.295520 0.000000 0.955336
vn -0.295520 0.000000 0.955336
vn -0.295520 0.000000 0.955336
vn -0.295520 0.000000 0.955336
vn -0.295520 0.000000 0.955336
vn -0.295520 0.000000 0.955336
vn 0.466421 -0.009471 0.884512
vn -0.884489 0.000000 0.466561
vn -0.295520 0.000000 0.955336
vn -0.295520 0.000000 0.955336
vn -0.295520 0.000000 0.955336
vn -0.295520 0.000000 0.955336
vn -0.295520 0.000000 0.955336
vn -0.295520 0.000000 0.955336
vn -0.295520 0.000000 0.955336
vn 0.466561 0.000000 0.884489
vn -0.884489 0.000000 0.466561
vn -0.295520 0.000000 0.955336
vn -0.295520 0.000000 0.955336
vn -0.295520 0.000000 0.955336
vn -0.295520 0.000000 0.955336
vn -0.295520 0.000000 0.955336
vn -0.295520 0.000000 0.955336
vn -0.295520 0.000000 0.955336
vn 0.466561 0.000000 0.884489
vn -0.884489 0.000000 0.466561
vn -0.295520 0.000000 0.955336
vn -0.295520 0.000000 0.955336
vn -0.295520 0.000000 0.955336
vn -0.295520 0.000000 0.955336
vn -0.295520 0.000000 0.955336
vn -0.295520 0.000000 0.955336
vn -0.295520 0.000000 0.955336
vn 0.466561 0.000000 0.884489
vn -0.884205 0.018942 0.466715
vn -0.295520 0.000000 0.955336
vn -0.295520 0.000000 0.955336
vn -0.295520 0.000000 0.955336
vn -0.295520 0.000000 0.955336
vn -0.295520 0.000000 0.955336
vn -0.295520 0.000000 0.955336
vn -0.295520 0.000000 0.955336
vn 0.466239 0.018942 0.884456
vn -0.836202 0.244760 0.490774
vn -0.295520 0.000000 0.955336
vn -0.295520 0.000000 0.955336
vn -0.295520 0.000000 0.955336
vn -0.295520 0.000000 0.955336
vn -0.295520 0.000000 0.955336
vn -0.295520 0.000000 0.955336
vn -0.295520 -0.000000 0.955336
vn 0.413036 0.244760 0.877208
vn -0.521977 0.830609 0.193982
vn -0.257989 0.703434 0.662286
vn -0.208964 0.707107 0.675525
vn -0.208964 0.707107 0.675525
vn -0.208964 0.707107 0.675525
vn -0.208964 0.707107 0.675525
vn -0.208964 0.707107 0.675525
vn -0.112547 0.697921 0.707276
vn 0.164460 0.542497 0.823802
vn -0.164460 -0.542497 -0.823802
vn 0.112547 -0.697921 -0.707276
vn 0.208964 -0.707107 -0.675525
vn 0.208964 -0.707107 -0.675525
vn 0.208964 -0.707107 -0.675525
vn 0.208964 -0.707107 -0.675525
vn 0.208964 -0.707107 -0.675525
vn 0.257989 -0.703434 -0.662286
vn 0.521977 -0.830609 -0.193982
vn -0.413036 -0.244760 -0.877208
vn 0.295520 -0.000000 -0.955336
vn 0.295520 0.000000 -0.955336
vn 0.295520 0.000000 -0.955336
vn 0.295520 0.000000 -0.955336
vn 0.295520 0.000000 -0.955336
vn 0.295520 0.000000 -0.955336
vn 0.295520 -0.000000 -0.955336
vn 0.836202 -0.244760 -0.490774
vn -0.466239 -0.018942 -0.884456
vn 0.295520 0.000000 -0.955336
vn 0.295520 0.000000 -0.955336
vn 0.295520 0.000000 -0.955336
vn 0.295520 0.000000 -0.955336
vn 0.295520 0.000000 -0.955336
vn 0.295520 0.000000 -0.955336
vn 0.295520 0.000000 -0.955336
vn 0.884205 -0.018942 -0.466715
vn -0.466561 0.000000 -0.884489
vn 0.295520 0.000000 -0.955336
vn 0.295520 0.000000 -0.955336
vn 0.295520 0.000000 -0.955336
vn 0.295520 0.000000 -0.955336
vn 0.295520 0.000000 -0.955336
vn 0.295520 0.000000 -0.955336
vn 0.295520 0.000000 -0.955336
vn 0.884489 0.000000 -0.466561
vn -0.466561 0.000000 -0.884489
vn 0.295520 0.000000 -0.955336
vn 0.295520 0.000000 -0.955336
vn 0.295520 0.000000 -0.955336
vn 0.295520 0.000000 -0.955336
vn 0.295520 0.000000 -0.955336
vn 0.295520 0.000000 -0.955336
vn 0.295520 0.000000 -0.955336
vn 0.884489 0.000000 -0.466561
vn -0.466561 0.000000 -0.884489
vn 0.295520 0.000000 -0.955336
vn 0.295520 0.000000 -0.955336
vn 0.295520 0.000000 -0.955336
vn 0.295520 0.000000 -0.955336
vn 0.295520 0.000000 -0.955336
vn 0.295520 0.000000 -0.955336
vn 0.295520 0.000000 -0.955336
vn 0.884489 0.000000 -0.466561
vn -0.466421 0.009471 -0.884512
vn 0.295520 0.000000 -0.955336
vn 0.295520 0.000000 -0.955336
vn 0.295520 0.000000 -0.955336
vn 0.295520 0.000000 -0.955336
vn 0.295520 0.000000 -0.955336
vn 0.295520 0.000000 -0.955336
vn 0.295520 0.000000 -0.955336
vn 0.884387 0.009471 -0.466659
vn -0.442446 0.136763 -0.886306
vn 0.295520 -0.000000 -0.955336
vn 0.295520 0.000000 -0.955336
vn 0.295520 0.000000 -0.955336
vn 0.295520 0.000000 -0.955336
vn 0.295520 0.000000 -0.955336
vn 0.295520 0.000000 -0.955336
vn 0.295520 -0.000000 -0.955336
vn 0.865612 0.136763 -0.481676
vn -0.533910 0.666265 -0.520606
vn 0.112547 0.697921 -0.707276
vn 0.208964 0.707107 -0.675525
vn 0.208964 0.707107 -0.675525
vn 0.208964 0.707107 -0.675525
vn 0.208964 0.707107 -0.675525
vn 0.208964 0.707107 -0.675525
vn 0.257989 0.703434 -0.662286
vn 0.639667 0.705633 -0.304808
usemtl lacquer_black
f 2689 2690 2699
f 2689 2699 2698
f 2690 2691 2700
f 2690 2700 2699
f 2691 2692 2701
f 2691 2701 2700
f 2692 2693 2702
f 2692 2702 2701
f 2693 2694 2703
f 2693 2703 2702
f 2694 2695 2704
f 2694 2704 2703
f 2695 2696 2705
f 2695 2705 2704
f 2696 2697 2706
f 2696 2706 2705
f 2698 2699 2708
f 2698 2708 2707
f 2699 2700 2709
f 2699 2709 2708
f 2700 2701 2710
f 2700 2710 2709
f 2701 2702 2711
f 2701 2711 2710
f 2702 2703 2712
f 2702 2712 2711
f 2703 2704 2713
f 2703 2713 2712
f 2704 2705 2714
f 2704 2714 2713
f 2705 2706 2715
f 2705 2715 2714
f 2707 2708 2717
f 2707 2717 2716
f 2708 2709 2718
f 2708 2718 2717
f 2709 2710 2719
f 2709 2719 2718
f 2710 2711 2720
f 2710 2720 2719
f 2711 2712 2721
f 2711 2721 2720
f 2712 2713 2722
f 2712 2722 2721
f 2713 2714 2723
f 2713 2723 2722
f 2714 2715 2724
f 2714 2724 2723
f 2716 2717 2726
f 2716 2726 2725
f 2717 2718 2727
f 2717 2727 2726
f 2718 2719 2728
f 2718 2728 2727
f 2719 2720 2729
f 2719 2729 2728
f 2720 2721 2730
f 2720 2730 2729
f 2721 2722 2731
f 2721 2731 2730
f 2722 2723 2732
f 2722 2732 2731
f 2723 2724 2733
f 2723 2733 2732
f 2725 2726 2735
f 2725 2735 2734
f 2726 2727 2736
f 2726 2736 2735
f 2727 2728 2737
f 2727 2737 2736
f 2728 2729 2738
f 2728 2738 2737
f 2729 2730 2739
f 2729 2739 2738
f 2730 2731 2740
f 2730 2740 2739
f 2731 2732 2741
f 2731 2741 2740
f 2732 2733 2742
f 2732 2742 2741
f 2734 2735 2744
f 2734 2744 2743
f 2735 2736 2745
f 2735 2745 2744
f 2736 2737 2746
f 2736 2746 2745
f 2737 2738 2747
f 2737 2747 2746
f 2738 2739 2748
f 2738 2748 2747
f 2739 2740 2749
f 2739 2749 2748
f 2740 2741 2750
f 2740 2750 2749
f 2741 2742 2751
f 2741 2751 2750
f 2743 2744 2753
f 2743 2753 2752
f 2744 2745 2754
f 2744 2754 2753
f 2745 2746 2755
f 2745 2755 2754
f 2746 2747 2756
f 2746 2756 2755
f 2747 2748 2757
f 2747 2757 2756
f 2748 2749 2758
f 2748 2758 2757
f 2749 2750 2759
f 2749 2759 2758
f 2750 2751 2760
f 2750 2760 2759
f 2752 2753 2762
f 2752 2762 2761
f 2753 2754 2763
f 2753 2763 2762
f 2754 2755 2764
f 2754 2764 2763
f 2755 2756 2765
f 2755 2765 2764
f 2756 2757 2766
f 2756 2766 2765
f 2757 2758 2767
f 2757 2767 2766
f 2758 2759 2768
f 2758 2768 2767
f 2759 2760 2769
f 2759 2769 2768
f 2770 2779 2780
f 2770 2780 2771
f 2771 2780 2781
f 2771 2781 2772
f 2772 2781 2782
f 2772 2782 2773
f 2773 2782 2783
f 2773 2783 2774
f 2774 2783 2784
f 2774 2784 2775
f 2775 2784 2785
f 2775 2785 2776
f 2776 2785 2786
f 2776 2786 2777
f 2777 2786 2787
f 2777 2787 2778
f 2779 2788 2789
f 2779 2789 2780
f 2780 2789 2790
f 2780 2790 2781
f 2781 2790 2791
f 2781 2791 2782
f 2782 2791 2792
f 2782 2792 2783
f 2783 2792 2793
f 2783 2793 2784
f 2784 2793 2794
f 2784 2794 2785
f 2785 2794 2795
f 2785 2795 2786
f 2786 2795 2796
f 2786 2796 2787
f 2788 2797 2798
f 2788 2798 2789
f 2789 2798 2799
f 2789 2799 2790
f 2790 2799 2800
f 2790 2800 2791
f 2791 2800 2801
f 2791 2801 2792
f 2792 2801 2802
f 2792 2802 2793
f 2793 2802 2803
f 2793 2803 2794
f 2794 2803 2804
f 2794 2804 2795
f 2795 2804 2805
f 2795 2805 2796
f 2797 2806 2807
f 2797 2807 2798
f 2798 2807 2808
f 2798 2808 2799
f 2799 2808 2809
f 2799 2809 2800
f 2800 2809 2810
f 2800 2810 2801
f 2801 2810 2811
f 2801 2811 2802
f 2802 2811 2812
f 2802 2812 2803
f 2803 2812 2813
f 2803 2813 2804
f 2804 2813 2814
f 2804 2814 2805
f 2806 2815 2816
f 2806 2816 2807
f 2807 2816 2817
f 2807 2817 2808
f 2808 2817 2818
f 2808 2818 2809
f 2809 2818 2819
f 2809 2819 2810
f 2810 2819 2820
f 2810 2820 2811
f 2811 2820 2821
f 2811 2821 2812
f 2812 2821 2822
f 2812 2822 2813
f 2813 2822 2823
f 2813 2823 2814
f 2815 2824 2825
f 2815 2825 2816
f 2816 2825 2826
f 2816 2826 2817
f 2817 2826 2827
f 2817 2827 2818
f 2818 2827 2828
f 2818 2828 2819
f 2819 2828 2829
f 2819 2829 2820
f 2820 2829 2830
f 2820 2830 2821
f 2821 2830 2831
f 2821 2831 2822
f 2822 2831 2832
f 2822 2832 2823
f 2824 2833 2834
f 2824 2834 2825
f 2825 2834 2835
f 2825 2835 2826
f 2826 2835 2836
f 2826 2836 2827
f 2827 2836 2837
f 2827 2837 2828
f 2828 2837 2838
f 2828 2838 2829
f 2829 2838 2839
f 2829 2839 2830
f 2830 2839 2840
f 2830 2840 2831
f 2831 2840 2841
f 2831 2841 2832
f 2833 2842 2843
f 2833 2843 2834
f 2834 2843 2844
f 2834 2844 2835
f 2835 2844 2845
f 2835 2845 2836
f 2836 2845 2846
f 2836 2846 2837
f 2837 2846 2847
f 2837 2847 2838
f 2838 2847 2848
f 2838 2848 2839
f 2839 2848 2849
f 2839 2849 2840
f 2840 2849 2850
f 2840 2850 2841
f 2689 2698 2779
f 2689 2779 2770
f 2697 2778 2787
f 2697 2787 2706
f 2698 2707 2788
f 2698 2788 2779
f 2706 2787 2796
f 2706 2796 2715
f 2707 2716 2797
f 2707 2797 2788
f 2715 2796 2805
f 2715 2805 2724
f 2716 2725 2806
f 2716 2806 2797
f 2724 2805 2814
f 2724 2814 2733
f 2725 2734 2815
f 2725 2815 2806
f 2733 2814 2823
f 2733 2823 2742
f 2734 2743 2824
f 2734 2824 2815
f 2742 2823 2832
f 2742 2832 2751
f 2743 2752 2833
f 2743 2833 2824
f 2751 2832 2841
f 2751 2841 2760
f 2752 2761 2842
f 2752 2842 2833
f 2760 2841 2850
f 2760 2850 2769
f 2689 2770 2771
f 2689 2771 2690
f 2761 2762 2843
f 2761 2843 2842
f 2690 2771 2772
f 2690 2772 2691
f 2762 2763 2844
f 2762 2844 2843
f 2691 2772 2773
f 2691 2773 2692
f 2763 2764 2845
f 2763 2845 2844
f 2692 2773 2774
f 2692 2774 2693
f 2764 2765 2846
f 2764 2846 2845
f 2693 2774 2775
f 2693 2775 2694
f 2765 2766 2847
f 2765 2847 2846
f 2694 2775 2776
f 2694 2776 2695
f 2766 2767 2848
f 2766 2848 2847
f 2695 2776 2777
f 2695 2777 2696
f 2767 2768 2849
f 2767 2849 2848
f 2696 2777 2778
f 2696 2778 2697
f 2768 2769 2850
f 2768 2850 2849
o sode_2_R
v 1.726791 0.311716 0.215252
v 1.775307 0.300000 0.230260
v 1.835016 0.300000 0.248730
v 1.894724 0.300000 0.267200
v 1.954433 0.300000 0.285670
v 2.014141 0.300000 0.304140
v 2.073850 0.300000 0.322610
v 2.133558 0.300000 0.341080
v 2.182074 0.311716 0.356088
v 1.716740 0.330299 0.212143
v 1.775307 0.330000 0.230260
v 1.835016 0.330000 0.248730
v 1.894724 0.330000 0.267200
v 1.954433 0.330000 0.285670
v 2.014141 0.330000 0.304140
v 2.073850 0.330000 0.322610
v 2.133558 0.330000 0.341080
v 2.192126 0.330299 0.359197
v 1.715599 0.360000 0.211790
v 1.775307 0.360000 0.230260
v 1.835016 0.360000 0.248730
v 1.894724 0.360000 0.267200
v 1.954433 0.360000 0.285670
v 2.014141 0.360000 0.304140
v 2.073850 0.360000 0.322610
v 2.133558 0.360000 0.341080
v 2.193267 0.360000 0.359550
v 1.715599 0.390000 0.211790
v 1.775307 0.390000 0.230260
v 1.835016 0.390000 0.248730
v 1.894724 0.390000 0.267200
v 1.954433 0.390000 0.285670
v 2.014141 0.390000 0.304140
v 2.073850 0.390000 0.322610
v 2.133558 0.390000 0.341080
v 2.193267 0.390000 0.359550
v 1.715599 0.420000 0.211790
v 1.775307 0.420000 0.230260
v 1.835016 0.420000 0.248730
v 1.894724 0.420000 0.267200
v 1.954433 0.420000 0.285670
v 2.014141 0.420000 0.304140
v 2.073850 0.420000 0.322610
v 2.133558 0.420000 0.341080
v 2.193267 0.420000 0.359550
v 1.715599 0.450000 0.211790
v 1.775307 0.450000 0.230260
v 1.835016 0.450000 0.248730
v 1.894724 0.450000 0.267200
v 1.954433 0.450000 0.285670
v 2.014141 0.450000 0.304140
v 2.073850 0.450000 0.322610
v 2.133558 0.450000 0.341080
v 2.193267 0.450000 0.359550
v 1.715599 0.480000 0.211790
v 1.775307 0.480000 0.230260
v 1.835016 0.480000 0.248730
v 1.894724 0.480000 0.267200
v 1.954433 0.480000 0.285670
v 2.014141 0.480000 0.304140
v 2.073850 0.480000 0.322610
v 2.133558 0.480000 0.341080
v 2.193267 0.480000 0.359550
v 1.716740 0.509701 0.212143
v 1.775307 0.510000 0.230260
v 1.835016 0.510000 0.248730
v 1.894724 0.510000 0.267200
v 1.954433 0.510000 0.285670
v 2.014141 0.510000 0.304140
v 2.073850 0.510000 0.322610
v 2.133558 0.510000 0.341080
v 2.192126 0.509701 0.359197
v 1.726791 0.528284 0.215252
v 1.775307 0.540000 0.230260
v 1.835016 0.540000 0.248730
v 1.894724 0.540000 0.267200
v 1.954433 0.540000 0.285670
v 2.014141 0.540000 0.304140
v 2.073850 0.540000 0.322610
v 2.133558 0.540000 0.341080
v 2.182074 0.528284 0.356088
v 1.735657 0.311716 0.186592
v 1.784173 0.300000 0.201600
v 1.843881 0.300000 0.220070
v 1.903590 0.300000 0.238540
v 1.963298 0.300000 0.257010
v 2.023007 0.300000 0.275480
v 2.082715 0.300000 0.293950
v 2.142424 0.300000 0.312420
v 2.190940 0.311716 0.327428
v 1.725605 0.330299 0.183483
v 1.784173 0.330000 0.201600
v 1.843881 0.330000 0.220070
v 1.903590 0.330000 0.238540
v 1.963298 0.330000 0.257010
v 2.023007 0.330000 0.275480
v 2.082715 0.330000 0.293950
v 2.142424 0.330000 0.312420
v 2.200992 0.330299 0.330537
v 1.724464 0.360000 0.183130
v 1.784173 0.360000 0.201600
v 1.843881 0.360000 0.220070
v 1.903590 0.360000 0.238540
v 1.963298 0.360000 0.257010
v 2.023007 0.360000 0.275480
v 2.082715 0.360000 0.293950
v 2.142424 0.360000 0.312420
v 2.202133 0.360000 0.330890
v 1.724464 0.390000 0.183130
v 1.784173 0.390000 0.201600
v 1.843881 0.390000 0.220070
v 1.903590 0.390000 0.238540
v 1.963298 0.390000 0.257010
v 2.023007 0.390000 0.275480
v 2.082715 0.390000 0.293950
v 2.142424 0.390000 0.312420
v 2.202133 0.390000 0.330890
v 1.724464 0.420000 0.183130
v 1.784173 0.420000 0.201600
v 1.843881 0.420000 0.220070
v 1.903590 0.420000 0.238540
v 1.963298 0.420000 0.257010
v 2.023007 0.420000 0.275480
v 2.082715 0.420000 0.293950
v 2.142424 0.420000 0.312420
v 2.202133 0.420000 0.330890
v 1.724464 0.450000 0.183130
v 1.784173 0.450000 0.201600
v 1.843881 0.450000 0.220070
v 1.903590 0.450000 0.238540
v 1.963298 0.450000 0.257010
v 2.023007 0.450000 0.275480
v 2.082715 0.450000 0.293950
v 2.142424 0.450000 0.312420
v 2.202133 0.450000 0.330890
v 1.724464 0.480000 0.183130
v 1.784173 0.480000 0.201600
v 1.843881 0.480000 0.220070
v 1.903590 0.480000 0.238540
v 1.963298 0.480000 0.257010
v 2.023007 0.480000 0.275480
v 2.082715 0.480000 0.293950
v 2.142424 0.480000 0.312420
v 2.202133 0.480000 0.330890
v 1.725605 0.509701 0.183483
v 1.784173 0.510000 0.201600
v 1.843881 0.510000 0.220070
v 1.903590 0.510000 0.238540
v 1.963298 0.510000 0.257010
v 2.023007 0.510000 0.275480
v 2.082715 0.510000 0.293950
v 2.142424 0.510000 0.312420
v 2.200992 0.509701 0.330537
v 1.735657 0.528284 0.186592
v 1.784173 0.540000 0.201600
v 1.843881 0.540000 0.220070
v 1.903590 0.540000 0.238540
v 1.963298 0.540000 0.257010
v 2.023007 0.540000 0.275480
v 2.082715 0.540000 0.293950
v 2.142424 0.540000 0.312420
v 2.190940 0.528284 0.327428
vn -0.643147 -0.703310 0.302849
vn -0.260323 -0.703077 0.661752
vn -0.208964 -0.707107 0.675525
vn -0.208964 -0.707107 0.675525
vn -0.208964 -0.707107 0.675525
vn -0.208964 -0.707107 0.675525
vn -0.208964 -0.707107 0.675525
vn -0.108037 -0.697027 0.708859
vn 0.536227 -0.664329 0.520699
vn -0.865612 -0.136763 0.481676
vn -0.295520 -0.000000 0.955336
vn -0.295520 0.000000 0.955336
vn -0.295520 0.000000 0.955336
vn -0.295520 0.000000 0.955336
vn -0.295520 0.000000 0.955336
vn -0.295520 0.000000 0.955336
vn -0.295520 -0.000000 0.955336
vn 0.442446 -0.136763 0.886306
vn -0.884387 -0.009471 0.466659
vn -0.295520 0.000000 0.955336
vn -0.295520 0.000000 0.955336
vn -0.295520 0.000000 0.955336
vn -0.295520 0.000000 0.955336
vn -0.295520 0.000000 0.955336
vn -0.295520 0.000000 0.955336
vn -0.295520 0.000000 0.955336
vn 0.466421 -0.009471 0.884512
vn -0.884489 0.000000 0.466561
vn -0.295520 0.000000 0.955336
vn -0.295520 0.000000 0.955336
vn -0.295520 0.000000 0.955336
vn -0.295520 0.000000 0.955336
vn -0.295520 0.000000 0.955336
vn -0.295520 0.000000 0.955336
vn -0.295520 0.000000 0.955336
vn 0.466561 0.000000 0.884489
vn -0.884489 0.000000 0.466561
vn -0.295520 0.000000 0.955336
vn -0.295520 0.000000 0.955336
vn -0.295520 0.000000 0.955336
vn -0.295520 0.000000 0.955336
vn -0.295520 0.000000 0.955336
vn -0.295520 0.000000 0.955336
vn -0.295520 0.000000 0.955336
vn 0.466561 0.000000 0.884489
vn -0.884489 0.000000 0.466561
vn -0.295520 0.000000 0.955336
vn -0.295520 0.000000 0.955336
vn -0.295520 0.000000 0.955336
vn -0.295520 0.000000 0.955336
vn -0.295520 0.000000 0.955336
vn -0.295520 0.000000 0.955336
vn -0.295520 0.000000 0.955336
vn 0.466561 0.000000 0.884489
vn -0.884205 0.018942 0.466715
vn -0.295520 0.000000 0.955336
vn -0.295520 0.000000 0.955336
vn -0.295520 0.000000 0.955336
vn -0.295520 0.000000 0.955336
vn -0.295520 0.000000 0.955336
vn -0.295520 0.000000 0.955336
vn -0.295520 0.000000 0.955336
vn 0.466239 0.018942 0.884456
vn -0.836202 0.244760 0.490774
vn -0.295520 -0.000000 0.955336
vn -0.295520 0.000000 0.955336
vn -0.295520 0.000000 0.955336
vn -0.295520 0.000000 0.955336
vn -0.295520 0.000000 0.955336
vn -0.295520 0.000000 0.955336
vn -0.295520 0.000000 0.955336
vn 0.413036 0.244760 0.877208
vn -0.527569 0.827617 0.191628
vn -0.260323 0.703077 0.661752
vn -0.208964 0.707107 0.675525
vn -0.208964 0.707107 0.675525
vn -0.208964 0.707107 0.675525
vn -0.208964 0.707107 0.675525
vn -0.208964 0.707107 0.675525
vn -0.108037 0.697027 0.708859
vn 0.167830 0.541098 0.824042
vn -0.167830 -0.541098 -0.824042
vn 0.108037 -0.697027 -0.708859
vn 0.208964 -0.707107 -0.675525
vn 0.208964 -0.707107 -0.675525
vn 0.208964 -0.707107 -0.675525
vn 0.208964 -0.707107 -0.675525
vn 0.208964 -0.707107 -0.675525
vn 0.260323 -0.703077 -0.661752
vn 0.527569 -0.827617 -0.191628
vn -0.413036 -0.244760 -0.877208
vn 0.295520 -0.000000 -0.955336
vn 0.295520 0.000000 -0.955336
vn 0.295520 0.000000 -0.955336
vn 0.295520 0.000000 -0.955336
vn 0.295520 0.000000 -0.955336
vn 0.295520 0.000000 -0.955336
vn 0.295520 0.000000 -0.955336
vn 0.836202 -0.244760 -0.490774
vn -0.466239 -0.018942 -0.884456
vn 0.295520 -0.000000 -0.955336
vn 0.295520 0.000000 -0.955336
vn 0.295520 0.000000 -0.955336
vn 0.295520 0.000000 -0.955336
vn 0.295520 0.000000 -0.955336
vn 0.295520 0.000000 -0.955336
vn 0.295520 0.000000 -0.955336
vn 0.884205 -0.018942 -0.466715
vn -0.466561 0.000000 -0.884489
vn 0.295520 0.000000 -0.955336
vn 0.295520 0.000000 -0.955336
vn 0.295520 0.000000 -0.955336
vn 0.295520 0.000000 -0.955336
vn 0.295520 0.000000 -0.955336
vn 0.295520 0.000000 -0.955336
vn 0.295520 0.000000 -0.955336
vn 0.884489 0.000000 -0.466561
vn -0.466561 0.000000 -0.884489
vn 0.295520 0.000000 -0.955336
vn 0.295520 0.000000 -0.955336
vn 0.295520 0.000000 -0.955336
vn 0.295520 0.000000 -0.955336
vn 0.295520 0.000000 -0.955336
vn 0.295520 0.000000 -0.955336
vn 0.295520 0.000000 -0.955336
vn 0.884489 0.000000 -0.466561
vn -0.466561 0.000000 -0.884489
vn 0.295520 0.000000 -0.955336
vn 0.295520 0.000000 -0.955336
vn 0.295520 0.000000 -0.955336
vn 0.295520 0.000000 -0.955336
vn 0.295520 0.000000 -0.955336
vn 0.295520 0.000000 -0.955336
vn 0.295520 0.000000 -0.955336
vn 0.884489 0.000000 -0.466561
vn -0.466421 0.009471 -0.884512
vn 0.295520 0.000000 -0.955336
vn 0.295520 0.000000 -0.955336
vn 0.295520 0.000000 -0.955336
vn 0.295520 0.000000 -0.955336
vn 0.295520 0.000000 -0.955336
vn 0.295520 0.000000 -0.955336
vn 0.295520 -0.000000 -0.955336
vn 0.884387 0.009471 -0.466659
vn -0.442446 0.136763 -0.886306
vn 0.295520 0.000000 -0.955336
vn 0.295520 0.000000 -0.955336
vn 0.295520 0.000000 -0.955336
vn 0.295520 0.000000 -0.955336
vn 0.295520 0.000000 -0.955336
vn 0.295520 0.000000 -0.955336
vn 0.295520 -0.000000 -0.955336
vn 0.865612 0.136763 -0.481676
vn -0.536227 0.664329 -0.520699
vn 0.108037 0.697027 -0.708859
vn 0.208964 0.707107 -0.675525
vn 0.208964 0.707107 -0.675525
vn 0.208964 0.707107 -0.675525
vn 0.208964 0.707107 -0.675525
vn 0.208964 0.707107 -0.675525
vn 0.260323 0.703077 -0.661752
vn 0.643147 0.703310 -0.302849
usemtl lacquer_red
f 2851 2852 2861
f 2851 2861 2860
f 2852 2853 2862
f 2852 2862 2861
f 2853 2854 2863
f 2853 2863 2862
f 2854 2855 2864
f 2854 2864 2863
f 2855 2856 2865
f 2855 2865 2864
f 2856 2857 2866
f 2856 2866 2865
f 2857 2858 2867
f 2857 2867 2866
f 2858 2859 2868
f 2858 2868 2867
f 2860 2861 2870
f 2860 2870 2869
f 2861 2862 2871
f 2861 2871 2870
f 2862 2863 2872
f 2862 2872 2871
f 2863 2864 2873
f 2863 2873 2872
f 2864 2865 2874
f 2864 2874 2873
f 2865 2866 2875
f 2865 2875 2874
f 2866 2867 2876
f 2866 2876 2875
f 2867 2868 2877
f 2867 2877 2876
f 2869 2870 2879
f 2869 2879 2878
f 2870 2871 2880
f 2870 2880 2879
f 2871 2872 2881
f 2871 2881 2880
f 2872 2873 2882
f 2872 2882 2881
f 2873 2874 2883
f 2873 2883 2882
f 2874 2875 2884
f 2874 2884 2883
f 2875 2876 2885
f 2875 2885 2884
f 2876 2877 2886
f 2876 2886 2885
f 2878 2879 2888
f 2878 2888 2887
f 2879 2880 2889
f 2879 2889 2888
f 2880 2881 2890
f 2880 2890 2889
f 2881 2882 2891
f 2881 2891 2890
f 2882 2883 2892
f 2882 2892 2891
f 2883 2884 2893
f 2883 2893 2892
f 2884 2885 2894
f 2884 2894 2893
f 2885 2886 2895
f 2885 2895 2894
f 2887 2888 2897
f 2887 2897 2896
f 2888 2889 2898
f 2888 2898 2897
f 2889 2890 2899
f 2889 2899 2898
f 2890 2891 2900
f 2890 2900 2899
f 2891 2892 2901
f 2891 2901 2900
f 2892 2893 2902
f 2892 2902 2901
f 2893 2894 2903
f 2893 2903 2902
f 2894 2895 2904
f 2894 2904 2903
f 2896 2897 2906
f 2896 2906 2905
f 2897 2898 2907
f 2897 2907 2906
f 2898 2899 2908
f 2898 2908 2907
f 2899 2900 2909
f 2899 2909 2908
f 2900 2901 2910
f 2900 2910 2909
f 2901 2902 2911
f 2901 2911 2910
f 2902 2903 2912
f 2902 2912 2911
f 2903 2904 2913
f 2903 2913 2912
f 2905 2906 2915
f 2905 2915 2914
f 2906 2907 2916
f 2906 2916 2915
f 2907 2908 2917
f 2907 2917 2916
f 2908 2909 2918
f 2908 2918 2917
f 2909 2910 2919
f 2909 2919 2918
f 2910 2911 2920
f 2910 2920 2919
f 2911 2912 2921
f 2911 2921 2920
f 2912 2913 2922
f 2912 2922 2921
f 2914 2915 2924
f 2914 2924 2923
f 2915 2916 2925
f 2915 2925 2924
f 2916 2917 2926
f 2916 2926 2925
f 2917 2918 2927
f 2917 2927 2926
f 2918 2919 2928
f 2918 2928 2927
f 2919 2920 2929
f 2919 2929 2928
f 2920 2921 2930
f 2920 2930 2929
f 2921 2922 2931
f 2921 2931 2930
f 2932 2941 2942
f 2932 2942 2933
f 2933 2942 2943
f 2933 2943 2934
f 2934 2943 2944
f 2934 2944 2935
f 2935 2944 2945
f 2935 2945 2936
f 2936 2945 2946
f 2936 2946 2937
f 2937 2946 2947
f 2937 2947 2938
f 2938 2947 2948
f 2938 2948 2939
f 2939 2948 2949
f 2939 2949 2940
f 2941 2950 2951
f 2941 2951 2942
f 2942 2951 2952
f 2942 2952 2943
f 2943 2952 2953
f 2943 2953 2944
f 2944 2953 2954
f 2944 2954 2945
f 2945 2954 2955
f 2945 2955 2946
f 2946 2955 2956
f 2946 2956 2947
f 2947 2956 2957
f 2947 2957 2948
f 2948 2957 2958
f 2948 2958 2949
f 2950 2959 2960
f 2950 2960 2951
f 2951 2960 2961
f 2951 2961 2952
f 2952 2961 2962
f 2952 2962 2953
f 2953 2962 2963
f 2953 2963 2954
f 2954 2963 2964
f 2954 2964 2955
f 2955 2964 2965
f 2955 2965 2956
f 2956 2965 2966
f 2956 2966 2957
f 2957 2966 2967
f 2957 2967 2958
f 2959 2968 2969
f 2959 2969 2960
f 2960 2969 2970
f 2960 2970 2961
f 2961 2970 2971
f 2961 2971 2962
f 2962 2971 2972
f 2962 2972 2963
f 2963 2972 2973
f 2963 2973 2964
f 2964 2973 2974
f 2964 2974 2965
f 2965 2974 2975
f 2965 2975 2966
f 2966 2975 2976
f 2966 2976 2967
f 2968 2977 2978
f 2968 2978 2969
f 2969 2978 2979
f 2969 2979 2970
f 2970 2979 2980
f 2970 2980 2971
f 2971 2980 2981
f 2971 2981 2972
f 2972 2981 2982
f 2972 2982 2973
f 2973 2982 2983
f 2973 2983 2974
f 2974 2983 2984
f 2974 2984 2975
f 2975 2984 2985
f 2975 2985 2976
f 2977 2986 2987
f 2977 2987 2978
f 2978 2987 2988
f 2978 2988 2979
f 2979 2988 2989
f 2979 2989 2980
f 2980 2989 2990
f 2980 2990 2981
f 2981 2990 2991
f 2981 2991 2982
f 2982 2991 2992
f 2982 2992 2983
f 2983 2992 2993
f 2983 2993 2984
f 2984 2993 2994
f 2984 2994 2985
f 2986 2995 2996
f 2986 2996 2987
f 2987 2996 2997
f 2987 2997 2988
f 2988 2997 2998
f 2988 2998 2989
f 2989 2998 2999
f 2989 2999 2990
f 2990 2999 3000
f 2990 3000 2991
f 2991 3000 3001
f 2991 3001 2992
f 2992 3001 3002
f 2992 3002 2993
f 2993 3002 3003
f 2993 3003 2994
f 2995 3004 3005
f 2995 3005 2996
f 2996 3005 3006
f 2996 3006 2997
f 2997 3006 3007
f 2997 3007 2998
f 2998 3007 3008
f 2998 3008 2999
f 2999 3008 3009
f 2999 3009 3000
f 3000 3009 3010
f 3000 3010 3001
f 3001 3010 3011
f 3001 3011 3002
f 3002 3011 3012
f 3002 3012 3003
f 2851 2860 2941
f 2851 2941 2932
f 2859 2940 2949
f 2859 2949 2868
f 2860 2869 2950
f 2860 2950 2941
f 2868 2949 2958
f 2868 2958 2877
f 2869 2878 2959
f 2869 2959 2950
f 2877 2958 2967
f 2877 2967 2886
f 2878 2887 2968
f 2878 2968 2959
f 2886 2967 2976
f 2886 2976 2895
f 2887 2896 2977
f 2887 2977 2968
f 2895 2976 2985
f 2895 2985 2904
f 2896 2905 2986
f 2896 2986 2977
f 2904 2985 2994
f 2904 2994 2913
f 2905 2914 2995
f 2905 2995 2986
f 2913 2994 3003
f 2913 3003 2922
f 2914 2923 3004
f 2914 3004 2995
f 2922 3003 3012
f 2922 3012 2931
f 2851 2932 2933
f 2851 2933 2852
f 2923 2924 3005
f 2923 3005 3004
f 2852 2933 2934
f 2852 2934 2853
f 2924 2925 3006
f 2924 3006 3005
f 2853 2934 2935
f 2853 2935 2854
f 2925 2926 3007
f 2925 3007 3006
f 2854 2935 2936
f 2854 2936 2855
f 2926 2927 3008
f 2926 3008 3007
f 2855 2936 2937
f 2855 2937 2856
f 2927 2928 3009
f 2927 3009 3008
f 2856 2937 2938
f 2856 2938 2857
f 2928 2929 3010
f 2928 3010 3009
f 2857 2938 2939
f 2857 2939 2858
f 2929 2930 3011
f 2929 3011 3010
f 2858 2939 2940
f 2858 2940 2859
f 2930 2931 3012
f 2930 3012 3011
o sode_3_R
v 1.736345 0.071716 0.218207
v 1.782472 0.060000 0.232476
v 1.839792 0.060000 0.250208
v 1.897113 0.060000 0.267939
v 1.954433 0.060000 0.285670
v 2.011753 0.060000 0.303401
v 2.069073 0.060000 0.321132
v 2.126393 0.060000 0.338864
v 2.172521 0.071716 0.353133
v 1.726293 0.090299 0.215098
v 1.782472 0.090000 0.232476
v 1.839792 0.090000 0.250208
v 1.897113 0.090000 0.267939
v 1.954433 0.090000 0.285670
v 2.011753 0.090000 0.303401
v 2.069073 0.090000 0.321132
v 2.126393 0.090000 0.338864
v 2.182573 0.090299 0.356242
v 1.725152 0.120000 0.214745
v 1.782472 0.120000 0.232476
v 1.839792 0.120000 0.250208
v 1.897113 0.120000 0.267939
v 1.954433 0.120000 0.285670
v 2.011753 0.120000 0.303401
v 2.069073 0.120000 0.321132
v 2.126393 0.120000 0.338864
v 2.183714 0.120000 0.356595
v 1.725152 0.150000 0.214745
v 1.782472 0.150000 0.232476
v 1.839792 0.150000 0.250208
v 1.897113 0.150000 0.267939
v 1.954433 0.150000 0.285670
v 2.011753 0.150000 0.303401
v 2.069073 0.150000 0.321132
v 2.126393 0.150000 0.338864
v 2.183714 0.150000 0.356595
v 1.725152 0.180000 0.214745
v 1.782472 0.180000 0.232476
v 1.839792 0.180000 0.250208
v 1.897113 0.180000 0.267939
v 1.954433 0.180000 0.285670
v 2.011753 0.180000 0.303401
v 2.069073 0.180000 0.321132
v 2.126393 0.180000 0.338864
v 2.183714 0.180000 0.356595
v 1.725152 0.210000 0.214745
v 1.782472 0.210000 0.232476
v 1.839792 0.210000 0.250208
v 1.897113 0.210000 0.267939
v 1.954433 0.210000 0.285670
v 2.011753 0.210000 0.303401
v 2.069073 0.210000 0.321132
v 2.126393 0.210000 0.338864
v 2.183714 0.210000 0.356595
v 1.725152 0.240000 0.214745
v 1.782472 0.240000 0.232476
v 1.839792 0.240000 0.250208
v 1.897113 0.240000 0.267939
v 1.954433 0.240000 0.285670
v 2.011753 0.240000 0.303401
v 2.069073 0.240000 0.321132
v 2.126393 0.240000 0.338864
v 2.183714 0.240000 0.356595
v 1.726293 0.269701 0.215098
v 1.782472 0.270000 0.232476
v 1.839792 0.270000 0.250208
v 1.897113 0.270000 0.267939
v 1.954433 0.270000 0.285670
v 2.011753 0.270000 0.303401
v 2.069073 0.270000 0.321132
v 2.126393 0.270000 0.338864
v 2.182573 0.269701 0.356242
v 1.736345 0.288284 0.218207
v 1.782472 0.300000 0.232476
v 1.839792 0.300000 0.250208
v 1.897113 0.300000 0.267939
v 1.954433 0.300000 0.285670
v 2.011753 0.300000 0.303401
v 2.069073 0.300000 0.321132
v 2.126393 0.300000 0.338864
v 2.172521 0.288284 0.353133
v 1.745210 0.071716 0.189547
v 1.791338 0.060000 0.203816
v 1.848658 0.060000 0.221547
v 1.905978 0.060000 0.239279
v 1.963298 0.060000 0.257010
v 2.020619 0.060000 0.274741
v 2.077939 0.060000 0.292472
v 2.135259 0.060000 0.310203
v 2.181387 0.071716 0.324472
v 1.735159 0.090299 0.186438
v 1.791338 0.090000 0.203816
v 1.848658 0.090000 0.221547
v 1.905978 0.090000 0.239279
v 1.963298 0.090000 0.257010
v 2.020619 0.090000 0.274741
v 2.077939 0.090000 0.292472
v 2.135259 0.090000 0.310203
v 2.191438 0.090299 0.327582
v 1.734018 0.120000 0.186085
v 1.791338 0.120000 0.203816
v 1.848658 0.120000 0.221547
v 1.905978 0.120000 0.239279
v 1.963298 0.120000 0.257010
v 2.020619 0.120000 0.274741
v 2.077939 0.120000 0.292472
v 2.135259 0.120000 0.310203
v 2.192579 0.120000 0.327935
v 1.734018 0.150000 0.186085
v 1.791338 0.150000 0.203816
v 1.848658 0.150000 0.221547
v 1.905978 0.150000 0.239279
v 1.963298 0.150000 0.257010
v 2.020619 0.150000 0.274741
v 2.077939 0.150000 0.292472
v 2.135259 0.150000 0.310203
v 2.192579 0.150000 0.327935
v 1.734018 0.180000 0.186085
v 1.791338 0.180000 0.203816
v 1.848658 0.180000 0.221547
v 1.905978 0.180000 0.239279
v 1.963298 0.180000 0.257010
v 2.020619 0.180000 0.274741
v 2.077939 0.180000 0.292472
v 2.135259 0.180000 0.310203
v 2.192579 0.180000 0.327935
v 1.734018 0.210000 0.186085
v 1.791338 0.210000 0.203816
v 1.848658 0.210000 0.221547
v 1.905978 0.210000 0.239279
v 1.963298 0.210000 0.257010
v 2.020619 0.210000 0.274741
v 2.077939 0.210000 0.292472
v 2.135259 0.210000 0.310203
v 2.192579 0.210000 0.327935
v 1.734018 0.240000 0.186085
v 1.791338 0.240000 0.203816
v 1.848658 0.240000 0.221547
v 1.905978 0.240000 0.239279
v 1.963298 0.240000 0.257010
v 2.020619 0.240000 0.274741
v 2.077939 0.240000 0.292472
v 2.135259 0.240000 0.310203
v 2.192579 0.240000 0.327935
v 1.735159 0.269701 0.186438
v 1.791338 0.270000 0.203816
v 1.848658 0.270000 0.221547
v 1.905978 0.270000 0.239279
v 1.963298 0.270000 0.257010
v 2.020619 0.270000 0.274741
v 2.077939 0.270000 0.292472
v 2.135259 0.270000 0.310203
v 2.191438 0.269701 0.327582
v 1.745210 0.288284 0.189547
v 1.791338 0.300000 0.203816
v 1.848658 0.300000 0.221547
v 1.905978 0.300000 0.239279
v 1.963298 0.300000 0.257010
v 2.020619 0.300000 0.274741
v 2.077939 0.300000 0.292472
v 2.135259 0.300000 0.310203
v 2.181387 0.288284 0.324472
vn -0.646956 -0.700726 0.300717
vn -0.262885 -0.702665 0.661175
vn -0.208964 -0.707107 0.675525
vn -0.208964 -0.707107 0.675525
vn -0.208964 -0.707107 0.675525
vn -0.208964 -0.707107 0.675525
vn -0.208964 -0.707107 0.675525
vn -0.103096 -0.695998 0.710604
vn 0.538766 -0.662185 0.520810
vn -0.865612 -0.136763 0.481676
vn -0.295520 -0.000000 0.955336
vn -0.295520 0.000000 0.955336
vn -0.295520 0.000000 0.955336
vn -0.295520 0.000000 0.955336
vn -0.295520 0.000000 0.955336
vn -0.295520 0.000000 0.955336
vn -0.295520 0.000000 0.955336
vn 0.442446 -0.136763 0.886306
vn -0.884387 -0.009471 0.466659
vn -0.295520 0.000000 0.955336
vn -0.295520 0.000000 0.955336
vn -0.295520 0.000000 0.955336
vn -0.295520 0.000000 0.955336
vn -0.295520 0.000000 0.955336
vn -0.295520 0.000000 0.955336
vn -0.295520 0.000000 0.955336
vn 0.466421 -0.009471 0.884512
vn -0.884489 0.000000 0.466561
vn -0.295520 0.000000 0.955336
vn -0.295520 0.000000 0.955336
vn -0.295520 0.000000 0.955336
vn -0.295520 0.000000 0.955336
vn -0.295520 0.000000 0.955336
vn -0.295520 0.000000 0.955336
vn -0.295520 0.000000 0.955336
vn 0.466561 0.000000 0.884489
vn -0.884489 0.000000 0.466561
vn -0.295520 0.000000 0.955336
vn -0.295520 0.000000 0.955336
vn -0.295520 0.000000 0.955336
vn -0.295520 0.000000 0.955336
vn -0.295520 0.000000 0.955336
vn -0.295520 0.000000 0.955336
vn -0.295520 0.000000 0.955336
vn 0.466561 0.000000 0.884489
vn -0.884489 0.000000 0.466561
vn -0.295520 0.000000 0.955336
vn -0.295520 0.000000 0.955336
vn -0.295520 0.000000 0.955336
vn -0.295520 0.000000 0.955336
vn -0.295520 0.000000 0.955336
vn -0.295520 0.000000 0.955336
vn -0.295520 0.000000 0.955336
vn 0.466561 0.000000 0.884489
vn -0.884205 0.018942 0.466715
vn -0.295520 0.000000 0.955336
vn -0.295520 0.000000 0.955336
vn -0.295520 0.000000 0.955336
vn -0.295520 0.000000 0.955336
vn -0.295520 0.000000 0.955336
vn -0.295520 0.000000 0.955336
vn -0.295520 -0.000000 0.955336
vn 0.466239 0.018942 0.884456
vn -0.836202 0.244760 0.490774
vn -0.295520 -0.000000 0.955336
vn -0.295520 0.000000 0.955336
vn -0.295520 0.000000 0.955336
vn -0.295520 0.000000 0.955336
vn -0.295520 0.000000 0.955336
vn -0.295520 0.000000 0.955336
vn -0.295520 0.000000 0.955336
vn 0.413036 0.244760 0.877208
vn -0.533682 0.824281 0.189063
vn -0.262885 0.702665 0.661175
vn -0.208964 0.707107 0.675525
vn -0.208964 0.707107 0.675525
vn -0.208964 0.707107 0.675525
vn -0.208964 0.707107 0.675525
vn -0.208964 0.707107 0.675525
vn -0.103096 0.695998 0.710604
vn 0.171515 0.539529 0.824312
vn -0.171515 -0.539529 -0.824312
vn 0.103096 -0.695998 -0.710604
vn 0.208964 -0.707107 -0.675525
vn 0.208964 -0.707107 -0.675525
vn 0.208964 -0.707107 -0.675525
vn 0.208964 -0.707107 -0.675525
vn 0.208964 -0.707107 -0.675525
vn 0.262885 -0.702665 -0.661175
vn 0.533682 -0.824281 -0.189063
vn -0.413036 -0.244760 -0.877208
vn 0.295520 -0.000000 -0.955336
vn 0.295520 0.000000 -0.955336
vn 0.295520 0.000000 -0.955336
vn 0.295520 0.000000 -0.955336
vn 0.295520 0.000000 -0.955336
vn 0.295520 0.000000 -0.955336
vn 0.295520 0.000000 -0.955336
vn 0.836202 -0.244760 -0.490774
vn -0.466239 -0.018942 -0.884456
vn 0.295520 -0.000000 -0.955336
vn 0.295520 0.000000 -0.955336
vn 0.295520 0.000000 -0.955336
vn 0.295520 0.000000 -0.955336
vn 0.295520 0.000000 -0.955336
vn 0.295520 0.000000 -0.955336
vn 0.295520 0.000000 -0.955336
vn 0.884205 -0.018942 -0.466715
vn -0.466561 0.000000 -0.884489
vn 0.295520 0.000000 -0.955336
vn 0.295520 0.000000 -0.955336
vn 0.295520 0.000000 -0.955336
vn 0.295520 0.000000 -0.955336
vn 0.295520 0.000000 -0.955336
vn 0.295520 0.000000 -0.955336
vn 0.295520 0.000000 -0.955336
vn 0.884489 0.000000 -0.466561
vn -0.466561 0.000000 -0.884489
vn 0.295520 0.000000 -0.955336
vn 0.295520 0.000000 -0.955336
vn 0.295520 0.000000 -0.955336
vn 0.295520 0.000000 -0.955336
vn 0.295520 0.000000 -0.955336
vn 0.295520 0.000000 -0.955336
vn 0.295520 0.000000 -0.955336
vn 0.884489 0.000000 -0.466561
vn -0.466561 0.000000 -0.884489
vn 0.295520 0.000000 -0.955336
vn 0.295520 0.000000 -0.955336
vn 0.295520 0.000000 -0.955336
vn 0.295520 0.000000 -0.955336
vn 0.295520 0.000000 -0.955336
vn 0.295520 0.000000 -0.955336
vn 0.295520 0.000000 -0.955336
vn 0.884489 0.000000 -0.466561
vn -0.466421 0.009471 -0.884512
vn 0.295520 0.000000 -0.955336
vn 0.295520 0.000000 -0.955336
vn 0.295520 0.000000 -0.955336
vn 0.295520 0.000000 -0.955336
vn 0.295520 0.000000 -0.955336
vn 0.295520 0.000000 -0.955336
vn 0.295520 -0.000000 -0.955336
vn 0.884387 0.009471 -0.466659
vn -0.442446 0.136763 -0.886306
vn 0.295520 0.000000 -0.955336
vn 0.295520 0.000000 -0.955336
vn 0.295520 0.000000 -0.955336
vn 0.295520 0.000000 -0.955336
vn 0.295520 0.000000 -0.955336
vn 0.295520 0.000000 -0.955336
vn 0.295520 -0.000000 -0.955336
vn 0.865612 0.136763 -0.481676
vn -0.538766 0.662185 -0.520810
vn 0.103096 0.695998 -0.710604
vn 0.208964 0.707107 -0.675525
vn 0.208964 0.707107 -0.675525
vn 0.208964 0.707107 -0.675525
vn 0.208964 0.707107 -0.675525
vn 0.208964 0.707107 -0.675525
vn 0.262885 0.702665 -0.661175
vn 0.646956 0.700726 -0.300717
usemtl lacquer_black
f 3013 3014 3023
f 3013 3023 3022
f 3014 3015 3024
f 3014 3024 3023
f 3015 3016 3025
f 3015 3025 3024
f 3016 3017 3026
f 3016 3026 3025
f 3017 3018 3027
f 3017 3027 3026
f 3018 3019 3028
f 3018 3028 3027
f 3019 3020 3029
f 3019 3029 3028
f 3020 3021 3030
f 3020 3030 3029
f 3022 3023 3032
f 3022 3032 3031
f 3023 3024 3033
f 3023 3033 3032
f 3024 3025 3034
f 3024 3034 3033
f 3025 3026 3035
f 3025 3035 3034
f 3026 3027 3036
f 3026 3036 3035
f 3027 3028 3037
f 3027 3037 3036
f 3028 3029 3038
f 3028 3038 3037
f 3029 3030 3039
f 3029 3039 3038
f 3031 3032 3041
f 3031 3041 3040
f 3032 3033 3042
f 3032 3042 3041
f 3033 3034 3043
f 3033 3043 3042
f 3034 3035 3044
f 3034 3044 3043
f 3035 3036 3045
f 3035 3045 3044
f 3036 3037 3046
f 3036 3046 3045
f 3037 3038 3047
f 3037 3047 3046
f 3038 3039 3048
f 3038 3048 3047
f 3040 3041 3050
f 3040 3050 3049
f 3041 3042 3051
f 3041 3051 3050
f 3042 3043 3052
f 3042 3052 3051
f 3043 3044 3053
f 3043 3053 3052
f 3044 3045 3054
f 3044 3054 3053
f 3045 3046 3055
f 3045 3055 3054
f 3046 3047 3056
f 3046 3056 3055
f 3047 3048 3057
f 3047 3057 3056
f 3049 3050 3059
f 3049 3059 3058
f 3050 3051 3060
f 3050 3060 3059
f 3051 3052 3061
f 3051 3061 3060
f 3052 3053 3062
f 3052 3062 3061
f 3053 3054 3063
f 3053 3063 3062
f 3054 3055 3064
f 3054 3064 3063
f 3055 3056 3065
f 3055 3065 3064
f 3056 3057 3066
f 3056 3066 3065
f 3058 3059 3068
f 3058 3068 3067
f 3059 3060 3069
f 3059 3069 3068
f 3060 3061 3070
f 3060 3070 3069
f 3061 3062 3071
f 3061 3071 3070
f 3062 3063 3072
f 3062 3072 3071
f 3063 3064 3073
f 3063 3073 3072
f 3064 3065 3074
f 3064 3074 3073
f 3065 3066 3075
f 3065 3075 3074
f 3067 3068 3077
f 3067 3077 3076
f 3068 3069 3078
f 3068 3078 3077
f 3069 3070 3079
f 3069 3079 3078
f 3070 3071 3080
f 3070 3080 3079
f 3071 3072 3081
f 3071 3081 3080
f 3072 3073 3082
f 3072 3082 3081
f 3073 3074 3083
f 3073 3083 3082
f 3074 3075 3084
f 3074 3084 3083
f 3076 3077 3086
f 3076 3086 3085
f 3077 3078 3087
f 3077 3087 3086
f 3078 3079 3088
f 3078 3088 3087
f 3079 3080 3089
f 3079 3089 3088
f 3080 3081 3090
f 3080 3090 3089
f 3081 3082 3091
f 3081 3091 3090
f 3082 3083 3092
f 3082 3092 3091
f 3083 3084 3093
f 3083 3093 3092
f 3094 3103 3104
f 3094 3104 3095
f 3095 3104 3105
f 3095 3105 3096
f 3096 3105 3106
f 3096 3106 3097
f 3097 3106 3107
f 3097 3107 3098
f 3098 3107 3108
f 3098 3108 3099
f 3099 3108 3109
f 3099 3109 3100
f 3100 3109 3110
f 3100 3110 3101
f 3101 3110 3111
f 3101 3111 3102
f 3103 3112 3113
f 3103 3113 3104
f 3104 3113 3114
f 3104 3114 3105
f 3105 3114 3115
f 3105 3115 3106
f 3106 3115 3116
f 3106 3116 3107
f 3107 3116 3117
f 3107 3117 3108
f 3108 3117 3118
f 3108 3118 3109
f 3109 3118 3119
f 3109 3119 3110
f 3110 3119 3120
f 3110 3120 3111
f 3112 3121 3122
f 3112 3122 3113
f 3113 3122 3123
f 3113 3123 3114
f 3114 3123 3124
f 3114 3124 3115
f 3115 3124 3125
f 3115 3125 3116
f 3116 3125 3126
f 3116 3126 3117
f 3117 3126 3127
f 3117 3127 3118
f 3118 3127 3128
f 3118 3128 3119
f 3119 3128 3129
f 3119 3129 3120
f 3121 3130 3131
f 3121 3131 3122
f 3122 3131 3132
f 3122 3132 3123
f 3123 3132 3133
f 3123 3133 3124
f 3124 3133 3134
f 3124 3134 3125
f 3125 3134 3135
f 3125 3135 3126
f 3126 3135 3136
f 3126 3136 3127
f 3127 3136 3137
f 3127 3137 3128
f 3128 3137 3138
f 3128 3138 3129
f 3130 3139 3140
f 3130 3140 3131
f 3131 3140 3141
f 3131 3141 3132
f 3132 3141 3142
f 3132 3142 3133
f 3133 3142 3143
f 3133 3143 3134
f 3134 3143 3144
f 3134 3144 3135
f 3135 3144 3145
f 3135 3145 3136
f 3136 3145 3146
f 3136 3146 3137
f 3137 3146 3147
f 3137 3147 3138
f 3139 3148 3149
f 3139 3149 3140
f 3140 3149 3150
f 3140 3150 3141
f 3141 3150 3151
f 3141 3151 3142
f 3142 3151 3152
f 3142 3152 3143
f 3143 3152 3153
f 3143 3153 3144
f 3144 3153 3154
f 3144 3154 3145
f 3145 3154 3155
f 3145 3155 3146
f 3146 3155 3156
f 3146 3156 3147
f 3148 3157 3158
f 3148 3158 3149
f 3149 3158 3159
f 3149 3159 3150
f 3150 3159 3160
f 3150 3160 3151
f 3151 3160 3161
f 3151 3161 3152
f 3152 3161 3162
f 3152 3162 3153
f 3153 3162 3163
f 3153 3163 3154
f 3154 3163 3164
f 3154 3164 3155
f 3155 3164 3165
f 3155 3165 3156
f 3157 3166 3167
f 3157 3167 3158
f 3158 3167 3168
f 3158 3168 3159
f 3159 3168 3169
f 3159 3169 3160
f 3160 3169 3170
f 3160 3170 3161
f 3161 3170 3171
f 3161 3171 3162
f 3162 3171 3172
f 3162 3172 3163
f 3163 3172 3173
f 3163 3173 3164
f 3164 3173 3174
f 3164 3174 3165
f 3013 3022 3103
f 3013 3103 3094
f 3021 3102 3111
f 3021 3111 3030
f 3022 3031 3112
f 3022 3112 3103
f 3030 3111 3120
f 3030 3120 3039
f 3031 3040 3121
f 3031 3121 3112
f 3039 3120 3129
f 3039 3129 3048
f 3040 3049 3130
f 3040 3130 3121
f 3048 3129 3138
f 3048 3138 3057
f 3049 3058 3139
f 3049 3139 3130
f 3057 3138 3147
f 3057 3147 3066
f 3058 3067 3148
f 3058 3148 3139
f 3066 3147 3156
f 3066 3156 3075
f 3067 3076 3157
f 3067 3157 3148
f 3075 3156 3165
f 3075 3165 3084
f 3076 3085 3166
f 3076 3166 3157
f 3084 3165 3174
f 3084 3174 3093
f 3013 3094 3095
f 3013 3095 3014
f 3085 3086 3167
f 3085 3167 3166
f 3014 3095 3096
f 3014 3096 3015
f 3086 3087 3168
f 3086 3168 3167
f 3015 3096 3097
f 3015 3097 3016
f 3087 3088 3169
f 3087 3169 3168
f 3016 3097 3098
f 3016 3098 3017
f 3088 3089 3170
f 3088 3170 3169
f 3017 3098 3099
f 3017 3099 3018
f 3089 3090 3171
f 3089 3171 3170
f 3018 3099 3100
f 3018 3100 3019
f 3090 3091 3172
f 3090 3172 3171
f 3019 3100 3101
f 3019 3101 3020
f 3091 3092 3173
f 3091 3173 3172
f 3020 3101 3102
f 3020 3102 3021
f 3092 3093 3174
f 3092 3174 3173
o sode_0_L
v -2.201181 0.791716 0.361998
v -2.147888 0.780000 0.345513
v -2.083403 0.780000 0.325565
v -2.018918 0.780000 0.305618
v -1.954433 0.780000 0.285670
v -1.889948 0.780000 0.265722
v -1.825462 0.780000 0.245775
v -1.760977 0.780000 0.225827
v -1.707684 0.791716 0.209342
v -2.211233 0.810299 0.365107
v -2.147888 0.810000 0.345513
v -2.083403 0.810000 0.325565
v -2.018918 0.810000 0.305618
v -1.954433 0.810000 0.285670
v -1.889948 0.810000 0.265722
v -1.825462 0.810000 0.245775
v -1.760977 0.810000 0.225827
v -1.697633 0.810299 0.206232
v -2.212374 0.840000 0.365460
v -2.147888 0.840000 0.345513
v -2.083403 0.840000 0.325565
v -2.018918 0.840000 0.305618
v -1.954433 0.840000 0.285670
v -1.889948 0.840000 0.265722
v -1.825462 0.840000 0.245775
v -1.760977 0.840000 0.225827
v -1.696492 0.840000 0.205879
v -2.212374 0.870000 0.365460
v -2.147888 0.870000 0.345513
v -2.083403 0.870000 0.325565
v -2.018918 0.870000 0.305618
v -1.954433 0.870000 0.285670
v -1.889948 0.870000 0.265722
v -1.825462 0.870000 0.245775
v -1.760977 0.870000 0.225827
v -1.696492 0.870000 0.205879
v -2.212374 0.900000 0.365460
v -2.147888 0.900000 0.345513
v -2.083403 0.900000 0.325565
v -2.018918 0.900000 0.305618
v -1.954433 0.900000 0.285670
v -1.889948 0.900000 0.265722
v -1.825462 0.900000 0.245775
v -1.760977 0.900000 0.225827
v -1.696492 0.900000 0.205879
v -2.212374 0.930000 0.365460
v -2.147888 0.930000 0.345513
v -2.083403 0.930000 0.325565
v -2.018918 0.930000 0.305618
v -1.954433 0.930000 0.285670
v -1.889948 0.930000 0.265722
v -1.825462 0.930000 0.245775
v -1.760977 0.930000 0.225827
v -1.696492 0.930000 0.205879
v -2.212374 0.960000 0.365460
v -2.147888 0.960000 0.345513
v -2.083403 0.960000 0.325565
v -2.018918 0.960000 0.305618
v -1.954433 0.960000 0.285670
v -1.889948 0.960000 0.265722
v -1.825462 0.960000 0.245775
v -1.760977 0.960000 0.225827
v -1.696492 0.960000 0.205879
v -2.211233 0.989701 0.365107
v -2.147888 0.990000 0.345513
v -2.083403 0.990000 0.325565
v -2.018918 0.990000 0.305618
v -1.954433 0.990000 0.285670
v -1.889948 0.990000 0.265722
v -1.825462 0.990000 0.245775
v -1.760977 0.990000 0.225827
v -1.697633 0.989701 0.206232
v -2.201181 1.008284 0.361998
v -2.147888 1.020000 0.345513
v -2.083403 1.020000 0.325565
v -2.018918 1.020000 0.305618
v -1.954433 1.020000 0.285670
v -1.889948 1.020000 0.265722
v -1.825462 1.020000 0.245775
v -1.760977 1.020000 0.225827
v -1.707684 1.008284 0.209342
v -2.210047 0.791716 0.333338
v -2.156754 0.780000 0.316853
v -2.092269 0.780000 0.296905
v -2.027784 0.780000 0.276957
v -1.963298 0.780000 0.257010
v -1.898813 0.780000 0.237062
v -1.834328 0.780000 0.217115
v -1.769843 0.780000 0.197167
v -1.716550 0.791716 0.180682
v -2.220098 0.810299 0.336447
v -2.156754 0.810000 0.316853
v -2.092269 0.810000 0.296905
v -2.027784 0.810000 0.276957
v -1.963298 0.810000 0.257010
v -1.898813 0.810000 0.237062
v -1.834328 0.810000 0.217115
v -1.769843 0.810000 0.197167
v -1.706499 0.810299 0.177572
v -2.221239 0.840000 0.336800
v -2.156754 0.840000 0.316853
v -2.092269 0.840000 0.296905
v -2.027784 0.840000 0.276957
v -1.963298 0.840000 0.257010
v -1.898813 0.840000 0.237062
v -1.834328 0.840000 0.217115
v -1.769843 0.840000 0.197167
v -1.705358 0.840000 0.177219
v -2.221239 0.870000 0.336800
v -2.156754 0.870000 0.316853
v -2.092269 0.870000 0.296905
v -2.027784 0.870000 0.276957
v -1.963298 0.870000 0.257010
v -1.898813 0.870000 0.237062
v -1.834328 0.870000 0.217115
v -1.769843 0.870000 0.197167
v -1.705358 0.870000 0.177219
v -2.221239 0.900000 0.336800
v -2.156754 0.900000 0.316853
v -2.092269 0.900000 0.296905
v -2.027784 0.900000 0.276957
v -1.963298 0.900000 0.257010
v -1.898813 0.900000 0.237062
v -1.834328 0.900000 0.217115
v -1.769843 0.900000 0.197167
v -1.705358 0.900000 0.177219
v -2.221239 0.930000 0.336800
v -2.156754 0.930000 0.316853
v -2.092269 0.930000 0.296905
v -2.027784 0.930000 0.276957
v -1.963298 0.930000 0.257010
v -1.898813 0.930000 0.237062
v -1.834328 0.930000 0.217115
v -1.769843 0.930000 0.197167
v -1.705358 0.930000 0.177219
v -2.221239 0.960000 0.336800
v -2.156754 0.960000 0.316853
v -2.092269 0.960000 0.296905
v -2.027784 0.960000 0.276957
v -1.963298 0.960000 0.257010
v -1.898813 0.960000 0.237062
v -1.834328 0.960000 0.217115
v -1.769843 0.960000 0.197167
v -1.705358 0.960000 0.177219
v -2.220098 0.989701 0.336447
v -2.156754 0.990000 0.316853
v -2.092269 0.990000 0.296905
v -2.027784 0.990000 0.276957
v -1.963298 0.990000 0.257010
v -1.898813 0.990000 0.237062
v -1.834328 0.990000 0.217115
v -1.769843 0.990000 0.197167
v -1.706499 0.989701 0.177572
v -2.210047 1.008284 0.333338
v -2.156754 1.020000 0.316853
v -2.092269 1.020000 0.296905
v -2.027784 1.020000 0.276957
v -1.963298 1.020000 0.257010
v -1.898813 1.020000 0.237062
v -1.834328 1.020000 0.217115
v -1.769843 1.020000 0.197167
v -1.716550 1.008284 0.180682
vn -0.352180 -0.707733 0.612440
vn 0.163070 -0.703746 0.691484
vn 0.208964 -0.707107 0.675525
vn 0.208964 -0.707107 0.675525
vn 0.208964 -0.707107 0.675525
vn 0.208964 -0.707107 0.675525
vn 0.208964 -0.707107 0.675525
vn 0.302245 -0.698702 0.648432
vn 0.732815 -0.668022 0.129341
vn -0.442446 -0.136763 0.886306
vn 0.295520 0.000000 0.955336
vn 0.295520 0.000000 0.955336
vn 0.295520 0.000000 0.955336
vn 0.295520 0.000000 0.955336
vn 0.295520 0.000000 0.955336
vn 0.295520 0.000000 0.955336
vn 0.295520 -0.000000 0.955336
vn 0.865612 -0.136763 0.481676
vn -0.466421 -0.009471 0.884512
vn 0.295520 -0.000000 0.955336
vn 0.295520 0.000000 0.955336
vn 0.295520 0.000000 0.955336
vn 0.295520 0.000000 0.955336
vn 0.295520 0.000000 0.955336
vn 0.295520 0.000000 0.955336
vn 0.295520 0.000000 0.955336
vn 0.884387 -0.009471 0.466659
vn -0.466561 0.000000 0.884489
vn 0.295520 0.000000 0.955336
vn 0.295520 0.000000 0.955336
vn 0.295520 0.000000 0.955336
vn 0.295520 0.000000 0.955336
vn 0.295520 0.000000 0.955336
vn 0.295520 0.000000 0.955336
vn 0.295520 0.000000 0.955336
vn 0.884489 0.000000 0.466561
vn -0.466561 0.000000 0.884489
vn 0.295520 0.000000 0.955336
vn 0.295520 0.000000 0.955336
vn 0.295520 0.000000 0.955336
vn 0.295520 0.000000 0.955336
vn 0.295520 0.000000 0.955336
vn 0.295520 0.000000 0.955336
vn 0.295520 0.000000 0.955336
vn 0.884489 0.000000 0.466561
vn -0.466561 0.000000 0.884489
vn 0.295520 0.000000 0.955336
vn 0.295520 0.000000 0.955336
vn 0.295520 0.000000 0.955336
vn 0.295520 0.000000 0.955336
vn 0.295520 0.000000 0.955336
vn 0.295520 0.000000 0.955336
vn 0.295520 0.000000 0.955336
vn 0.884489 0.000000 0.466561
vn -0.466239 0.018942 0.884456
vn 0.295520 0.000000 0.955336
vn 0.295520 0.000000 0.955336
vn 0.295520 0.000000 0.955336
vn 0.295520 0.000000 0.955336
vn 0.295520 0.000000 0.955336
vn 0.295520 0.000000 0.955336
vn 0.295520 0.000000 0.955336
vn 0.884205 0.018942 0.466715
vn -0.413036 0.244760 0.877208
vn 0.295520 0.000000 0.955336
vn 0.295520 0.000000 0.955336
vn 0.295520 0.000000 0.955336
vn 0.295520 0.000000 0.955336
vn 0.295520 0.000000 0.955336
vn 0.295520 0.000000 0.955336
vn 0.295520 -0.000000 0.955336
vn 0.836202 0.244760 0.490774
vn -0.315814 0.833307 0.453720
vn 0.163070 0.703746 0.691484
vn 0.208964 0.707107 0.675525
vn 0.208964 0.707107 0.675525
vn 0.208964 0.707107 0.675525
vn 0.208964 0.707107 0.675525
vn 0.208964 0.707107 0.675525
vn 0.302245 0.698702 0.648432
vn 0.598215 0.543749 0.588622
vn -0.598215 -0.543749 -0.588622
vn -0.302245 -0.698702 -0.648432
vn -0.208964 -0.707107 -0.675525
vn -0.208964 -0.707107 -0.675525
vn -0.208964 -0.707107 -0.675525
vn -0.208964 -0.707107 -0.675525
vn -0.208964 -0.707107 -0.675525
vn -0.163070 -0.703746 -0.691484
vn 0.315814 -0.833307 -0.453720
vn -0.836202 -0.244760 -0.490774
vn -0.295520 -0.000000 -0.955336
vn -0.295520 0.000000 -0.955336
vn -0.295520 0.000000 -0.955336
vn -0.295520 0.000000 -0.955336
vn -0.295520 0.000000 -0.955336
vn -0.295520 0.000000 -0.955336
vn -0.295520 0.000000 -0.955336
vn 0.413036 -0.244760 -0.877208
vn -0.884205 -0.018942 -0.466715
vn -0.295520 0.000000 -0.955336
vn -0.295520 0.000000 -0.955336
vn -0.295520 0.000000 -0.955336
vn -0.295520 0.000000 -0.955336
vn -0.295520 0.000000 -0.955336
vn -0.295520 0.000000 -0.955336
vn -0.295520 0.000000 -0.955336
vn 0.466239 -0.018942 -0.884456
vn -0.884489 0.000000 -0.466561
vn -0.295520 0.000000 -0.955336
vn -0.295520 0.000000 -0.955336
vn -0.295520 0.000000 -0.955336
vn -0.295520 0.000000 -0.955336
vn -0.295520 0.000000 -0.955336
vn -0.295520 0.000000 -0.955336
vn -0.295520 0.000000 -0.955336
vn 0.466561 0.000000 -0.884489
vn -0.884489 0.000000 -0.466561
vn -0.295520 0.000000 -0.955336
vn -0.295520 0.000000 -0.955336
vn -0.295520 0.000000 -0.955336
vn -0.295520 0.000000 -0.955336
vn -0.295520 0.000000 -0.955336
vn -0.295520 0.000000 -0.955336
vn -0.295520 0.000000 -0.955336
vn 0.466561 0.000000 -0.884489
vn -0.884489 0.000000 -0.466561
vn -0.295520 0.000000 -0.955336
vn -0.295520 0.000000 -0.955336
vn -0.295520 0.000000 -0.955336
vn -0.295520 0.000000 -0.955336
vn -0.295520 0.000000 -0.955336
vn -0.295520 0.000000 -0.955336
vn -0.295520 0.000000 -0.955336
vn 0.466561 0.000000 -0.884489
vn -0.884387 0.009471 -0.466659
vn -0.295520 0.000000 -0.955336
vn -0.295520 0.000000 -0.955336
vn -0.295520 0.000000 -0.955336
vn -0.295520 0.000000 -0.955336
vn -0.295520 0.000000 -0.955336
vn -0.295520 0.000000 -0.955336
vn -0.295520 -0.000000 -0.955336
vn 0.466421 0.009471 -0.884512
vn -0.865612 0.136763 -0.481676
vn -0.295520 -0.000000 -0.955336
vn -0.295520 0.000000 -0.955336
vn -0.295520 0.000000 -0.955336
vn -0.295520 0.000000 -0.955336
vn -0.295520 0.000000 -0.955336
vn -0.295520 0.000000 -0.955336
vn -0.295520 0.000000 -0.955336
vn 0.442446 0.136763 -0.886306
vn -0.732815 0.668022 -0.129341
vn -0.302245 0.698702 -0.648432
vn -0.208964 0.707107 -0.675525
vn -0.208964 0.707107 -0.675525
vn -0.208964 0.707107 -0.675525
vn -0.208964 0.707107 -0.675525
vn -0.208964 0.707107 -0.675525
vn -0.163070 0.703746 -0.691484
vn 0.352180 0.707733 -0.612440
usemtl lacquer_red
f 3175 3176 3185
f 3175 3185 3184
f 3176 3177 3186
f 3176 3186 3185
f 3177 3178 3187
f 3177 3187 3186
f 3178 3179 3188
f 3178 3188 3187
f 3179 3180 3189
f 3179 3189 3188
f 3180 3181 3190
f 3180 3190 3189
f 3181 3182 3191
f 3181 3191 3190
f 3182 3183 3192
f 3182 3192 3191
f 3184 3185 3194
f 3184 3194 3193
f 3185 3186 3195
f 3185 3195 3194
f 3186 3187 3196
f 3186 3196 3195
f 3187 3188 3197
f 3187 3197 3196
f 3188 3189 3198
f 3188 3198 3197
f 3189 3190 3199
f 3189 3199 3198
f 3190 3191 3200
f 3190 3200 3199
f 3191 3192 3201
f 3191 3201 3200
f 3193 3194 3203
f 3193 3203 3202
f 3194 3195 3204
f 3194 3204 3203
f 3195 3196 3205
f 3195 3205 3204
f 3196 3197 3206
f 3196 3206 3205
f 3197 3198 3207
f 3197 3207 3206
f 3198 3199 3208
f 3198 3208 3207
f 3199 3200 3209
f 3199 3209 3208
f 3200 3201 3210
f 3200 3210 3209
f 3202 3203 3212
f 3202 3212 3211
f 3203 3204 3213
f 3203 3213 3212
f 3204 3205 3214
f 3204 3214 3213
f 3205 3206 3215
f 3205 3215 3214
f 3206 3207 3216
f 3206 3216 3215
f 3207 3208 3217
f 3207 3217 3216
f 3208 3209 3218
f 3208 3218 3217
f 3209 3210 3219
f 3209 3219 3218
f 3211 3212 3221
f 3211 3221 3220
f 3212 3213 3222
f 3212 3222 3221
f 3213 3214 3223
f 3213 3223 3222
f 3214 3215 3224
f 3214 3224 3223
f 3215 3216 3225
f 3215 3225 3224
f 3216 3217 3226
f 3216 3226 3225
f 3217 3218 3227
f 3217 3227 3226
f 3218 3219 3228
f 3218 3228 3227
f 3220 3221 3230
f 3220 3230 3229
f 3221 3222 3231
f 3221 3231 3230
f 3222 3223 3232
f 3222 3232 3231
f 3223 3224 3233
f 3223 3233 3232
f 3224 3225 3234
f 3224 3234 3233
f 3225 3226 3235
f 3225 3235 3234
f 3226 3227 3236
f 3226 3236 3235
f 3227 3228 3237
f 3227 3237 3236
f 3229 3230 3239
f 3229 3239 3238
f 3230 3231 3240
f 3230 3240 3239
f 3231 3232 3241
f 3231 3241 3240
f 3232 3233 3242
f 3232 3242 3241
f 3233 3234 3243
f 3233 3243 3242
f 3234 3235 3244
f 3234 3244 3243
f 3235 3236 3245
f 3235 3245 3244
f 3236 3237 3246
f 3236 3246 3245
f 3238 3239 3248
f 3238 3248 3247
f 3239 3240 3249
f 3239 3249 3248
f 3240 3241 3250
f 3240 3250 3249
f 3241 3242 3251
f 3241 3251 3250
f 3242 3243 3252
f 3242 3252 3251
f 3243 3244 3253
f 3243 3253 3252
f 3244 3245 3254
f 3244 3254 3253
f 3245 3246 3255
f 3245 3255 3254
f 3256 3265 3266
f 3256 3266 3257
f 3257 3266 3267
f 3257 3267 3258
f 3258 3267 3268
f 3258 3268 3259
f 3259 3268 3269
f 3259 3269 3260
f 3260 3269 3270
f 3260 3270 3261
f 3261 3270 3271
f 3261 3271 3262
f 3262 3271 3272
f 3262 3272 3263
f 3263 3272 3273
f 3263 3273 3264
f 3265 3274 3275
f 3265 3275 3266
f 3266 3275 3276
f 3266 3276 3267
f 3267 3276 3277
f 3267 3277 3268
f 3268 3277 3278
f 3268 3278 3269
f 3269 3278 3279
f 3269 3279 3270
f 3270 3279 3280
f 3270 3280 3271
f 3271 3280 3281
f 3271 3281 3272
f 3272 3281 3282
f 3272 3282 3273
f 3274 3283 3284
f 3274 3284 3275
f 3275 3284 3285
f 3275 3285 3276
f 3276 3285 3286
f 3276 3286 3277
f 3277 3286 3287
f 3277 3287 3278
f 3278 3287 3288
f 3278 3288 3279
f 3279 3288 3289
f 3279 3289 3280
f 3280 3289 3290
f 3280 3290 3281
f 3281 3290 3291
f 3281 3291 3282
f 3283 3292 3293
f 3283 3293 3284
f 3284 3293 3294
f 3284 3294 3285
f 3285 3294 3295
f 3285 3295 3286
f 3286 3295 3296
f 3286 3296 3287
f 3287 3296 3297
f 3287 3297 3288
f 3288 3297 3298
f 3288 3298 3289
f 3289 3298 3299
f 3289 3299 3290
f 3290 3299 3300
f 3290 3300 3291
f 3292 3301 3302
f 3292 3302 3293
f 3293 3302 3303
f 3293 3303 3294
f 3294 3303 3304
f 3294 3304 3295
f 3295 3304 3305
f 3295 3305 3296
f 3296 3305 3306
f 3296 3306 3297
f 3297 3306 3307
f 3297 3307 3298
f 3298 3307 3308
f 3298 3308 3299
f 3299 3308 3309
f 3299 3309 3300
f 3301 3310 3311
f 3301 3311 3302
f 3302 3311 3312
f 3302 3312 3303
f 3303 3312 3313
f 3303 3313 3304
f 3304 3313 3314
f 3304 3314 3305
f 3305 3314 3315
f 3305 3315 3306
f 3306 3315 3316
f 3306 3316 3307
f 3307 3316 3317
f 3307 3317 3308
f 3308 3317 3318
f 3308 3318 3309
f 3310 3319 3320
f 3310 3320 3311
f 3311 3320 3321
f 3311 3321 3312
f 3312 3321 3322
f 3312 3322 3313
f 3313 3322 3323
f 3313 3323 3314
f 3314 3323 3324
f 3314 3324 3315
f 3315 3324 3325
f 3315 3325 3316
f 3316 3325 3326
f 3316 3326 3317
f 3317 3326 3327
f 3317 3327 3318
f 3319 3328 3329
f 3319 3329 3320
f 3320 3329 3330
f 3320 3330 3321
f 3321 3330 3331
f 3321 3331 3322
f 3322 3331 3332
f 3322 3332 3323
f 3323 3332 3333
f 3323 3333 3324
f 3324 3333 3334
f 3324 3334 3325
f 3325 3334 3335
f 3325 3335 3326
f 3326 3335 3336
f 3326 3336 3327
f 3175 3184 3265
f 3175 3265 3256
f 3183 3264 3273
f 3183 3273 3192
f 3184 3193 3274
f 3184 3274 3265
f 3192 3273 3282
f 3192 3282 3201
f 3193 3202 3283
f 3193 3283 3274
f 3201 3282 3291
f 3201 3291 3210
f 3202 3211 3292
f 3202 3292 3283
f 3210 3291 3300
f 3210 3300 3219
f 3211 3220 3301
f 3211 3301 3292
f 3219 3300 3309
f 3219 3309 3228
f 3220 3229 3310
f 3220 3310 3301
f 3228 3309 3318
f 3228 3318 3237
f 3229 3238 3319
f 3229 3319 3310
f 3237 3318 3327
f 3237 3327 3246
f 3238 3247 3328
f 3238 3328 3319
f 3246 3327 3336
f 3246 3336 3255
f 3175 3256 3257
f 3175 3257 3176
f 3247 3248 3329
f 3247 3329 3328
f 3176 3257 3258
f 3176 3258 3177
f 3248 3249 3330
f 3248 3330 3329
f 3177 3258 3259
f 3177 3259 3178
f 3249 3250 3331
f 3249 3331 3330
f 3178 3259 3260
f 3178 3260 3179
f 3250 3251 3332
f 3250 3332 3331
f 3179 3260 3261
f 3179 3261 3180
f 3251 3252 3333
f 3251 3333 3332
f 3180 3261 3262
f 3180 3262 3181
f 3252 3253 3334
f 3252 3334 3333
f 3181 3262 3263
f 3181 3263 3182
f 3253 3254 3335
f 3253 3335 3334
f 3182 3263 3264
f 3182 3264 3183
f 3254 3255 3336
f 3254 3336 3335
o sode_1_L
v -2.191628 0.551716 0.359043
v -2.140723 0.540000 0.343296
v -2.078627 0.540000 0.324088
v -2.016530 0.540000 0.304879
v -1.954433 0.540000 0.285670
v -1.892336 0.540000 0.266461
v -1.830239 0.540000 0.247252
v -1.768142 0.540000 0.228044
v -1.717238 0.551716 0.212297
v -2.201679 0.570299 0.362152
v -2.140723 0.570000 0.343296
v -2.078627 0.570000 0.324088
v -2.016530 0.570000 0.304879
v -1.954433 0.570000 0.285670
v -1.892336 0.570000 0.266461
v -1.830239 0.570000 0.247252
v -1.768142 0.570000 0.228044
v -1.707186 0.570299 0.209188
v -2.202820 0.600000 0.362505
v -2.140723 0.600000 0.343296
v -2.078627 0.600000 0.324088
v -2.016530 0.600000 0.304879
v -1.954433 0.600000 0.285670
v -1.892336 0.600000 0.266461
v -1.830239 0.600000 0.247252
v -1.768142 0.600000 0.228044
v -1.706045 0.600000 0.208835
v -2.202820 0.630000 0.362505
v -2.140723 0.630000 0.343296
v -2.078627 0.630000 0.324088
v -2.016530 0.630000 0.304879
v -1.954433 0.630000 0.285670
v -1.892336 0.630000 0.266461
v -1.830239 0.630000 0.247252
v -1.768142 0.630000 0.228044
v -1.706045 0.630000 0.208835
v -2.202820 0.660000 0.362505
v -2.140723 0.660000 0.343296
v -2.078627 0.660000 0.324088
v -2.016530 0.660000 0.304879
v -1.954433 0.660000 0.285670
v -1.892336 0.660000 0.266461
v -1.830239 0.660000 0.247252
v -1.768142 0.660000 0.228044
v -1.706045 0.660000 0.208835
v -2.202820 0.690000 0.362505
v -2.140723 0.690000 0.343296
v -2.078627 0.690000 0.324088
v -2.016530 0.690000 0.304879
v -1.954433 0.690000 0.285670
v -1.892336 0.690000 0.266461
v -1.830239 0.690000 0.247252
v -1.768142 0.690000 0.228044
v -1.706045 0.690000 0.208835
v -2.202820 0.720000 0.362505
v -2.140723 0.720000 0.343296
v -2.078627 0.720000 0.324088
v -2.016530 0.720000 0.304879
v -1.954433 0.720000 0.285670
v -1.892336 0.720000 0.266461
v -1.830239 0.720000 0.247252
v -1.768142 0.720000 0.228044
v -1.706045 0.720000 0.208835
v -2.201679 0.749701 0.362152
v -2.140723 0.750000 0.343296
v -2.078627 0.750000 0.324088
v -2.016530 0.750000 0.304879
v -1.954433 0.750000 0.285670
v -1.892336 0.750000 0.266461
v -1.830239 0.750000 0.247252
v -1.768142 0.750000 0.228044
v -1.707186 0.749701 0.209188
v -2.191628 0.768284 0.359043
v -2.140723 0.780000 0.343296
v -2.078627 0.780000 0.324088
v -2.016530 0.780000 0.304879
v -1.954433 0.780000 0.285670
v -1.892336 0.780000 0.266461
v -1.830239 0.780000 0.247252
v -1.768142 0.780000 0.228044
v -1.717238 0.768284 0.212297
v -2.200493 0.551716 0.330383
v -2.149589 0.540000 0.314636
v -2.087492 0.540000 0.295427
v -2.025395 0.540000 0.276219
v -1.963298 0.540000 0.257010
v -1.901202 0.540000 0.237801
v -1.839105 0.540000 0.218592
v -1.777008 0.540000 0.199383
v -1.726103 0.551716 0.183637
v -2.210545 0.570299 0.333492
v -2.149589 0.570000 0.314636
v -2.087492 0.570000 0.295427
v -2.025395 0.570000 0.276219
v -1.963298 0.570000 0.257010
v -1.901202 0.570000 0.237801
v -1.839105 0.570000 0.218592
v -1.777008 0.570000 0.199383
v -1.716052 0.570299 0.180528
v -2.211686 0.600000 0.333845
v -2.149589 0.600000 0.314636
v -2.087492 0.600000 0.295427
v -2.025395 0.600000 0.276219
v -1.963298 0.600000 0.257010
v -1.901202 0.600000 0.237801
v -1.839105 0.600000 0.218592
v -1.777008 0.600000 0.199383
v -1.714911 0.600000 0.180175
v -2.211686 0.630000 0.333845
v -2.149589 0.630000 0.314636
v -2.087492 0.630000 0.295427
v -2.025395 0.630000 0.276219
v -1.963298 0.630000 0.257010
v -1.901202 0.630000 0.237801
v -1.839105 0.630000 0.218592
v -1.777008 0.630000 0.199383
v -1.714911 0.630000 0.180175
v -2.211686 0.660000 0.333845
v -2.149589 0.660000 0.314636
v -2.087492 0.660000 0.295427
v -2.025395 0.660000 0.276219
v -1.963298 0.660000 0.257010
v -1.901202 0.660000 0.237801
v -1.839105 0.660000 0.218592
v -1.777008 0.660000 0.199383
v -1.714911 0.660000 0.180175
v -2.211686 0.690000 0.333845
v -2.149589 0.690000 0.314636
v -2.087492 0.690000 0.295427
v -2.025395 0.690000 0.276219
v -1.963298 0.690000 0.257010
v -1.901202 0.690000 0.237801
v -1.839105 0.690000 0.218592
v -1.777008 0.690000 0.199383
v -1.714911 0.690000 0.180175
v -2.211686 0.720000 0.333845
v -2.149589 0.720000 0.314636
v -2.087492 0.720000 0.295427
v -2.025395 0.720000 0.276219
v -1.963298 0.720000 0.257010
v -1.901202 0.720000 0.237801
v -1.839105 0.720000 0.218592
v -1.777008 0.720000 0.199383
v -1.714911 0.720000 0.180175
v -2.210545 0.749701 0.333492
v -2.149589 0.750000 0.314636
v -2.087492 0.750000 0.295427
v -2.025395 0.750000 0.276219
v -1.963298 0.750000 0.257010
v -1.901202 0.750000 0.237801
v -1.839105 0.750000 0.218592
v -1.777008 0.750000 0.199383
v -1.716052 0.749701 0.180528
v -2.200493 0.768284 0.330383
v -2.149589 0.780000 0.314636
v -2.087492 0.780000 0.295427
v -2.025395 0.780000 0.276219
v -1.963298 0.780000 0.257010
v -1.901202 0.780000 0.237801
v -1.839105 0.780000 0.218592
v -1.777008 0.780000 0.199383
v -1.726103 0.768284 0.183637
vn -0.355833 -0.705633 0.612752
vn 0.161028 -0.703434 0.692280
vn 0.208964 -0.707107 0.675525
vn 0.208964 -0.707107 0.675525
vn 0.208964 -0.707107 0.675525
vn 0.208964 -0.707107 0.675525
vn 0.208964 -0.707107 0.675525
vn 0.306469 -0.697921 0.647289
vn 0.734611 -0.666265 0.128207
vn -0.442446 -0.136763 0.886306
vn 0.295520 0.000000 0.955336
vn 0.295520 0.000000 0.955336
vn 0.295520 0.000000 0.955336
vn 0.295520 0.000000 0.955336
vn 0.295520 0.000000 0.955336
vn 0.295520 0.000000 0.955336
vn 0.295520 -0.000000 0.955336
vn 0.865612 -0.136763 0.481676
vn -0.466421 -0.009471 0.884512
vn 0.295520 -0.000000 0.955336
vn 0.295520 0.000000 0.955336
vn 0.295520 0.000000 0.955336
vn 0.295520 0.000000 0.955336
vn 0.295520 0.000000 0.955336
vn 0.295520 0.000000 0.955336
vn 0.295520 0.000000 0.955336
vn 0.884387 -0.009471 0.466659
vn -0.466561 0.000000 0.884489
vn 0.295520 0.000000 0.955336
vn 0.295520 0.000000 0.955336
vn 0.295520 0.000000 0.955336
vn 0.295520 0.000000 0.955336
vn 0.295520 0.000000 0.955336
vn 0.295520 0.000000 0.955336
vn 0.295520 0.000000 0.955336
vn 0.884489 0.000000 0.466561
vn -0.466561 0.000000 0.884489
vn 0.295520 0.000000 0.955336
vn 0.295520 0.000000 0.955336
vn 0.295520 0.000000 0.955336
vn 0.295520 0.000000 0.955336
vn 0.295520 0.000000 0.955336
vn 0.295520 0.000000 0.955336
vn 0.295520 0.000000 0.955336
vn 0.884489 0.000000 0.466561
vn -0.466561 0.000000 0.884489
vn 0.295520 0.000000 0.955336
vn 0.295520 0.000000 0.955336
vn 0.295520 0.000000 0.955336
vn 0.295520 0.000000 0.955336
vn 0.295520 0.000000 0.955336
vn 0.295520 0.000000 0.955336
vn 0.295520 0.000000 0.955336
vn 0.884489 0.000000 0.466561
vn -0.466239 0.018942 0.884456
vn 0.295520 0.000000 0.955336
vn 0.295520 0.000000 0.955336
vn 0.295520 0.000000 0.955336
vn 0.295520 0.000000 0.955336
vn 0.295520 0.000000 0.955336
vn 0.295520 0.000000 0.955336
vn 0.295520 0.000000 0.955336
vn 0.884205 0.018942 0.466715
vn -0.413036 0.244760 0.877208
vn 0.295520 0.000000 0.955336
vn 0.295520 0.000000 0.955336
vn 0.295520 0.000000 0.955336
vn 0.295520 0.000000 0.955336
vn 0.295520 0.000000 0.955336
vn 0.295520 0.000000 0.955336
vn 0.295520 -0.000000 0.955336
vn 0.836202 0.244760 0.490774
vn -0.321276 0.830609 0.454831
vn 0.161028 0.703434 0.692280
vn 0.208964 0.707107 0.675525
vn 0.208964 0.707107 0.675525
vn 0.208964 0.707107 0.675525
vn 0.208964 0.707107 0.675525
vn 0.208964 0.707107 0.675525
vn 0.306469 0.697921 0.647289
vn 0.600888 0.542497 0.587052
vn -0.600888 -0.542497 -0.587052
vn -0.306469 -0.697921 -0.647289
vn -0.208964 -0.707107 -0.675525
vn -0.208964 -0.707107 -0.675525
vn -0.208964 -0.707107 -0.675525
vn -0.208964 -0.707107 -0.675525
vn -0.208964 -0.707107 -0.675525
vn -0.161028 -0.703434 -0.692280
vn 0.321276 -0.830609 -0.454831
vn -0.836202 -0.244760 -0.490774
vn -0.295520 0.000000 -0.955336
vn -0.295520 0.000000 -0.955336
vn -0.295520 0.000000 -0.955336
vn -0.295520 0.000000 -0.955336
vn -0.295520 0.000000 -0.955336
vn -0.295520 0.000000 -0.955336
vn -0.295520 0.000000 -0.955336
vn 0.413036 -0.244760 -0.877208
vn -0.884205 -0.018942 -0.466715
vn -0.295520 -0.000000 -0.955336
vn -0.295520 0.000000 -0.955336
vn -0.295520 0.000000 -0.955336
vn -0.295520 0.000000 -0.955336
vn -0.295520 0.000000 -0.955336
vn -0.295520 0.000000 -0.955336
vn -0.295520 0.000000 -0.955336
vn 0.466239 -0.018942 -0.884456
vn -0.884489 0.000000 -0.466561
vn -0.295520 0.000000 -0.955336
vn -0.295520 0.000000 -0.955336
vn -0.295520 0.000000 -0.955336
vn -0.295520 0.000000 -0.955336
vn -0.295520 0.000000 -0.955336
vn -0.295520 0.000000 -0.955336
vn -0.295520 0.000000 -0.955336
vn 0.466561 0.000000 -0.884489
vn -0.884489 0.000000 -0.466561
vn -0.295520 0.000000 -0.955336
vn -0.295520 0.000000 -0.955336
vn -0.295520 0.000000 -0.955336
vn -0.295520 0.000000 -0.955336
vn -0.295520 0.000000 -0.955336
vn -0.295520 0.000000 -0.955336
vn -0.295520 0.000000 -0.955336
vn 0.466561 0.000000 -0.884489
vn -0.884489 0.000000 -0.466561
vn -0.295520 0.000000 -0.955336
vn -0.295520 0.000000 -0.955336
vn -0.295520 0.000000 -0.955336
vn -0.295520 0.000000 -0.955336
vn -0.295520 0.000000 -0.955336
vn -0.295520 0.000000 -0.955336
vn -0.295520 0.000000 -0.955336
vn 0.466561 0.000000 -0.884489
vn -0.884387 0.009471 -0.466659
vn -0.295520 0.000000 -0.955336
vn -0.295520 0.000000 -0.955336
vn -0.295520 0.000000 -0.955336
vn -0.295520 0.000000 -0.955336
vn -0.295520 0.000000 -0.955336
vn -0.295520 0.000000 -0.955336
vn -0.295520 -0.000000 -0.955336
vn 0.466421 0.009471 -0.884512
vn -0.865612 0.136763 -0.481676
vn -0.295520 0.000000 -0.955336
vn -0.295520 0.000000 -0.955336
vn -0.295520 0.000000 -0.955336
vn -0.295520 0.000000 -0.955336
vn -0.295520 0.000000 -0.955336
vn -0.295520 0.000000 -0.955336
vn -0.295520 0.000000 -0.955336
vn 0.442446 0.136763 -0.886306
vn -0.734611 0.666265 -0.128207
vn -0.306469 0.697921 -0.647289
vn -0.208964 0.707107 -0.675525
vn -0.208964 0.707107 -0.675525
vn -0.208964 0.707107 -0.675525
vn -0.208964 0.707107 -0.675525
vn -0.208964 0.707107 -0.675525
vn -0.161028 0.703434 -0.692280
vn 0.355833 0.705633 -0.612752
usemtl lacquer_black
f 3337 3338 3347
f 3337 3347 3346
f 3338 3339 3348
f 3338 3348 3347
f 3339 3340 3349
f 3339 3349 3348
f 3340 3341 3350
f 3340 3350 3349
f 3341 3342 3351
f 3341 3351 3350
f 3342 3343 3352
f 3342 3352 3351
f 3343 3344 3353
f 3343 3353 3352
f 3344 3345 3354
f 3344 3354 3353
f 3346 3347 3356
f 3346 3356 3355
f 3347 3348 3357
f 3347 3357 3356
f 3348 3349 3358
f 3348 3358 3357
f 3349 3350 3359
f 3349 3359 3358
f 3350 3351 3360
f 3350 3360 3359
f 3351 3352 3361
f 3351 3361 3360
f 3352 3353 3362
f 3352 3362 3361
f 3353 3354 3363
f 3353 3363 3362
f 3355 3356 3365
f 3355 3365 3364
f 3356 3357 3366
f 3356 3366 3365
f 3357 3358 3367
f 3357 3367 3366
f 3358 3359 3368
f 3358 3368 3367
f 3359 3360 3369
f 3359 3369 3368
f 3360 3361 3370
f 3360 3370 3369
f 3361 3362 3371
f 3361 3371 3370
f 3362 3363 3372
f 3362 3372 3371
f 3364 3365 3374
f 3364 3374 3373
f 3365 3366 3375
f 3365 3375 3374
f 3366 3367 3376
f 3366 3376 3375
f 3367 3368 3377
f 3367 3377 3376
f 3368 3369 3378
f 3368 3378 3377
f 3369 3370 3379
f 3369 3379 3378
f 3370 3371 3380
f 3370 3380 3379
f 3371 3372 3381
f 3371 3381 3380
f 3373 3374 3383
f 3373 3383 3382
f 3374 3375 3384
f 3374 3384 3383
f 3375 3376 3385
f 3375 3385 3384
f 3376 3377 3386
f 3376 3386 3385
f 3377 3378 3387
f 3377 3387 3386
f 3378 3379 3388
f 3378 3388 3387
f 3379 3380 3389
f 3379 3389 3388
f 3380 3381 3390
f 3380 3390 3389
f 3382 3383 3392
f 3382 3392 3391
f 3383 3384 3393
f 3383 3393 3392
f 3384 3385 3394
f 3384 3394 3393
f 3385 3386 3395
f 3385 3395 3394
f 3386 3387 3396
f 3386 3396 3395
f 3387 3388 3397
f 3387 3397 3396
f 3388 3389 3398
f 3388 3398 3397
f 3389 3390 3399
f 3389 3399 3398
f 3391 3392 3401
f 3391 3401 3400
f 3392 3393 3402
f 3392 3402 3401
f 3393 3394 3403
f 3393 3403 3402
f 3394 3395 3404
f 3394 3404 3403
f 3395 3396 3405
f 3395 3405 3404
f 3396 3397 3406
f 3396 3406 3405
f 3397 3398 3407
f 3397 3407 3406
f 3398 3399 3408
f 3398 3408 3407
f 3400 3401 3410
f 3400 3410 3409
f 3401 3402 3411
f 3401 3411 3410
f 3402 3403 3412
f 3402 3412 3411
f 3403 3404 3413
f 3403 3413 3412
f 3404 3405 3414
f 3404 3414 3413
f 3405 3406 3415
f 3405 3415 3414
f 3406 3407 3416
f 3406 3416 3415
f 3407 3408 3417
f 3407 3417 3416
f 3418 3427 3428
f 3418 3428 3419
f 3419 3428 3429
f 3419 3429 3420
f 3420 3429 3430
f 3420 3430 3421
f 3421 3430 3431
f 3421 3431 3422
f 3422 3431 3432
f 3422 3432 3423
f 3423 3432 3433
f 3423 3433 3424
f 3424 3433 3434
f 3424 3434 3425
f 3425 3434 3435
f 3425 3435 3426
f 3427 3436 3437
f 3427 3437 3428
f 3428 3437 3438
f 3428 3438 3429
f 3429 3438 3439
f 3429 3439 3430
f 3430 3439 3440
f 3430 3440 3431
f 3431 3440 3441
f 3431 3441 3432
f 3432 3441 3442
f 3432 3442 3433
f 3433 3442 3443
f 3433 3443 3434
f 3434 3443 3444
f 3434 3444 3435
f 3436 3445 3446
f 3436 3446 3437
f 3437 3446 3447
f 3437 3447 3438
f 3438 3447 3448
f 3438 3448 3439
f 3439 3448 3449
f 3439 3449 3440
f 3440 3449 3450
f 3440 3450 3441
f 3441 3450 3451
f 3441 3451 3442
f 3442 3451 3452
f 3442 3452 3443
f 3443 3452 3453
f 3443 3453 3444
f 3445 3454 3455
f 3445 3455 3446
f 3446 3455 3456
f 3446 3456 3447
f 3447 3456 3457
f 3447 3457 3448
f 3448 3457 3458
f 3448 3458 3449
f 3449 3458 3459
f 3449 3459 3450
f 3450 3459 3460
f 3450 3460 3451
f 3451 3460 3461
f 3451 3461 3452
f 3452 3461 3462
f 3452 3462 3453
f 3454 3463 3464
f 3454 3464 3455
f 3455 3464 3465
f 3455 3465 3456
f 3456 3465 3466
f 3456 3466 3457
f 3457 3466 3467
f 3457 3467 3458
f 3458 3467 3468
f 3458 3468 3459
f 3459 3468 3469
f 3459 3469 3460
f 3460 3469 3470
f 3460 3470 3461
f 3461 3470 3471
f 3461 3471 3462
f 3463 3472 3473
f 3463 3473 3464
f 3464 3473 3474
f 3464 3474 3465
f 3465 3474 3475
f 3465 3475 3466
f 3466 3475 3476
f 3466 3476 3467
f 3467 3476 3477
f 3467 3477 3468
f 3468 3477 3478
f 3468 3478 3469
f 3469 3478 3479
f 3469 3479 3470
f 3470 3479 3480
f 3470 3480 3471
f 3472 3481 3482
f 3472 3482 3473
f 3473 3482 3483
f 3473 3483 3474
f 3474 3483 3484
f 3474 3484 3475
f 3475 3484 3485
f 3475 3485 3476
f 3476 3485 3486
f 3476 3486 3477
f 3477 3486 3487
f 3477 3487 3478
f 3478 3487 3488
f 3478 3488 3479
f 3479 3488 3489
f 3479 3489 3480
f 3481 3490 3491
f 3481 3491 3482
f 3482 3491 3492
f 3482 3492 3483
f 3483 3492 3493
f 3483 3493 3484
f 3484 3493 3494
f 3484 3494 3485
f 3485 3494 3495
f 3485 3495 3486
f 3486 3495 3496
f 3486 3496 3487
f 3487 3496 3497
f 3487 3497 3488
f 3488 3497 3498
f 3488 3498 3489
f 3337 3346 3427
f 3337 3427 3418
f 3345 3426 3435
f 3345 3435 3354
f 3346 3355 3436
f 3346 3436 3427
f 3354 3435 3444
f 3354 3444 3363
f 3355 3364 3445
f 3355 3445 3436
f 3363 3444 3453
f 3363 3453 3372
f 3364 3373 3454
f 3364 3454 3445
f 3372 3453 3462
f 3372 3462 3381
f 3373 3382 3463
f 3373 3463 3454
f 3381 3462 3471
f 3381 3471 3390
f 3382 3391 3472
f 3382 3472 3463
f 3390 3471 3480
f 3390 3480 3399
f 3391 3400 3481
f 3391 3481 3472
f 3399 3480 3489
f 3399 3489 3408
f 3400 3409 3490
f 3400 3490 3481
f 3408 3489 3498
f 3408 3498 3417
f 3337 3418 3419
f 3337 3419 3338
f 3409 3410 3491
f 3409 3491 3490
f 3338 3419 3420
f 3338 3420 3339
f 3410 3411 3492
f 3410 3492 3491
f 3339 3420 3421
f 3339 3421 3340
f 3411 3412 3493
f 3411 3493 3492
f 3340 3421 3422
f 3340 3422 3341
f 3412 3413 3494
f 3412 3494 3493
f 3341 3422 3423
f 3341 3423 3342
f 3413 3414 3495
f 3413 3495 3494
f 3342 3423 3424
f 3342 3424 3343
f 3414 3415 3496
f 3414 3496 3495
f 3343 3424 3425
f 3343 3425 3344
f 3415 3416 3497
f 3415 3497 3496
f 3344 3425 3426
f 3344 3426 3345
f 3416 3417 3498
f 3416 3498 3497
o sode_2_L
v -2.182074 0.311716 0.356088
v -2.133558 0.300000 0.341080
v -2.073850 0.300000 0.322610
v -2.014141 0.300000 0.304140
v -1.954433 0.300000 0.285670
v -1.894724 0.300000 0.267200
v -1.835016 0.300000 0.248730
v -1.775307 0.300000 0.230260
v -1.726791 0.311716 0.215252
v -2.192126 0.330299 0.359197
v -2.133558 0.330000 0.341080
v -2.073850 0.330000 0.322610
v -2.014141 0.330000 0.304140
v -1.954433 0.330000 0.285670
v -1.894724 0.330000 0.267200
v -1.835016 0.330000 0.248730
v -1.775307 0.330000 0.230260
v -1.716740 0.330299 0.212143
v -2.193267 0.360000 0.359550
v -2.133558 0.360000 0.341080
v -2.073850 0.360000 0.322610
v -2.014141 0.360000 0.304140
v -1.954433 0.360000 0.285670
v -1.894724 0.360000 0.267200
v -1.835016 0.360000 0.248730
v -1.775307 0.360000 0.230260
v -1.715599 0.360000 0.211790
v -2.193267 0.390000 0.359550
v -2.133558 0.390000 0.341080
v -2.073850 0.390000 0.322610
v -2.014141 0.390000 0.304140
v -1.954433 0.390000 0.285670
v -1.894724 0.390000 0.267200
v -1.835016 0.390000 0.248730
v -1.775307 0.390000 0.230260
v -1.715599 0.390000 0.211790
v -2.193267 0.420000 0.359550
v -2.133558 0.420000 0.341080
v -2.073850 0.420000 0.322610
v -2.014141 0.420000 0.304140
v -1.954433 0.420000 0.285670
v -1.894724 0.420000 0.267200
v -1.835016 0.420000 0.248730
v -1.775307 0.420000 0.230260
v -1.715599 0.420000 0.211790
v -2.193267 0.450000 0.359550
v -2.133558 0.450000 0.341080
v -2.073850 0.450000 0.322610
v -2.014141 0.450000 0.304140
v -1.954433 0.450000 0.285670
v -1.894724 0.450000 0.267200
v -1.835016 0.450000 0.248730
v -1.775307 0.450000 0.230260
v -1.715599 0.450000 0.211790
v -2.193267 0.480000 0.359550
v -2.133558 0.480000 0.341080
v -2.073850 0.480000 0.322610
v -2.014141 0.480000 0.304140
v -1.954433 0.480000 0.285670
v -1.894724 0.480000 0.267200
v -1.835016 0.480000 0.248730
v -1.775307 0.480000 0.230260
v -1.715599 0.480000 0.211790
v -2.192126 0.509701 0.359197
v -2.133558 0.510000 0.341080
v -2.073850 0.510000 0.322610
v -2.014141 0.510000 0.304140
v -1.954433 0.510000 0.285670
v -1.894724 0.510000 0.267200
v -1.835016 0.510000 0.248730
v -1.775307 0.510000 0.230260
v -1.716740 0.509701 0.212143
v -2.182074 0.528284 0.356088
v -2.133558 0.540000 0.341080
v -2.073850 0.540000 0.322610
v -2.014141 0.540000 0.304140
v -1.954433 0.540000 0.285670
v -1.894724 0.540000 0.267200
v -1.835016 0.540000 0.248730
v -1.775307 0.540000 0.230260
v -1.726791 0.528284 0.215252
v -2.190940 0.311716 0.327428
v -2.142424 0.300000 0.312420
v -2.082715 0.300000 0.293950
v -2.023007 0.300000 0.275480
v -1.963298 0.300000 0.257010
v -1.903590 0.300000 0.238540
v -1.843881 0.300000 0.220070
v -1.784173 0.300000 0.201600
v -1.735657 0.311716 0.186592
v -2.200992 0.330299 0.330537
v -2.142424 0.330000 0.312420
v -2.082715 0.330000 0.293950
v -2.023007 0.330000 0.275480
v -1.963298 0.330000 0.257010
v -1.903590 0.330000 0.238540
v -1.843881 0.330000 0.220070
v -1.784173 0.330000 0.201600
v -1.725605 0.330299 0.183483
v -2.202133 0.360000 0.330890
v -2.142424 0.360000 0.312420
v -2.082715 0.360000 0.293950
v -2.023007 0.360000 0.275480
v -1.963298 0.360000 0.257010
v -1.903590 0.360000 0.238540
v -1.843881 0.360000 0.220070
v -1.784173 0.360000 0.201600
v -1.724464 0.360000 0.183130
v -2.202133 0.390000 0.330890
v -2.142424 0.390000 0.312420
v -2.082715 0.390000 0.293950
v -2.023007 0.390000 0.275480
v -1.963298 0.390000 0.257010
v -1.903590 0.390000 0.238540
v -1.843881 0.390000 0.220070
v -1.784173 0.390000 0.201600
v -1.724464 0.390000 0.183130
v -2.202133 0.420000 0.330890
v -2.142424 0.420000 0.312420
v -2.082715 0.420000 0.293950
v -2.023007 0.420000 0.275480
v -1.963298 0.420000 0.257010
v -1.903590 0.420000 0.238540
v -1.843881 0.420000 0.220070
v -1.784173 0.420000 0.201600
v -1.724464 0.420000 0.183130
v -2.202133 0.450000 0.330890
v -2.142424 0.450000 0.312420
v -2.082715 0.450000 0.293950
v -2.023007 0.450000 0.275480
v -1.963298 0.450000 0.257010
v -1.903590 0.450000 0.238540
v -1.843881 0.450000 0.220070
v -1.784173 0.450000 0.201600
v -1.724464 0.450000 0.183130
v -2.202133 0.480000 0.330890
v -2.142424 0.480000 0.312420
v -2.082715 0.480000 0.293950
v -2.023007 0.480000 0.275480
v -1.963298 0.480000 0.257010
v -1.903590 0.480000 0.238540
v -1.843881 0.480000 0.220070
v -1.784173 0.480000 0.201600
v -1.724464 0.480000 0.183130
v -2.200992 0.509701 0.330537
v -2.142424 0.510000 0.312420
v -2.082715 0.510000 0.293950
v -2.023007 0.510000 0.275480
v -1.963298 0.510000 0.257010
v -1.903590 0.510000 0.238540
v -1.843881 0.510000 0.220070
v -1.784173 0.510000 0.201600
v -1.725605 0.509701 0.183483
v -2.190940 0.528284 0.327428
v -2.142424 0.540000 0.312420
v -2.082715 0.540000 0.293950
v -2.023007 0.540000 0.275480
v -1.963298 0.540000 0.257010
v -1.903590 0.540000 0.238540
v -1.843881 0.540000 0.220070
v -1.784173 0.540000 0.201600
v -1.735657 0.528284 0.186592
vn -0.359810 -0.703310 0.613100
vn 0.158799 -0.703077 0.693157
vn 0.208964 -0.707107 0.675525
vn 0.208964 -0.707107 0.675525
vn 0.208964 -0.707107 0.675525
vn 0.208964 -0.707107 0.675525
vn 0.208964 -0.707107 0.675525
vn 0.311085 -0.697027 0.646049
vn 0.736576 -0.664329 0.126975
vn -0.442446 -0.136763 0.886306
vn 0.295520 -0.000000 0.955336
vn 0.295520 0.000000 0.955336
vn 0.295520 0.000000 0.955336
vn 0.295520 0.000000 0.955336
vn 0.295520 0.000000 0.955336
vn 0.295520 0.000000 0.955336
vn 0.295520 0.000000 0.955336
vn 0.865612 -0.136763 0.481676
vn -0.466421 -0.009471 0.884512
vn 0.295520 -0.000000 0.955336
vn 0.295520 0.000000 0.955336
vn 0.295520 0.000000 0.955336
vn 0.295520 0.000000 0.955336
vn 0.295520 0.000000 0.955336
vn 0.295520 0.000000 0.955336
vn 0.295520 0.000000 0.955336
vn 0.884387 -0.009471 0.466659
vn -0.466561 0.000000 0.884489
vn 0.295520 0.000000 0.955336
vn 0.295520 0.000000 0.955336
vn 0.295520 0.000000 0.955336
vn 0.295520 0.000000 0.955336
vn 0.295520 0.000000 0.955336
vn 0.295520 0.000000 0.955336
vn 0.295520 0.000000 0.955336
vn 0.884489 0.000000 0.466561
vn -0.466561 0.000000 0.884489
vn 0.295520 0.000000 0.955336
vn 0.295520 0.000000 0.955336
vn 0.295520 0.000000 0.955336
vn 0.295520 0.000000 0.955336
vn 0.295520 0.000000 0.955336
vn 0.295520 0.000000 0.955336
vn 0.295520 0.000000 0.955336
vn 0.884489 0.000000 0.466561
vn -0.466561 0.000000 0.884489
vn 0.295520 0.000000 0.955336
vn 0.295520 0.000000 0.955336
vn 0.295520 0.000000 0.955336
vn 0.295520 0.000000 0.955336
vn 0.295520 0.000000 0.955336
vn 0.295520 0.000000 0.955336
vn 0.295520 0.000000 0.955336
vn 0.884489 0.000000 0.466561
vn -0.466239 0.018942 0.884456
vn 0.295520 0.000000 0.955336
vn 0.295520 0.000000 0.955336
vn 0.295520 0.000000 0.955336
vn 0.295520 0.000000 0.955336
vn 0.295520 0.000000 0.955336
vn 0.295520 0.000000 0.955336
vn 0.295520 -0.000000 0.955336
vn 0.884205 0.018942 0.466715
vn -0.413036 0.244760 0.877208
vn 0.295520 0.000000 0.955336
vn 0.295520 0.000000 0.955336
vn 0.295520 0.000000 0.955336
vn 0.295520 0.000000 0.955336
vn 0.295520 0.000000 0.955336
vn 0.295520 0.000000 0.955336
vn 0.295520 0.000000 0.955336
vn 0.836202 0.244760 0.490774
vn -0.327220 0.827617 0.456046
vn 0.158799 0.703077 0.693157
vn 0.208964 0.707107 0.675525
vn 0.208964 0.707107 0.675525
vn 0.208964 0.707107 0.675525
vn 0.208964 0.707107 0.675525
vn 0.208964 0.707107 0.675525
vn 0.311085 0.697027 0.646049
vn 0.603805 0.541098 0.585348
vn -0.603805 -0.541098 -0.585348
vn -0.311085 -0.697027 -0.646049
vn -0.208964 -0.707107 -0.675525
vn -0.208964 -0.707107 -0.675525
vn -0.208964 -0.707107 -0.675525
vn -0.208964 -0.707107 -0.675525
vn -0.208964 -0.707107 -0.675525
vn -0.158799 -0.703077 -0.693157
vn 0.327220 -0.827617 -0.456046
vn -0.836202 -0.244760 -0.490774
vn -0.295520 0.000000 -0.955336
vn -0.295520 0.000000 -0.955336
vn -0.295520 0.000000 -0.955336
vn -0.295520 0.000000 -0.955336
vn -0.295520 0.000000 -0.955336
vn -0.295520 0.000000 -0.955336
vn -0.295520 -0.000000 -0.955336
vn 0.413036 -0.244760 -0.877208
vn -0.884205 -0.018942 -0.466715
vn -0.295520 0.000000 -0.955336
vn -0.295520 0.000000 -0.955336
vn -0.295520 0.000000 -0.955336
vn -0.295520 0.000000 -0.955336
vn -0.295520 0.000000 -0.955336
vn -0.295520 0.000000 -0.955336
vn -0.295520 0.000000 -0.955336
vn 0.466239 -0.018942 -0.884456
vn -0.884489 0.000000 -0.466561
vn -0.295520 0.000000 -0.955336
vn -0.295520 0.000000 -0.955336
vn -0.295520 0.000000 -0.955336
vn -0.295520 0.000000 -0.955336
vn -0.295520 0.000000 -0.955336
vn -0.295520 0.000000 -0.955336
vn -0.295520 0.000000 -0.955336
vn 0.466561 0.000000 -0.884489
vn -0.884489 0.000000 -0.466561
vn -0.295520 0.000000 -0.955336
vn -0.295520 0.000000 -0.955336
vn -0.295520 0.000000 -0.955336
vn -0.295520 0.000000 -0.955336
vn -0.295520 0.000000 -0.955336
vn -0.295520 0.000000 -0.955336
vn -0.295520 0.000000 -0.955336
vn 0.466561 0.000000 -0.884489
vn -0.884489 0.000000 -0.466561
vn -0.295520 0.000000 -0.955336
vn -0.295520 0.000000 -0.955336
vn -0.295520 0.000000 -0.955336
vn -0.295520 0.000000 -0.955336
vn -0.295520 0.000000 -0.955336
vn -0.295520 0.000000 -0.955336
vn -0.295520 0.000000 -0.955336
vn 0.466561 0.000000 -0.884489
vn -0.884387 0.009471 -0.466659
vn -0.295520 0.000000 -0.955336
vn -0.295520 0.000000 -0.955336
vn -0.295520 0.000000 -0.955336
vn -0.295520 0.000000 -0.955336
vn -0.295520 0.000000 -0.955336
vn -0.295520 0.000000 -0.955336
vn -0.295520 0.000000 -0.955336
vn 0.466421 0.009471 -0.884512
vn -0.865612 0.136763 -0.481676
vn -0.295520 -0.000000 -0.955336
vn -0.295520 0.000000 -0.955336
vn -0.295520 0.000000 -0.955336
vn -0.295520 0.000000 -0.955336
vn -0.295520 0.000000 -0.955336
vn -0.295520 0.000000 -0.955336
vn -0.295520 0.000000 -0.955336
vn 0.442446 0.136763 -0.886306
vn -0.736576 0.664329 -0.126975
vn -0.311085 0.697027 -0.646049
vn -0.208964 0.707107 -0.675525
vn -0.208964 0.707107 -0.675525
vn -0.208964 0.707107 -0.675525
vn -0.208964 0.707107 -0.675525
vn -0.208964 0.707107 -0.675525
vn -0.158799 0.703077 -0.693157
vn 0.359810 0.703310 -0.613100
usemtl lacquer_red
f 3499 3500 3509
f 3499 3509 3508
f 3500 3501 3510
f 3500 3510 3509
f 3501 3502 3511
f 3501 3511 3510
f 3502 3503 3512
f 3502 3512 3511
f 3503 3504 3513
f 3503 3513 3512
f 3504 3505 3514
f 3504 3514 3513
f 3505 3506 3515
f 3505 3515 3514
f 3506 3507 3516
f 3506 3516 3515
f 3508 3509 3518
f 3508 3518 3517
f 3509 3510 3519
f 3509 3519 3518
f 3510 3511 3520
f 3510 3520 3519
f 3511 3512 3521
f 3511 3521 3520
f 3512 3513 3522
f 3512 3522 3521
f 3513 3514 3523
f 3513 3523 3522
f 3514 3515 3524
f 3514 3524 3523
f 3515 3516 3525
f 3515 3525 3524
f 3517 3518 3527
f 3517 3527 3526
f 3518 3519 3528
f 3518 3528 3527
f 3519 3520 3529
f 3519 3529 3528
f 3520 3521 3530
f 3520 3530 3529
f 3521 3522 3531
f 3521 3531 3530
f 3522 3523 3532
f 3522 3532 3531
f 3523 3524 3533
f 3523 3533 3532
f 3524 3525 3534
f 3524 3534 3533
f 3526 3527 3536
f 3526 3536 3535
f 3527 3528 3537
f 3527 3537 3536
f 3528 3529 3538
f 3528 3538 3537
f 3529 3530 3539
f 3529 3539 3538
f 3530 3531 3540
f 3530 3540 3539
f 3531 3532 3541
f 3531 3541 3540
f 3532 3533 3542
f 3532 3542 3541
f 3533 3534 3543
f 3533 3543 3542
f 3535 3536 3545
f 3535 3545 3544
f 3536 3537 3546
f 3536 3546 3545
f 3537 3538 3547
f 3537 3547 3546
f 3538 3539 3548
f 3538 3548 3547
f 3539 3540 3549
f 3539 3549 3548
f 3540 3541 3550
f 3540 3550 3549
f 3541 3542 3551
f 3541 3551 3550
f 3542 3543 3552
f 3542 3552 3551
f 3544 3545 3554
f 3544 3554 3553
f 3545 3546 3555
f 3545 3555 3554
f 3546 3547 3556
f 3546 3556 3555
f 3547 3548 3557
f 3547 3557 3556
f 3548 3549 3558
f 3548 3558 3557
f 3549 3550 3559
f 3549 3559 3558
f 3550 3551 3560
f 3550 3560 3559
f 3551 3552 3561
f 3551 3561 3560
f 3553 3554 3563
f 3553 3563 3562
f 3554 3555 3564
f 3554 3564 3563
f 3555 3556 3565
f 3555 3565 3564
f 3556 3557 3566
f 3556 3566 3565
f 3557 3558 3567
f 3557 3567 3566
f 3558 3559 3568
f 3558 3568 3567
f 3559 3560 3569
f 3559 3569 3568
f 3560 3561 3570
f 3560 3570 3569
f 3562 3563 3572
f 3562 3572 3571
f 3563 3564 3573
f 3563 3573 3572
f 3564 3565 3574
f 3564 3574 3573
f 3565 3566 3575
f 3565 3575 3574
f 3566 3567 3576
f 3566 3576 3575
f 3567 3568 3577
f 3567 3577 3576
f 3568 3569 3578
f 3568 3578 3577
f 3569 3570 3579
f 3569 3579 3578
f 3580 3589 3590
f 3580 3590 3581
f 3581 3590 3591
f 3581 3591 3582
f 3582 3591 3592
f 3582 3592 3583
f 3583 3592 3593
f 3583 3593 3584
f 3584 3593 3594
f 3584 3594 3585
f 3585 3594 3595
f 3585 3595 3586
f 3586 3595 3596
f 3586 3596 3587
f 3587 3596 3597
f 3587 3597 3588
f 3589 3598 3599
f 3589 3599 3590
f 3590 3599 3600
f 3590 3600 3591
f 3591 3600 3601
f 3591 3601 3592
f 3592 3601 3602
f 3592 3602 3593
f 3593 3602 3603
f 3593 3603 3594
f 3594 3603 3604
f 3594 3604 3595
f 3595 3604 3605
f 3595 3605 3596
f 3596 3605 3606
f 3596 3606 3597
f 3598 3607 3608
f 3598 3608 3599
f 3599 3608 3609
f 3599 3609 3600
f 3600 3609 3610
f 3600 3610 3601
f 3601 3610 3611
f 3601 3611 3602
f 3602 3611 3612
f 3602 3612 3603
f 3603 3612 3613
f 3603 3613 3604
f 3604 3613 3614
f 3604 3614 3605
f 3605 3614 3615
f 3605 3615 3606
f 3607 3616 3617
f 3607 3617 3608
f 3608 3617 3618
f 3608 3618 3609
f 3609 3618 3619
f 3609 3619 3610
f 3610 3619 3620
f 3610 3620 3611
f 3611 3620 3621
f 3611 3621 3612
f 3612 3621 3622
f 3612 3622 3613
f 3613 3622 3623
f 3613 3623 3614
f 3614 3623 3624
f 3614 3624 3615
f 3616 3625 3626
f 3616 3626 3617
f 3617 3626 3627
f 3617 3627 3618
f 3618 3627 3628
f 3618 3628 3619
f 3619 3628 3629
f 3619 3629 3620
f 3620 3629 3630
f 3620 3630 3621
f 3621 3630 3631
f 3621 3631 3622
f 3622 3631 3632
f 3622 3632 3623
f 3623 3632 3633
f 3623 3633 3624
f 3625 3634 3635
f 3625 3635 3626
f 3626 3635 3636
f 3626 3636 3627
f 3627 3636 3637
f 3627 3637 3628
f 3628 3637 3638
f 3628 3638 3629
f 3629 3638 3639
f 3629 3639 3630
f 3630 3639 3640
f 3630 3640 3631
f 3631 3640 3641
f 3631 3641 3632
f 3632 3641 3642
f 3632 3642 3633
f 3634 3643 3644
f 3634 3644 3635
f 3635 3644 3645
f 3635 3645 3636
f 3636 3645 3646
f 3636 3646 3637
f 3637 3646 3647
f 3637 3647 3638
f 3638 3647 3648
f 3638 3648 3639
f 3639 3648 3649
f 3639 3649 3640
f 3640 3649 3650
f 3640 3650 3641
f 3641 3650 3651
f 3641 3651 3642
f 3643 3652 3653
f 3643 3653 3644
f 3644 3653 3654
f 3644 3654 3645
f 3645 3654 3655
f 3645 3655 3646
f 3646 3655 3656
f 3646 3656 3647
f 3647 3656 3657
f 3647 3657 3648
f 3648 3657 3658
f 3648 3658 3649
f 3649 3658 3659
f 3649 3659 3650
f 3650 3659 3660
f 3650 3660 3651
f 3499 3508 3589
f 3499 3589 3580
f 3507 3588 3597
f 3507 3597 3516
f 3508 3517 3598
f 3508 3598 3589
f 3516 3597 3606
f 3516 3606 3525
f 3517 3526 3607
f 3517 3607 3598
f 3525 3606 3615
f 3525 3615 3534
f 3526 3535 3616
f 3526 3616 3607
f 3534 3615 3624
f 3534 3624 3543
f 3535 3544 3625
f 3535 3625 3616
f 3543 3624 3633
f 3543 3633 3552
f 3544 3553 3634
f 3544 3634 3625
f 3552 3633 3642
f 3552 3642 3561
f 3553 3562 3643
f 3553 3643 3634
f 3561 3642 3651
f 3561 3651 3570
f 3562 3571 3652
f 3562 3652 3643
f 3570 3651 3660
f 3570 3660 3579
f 3499 3580 3581
f 3499 3581 3500
f 3571 3572 3653
f 3571 3653 3652
f 3500 3581 3582
f 3500 3582 3501
f 3572 3573 3654
f 3572 3654 3653
f 3501 3582 3583
f 3501 3583 3502
f 3573 3574 3655
f 3573 3655 3654
f 3502 3583 3584
f 3502 3584 3503
f 3574 3575 3656
f 3574 3656 3655
f 3503 3584 3585
f 3503 3585 3504
f 3575 3576 3657
f 3575 3657 3656
f 3504 3585 3586
f 3504 3586 3505
f 3576 3577 3658
f 3576 3658 3657
f 3505 3586 3587
f 3505 3587 3506
f 3577 3578 3659
f 3577 3659 3658
f 3506 3587 3588
f 3506 3588 3507
f 3578 3579 3660
f 3578 3660 3659
o sode_3_L
v -2.172521 0.071716 0.353133
v -2.126393 0.060000 0.338864
v -2.069073 0.060000 0.321132
v -2.011753 0.060000 0.303401
v -1.954433 0.060000 0.285670
v -1.897113 0.060000 0.267939
v -1.839792 0.060000 0.250208
v -1.782472 0.060000 0.232476
v -1.736345 0.071716 0.218207
v -2.182573 0.090299 0.356242
v -2.126393 0.090000 0.338864
v -2.069073 0.090000 0.321132
v -2.011753 0.090000 0.303401
v -1.954433 0.090000 0.285670
v -1.897113 0.090000 0.267939
v -1.839792 0.090000 0.250208
v -1.782472 0.090000 0.232476
v -1.726293 0.090299 0.215098
v -2.183714 0.120000 0.356595
v -2.126393 0.120000 0.338864
v -2.069073 0.120000 0.321132
v -2.011753 0.120000 0.303401
v -1.954433 0.120000 0.285670
v -1.897113 0.120000 0.267939
v -1.839792 0.120000 0.250208
v -1.782472 0.120000 0.232476
v -1.725152 0.120000 0.214745
v -2.183714 0.150000 0.356595
v -2.126393 0.150000 0.338864
v -2.069073 0.150000 0.321132
v -2.011753 0.150000 0.303401
v -1.954433 0.150000 0.285670
v -1.897113 0.150000 0.267939
v -1.839792 0.150000 0.250208
v -1.782472 0.150000 0.232476
v -1.725152 0.150000 0.214745
v -2.183714 0.180000 0.356595
v -2.126393 0.180000 0.338864
v -2.069073 0.180000 0.321132
v -2.011753 0.180000 0.303401
v -1.954433 0.180000 0.285670
v -1.897113 0.180000 0.267939
v -1.839792 0.180000 0.250208
v -1.782472 0.180000 0.232476
v -1.725152 0.180000 0.214745
v -2.183714 0.210000 0.356595
v -2.126393 0.210000 0.338864
v -2.069073 0.210000 0.321132
v -2.011753 0.210000 0.303401
v -1.954433 0.210000 0.285670
v -1.897113 0.210000 0.267939
v -1.839792 0.210000 0.250208
v -1.782472 0.210000 0.232476
v -1.725152 0.210000 0.214745
v -2.183714 0.240000 0.356595
v -2.126393 0.240000 0.338864
v -2.069073 0.240000 0.321132
v -2.011753 0.240000 0.303401
v -1.954433 0.240000 0.285670
v -1.897113 0.240000 0.267939
v -1.839792 0.240000 0.250208
v -1.782472 0.240000 0.232476
v -1.725152 0.240000 0.214745
v -2.182573 0.269701 0.356242
v -2.126393 0.270000 0.338864
v -2.069073 0.270000 0.321132
v -2.011753 0.270000 0.303401
v -1.954433 0.270000 0.285670
v -1.897113 0.270000 0.267939
v -1.839792 0.270000 0.250208
v -1.782472 0.270000 0.232476
v -1.726293 0.269701 0.215098
v -2.172521 0.288284 0.353133
v -2.126393 0.300000 0.338864
v -2.069073 0.300000 0.321132
v -2.011753 0.300000 0.303401
v -1.954433 0.300000 0.285670
v -1.897113 0.300000 0.267939
v -1.839792 0.300000 0.250208
v -1.782472 0.300000 0.232476
v -1.736345 0.288284 0.218207
v -2.181387 0.071716 0.324472
v -2.135259 0.060000 0.310203
v -2.077939 0.060000 0.292472
v -2.020619 0.060000 0.274741
v -1.963298 0.060000 0.257010
v -1.905978 0.060000 0.239279
v -1.848658 0.060000 0.221547
v -1.791338 0.060000 0.203816
v -1.745210 0.071716 0.189547
v -2.191438 0.090299 0.327582
v -2.135259 0.090000 0.310203
v -2.077939 0.090000 0.292472
v -2.020619 0.090000 0.274741
v -1.963298 0.090000 0.257010
v -1.905978 0.090000 0.239279
v -1.848658 0.090000 0.221547
v -1.791338 0.090000 0.203816
v -1.735159 0.090299 0.186438
v -2.192579 0.120000 0.327935
v -2.135259 0.120000 0.310203
v -2.077939 0.120000 0.292472
v -2.020619 0.120000 0.274741
v -1.963298 0.120000 0.257010
v -1.905978 0.120000 0.239279
v -1.848658 0.120000 0.221547
v -1.791338 0.120000 0.203816
v -1.734018 0.120000 0.186085
v -2.192579 0.150000 0.327935
v -2.135259 0.150000 0.310203
v -2.077939 0.150000 0.292472
v -2.020619 0.150000 0.274741
v -1.963298 0.150000 0.257010
v -1.905978 0.150000 0.239279
v -1.848658 0.150000 0.221547
v -1.791338 0.150000 0.203816
v -1.734018 0.150000 0.186085
v -2.192579 0.180000 0.327935
v -2.135259 0.180000 0.310203
v -2.077939 0.180000 0.292472
v -2.020619 0.180000 0.274741
v -1.963298 0.180000 0.257010
v -1.905978 0.180000 0.239279
v -1.848658 0.180000 0.221547
v -1.791338 0.180000 0.203816
v -1.734018 0.180000 0.186085
v -2.192579 0.210000 0.327935
v -2.135259 0.210000 0.310203
v -2.077939 0.210000 0.292472
v -2.020619 0.210000 0.274741
v -1.963298 0.210000 0.257010
v -1.905978 0.210000 0.239279
v -1.848658 0.210000 0.221547
v -1.791338 0.210000 0.203816
v -1.734018 0.210000 0.186085
v -2.192579 0.240000 0.327935
v -2.135259 0.240000 0.310203
v -2.077939 0.240000 0.292472
v -2.020619 0.240000 0.274741
v -1.963298 0.240000 0.257010
v -1.905978 0.240000 0.239279
v -1.848658 0.240000 0.221547
v -1.791338 0.240000 0.203816
v -1.734018 0.240000 0.186085
v -2.191438 0.269701 0.327582
v -2.135259 0.270000 0.310203
v -2.077939 0.270000 0.292472
v -2.020619 0.270000 0.274741
v -1.963298 0.270000 0.257010
v -1.905978 0.270000 0.239279
v -1.848658 0.270000 0.221547
v -1.791338 0.270000 0.203816
v -1.735159 0.269701 0.186438
v -2.181387 0.288284 0.324472
v -2.135259 0.300000 0.310203
v -2.077939 0.300000 0.292472
v -2.020619 0.300000 0.274741
v -1.963298 0.300000 0.257010
v -1.905978 0.300000 0.239279
v -1.848658 0.300000 0.221547
v -1.791338 0.300000 0.203816
v -1.745210 0.288284 0.189547
vn -0.364158 -0.700726 0.613491
vn 0.156359 -0.702665 0.694128
vn 0.208964 -0.707107 0.675525
vn 0.208964 -0.707107 0.675525
vn 0.208964 -0.707107 0.675525
vn 0.208964 -0.707107 0.675525
vn 0.208964 -0.707107 0.675525
vn 0.316148 -0.695998 0.644699
vn 0.738734 -0.662185 0.125633
vn -0.442446 -0.136763 0.886306
vn 0.295520 -0.000000 0.955336
vn 0.295520 0.000000 0.955336
vn 0.295520 0.000000 0.955336
vn 0.295520 0.000000 0.955336
vn 0.295520 0.000000 0.955336
vn 0.295520 0.000000 0.955336
vn 0.295520 0.000000 0.955336
vn 0.865612 -0.136763 0.481676
vn -0.466421 -0.009471 0.884512
vn 0.295520 0.000000 0.955336
vn 0.295520 0.000000 0.955336
vn 0.295520 0.000000 0.955336
vn 0.295520 0.000000 0.955336
vn 0.295520 0.000000 0.955336
vn 0.295520 0.000000 0.955336
vn 0.295520 0.000000 0.955336
vn 0.884387 -0.009471 0.466659
vn -0.466561 0.000000 0.884489
vn 0.295520 0.000000 0.955336
vn 0.295520 0.000000 0.955336
vn 0.295520 0.000000 0.955336
vn 0.295520 0.000000 0.955336
vn 0.295520 0.000000 0.955336
vn 0.295520 0.000000 0.955336
vn 0.295520 0.000000 0.955336
vn 0.884489 0.000000 0.466561
vn -0.466561 0.000000 0.884489
vn 0.295520 0.000000 0.955336
vn 0.295520 0.000000 0.955336
vn 0.295520 0.000000 0.955336
vn 0.295520 0.000000 0.955336
vn 0.295520 0.000000 0.955336
vn 0.295520 0.000000 0.955336
vn 0.295520 0.000000 0.955336
vn 0.884489 0.000000 0.466561
vn -0.466561 0.000000 0.884489
vn 0.295520 0.000000 0.955336
vn 0.295520 0.000000 0.955336
vn 0.295520 0.000000 0.955336
vn 0.295520 0.000000 0.955336
vn 0.295520 0.000000 0.955336
vn 0.295520 0.000000 0.955336
vn 0.295520 0.000000 0.955336
vn 0.884489 0.000000 0.466561
vn -0.466239 0.018942 0.884456
vn 0.295520 0.000000 0.955336
vn 0.295520 0.000000 0.955336
vn 0.295520 0.000000 0.955336
vn 0.295520 0.000000 0.955336
vn 0.295520 0.000000 0.955336
vn 0.295520 0.000000 0.955336
vn 0.295520 -0.000000 0.955336
vn 0.884205 0.018942 0.466715
vn -0.413036 0.244760 0.877208
vn 0.295520 -0.000000 0.955336
vn 0.295520 0.000000 0.955336
vn 0.295520 0.000000 0.955336
vn 0.295520 0.000000 0.955336
vn 0.295520 0.000000 0.955336
vn 0.295520 0.000000 0.955336
vn 0.295520 0.000000 0.955336
vn 0.836202 0.244760 0.490774
vn -0.333714 0.824281 0.457380
vn 0.156359 0.702665 0.694128
vn 0.208964 0.707107 0.675525
vn 0.208964 0.707107 0.675525
vn 0.208964 0.707107 0.675525
vn 0.208964 0.707107 0.675525
vn 0.208964 0.707107 0.675525
vn 0.316148 0.695998 0.644699
vn 0.606999 0.539529 0.583490
vn -0.606999 -0.539529 -0.583490
vn -0.316148 -0.695998 -0.644699
vn -0.208964 -0.707107 -0.675525
vn -0.208964 -0.707107 -0.675525
vn -0.208964 -0.707107 -0.675525
vn -0.208964 -0.707107 -0.675525
vn -0.208964 -0.707107 -0.675525
vn -0.156359 -0.702665 -0.694128
vn 0.333714 -0.824281 -0.457380
vn -0.836202 -0.244760 -0.490774
vn -0.295520 0.000000 -0.955336
vn -0.295520 0.000000 -0.955336
vn -0.295520 0.000000 -0.955336
vn -0.295520 0.000000 -0.955336
vn -0.295520 0.000000 -0.955336
vn -0.295520 0.000000 -0.955336
vn -0.295520 -0.000000 -0.955336
vn 0.413036 -0.244760 -0.877208
vn -0.884205 -0.018942 -0.466715
vn -0.295520 0.000000 -0.955336
vn -0.295520 0.000000 -0.955336
vn -0.295520 0.000000 -0.955336
vn -0.295520 0.000000 -0.955336
vn -0.295520 0.000000 -0.955336
vn -0.295520 0.000000 -0.955336
vn -0.295520 0.000000 -0.955336
vn 0.466239 -0.018942 -0.884456
vn -0.884489 0.000000 -0.466561
vn -0.295520 0.000000 -0.955336
vn -0.295520 0.000000 -0.955336
vn -0.295520 0.000000 -0.955336
vn -0.295520 0.000000 -0.955336
vn -0.295520 0.000000 -0.955336
vn -0.295520 0.000000 -0.955336
vn -0.295520 0.000000 -0.955336
vn 0.466561 0.000000 -0.884489
vn -0.884489 0.000000 -0.466561
vn -0.295520 0.000000 -0.955336
vn -0.295520 0.000000 -0.955336
vn -0.295520 0.000000 -0.955336
vn -0.295520 0.000000 -0.955336
vn -0.295520 0.000000 -0.955336
vn -0.295520 0.000000 -0.955336
vn -0.295520 0.000000 -0.955336
vn 0.466561 0.000000 -0.884489
vn -0.884489 0.000000 -0.466561
vn -0.295520 0.000000 -0.955336
vn -0.295520 0.000000 -0.955336
vn -0.295520 0.000000 -0.955336
vn -0.295520 0.000000 -0.955336
vn -0.295520 0.000000 -0.955336
vn -0.295520 0.000000 -0.955336
vn -0.295520 0.000000 -0.955336
vn 0.466561 0.000000 -0.884489
vn -0.884387 0.009471 -0.466659
vn -0.295520 0.000000 -0.955336
vn -0.295520 0.000000 -0.955336
vn -0.295520 0.000000 -0.955336
vn -0.295520 0.000000 -0.955336
vn -0.295520 0.000000 -0.955336
vn -0.295520 0.000000 -0.955336
vn -0.295520 0.000000 -0.955336
vn 0.466421 0.009471 -0.884512
vn -0.865612 0.136763 -0.481676
vn -0.295520 -0.000000 -0.955336
vn -0.295520 0.000000 -0.955336
vn -0.295520 0.000000 -0.955336
vn -0.295520 0.000000 -0.955336
vn -0.295520 0.000000 -0.955336
vn -0.295520 0.000000 -0.955336
vn -0.295520 0.000000 -0.955336
vn 0.442446 0.136763 -0.886306
vn -0.738734 0.662185 -0.125633
vn -0.316148 0.695998 -0.644699
vn -0.208964 0.707107 -0.675525
vn -0.208964 0.707107 -0.675525
vn -0.208964 0.707107 -0.675525
vn -0.208964 0.707107 -0.675525
vn -0.208964 0.707107 -0.675525
vn -0.156359 0.702665 -0.694128
vn 0.364158 0.700726 -0.613491
usemtl lacquer_black
f 3661 3662 3671
f 3661 3671 3670
f 3662 3663 3672
f 3662 3672 3671
f 3663 3664 3673
f 3663 3673 3672
f 3664 3665 3674
f 3664 3674 3673
f 3665 3666 3675
f 3665 3675 3674
f 3666 3667 3676
f 3666 3676 3675
f 3667 3668 3677
f 3667 3677 3676
f 3668 3669 3678
f 3668 3678 3677
f 3670 3671 3680
f 3670 3680 3679
f 3671 3672 3681
f 3671 3681 3680
f 3672 3673 3682
f 3672 3682 3681
f 3673 3674 3683
f 3673 3683 3682
f 3674 3675 3684
f 3674 3684 3683
f 3675 3676 3685
f 3675 3685 3684
f 3676 3677 3686
f 3676 3686 3685
f 3677 3678 3687
f 3677 3687 3686
f 3679 3680 3689
f 3679 3689 3688
f 3680 3681 3690
f 3680 3690 3689
f 3681 3682 3691
f 3681 3691 3690
f 3682 3683 3692
f 3682 3692 3691
f 3683 3684 3693
f 3683 3693 3692
f 3684 3685 3694
f 3684 3694 3693
f 3685 3686 3695
f 3685 3695 3694
f 3686 3687 3696
f 3686 3696 3695
f 3688 3689 3698
f 3688 3698 3697
f 3689 3690 3699
f 3689 3699 3698
f 3690 3691 3700
f 3690 3700 3699
f 3691 3692 3701
f 3691 3701 3700
f 3692 3693 3702
f 3692 3702 3701
f 3693 3694 3703
f 3693 3703 3702
f 3694 3695 3704
f 3694 3704 3703
f 3695 3696 3705
f 3695 3705 3704
f 3697 3698 3707
f 3697 3707 3706
f 3698 3699 3708
f 3698 3708 3707
f 3699 3700 3709
f 3699 3709 3708
f 3700 3701 3710
f 3700 3710 3709
f 3701 3702 3711
f 3701 3711 3710
f 3702 3703 3712
f 3702 3712 3711
f 3703 3704 3713
f 3703 3713 3712
f 3704 3705 3714
f 3704 3714 3713
f 3706 3707 3716
f 3706 3716 3715
f 3707 3708 3717
f 3707 3717 3716
f 3708 3709 3718
f 3708 3718 3717
f 3709 3710 3719
f 3709 3719 3718
f 3710 3711 3720
f 3710 3720 3719
f 3711 3712 3721
f 3711 3721 3720
f 3712 3713 3722
f 3712 3722 3721
f 3713 3714 3723
f 3713 3723 3722
f 3715 3716 3725
f 3715 3725 3724
f 3716 3717 3726
f 3716 3726 3725
f 3717 3718 3727
f 3717 3727 3726
f 3718 3719 3728
f 3718 3728 3727
f 3719 3720 3729
f 3719 3729 3728
f 3720 3721 3730
f 3720 3730 3729
f 3721 3722 3731
f 3721 3731 3730
f 3722 3723 3732
f 3722 3732 3731
f 3724 3725 3734
f 3724 3734 3733
f 3725 3726 3735
f 3725 3735 3734
f 3726 3727 3736
f 3726 3736 3735
f 3727 3728 3737
f 3727 3737 3736
f 3728 3729 3738
f 3728 3738 3737
f 3729 3730 3739
f 3729 3739 3738
f 3730 3731 3740
f 3730 3740 3739
f 3731 3732 3741
f 3731 3741 3740
f 3742 3751 3752
f 3742 3752 3743
f 3743 3752 3753
f 3743 3753 3744
f 3744 3753 3754
f 3744 3754 3745
f 3745 3754 3755
f 3745 3755 3746
f 3746 3755 3756
f 3746 3756 3747
f 3747 3756 3757
f 3747 3757 3748
f 3748 3757 3758
f 3748 3758 3749
f 3749 3758 3759
f 3749 3759 3750
f 3751 3760 3761
f 3751 3761 3752
f 3752 3761 3762
f 3752 3762 3753
f 3753 3762 3763
f 3753 3763 3754
f 3754 3763 3764
f 3754 3764 3755
f 3755 3764 3765
f 3755 3765 3756
f 3756 3765 3766
f 3756 3766 3757
f 3757 3766 3767
f 3757 3767 3758
f 3758 3767 3768
f 3758 3768 3759
f 3760 3769 3770
f 3760 3770 3761
f 3761 3770 3771
f 3761 3771 3762
f 3762 3771 3772
f 3762 3772 3763
f 3763 3772 3773
f 3763 3773 3764
f 3764 3773 3774
f 3764 3774 3765
f 3765 3774 3775
f 3765 3775 3766
f 3766 3775 3776
f 3766 3776 3767
f 3767 3776 3777
f 3767 3777 3768
f 3769 3778 3779
f 3769 3779 3770
f 3770 3779 3780
f 3770 3780 3771
f 3771 3780 3781
f 3771 3781 3772
f 3772 3781 3782
f 3772 3782 3773
f 3773 3782 3783
f 3773 3783 3774
f 3774 3783 3784
f 3774 3784 3775
f 3775 3784 3785
f 3775 3785 3776
f 3776 3785 3786
f 3776 3786 3777
f 3778 3787 3788
f 3778 3788 3779
f 3779 3788 3789
f 3779 3789 3780
f 3780 3789 3790
f 3780 3790 3781
f 3781 3790 3791
f 3781 3791 3782
f 3782 3791 3792
f 3782 3792 3783
f 3783 3792 3793
f 3783 3793 3784
f 3784 3793 3794
f 3784 3794 3785
f 3785 3794 3795
f 3785 3795 3786
f 3787 3796 3797
f 3787 3797 3788
f 3788 3797 3798
f 3788 3798 3789
f 3789 3798 3799
f 3789 3799 3790
f 3790 3799 3800
f 3790 3800 3791
f 3791 3800 3801
f 3791 3801 3792
f 3792 3801 3802
f 3792 3802 3793
f 3793 3802 3803
f 3793 3803 3794
f 3794 3803 3804
f 3794 3804 3795
f 3796 3805 3806
f 3796 3806 3797
f 3797 3806 3807
f 3797 3807 3798
f 3798 3807 3808
f 3798 3808 3799
f 3799 3808 3809
f 3799 3809 3800
f 3800 3809 3810
f 3800 3810 3801
f 3801 3810 3811
f 3801 3811 3802
f 3802 3811 3812
f 3802 3812 3803
f 3803 3812 3813
f 3803 3813 3804
f 3805 3814 3815
f 3805 3815 3806
f 3806 3815 3816
f 3806 3816 3807
f 3807 3816 3817
f 3807 3817 3808
f 3808 3817 3818
f 3808 3818 3809
f 3809 3818 3819
f 3809 3819 3810
f 3810 3819 3820
f 3810 3820 3811
f 3811 3820 3821
f 3811 3821 3812
f 3812 3821 3822
f 3812 3822 3813
f 3661 3670 3751
f 3661 3751 3742
f 3669 3750 3759
f 3669 3759 3678
f 3670 3679 3760
f 3670 3760 3751
f 3678 3759 3768
f 3678 3768 3687
f 3679 3688 3769
f 3679 3769 3760
f 3687 3768 3777
f 3687 3777 3696
f 3688 3697 3778
f 3688 3778 3769
f 3696 3777 3786
f 3696 3786 3705
f 3697 3706 3787
f 3697 3787 3778
f 3705 3786 3795
f 3705 3795 3714
f 3706 3715 3796
f 3706 3796 3787
f 3714 3795 3804
f 3714 3804 3723
f 3715 3724 3805
f 3715 3805 3796
f 3723 3804 3813
f 3723 3813 3732
f 3724 3733 3814
f 3724 3814 3805
f 3732 3813 3822
f 3732 3822 3741
f 3661 3742 3743
f 3661 3743 3662
f 3733 3734 3815
f 3733 3815 3814
f 3662 3743 3744
f 3662 3744 3663
f 3734 3735 3816
f 3734 3816 3815
f 3663 3744 3745
f 3663 3745 3664
f 3735 3736 3817
f 3735 3817 3816
f 3664 3745 3746
f 3664 3746 3665
f 3736 3737 3818
f 3736 3818 3817
f 3665 3746 3747
f 3665 3747 3666
f 3737 3738 3819
f 3737 3819 3818
f 3666 3747 3748
f 3666 3748 3667
f 3738 3739 3820
f 3738 3820 3819
f 3667 3748 3749
f 3667 3749 3668
f 3739 3740 3821
f 3739 3821 3820
f 3668 3749 3750
f 3668 3750 3669
f 3740 3741 3822
f 3740 3822 3821
o kabuto_hachi
v 0.700000 -0.380000 0.000000
v 0.676148 -0.380000 0.181173
v 0.606218 -0.380000 0.350000
v 0.494975 -0.380000 0.494975
v 0.350000 -0.380000 0.606218
v 0.181173 -0.380000 0.676148
v 0.000000 -0.380000 0.700000
v -0.181173 -0.380000 0.676148
v -0.350000 -0.380000 0.606218
v -0.494975 -0.380000 0.494975
v -0.606218 -0.380000 0.350000
v -0.676148 -0.380000 0.181173
v -0.700000 -0.380000 0.000000
v -0.676148 -0.380000 -0.181173
v -0.606218 -0.380000 -0.350000
v -0.494975 -0.380000 -0.494975
v -0.350000 -0.380000 -0.606218
v -0.181173 -0.380000 -0.676148
v -0.000000 -0.380000 -0.700000
v 0.181173 -0.380000 -0.676148
v 0.350000 -0.380000 -0.606218
v 0.494975 -0.380000 -0.494975
v 0.606218 -0.380000 -0.350000
v 0.676148 -0.380000 -0.181173
v 0.700000 -0.380000 -0.000000
v 0.694011 -0.301684 0.000000
v 0.670364 -0.301684 0.179623
v 0.601032 -0.301684 0.347006
v 0.490740 -0.301684 0.490740
v 0.347006 -0.301684 0.601032
v 0.179623 -0.301684 0.670364
v 0.000000 -0.301684 0.694011
v -0.179623 -0.301684 0.670364
v -0.347006 -0.301684 0.601032
v -0.490740 -0.301684 0.490740
v -0.601032 -0.301684 0.347006
v -0.670364 -0.301684 0.179623
v -0.694011 -0.301684 0.000000
v -0.670364 -0.301684 -0.179623
v -0.601032 -0.301684 -0.347006
v -0.490740 -0.301684 -0.490740
v -0.347006 -0.301684 -0.601032
v -0.179623 -0.301684 -0.670364
v -0.000000 -0.301684 -0.694011
v 0.179623 -0.301684 -0.670364
v 0.347006 -0.301684 -0.601032
v 0.490740 -0.301684 -0.490740
v 0.601032 -0.301684 -0.347006
v 0.670364 -0.301684 -0.179623
v 0.694011 -0.301684 -0.000000
v 0.676148 -0.224709 0.000000
v 0.653109 -0.224709 0.175000
v 0.585561 -0.224709 0.338074
v 0.478109 -0.224709 0.478109
v 0.338074 -0.224709 0.585561
v 0.175000 -0.224709 0.653109
v 0.000000 -0.224709 0.676148
v -0.175000 -0.224709 0.653109
v -0.338074 -0.224709 0.585561
v -0.478109 -0.224709 0.478109
v -0.585561 -0.224709 0.338074
v -0.653109 -0.224709 0.175000
v -0.676148 -0.224709 0.000000
v -0.653109 -0.224709 -0.175000
v -0.585561 -0.224709 -0.338074
v -0.478109 -0.224709 -0.478109
v -0.338074 -0.224709 -0.585561
v -0.175000 -0.224709 -0.653109
v -0.000000 -0.224709 -0.676148
v 0.175000 -0.224709 -0.653109
v 0.338074 -0.224709 -0.585561
v 0.478109 -0.224709 -0.478109
v 0.585561 -0.224709 -0.338074
v 0.653109 -0.224709 -0.175000
v 0.676148 -0.224709 -0.000000
v 0.646716 -0.150390 0.000000
v 0.624679 -0.150390 0.167382
v 0.560072 -0.150390 0.323358
v 0.457297 -0.150390 0.457297
v 0.323358 -0.150390 0.560072
v 0.167382 -0.150390 0.624679
v 0.000000 -0.150390 0.646716
v -0.167382 -0.150390 0.624679
v -0.323358 -0.150390 0.560072
v -0.457297 -0.150390 0.457297
v -0.560072 -0.150390 0.323358
v -0.624679 -0.150390 0.167382
v -0.646716 -0.150390 0.000000
v -0.624679 -0.150390 -0.167382
v -0.560072 -0.150390 -0.323358
v -0.457297 -0.150390 -0.457297
v -0.323358 -0.150390 -0.560072
v -0.167382 -0.150390 -0.624679
v -0.000000 -0.150390 -0.646716
v 0.167382 -0.150390 -0.624679
v 0.323358 -0.150390 -0.560072
v 0.457297 -0.150390 -0.457297
v 0.560072 -0.150390 -0.323358
v 0.624679 -0.150390 -0.167382
v 0.646716 -0.150390 -0.000000
v 0.606218 -0.080000 0.000000
v 0.585561 -0.080000 0.156901
v 0.525000 -0.080000 0.303109
v 0.428661 -0.080000 0.428661
v 0.303109 -0.080000 0.525000
v 0.156901 -0.080000 0.585561
v 0.000000 -0.080000 0.606218
v -0.156901 -0.080000 0.585561
v -0.303109 -0.080000 0.525000
v -0.428661 -0.080000 0.428661
v -0.525000 -0.080000 0.303109
v -0.585561 -0.080000 0.156901
v -0.606218 -0.080000 0.000000
v -0.585561 -0.080000 -0.156901
v -0.525000 -0.080000 -0.303109
v -0.428661 -0.080000 -0.428661
v -0.303109 -0.080000 -0.525000
v -0.156901 -0.080000 -0.585561
v -0.000000 -0.080000 -0.606218
v 0.156901 -0.080000 -0.585561
v 0.303109 -0.080000 -0.525000
v 0.428661 -0.080000 -0.428661
v 0.525000 -0.080000 -0.303109
v 0.585561 -0.080000 -0.156901
v 0.606218 -0.080000 -0.000000
v 0.555347 -0.014743 0.000000
v 0.536424 -0.014743 0.143734
v 0.480945 -0.014743 0.277674
v 0.392690 -0.014743 0.392690
v 0.277674 -0.014743 0.480945
v 0.143734 -0.014743 0.536424
v 0.000000 -0.014743 0.555347
v -0.143734 -0.014743 0.536424
v -0.277674 -0.014743 0.480945
v -0.392690 -0.014743 0.392690
v -0.480945 -0.014743 0.277674
v -0.536424 -0.014743 0.143734
v -0.555347 -0.014743 0.000000
v -0.536424 -0.014743 -0.143734
v -0.480945 -0.014743 -0.277674
v -0.392690 -0.014743 -0.392690
v -0.277674 -0.014743 -0.480945
v -0.143734 -0.014743 -0.536424
v -0.000000 -0.014743 -0.555347
v 0.143734 -0.014743 -0.536424
v 0.277674 -0.014743 -0.480945
v 0.392690 -0.014743 -0.392690
v 0.480945 -0.014743 -0.277674
v 0.536424 -0.014743 -0.143734
v 0.555347 -0.014743 -0.000000
v 0.494975 0.044264 0.000000
v 0.478109 0.044264 0.128109
v 0.428661 0.044264 0.247487
v 0.350000 0.044264 0.350000
v 0.247487 0.044264 0.428661
v 0.128109 0.044264 0.478109
v 0.000000 0.044264 0.494975
v -0.128109 0.044264 0.478109
v -0.247487 0.044264 0.428661
v -0.350000 0.044264 0.350000
v -0.428661 0.044264 0.247487
v -0.478109 0.044264 0.128109
v -0.494975 0.044264 0.000000
v -0.478109 0.044264 -0.128109
v -0.428661 0.044264 -0.247487
v -0.350000 0.044264 -0.350000
v -0.247487 0.044264 -0.428661
v -0.128109 0.044264 -0.478109
v -0.000000 0.044264 -0.494975
v 0.128109 0.044264 -0.478109
v 0.247487 0.044264 -0.428661
v 0.350000 0.044264 -0.350000
v 0.428661 0.044264 -0.247487
v 0.478109 0.044264 -0.128109
v 0.494975 0.044264 -0.000000
v 0.426133 0.096012 0.000000
v 0.411613 0.096012 0.110291
v 0.369042 0.096012 0.213067
v 0.301322 0.096012 0.301322
v 0.213067 0.096012 0.369042
v 0.110291 0.096012 0.411613
v 0.000000 0.096012 0.426133
v -0.110291 0.096012 0.411613
v -0.213067 0.096012 0.369042
v -0.301322 0.096012 0.301322
v -0.369042 0.096012 0.213067
v -0.411613 0.096012 0.110291
v -0.426133 0.096012 0.000000
v -0.411613 0.096012 -0.110291
v -0.369042 0.096012 -0.213067
v -0.301322 0.096012 -0.301322
v -0.213067 0.096012 -0.369042
v -0.110291 0.096012 -0.411613
v -0.000000 0.096012 -0.426133
v 0.110291 0.096012 -0.411613
v 0.213067 0.096012 -0.369042
v 0.301322 0.096012 -0.301322
v 0.369042 0.096012 -0.213067
v 0.411613 0.096012 -0.110291
v 0.426133 0.096012 -0.000000
v 0.350000 0.139615 0.000000
v 0.338074 0.139615 0.090587
v 0.303109 0.139615 0.175000
v 0.247487 0.139615 0.247487
v 0.175000 0.139615 0.303109
v 0.090587 0.139615 0.338074
v 0.000000 0.139615 0.350000
v -0.090587 0.139615 0.338074
v -0.175000 0.139615 0.303109
v -0.247487 0.139615 0.247487
v -0.303109 0.139615 0.175000
v -0.338074 0.139615 0.090587
v -0.350000 0.139615 0.000000
v -0.338074 0.139615 -0.090587
v -0.303109 0.139615 -0.175000
v -0.247487 0.139615 -0.247487
v -0.175000 0.139615 -0.303109
v -0.090587 0.139615 -0.338074
v -0.000000 0.139615 -0.350000
v 0.090587 0.139615 -0.338074
v 0.175000 0.139615 -0.303109
v 0.247487 0.139615 -0.247487
v 0.303109 0.139615 -0.175000
v 0.338074 0.139615 -0.090587
v 0.350000 0.139615 -0.000000
v 0.267878 0.174328 0.000000
v 0.258751 0.174328 0.069332
v 0.231990 0.174328 0.133939
v 0.189419 0.174328 0.189419
v 0.133939 0.174328 0.231990
v 0.069332 0.174328 0.258751
v 0.000000 0.174328 0.267878
v -0.069332 0.174328 0.258751
v -0.133939 0.174328 0.231990
v -0.189419 0.174328 0.189419
v -0.231990 0.174328 0.133939
v -0.258751 0.174328 0.069332
v -0.267878 0.174328 0.000000
v -0.258751 0.174328 -0.069332
v -0.231990 0.174328 -0.133939
v -0.189419 0.174328 -0.189419
v -0.133939 0.174328 -0.231990
v -0.069332 0.174328 -0.258751
v -0.000000 0.174328 -0.267878
v 0.069332 0.174328 -0.258751
v 0.133939 0.174328 -0.231990
v 0.189419 0.174328 -0.189419
v 0.231990 0.174328 -0.133939
v 0.258751 0.174328 -0.069332
v 0.267878 0.174328 -0.000000
v 0.181173 0.199555 0.000000
v 0.175000 0.199555 0.046891
v 0.156901 0.199555 0.090587
v 0.128109 0.199555 0.128109
v 0.090587 0.199555 0.156901
v 0.046891 0.199555 0.175000
v 0.000000 0.199555 0.181173
v -0.046891 0.199555 0.175000
v -0.090587 0.199555 0.156901
v -0.128109 0.199555 0.128109
v -0.156901 0.199555 0.090587
v -0.175000 0.199555 0.046891
v -0.181173 0.199555 0.000000
v -0.175000 0.199555 -0.046891
v -0.156901 0.199555 -0.090587
v -0.128109 0.199555 -0.128109
v -0.090587 0.199555 -0.156901
v -0.046891 0.199555 -0.175000
v -0.000000 0.199555 -0.181173
v 0.046891 0.199555 -0.175000
v 0.090587 0.199555 -0.156901
v 0.128109 0.199555 -0.128109
v 0.156901 0.199555 -0.090587
v 0.175000 0.199555 -0.046891
v 0.181173 0.199555 -0.000000
v 0.091368 0.214867 0.000000
v 0.088255 0.214867 0.023648
v 0.079127 0.214867 0.045684
v 0.064607 0.214867 0.064607
v 0.045684 0.214867 0.079127
v 0.023648 0.214867 0.088255
v 0.000000 0.214867 0.091368
v -0.023648 0.214867 0.088255
v -0.045684 0.214867 0.079127
v -0.064607 0.214867 0.064607
v -0.079127 0.214867 0.045684
v -0.088255 0.214867 0.023648
v -0.091368 0.214867 0.000000
v -0.088255 0.214867 -0.023648
v -0.079127 0.214867 -0.045684
v -0.064607 0.214867 -0.064607
v -0.045684 0.214867 -0.079127
v -0.023648 0.214867 -0.088255
v -0.000000 0.214867 -0.091368
v 0.023648 0.214867 -0.088255
v 0.045684 0.214867 -0.079127
v 0.064607 0.214867 -0.064607
v 0.079127 0.214867 -0.045684
v 0.088255 0.214867 -0.023648
v 0.091368 0.214867 -0.000000
v 0.005600 0.220000 0.000000
v 0.005409 0.220000 0.001449
v 0.004850 0.220000 0.002800
v 0.003960 0.220000 0.003960
v 0.002800 0.220000 0.004850
v 0.001449 0.220000 0.005409
v 0.000000 0.220000 0.005600
v -0.001449 0.220000 0.005409
v -0.002800 0.220000 0.004850
v -0.003960 0.220000 0.003960
v -0.004850 0.220000 0.002800
v -0.005409 0.220000 0.001449
v -0.005600 0.220000 0.000000
v -0.005409 0.220000 -0.001449
v -0.004850 0.220000 -0.002800
v -0.003960 0.220000 -0.003960
v -0.002800 0.220000 -0.004850
v -0.001449 0.220000 -0.005409
v -0.000000 0.220000 -0.005600
v 0.001449 0.220000 -0.005409
v 0.002800 0.220000 -0.004850
v 0.003960 0.220000 -0.003960
v 0.004850 0.220000 -0.002800
v 0.005409 0.220000 -0.001449
v 0.005600 0.220000 -0.000000
vn 0.988608 0.075596 0.130153
vn 0.950879 0.076172 0.300044
vn 0.840822 0.076172 0.535926
vn 0.673464 0.076172 0.735285
vn 0.460210 0.076172 0.884536
vn 0.215594 0.076172 0.973508
vn -0.043715 0.076172 0.996136
vn -0.300044 0.076172 0.950879
vn -0.535926 0.076172 0.840822
vn -0.735285 0.076172 0.673464
vn -0.884536 0.076172 0.460210
vn -0.973508 0.076172 0.215594
vn -0.996136 0.076172 -0.043715
vn -0.950879 0.076172 -0.300044
vn -0.840822 0.076172 -0.535926
vn -0.673464 0.076172 -0.735285
vn -0.460210 0.076172 -0.884536
vn -0.215594 0.076172 -0.973508
vn 0.043715 0.076172 -0.996136
vn 0.300044 0.076172 -0.950879
vn 0.535926 0.076172 -0.840822
vn 0.735285 0.076172 -0.673464
vn 0.884536 0.076172 -0.460210
vn 0.973508 0.076172 -0.215594
vn 0.988608 0.075596 -0.130153
vn 0.976124 0.175120 0.128509
vn 0.954890 0.151601 0.255347
vn 0.856264 0.151601 0.493790
vn 0.699285 0.151601 0.698582
vn 0.494651 0.151601 0.855767
vn 0.256308 0.151601 0.954633
vn 0.000497 0.151601 0.988442
vn -0.255347 0.151601 0.954890
vn -0.493790 0.151601 0.856264
vn -0.698582 0.151601 0.699285
vn -0.855767 0.151601 0.494651
vn -0.954633 0.151601 0.256308
vn -0.988442 0.151601 0.000497
vn -0.954890 0.151601 -0.255347
vn -0.856264 0.151601 -0.493790
vn -0.699285 0.151601 -0.698582
vn -0.494651 0.151601 -0.855767
vn -0.256308 0.151601 -0.954633
vn -0.000497 0.151601 -0.988442
vn 0.255347 0.151601 -0.954890
vn 0.493790 0.151601 -0.856264
vn 0.698582 0.151601 -0.699285
vn 0.855767 0.151601 -0.494651
vn 0.954633 0.151601 -0.256308
vn 0.983612 0.125453 -0.129495
vn 0.939590 0.319169 0.123699
vn 0.922293 0.297984 0.246133
vn 0.827163 0.297984 0.476453
vn 0.675663 0.297984 0.674303
vn 0.478118 0.297984 0.826201
vn 0.247989 0.297984 0.921795
vn 0.000961 0.297984 0.954570
vn -0.246133 0.297984 0.922293
vn -0.476453 0.297984 0.827163
vn -0.674303 0.297984 0.675663
vn -0.826201 0.297984 0.478118
vn -0.921795 0.297984 0.247989
vn -0.954570 0.297984 0.000961
vn -0.922293 0.297984 -0.246133
vn -0.827163 0.297984 -0.476453
vn -0.675663 0.297984 -0.674303
vn -0.478118 0.297984 -0.826201
vn -0.247989 0.297984 -0.921795
vn -0.000961 0.297984 -0.954570
vn 0.246133 0.297984 -0.922293
vn 0.476453 0.297984 -0.827163
vn 0.674303 0.297984 -0.675663
vn 0.826201 0.297984 -0.478118
vn 0.921795 0.297984 -0.247989
vn 0.954074 0.271968 -0.125606
vn 0.883788 0.453190 0.116353
vn 0.870278 0.434621 0.231776
vn 0.780636 0.434621 0.449123
vn 0.637795 0.434621 0.635863
vn 0.451489 0.434621 0.779270
vn 0.234415 0.434621 0.869571
vn 0.001366 0.434621 0.900612
vn -0.231776 0.434621 0.870278
vn -0.449123 0.434621 0.780636
vn -0.635863 0.434621 0.637795
vn -0.779270 0.434621 0.451489
vn -0.869571 0.434621 0.234415
vn -0.900612 0.434621 0.001366
vn -0.870278 0.434621 -0.231776
vn -0.780636 0.434621 -0.449123
vn -0.637795 0.434621 -0.635863
vn -0.451489 0.434621 -0.779270
vn -0.234415 0.434621 -0.869571
vn -0.001366 0.434621 -0.900612
vn 0.231776 0.434621 -0.870278
vn 0.449123 0.434621 -0.780636
vn 0.635863 0.434621 -0.637795
vn 0.779270 0.434621 -0.451489
vn 0.869571 0.434621 -0.234415
vn 0.904391 0.409757 -0.119065
vn 0.811794 0.574080 0.106875
vn 0.801906 0.558148 0.213113
vn 0.719425 0.558148 0.413400
vn 0.587915 0.558148 0.585514
vn 0.416340 0.558148 0.717727
vn 0.216392 0.558148 0.801028
vn 0.001698 0.558148 0.829740
vn -0.213113 0.558148 0.801906
vn -0.413400 0.558148 0.719425
vn -0.585514 0.558148 0.587915
vn -0.717727 0.558148 0.416340
vn -0.801028 0.558148 0.216392
vn -0.829740 0.558148 0.001698
vn -0.801906 0.558148 -0.213113
vn -0.719425 0.558148 -0.413400
vn -0.587915 0.558148 -0.585514
vn -0.416340 0.558148 -0.717727
vn -0.216392 0.558148 -0.801028
vn -0.001698 0.558148 -0.829740
vn 0.213113 0.558148 -0.801906
vn 0.413400 0.558148 -0.719425
vn 0.585514 0.558148 -0.587915
vn 0.717727 0.558148 -0.416340
vn 0.801028 0.558148 -0.216392
vn 0.837427 0.535315 -0.110249
vn 0.726970 0.679966 0.095707
vn 0.720592 0.666516 0.191059
vn 0.646589 0.666516 0.371052
vn 0.528522 0.666516 0.525758
vn 0.374436 0.666516 0.644635
vn 0.194834 0.666516 0.719581
vn 0.001954 0.666516 0.745488
vn -0.191059 0.666516 0.720592
vn -0.371052 0.666516 0.646589
vn -0.525758 0.666516 0.528522
vn -0.644635 0.666516 0.374436
vn -0.719581 0.666516 0.194834
vn -0.745488 0.666516 0.001954
vn -0.720592 0.666516 -0.191059
vn -0.646589 0.666516 -0.371052
vn -0.528522 0.666516 -0.525758
vn -0.374436 0.666516 -0.644635
vn -0.194834 0.666516 -0.719581
vn -0.001954 0.666516 -0.745488
vn 0.191059 0.666516 -0.720592
vn 0.371052 0.666516 -0.646589
vn 0.525758 0.666516 -0.528522
vn 0.644635 0.666516 -0.374436
vn 0.719581 0.666516 -0.194834
vn 0.756506 0.646359 -0.099596
vn 0.632520 0.770055 0.083273
vn 0.629617 0.758857 0.166488
vn 0.565073 0.758857 0.323772
vn 0.462020 0.758857 0.458992
vn 0.327481 0.758857 0.562932
vn 0.170625 0.758857 0.628509
vn 0.002142 0.758857 0.651254
vn -0.166488 0.758857 0.629617
vn -0.323772 0.758857 0.565073
vn -0.458992 0.758857 0.462020
vn -0.562932 0.758857 0.327481
vn -0.628509 0.758857 0.170625
vn -0.651254 0.758857 0.002142
vn -0.629617 0.758857 -0.166488
vn -0.565073 0.758857 -0.323772
vn -0.462020 0.758857 -0.458992
vn -0.327481 0.758857 -0.562932
vn -0.170625 0.758857 -0.628509
vn -0.002142 0.758857 -0.651254
vn 0.166488 0.758857 -0.629617
vn 0.323772 0.758857 -0.565073
vn 0.458992 0.758857 -0.462020
vn 0.562932 0.758857 -0.327481
vn 0.628509 0.758857 -0.170625
vn 0.664926 0.741761 -0.087539
vn 0.531202 0.844354 0.069934
vn 0.531812 0.835185 0.140147
vn 0.477419 0.835185 0.273014
vn 0.390490 0.835185 0.387277
vn 0.276950 0.835185 0.475147
vn 0.144536 0.835185 0.530636
vn 0.002272 0.835185 0.549964
vn -0.140147 0.835185 0.531812
vn -0.273014 0.835185 0.477419
vn -0.387277 0.835185 0.390490
vn -0.475147 0.835185 0.276950
vn -0.530636 0.835185 0.144536
vn -0.549964 0.835185 0.002272
vn -0.531812 0.835185 -0.140147
vn -0.477419 0.835185 -0.273014
vn -0.390490 0.835185 -0.387277
vn -0.276950 0.835185 -0.475147
vn -0.144536 0.835185 -0.530636
vn -0.002272 0.835185 -0.549964
vn 0.140147 0.835185 -0.531812
vn 0.273014 0.835185 -0.477419
vn 0.387277 0.835185 -0.390490
vn 0.475147 0.835185 -0.276950
vn 0.530636 0.835185 -0.144536
vn 0.565618 0.821298 -0.074465
vn 0.425219 0.903357 0.055981
vn 0.429426 0.896052 0.112623
vn 0.385645 0.896052 0.219929
vn 0.315582 0.896052 0.312247
vn 0.224014 0.896052 0.383287
vn 0.117179 0.896052 0.428205
vn 0.002358 0.896052 0.443943
vn -0.112623 0.896052 0.429426
vn -0.219929 0.896052 0.385645
vn -0.312247 0.896052 0.315582
vn -0.383287 0.896052 0.224014
vn -0.428205 0.896052 0.117179
vn -0.443943 0.896052 0.002358
vn -0.429426 0.896052 -0.112623
vn -0.385645 0.896052 -0.219929
vn -0.315582 0.896052 -0.312247
vn -0.224014 0.896052 -0.383287
vn -0.117179 0.896052 -0.428205
vn -0.002358 0.896052 -0.443943
vn 0.112623 0.896052 -0.429426
vn 0.219929 0.896052 -0.385645
vn 0.312247 0.896052 -0.315582
vn 0.383287 0.896052 -0.224014
vn 0.428205 0.896052 -0.117179
vn 0.460976 0.885335 -0.060689
vn 0.316220 0.947772 0.041631
vn 0.324124 0.942247 0.084351
vn 0.291248 0.942247 0.165366
vn 0.238524 0.942247 0.235112
vn 0.169545 0.942247 0.288835
vn 0.089012 0.942247 0.322875
vn 0.002412 0.942247 0.334911
vn -0.084351 0.942247 0.324124
vn -0.165366 0.942247 0.291248
vn -0.235112 0.942247 0.238524
vn -0.288835 0.942247 0.169545
vn -0.322875 0.942247 0.089012
vn -0.334911 0.942247 0.002412
vn -0.324124 0.942247 -0.084351
vn -0.291248 0.942247 -0.165366
vn -0.238524 0.942247 -0.235112
vn -0.169545 0.942247 -0.288835
vn -0.089012 0.942247 -0.322875
vn -0.002412 0.942247 -0.334911
vn 0.084351 0.942247 -0.324124
vn 0.165366 0.942247 -0.291248
vn 0.235112 0.942247 -0.238524
vn 0.288835 0.942247 -0.169545
vn 0.322875 0.942247 -0.089012
vn 0.352825 0.934536 -0.046450
vn 0.205385 0.978308 0.027039
vn 0.217074 0.974569 0.055634
vn 0.195278 0.974569 0.109921
vn 0.160174 0.974569 0.156717
vn 0.114155 0.974569 0.192834
vn 0.060356 0.974569 0.215808
vn 0.002444 0.974569 0.224076
vn -0.055634 0.974569 0.217074
vn -0.109921 0.974569 0.195278
vn -0.156717 0.974569 0.160174
vn -0.192834 0.974569 0.114155
vn -0.215808 0.974569 0.060356
vn -0.224076 0.974569 0.002444
vn -0.217074 0.974569 -0.055634
vn -0.195278 0.974569 -0.109921
vn -0.160174 0.974569 -0.156717
vn -0.114155 0.974569 -0.192834
vn -0.060356 0.974569 -0.215808
vn -0.002444 0.974569 -0.224076
vn 0.055634 0.974569 -0.217074
vn 0.109921 0.974569 -0.195278
vn 0.156717 0.974569 -0.160174
vn 0.192834 0.974569 -0.114155
vn 0.215808 0.974569 -0.060356
vn 0.242491 0.969628 -0.031925
vn 0.095965 0.995304 0.012634
vn 0.110799 0.993470 0.027225
vn 0.099977 0.993470 0.054974
vn 0.082342 0.993470 0.078977
vn 0.059096 0.993470 0.097597
vn 0.031822 0.993470 0.109567
vn 0.002380 0.993470 0.114070
vn -0.027225 0.993470 0.110799
vn -0.054974 0.993470 0.099977
vn -0.078977 0.993470 0.082342
vn -0.097597 0.993470 0.059096
vn -0.109567 0.993470 0.031822
vn -0.114070 0.993470 0.002380
vn -0.110799 0.993470 -0.027225
vn -0.099977 0.993470 -0.054974
vn -0.082342 0.993470 -0.078977
vn -0.059096 0.993470 -0.097597
vn -0.031822 0.993470 -0.109567
vn -0.002380 0.993470 -0.114070
vn 0.027225 0.993470 -0.110799
vn 0.054974 0.993470 -0.099977
vn 0.078977 0.993470 -0.082342
vn 0.097597 0.993470 -0.059096
vn 0.109567 0.993470 -0.031822
vn 0.132111 0.991082 -0.017393
vn 0.059739 0.998183 0.007865
vn 0.058384 0.998210 0.012930
vn 0.053048 0.998210 0.027600
vn 0.044097 0.998210 0.040390
vn 0.032141 0.998210 0.050426
vn 0.017995 0.998210 0.057027
vn 0.002622 0.998210 0.059741
vn -0.012930 0.998210 0.058384
vn -0.027600 0.998210 0.053048
vn -0.040390 0.998210 0.044097
vn -0.050426 0.998210 0.032141
vn -0.057027 0.998210 0.017995
vn -0.059741 0.998210 0.002622
vn -0.058384 0.998210 -0.012930
vn -0.053048 0.998210 -0.027600
vn -0.044097 0.998210 -0.040390
vn -0.032141 0.998210 -0.050426
vn -0.017995 0.998210 -0.057027
vn -0.002622 0.998210 -0.059741
vn 0.012930 0.998210 -0.058384
vn 0.027600 0.998210 -0.053048
vn 0.040390 0.998210 -0.044097
vn 0.050426 0.998210 -0.032141
vn 0.057027 0.998210 -0.017995
vn 0.059739 0.998183 -0.007865
usemtl lacquer_black
f 3823 3848 3849
f 3823 3849 3824
f 3824 3849 3850
f 3824 3850 3825
f 3825 3850 3851
f 3825 3851 3826
f 3826 3851 3852
f 3826 3852 3827
f 3827 3852 3853
f 3827 3853 3828
f 3828 3853 3854
f 3828 3854 3829
f 3829 3854 3855
f 3829 3855 3830
f 3830 3855 3856
f 3830 3856 3831
f 3831 3856 3857
f 3831 3857 3832
f 3832 3857 3858
f 3832 3858 3833
f 3833 3858 3859
f 3833 3859 3834
f 3834 3859 3860
f 3834 3860 3835
f 3835 3860 3861
f 3835 3861 3836
f 3836 3861 3862
f 3836 3862 3837
f 3837 3862 3863
f 3837 3863 3838
f 3838 3863 3864
f 3838 3864 3839
f 3839 3864 3865
f 3839 3865 3840
f 3840 3865 3866
f 3840 3866 3841
f 3841 3866 3867
f 3841 3867 3842
f 3842 3867 3868
f 3842 3868 3843
f 3843 3868 3869
f 3843 3869 3844
f 3844 3869 3870
f 3844 3870 3845
f 3845 3870 3871
f 3845 3871 3846
f 3846 3871 3872
f 3846 3872 3847
f 3848 3873 3874
f 3848 3874 3849
f 3849 3874 3875
f 3849 3875 3850
f 3850 3875 3876
f 3850 3876 3851
f 3851 3876 3877
f 3851 3877 3852
f 3852 3877 3878
f 3852 3878 3853
f 3853 3878 3879
f 3853 3879 3854
f 3854 3879 3880
f 3854 3880 3855
f 3855 3880 3881
f 3855 3881 3856
f 3856 3881 3882
f 3856 3882 3857
f 3857 3882 3883
f 3857 3883 3858
f 3858 3883 3884
f 3858 3884 3859
f 3859 3884 3885
f 3859 3885 3860
f 3860 3885 3886
f 3860 3886 3861
f 3861 3886 3887
f 3861 3887 3862
f 3862 3887 3888
f 3862 3888 3863
f 3863 3888 3889
f 3863 3889 3864
f 3864 3889 3890
f 3864 3890 3865
f 3865 3890 3891
f 3865 3891 3866
f 3866 3891 3892
f 3866 3892 3867
f 3867 3892 3893
f 3867 3893 3868
f 3868 3893 3894
f 3868 3894 3869
f 3869 3894 3895
f 3869 3895 3870
f 3870 3895 3896
f 3870 3896 3871
f 3871 3896 3897
f 3871 3897 3872
f 3873 3898 3899
f 3873 3899 3874
f 3874 3899 3900
f 3874 3900 3875
f 3875 3900 3901
f 3875 3901 3876
f 3876 3901 3902
f 3876 3902 3877
f 3877 3902 3903
f 3877 3903 3878
f 3878 3903 3904
f 3878 3904 3879
f 3879 3904 3905
f 3879 3905 3880
f 3880 3905 3906
f 3880 3906 3881
f 3881 3906 3907
f 3881 3907 3882
f 3882 3907 3908
f 3882 3908 3883
f 3883 3908 3909
f 3883 3909 3884
f 3884 3909 3910
f 3884 3910 3885
f 3885 3910 3911
f 3885 3911 3886
f 3886 3911 3912
f 3886 3912 3887
f 3887 3912 3913
f 3887 3913 3888
f 3888 3913 3914
f 3888 3914 3889
f 3889 3914 3915
f 3889 3915 3890
f 3890 3915 3916
f 3890 3916 3891
f 3891 3916 3917
f 3891 3917 3892
f 3892 3917 3918
f 3892 3918 3893
f 3893 3918 3919
f 3893 3919 3894
f 3894 3919 3920
f 3894 3920 3895
f 3895 3920 3921
f 3895 3921 3896
f 3896 3921 3922
f 3896 3922 3897
f 3898 3923 3924
f 3898 3924 3899
f 3899 3924 3925
f 3899 3925 3900
f 3900 3925 3926
f 3900 3926 3901
f 3901 3926 3927
f 3901 3927 3902
f 3902 3927 3928
f 3902 3928 3903
f 3903 3928 3929
f 3903 3929 3904
f 3904 3929 3930
f 3904 3930 3905
f 3905 3930 3931
f 3905 3931 3906
f 3906 3931 3932
f 3906 3932 3907
f 3907 3932 3933
f 3907 3933 3908
f 3908 3933 3934
f 3908 3934 3909
f 3909 3934 3935
f 3909 3935 3910
f 3910 3935 3936
f 3910 3936 3911
f 3911 3936 3937
f 3911 3937 3912
f 3912 3937 3938
f 3912 3938 3913
f 3913 3938 3939
f 3913 3939 3914
f 3914 3939 3940
f 3914 3940 3915
f 3915 3940 3941
f 3915 3941 3916
f 3916 3941 3942
f 3916 3942 3917
f 3917 3942 3943
f 3917 3943 3918
f 3918 3943 3944
f 3918 3944 3919
f 3919 3944 3945
f 3919 3945 3920
f 3920 3945 3946
f 3920 3946 3921
f 3921 3946 3947
f 3921 3947 3922
f 3923 3948 3949
f 3923 3949 3924
f 3924 3949 3950
f 3924 3950 3925
f 3925 3950 3951
f 3925 3951 3926
f 3926 3951 3952
f 3926 3952 3927
f 3927 3952 3953
f 3927 3953 3928
f 3928 3953 3954
f 3928 3954 3929
f 3929 3954 3955
f 3929 3955 3930
f 3930 3955 3956
f 3930 3956 3931
f 3931 3956 3957
f 3931 3957 3932
f 3932 3957 3958
f 3932 3958 3933
f 3933 3958 3959
f 3933 3959 3934
f 3934 3959 3960
f 3934 3960 3935
f 3935 3960 3961
f 3935 3961 3936
f 3936 3961 3962
f 3936 3962 3937
f 3937 3962 3963
f 3937 3963 3938
f 3938 3963 3964
f 3938 3964 3939
f 3939 3964 3965
f 3939 3965 3940
f 3940 3965 3966
f 3940 3966 3941
f 3941 3966 3967
f 3941 3967 3942
f 3942 3967 3968
f 3942 3968 3943
f 3943 3968 3969
f 3943 3969 3944
f 3944 3969 3970
f 3944 3970 3945
f 3945 3970 3971
f 3945 3971 3946
f 3946 3971 3972
f 3946 3972 3947
f 3948 3973 3974
f 3948 3974 3949
f 3949 3974 3975
f 3949 3975 3950
f 3950 3975 3976
f 3950 3976 3951
f 3951 3976 3977
f 3951 3977 3952
f 3952 3977 3978
f 3952 3978 3953
f 3953 3978 3979
f 3953 3979 3954
f 3954 3979 3980
f 3954 3980 3955
f 3955 3980 3981
f 3955 3981 3956
f 3956 3981 3982
f 3956 3982 3957
f 3957 3982 3983
f 3957 3983 3958
f 3958 3983 3984
f 3958 3984 3959
f 3959 3984 3985
f 3959 3985 3960
f 3960 3985 3986
f 3960 3986 3961
f 3961 3986 3987
f 3961 3987 3962
f 3962 3987 3988
f 3962 3988 3963
f 3963 3988 3989
f 3963 3989 3964
f 3964 3989 3990
f 3964 3990 3965
f 3965 3990 3991
f 3965 3991 3966
f 3966 3991 3992
f 3966 3992 3967
f 3967 3992 3993
f 3967 3993 3968
f 3968 3993 3994
f 3968 3994 3969
f 3969 3994 3995
f 3969 3995 3970
f 3970 3995 3996
f 3970 3996 3971
f 3971 3996 3997
f 3971 3997 3972
f 3973 3998 3999
f 3973 3999 3974
f 3974 3999 4000
f 3974 4000 3975
f 3975 4000 4001
f 3975 4001 3976
f 3976 4001 4002
f 3976 4002 3977
f 3977 4002 4003
f 3977 4003 3978
f 3978 4003 4004
f 3978 4004 3979
f 3979 4004 4005
f 3979 4005 3980
f 3980 4005 4006
f 3980 4006 3981
f 3981 4006 4007
f 3981 4007 3982
f 3982 4007 4008
f 3982 4008 3983
f 3983 4008 4009
f 3983 4009 3984
f 3984 4009 4010
f 3984 4010 3985
f 3985 4010 4011
f 3985 4011 3986
f 3986 4011 4012
f 3986 4012 3987
f 3987 4012 4013
f 3987 4013 3988
f 3988 4013 4014
f 3988 4014 3989
f 3989 4014 4015
f 3989 4015 3990
f 3990 4015 4016
f 3990 4016 3991
f 3991 4016 4017
f 3991 4017 3992
f 3992 4017 4018
f 3992 4018 3993
f 3993 4018 4019
f 3993 4019 3994
f 3994 4019 4020
f 3994 4020 3995
f 3995 4020 4021
f 3995 4021 3996
f 3996 4021 4022
f 3996 4022 3997
f 3998 4023 4024
f 3998 4024 3999
f 3999 4024 4025
f 3999 4025 4000
f 4000 4025 4026
f 4000 4026 4001
f 4001 4026 4027
f 4001 4027 4002
f 4002 4027 4028
f 4002 4028 4003
f 4003 4028 4029
f 4003 4029 4004
f 4004 4029 4030
f 4004 4030 4005
f 4005 4030 4031
f 4005 4031 4006
f 4006 4031 4032
f 4006 4032 4007
f 4007 4032 4033
f 4007 4033 4008
f 4008 4033 4034
f 4008 4034 4009
f 4009 4034 4035
f 4009 4035 4010
f 4010 4035 4036
f 4010 4036 4011
f 4011 4036 4037
f 4011 4037 4012
f 4012 4037 4038
f 4012 4038 4013
f 4013 4038 4039
f 4013 4039 4014
f 4014 4039 4040
f 4014 4040 4015
f 4015 4040 4041
f 4015 4041 4016
f 4016 4041 4042
f 4016 4042 4017
f 4017 4042 4043
f 4017 4043 4018
f 4018 4043 4044
f 4018 4044 4019
f 4019 4044 4045
f 4019 4045 4020
f 4020 4045 4046
f 4020 4046 4021
f 4021 4046 4047
f 4021 4047 4022
f 4023 4048 4049
f 4023 4049 4024
f 4024 4049 4050
f 4024 4050 4025
f 4025 4050 4051
f 4025 4051 4026
f 4026 4051 4052
f 4026 4052 4027
f 4027 4052 4053
f 4027 4053 4028
f 4028 4053 4054
f 4028 4054 4029
f 4029 4054 4055
f 4029 4055 4030
f 4030 4055 4056
f 4030 4056 4031
f 4031 4056 4057
f 4031 4057 4032
f 4032 4057 4058
f 4032 4058 4033
f 4033 4058 4059
f 4033 4059 4034
f 4034 4059 4060
f 4034 4060 4035
f 4035 4060 4061
f 4035 4061 4036
f 4036 4061 4062
f 4036 4062 4037
f 4037 4062 4063
f 4037 4063 4038
f 4038 4063 4064
f 4038 4064 4039
f 4039 4064 4065
f 4039 4065 4040
f 4040 4065 4066
f 4040 4066 4041
f 4041 4066 4067
f 4041 4067 4042
f 4042 4067 4068
f 4042 4068 4043
f 4043 4068 4069
f 4043 4069 4044
f 4044 4069 4070
f 4044 4070 4045
f 4045 4070 4071
f 4045 4071 4046
f 4046 4071 4072
f 4046 4072 4047
f 4048 4073 4074
f 4048 4074 4049
f 4049 4074 4075
f 4049 4075 4050
f 4050 4075 4076
f 4050 4076 4051
f 4051 4076 4077
f 4051 4077 4052
f 4052 4077 4078
f 4052 4078 4053
f 4053 4078 4079
f 4053 4079 4054
f 4054 4079 4080
f 4054 4080 4055
f 4055 4080 4081
f 4055 4081 4056
f 4056 4081 4082
f 4056 4082 4057
f 4057 4082 4083
f 4057 4083 4058
f 4058 4083 4084
f 4058 4084 4059
f 4059 4084 4085
f 4059 4085 4060
f 4060 4085 4086
f 4060 4086 4061
f 4061 4086 4087
f 4061 4087 4062
f 4062 4087 4088
f 4062 4088 4063
f 4063 4088 4089
f 4063 4089 4064
f 4064 4089 4090
f 4064 4090 4065
f 4065 4090 4091
f 4065 4091 4066
f 4066 4091 4092
f 4066 4092 4067
f 4067 4092 4093
f 4067 4093 4068
f 4068 4093 4094
f 4068 4094 4069
f 4069 4094 4095
f 4069 4095 4070
f 4070 4095 4096
f 4070 4096 4071
f 4071 4096 4097
f 4071 4097 4072
f 4073 4098 4099
f 4073 4099 4074
f 4074 4099 4100
f 4074 4100 4075
f 4075 4100 4101
f 4075 4101 4076
f 4076 4101 4102
f 4076 4102 4077
f 4077 4102 4103
f 4077 4103 4078
f 4078 4103 4104
f 4078 4104 4079
f 4079 4104 4105
f 4079 4105 4080
f 4080 4105 4106
f 4080 4106 4081
f 4081 4106 4107
f 4081 4107 4082
f 4082 4107 4108
f 4082 4108 4083
f 4083 4108 4109
f 4083 4109 4084
f 4084 4109 4110
f 4084 4110 4085
f 4085 4110 4111
f 4085 4111 4086
f 4086 4111 4112
f 4086 4112 4087
f 4087 4112 4113
f 4087 4113 4088
f 4088 4113 4114
f 4088 4114 4089
f 4089 4114 4115
f 4089 4115 4090
f 4090 4115 4116
f 4090 4116 4091
f 4091 4116 4117
f 4091 4117 4092
f 4092 4117 4118
f 4092 4118 4093
f 4093 4118 4119
f 4093 4119 4094
f 4094 4119 4120
f 4094 4120 4095
f 4095 4120 4121
f 4095 4121 4096
f 4096 4121 4122
f 4096 4122 4097
f 4098 4123 4124
f 4098 4124 4099
f 4099 4124 4125
f 4099 4125 4100
f 4100 4125 4126
f 4100 4126 4101
f 4101 4126 4127
f 4101 4127 4102
f 4102 4127 4128
f 4102 4128 4103
f 4103 4128 4129
f 4103 4129 4104
f 4104 4129 4130
f 4104 4130 4105
f 4105 4130 4131
f 4105 4131 4106
f 4106 4131 4132
f 4106 4132 4107
f 4107 4132 4133
f 4107 4133 4108
f 4108 4133 4134
f 4108 4134 4109
f 4109 4134 4135
f 4109 4135 4110
f 4110 4135 4136
f 4110 4136 4111
f 4111 4136 4137
f 4111 4137 4112
f 4112 4137 4138
f 4112 4138 4113
f 4113 4138 4139
f 4113 4139 4114
f 4114 4139 4140
f 4114 4140 4115
f 4115 4140 4141
f 4115 4141 4116
f 4116 4141 4142
f 4116 4142 4117
f 4117 4142 4143
f 4117 4143 4118
f 4118 4143 4144
f 4118 4144 4119
f 4119 4144 4145
f 4119 4145 4120
f 4120 4145 4146
f 4120 4146 4121
f 4121 4146 4147
f 4121 4147 4122
o shikoro_0
v 0.727461 -0.540000 0.420000
v 0.640859 -0.420000 0.370000
v 0.619313 -0.540000 0.567496
v 0.545585 -0.420000 0.499937
v 0.481804 -0.540000 0.688088
v 0.424447 -0.420000 0.606173
v 0.321454 -0.540000 0.776059
v 0.283186 -0.420000 0.683671
v 0.145864 -0.540000 0.827239
v 0.128500 -0.420000 0.728758
v -0.036640 -0.540000 0.839201
v -0.032278 -0.420000 0.739296
v -0.217408 -0.540000 0.811378
v -0.191526 -0.420000 0.714785
v -0.387869 -0.540000 0.745089
v -0.341694 -0.420000 0.656388
v -0.539942 -0.540000 0.643477
v -0.475663 -0.420000 0.566873
v -0.666417 -0.540000 0.511360
v -0.587081 -0.420000 0.450483
v -0.761299 -0.540000 0.354999
v -0.670668 -0.420000 0.312738
v -0.820089 -0.540000 0.181809
v -0.722459 -0.420000 0.160165
v -0.840000 -0.540000 0.000000
v -0.740000 -0.420000 0.000000
v -0.820089 -0.540000 -0.181809
v -0.722459 -0.420000 -0.160165
v -0.761299 -0.540000 -0.354999
v -0.670668 -0.420000 -0.312738
v -0.666417 -0.540000 -0.511360
v -0.587081 -0.420000 -0.450483
v -0.539942 -0.540000 -0.643477
v -0.475663 -0.420000 -0.566873
v -0.387869 -0.540000 -0.745089
v -0.341694 -0.420000 -0.656388
v -0.217408 -0.540000 -0.811378
v -0.191526 -0.420000 -0.714785
v -0.036640 -0.540000 -0.839201
v -0.032278 -0.420000 -0.739296
v 0.145864 -0.540000 -0.827239
v 0.128500 -0.420000 -0.728758
v 0.321454 -0.540000 -0.776059
v 0.283186 -0.420000 -0.683671
v 0.481804 -0.540000 -0.688088
v 0.424447 -0.420000 -0.606173
v 0.619313 -0.540000 -0.567496
v 0.545585 -0.420000 -0.499937
v 0.727461 -0.540000 -0.420000
v 0.640859 -0.420000 -0.370000
vn 0.621038 0.637931 0.455364
vn 0.621038 0.637931 0.455364
vn 0.547230 0.639933 0.539467
vn 0.585109 0.639933 0.498130
vn 0.417497 0.639933 0.645122
vn 0.463424 0.639933 0.612963
vn 0.267970 0.639933 0.720193
vn 0.319770 0.639933 0.698737
vn 0.105740 0.639933 0.761121
vn 0.160956 0.639933 0.751385
vn -0.061503 0.639933 0.765966
vn -0.005489 0.639933 0.768411
vn -0.225831 0.639933 0.734498
vn -0.171674 0.639933 0.749009
vn -0.379452 0.639933 0.668208
vn -0.329720 0.639933 0.694097
vn -0.515084 0.639933 0.570241
vn -0.472134 0.639933 0.606280
vn -0.626297 0.639933 0.445239
vn -0.592166 0.639933 0.489720
vn -0.707819 0.639933 0.299130
vn -0.684124 0.639933 0.349944
vn -0.755784 0.639933 0.138839
vn -0.743649 0.639933 0.193577
vn -0.767919 0.639933 -0.028034
vn -0.767919 0.639933 0.028034
vn -0.743649 0.639933 -0.193577
vn -0.755784 0.639933 -0.138839
vn -0.684124 0.639933 -0.349944
vn -0.707819 0.639933 -0.299130
vn -0.592166 0.639933 -0.489720
vn -0.626297 0.639933 -0.445239
vn -0.472134 0.639933 -0.606280
vn -0.515084 0.639933 -0.570241
vn -0.329720 0.639933 -0.694097
vn -0.379452 0.639933 -0.668208
vn -0.171674 0.639933 -0.749009
vn -0.225831 0.639933 -0.734498
vn -0.005489 0.639933 -0.768411
vn -0.061503 0.639933 -0.765966
vn 0.160956 0.639933 -0.751385
vn 0.105740 0.639933 -0.761121
vn 0.319770 0.639933 -0.698737
vn 0.267970 0.639933 -0.720193
vn 0.463424 0.639933 -0.612963
vn 0.417497 0.639933 -0.645122
vn 0.585109 0.639933 -0.498130
vn 0.547230 0.639933 -0.539467
vn 0.621038 0.637931 -0.455364
vn 0.621038 0.637931 -0.455364
usemtl lacquer_black
f 4148 4149 4151
f 4148 4151 4150
f 4150 4151 4153
f 4150 4153 4152
f 4152 4153 4155
f 4152 4155 4154
f 4154 4155 4157
f 4154 4157 4156
f 4156 4157 4159
f 4156 4159 4158
f 4158 4159 4161
f 4158 4161 4160
f 4160 4161 4163
f 4160 4163 4162
f 4162 4163 4165
f 4162 4165 4164
f 4164 4165 4167
f 4164 4167 4166
f 4166 4167 4169
f 4166 4169 4168
f 4168 4169 4171
f 4168 4171 4170
f 4170 4171 4173
f 4170 4173 4172
f 4172 4173 4175
f 4172 4175 4174
f 4174 4175 4177
f 4174 4177 4176
f 4176 4177 4179
f 4176 4179 4178
f 4178 4179 4181
f 4178 4181 4180
f 4180 4181 4183
f 4180 4183 4182
f 4182 4183 4185
f 4182 4185 4184
f 4184 4185 4187
f 4184 4187 4186
f 4186 4187 4189
f 4186 4189 4188
f 4188 4189 4191
f 4188 4191 4190
f 4190 4191 4193
f 4190 4193 4192
f 4192 4193 4195
f 4192 4195 4194
f 4194 4195 4197
f 4194 4197 4196
o shikoro_1
v 0.814064 -0.680000 0.470000
v 0.727461 -0.560000 0.420000
v 0.693041 -0.680000 0.635055
v 0.619313 -0.560000 0.567496
v 0.539162 -0.680000 0.770003
v 0.481804 -0.560000 0.688088
v 0.359722 -0.680000 0.868447
v 0.321454 -0.560000 0.776059
v 0.163229 -0.680000 0.925719
v 0.145864 -0.560000 0.827239
v -0.041002 -0.680000 0.939105
v -0.036640 -0.560000 0.839201
v -0.243290 -0.680000 0.907970
v -0.217408 -0.560000 0.811378
v -0.434044 -0.680000 0.833790
v -0.387869 -0.560000 0.745089
v -0.604220 -0.680000 0.720082
v -0.539942 -0.560000 0.643477
v -0.745752 -0.680000 0.572236
v -0.666417 -0.560000 0.511360
v -0.851929 -0.680000 0.397261
v -0.761299 -0.560000 0.354999
v -0.917718 -0.680000 0.203453
v -0.820089 -0.560000 0.181809
v -0.940000 -0.680000 0.000000
v -0.840000 -0.560000 0.000000
v -0.917718 -0.680000 -0.203453
v -0.820089 -0.560000 -0.181809
v -0.851929 -0.680000 -0.397261
v -0.761299 -0.560000 -0.354999
v -0.745752 -0.680000 -0.572236
v -0.666417 -0.560000 -0.511360
v -0.604220 -0.680000 -0.720082
v -0.539942 -0.560000 -0.643477
v -0.434044 -0.680000 -0.833790
v -0.387869 -0.560000 -0.745089
v -0.243290 -0.680000 -0.907970
v -0.217408 -0.560000 -0.811378
v -0.041002 -0.680000 -0.939105
v -0.036640 -0.560000 -0.839201
v 0.163229 -0.680000 -0.925719
v 0.145864 -0.560000 -0.827239
v 0.359722 -0.680000 -0.868447
v 0.321454 -0.560000 -0.776059
v 0.539162 -0.680000 -0.770003
v 0.481804 -0.560000 -0.688088
v 0.693041 -0.680000 -0.635055
v 0.619313 -0.560000 -0.567496
v 0.814064 -0.680000 -0.470000
v 0.727461 -0.560000 -0.420000
vn 0.621038 0.637931 0.455364
vn 0.621038 0.637931 0.455364
vn 0.547230 0.639933 0.539467
vn 0.585109 0.639933 0.498130
vn 0.417497 0.639933 0.645122
vn 0.463424 0.639933 0.612963
vn 0.267970 0.639933 0.720193
vn 0.319770 0.639933 0.698737
vn 0.105740 0.639933 0.761121
vn 0.160956 0.639933 0.751385
vn -0.061503 0.639933 0.765966
vn -0.005489 0.639933 0.768411
vn -0.225831 0.639933 0.734498
vn -0.171674 0.639933 0.749009
vn -0.379452 0.639933 0.668208
vn -0.329720 0.639933 0.694097
vn -0.515084 0.639933 0.570241
vn -0.472134 0.639933 0.606280
vn -0.626297 0.639933 0.445239
vn -0.592166 0.639933 0.489720
vn -0.707819 0.639933 0.299130
vn -0.684124 0.639933 0.349944
vn -0.755784 0.639933 0.138839
vn -0.743649 0.639933 0.193577
vn -0.767919 0.639933 -0.028034
vn -0.767919 0.639933 0.028034
vn -0.743649 0.639933 -0.193577
vn -0.755784 0.639933 -0.138839
vn -0.684124 0.639933 -0.349944
vn -0.707819 0.639933 -0.299130
vn -0.592166 0.639933 -0.489720
vn -0.626297 0.639933 -0.445239
vn -0.472134 0.639933 -0.606280
vn -0.515084 0.639933 -0.570241
vn -0.329720 0.639933 -0.694097
vn -0.379452 0.639933 -0.668208
vn -0.171674 0.639933 -0.749009
vn -0.225831 0.639933 -0.734498
vn -0.005489 0.639933 -0.768411
vn -0.061503 0.639933 -0.765966
vn 0.160956 0.639933 -0.751385
vn 0.105740 0.639933 -0.761121
vn 0.319770 0.639933 -0.698737
vn 0.267970 0.639933 -0.720193
vn 0.463424 0.639933 -0.612963
vn 0.417497 0.639933 -0.645122
vn 0.585109 0.639933 -0.498130
vn 0.547230 0.639933 -0.539467
vn 0.621038 0.637931 -0.455364
vn 0.621038 0.637931 -0.455364
usemtl lacquer_black
f 4198 4199 4201
f 4198 4201 4200
f 4200 4201 4203
f 4200 4203 4202
f 4202 4203 4205
f 4202 4205 4204
f 4204 4205 4207
f 4204 4207 4206
f 4206 4207 4209
f 4206 4209 4208
f 4208 4209 4211
f 4208 4211 4210
f 4210 4211 4213
f 4210 4213 4212
f 4212 4213 4215
f 4212 4215 4214
f 4214 4215 4217
f 4214 4217 4216
f 4216 4217 4219
f 4216 4219 4218
f 4218 4219 4221
f 4218 4221 4220
f 4220 4221 4223
f 4220 4223 4222
f 4222 4223 4225
f 4222 4225 4224
f 4224 4225 4227
f 4224 4227 4226
f 4226 4227 4229
f 4226 4229 4228
f 4228 4229 4231
f 4228 4231 4230
f 4230 4231 4233
f 4230 4233 4232
f 4232 4233 4235
f 4232 4235 4234
f 4234 4235 4237
f 4234 4237 4236
f 4236 4237 4239
f 4236 4239 4238
f 4238 4239 4241
f 4238 4241 4240
f 4240 4241 4243
f 4240 4243 4242
f 4242 4243 4245
f 4242 4245 4244
f 4244 4245 4247
f 4244 4247 4246
o shikoro_2
v 0.900666 -0.820000 0.520000
v 0.814064 -0.700000 0.470000
v 0.766768 -0.820000 0.702614
v 0.693041 -0.700000 0.635055
v 0.596519 -0.820000 0.851918
v 0.539162 -0.700000 0.770003
v 0.397991 -0.820000 0.960835
v 0.359722 -0.700000 0.868447
v 0.180594 -0.820000 1.024200
v 0.163229 -0.700000 0.925719
v -0.045364 -0.820000 1.039010
v -0.041002 -0.700000 0.939105
v -0.269172 -0.820000 1.004563
v -0.243290 -0.700000 0.907970
v -0.480219 -0.820000 0.922491
v -0.434044 -0.700000 0.833790
v -0.668499 -0.820000 0.796686
v -0.604220 -0.700000 0.720082
v -0.825087 -0.820000 0.633112
v -0.745752 -0.700000 0.572236
v -0.942560 -0.820000 0.439523
v -0.851929 -0.700000 0.397261
v -1.015348 -0.820000 0.225097
v -0.917718 -0.700000 0.203453
v -1.040000 -0.820000 0.000000
v -0.940000 -0.700000 0.000000
v -1.015348 -0.820000 -0.225097
v -0.917718 -0.700000 -0.203453
v -0.942560 -0.820000 -0.439523
v -0.851929 -0.700000 -0.397261
v -0.825087 -0.820000 -0.633112
v -0.745752 -0.700000 -0.572236
v -0.668499 -0.820000 -0.796686
v -0.604220 -0.700000 -0.720082
v -0.480219 -0.820000 -0.922491
v -0.434044 -0.700000 -0.833790
v -0.269172 -0.820000 -1.004563
v -0.243290 -0.700000 -0.907970
v -0.045364 -0.820000 -1.039010
v -0.041002 -0.700000 -0.939105
v 0.180594 -0.820000 -1.024200
v 0.163229 -0.700000 -0.925719
v 0.397991 -0.820000 -0.960835
v 0.359722 -0.700000 -0.868447
v 0.596519 -0.820000 -0.851918
v 0.539162 -0.700000 -0.770003
v 0.766768 -0.820000 -0.702614
v 0.693041 -0.700000 -0.635055
v 0.900666 -0.820000 -0.520000
v 0.814064 -0.700000 -0.470000
vn 0.621038 0.637931 0.455364
vn 0.621038 0.637931 0.455364
vn 0.547230 0.639933 0.539467
vn 0.585109 0.639933 0.498130
vn 0.417497 0.639933 0.645122
vn 0.463424 0.639933 0.612963
vn 0.267970 0.639933 0.720193
vn 0.319770 0.639933 0.698737
vn 0.105740 0.639933 0.761121
vn 0.160956 0.639933 0.751385
vn -0.061503 0.639933 0.765966
vn -0.005489 0.639933 0.768411
vn -0.225831 0.639933 0.734498
vn -0.171674 0.639933 0.749009
vn -0.379452 0.639933 0.668208
vn -0.329720 0.639933 0.694097
vn -0.515084 0.639933 0.570241
vn -0.472134 0.639933 0.606280
vn -0.626297 0.639933 0.445239
vn -0.592166 0.639933 0.489720
vn -0.707819 0.639933 0.299130
vn -0.684124 0.639933 0.349944
vn -0.755784 0.639933 0.138839
vn -0.743649 0.639933 0.193577
vn -0.767919 0.639933 -0.028034
vn -0.767919 0.639933 0.028034
vn -0.743649 0.639933 -0.193577
vn -0.755784 0.639933 -0.138839
vn -0.684124 0.639933 -0.349944
vn -0.707819 0.639933 -0.299130
vn -0.592166 0.639933 -0.489720
vn -0.626297 0.639933 -0.445239
vn -0.472134 0.639933 -0.606280
vn -0.515084 0.639933 -0.570241
vn -0.329720 0.639933 -0.694097
vn -0.379452 0.639933 -0.668208
vn -0.171674 0.639933 -0.749009
vn -0.225831 0.639933 -0.734498
vn -0.005489 0.639933 -0.768411
vn -0.061503 0.639933 -0.765966
vn 0.160956 0.639933 -0.751385
vn 0.105740 0.639933 -0.761121
vn 0.319770 0.639933 -0.698737
vn 0.267970 0.639933 -0.720193
vn 0.463424 0.639933 -0.612963
vn 0.417497 0.639933 -0.645122
vn 0.585109 0.639933 -0.498130
vn 0.547230 0.639933 -0.539467
vn 0.621038 0.637931 -0.455364
vn 0.621038 0.637931 -0.455364
usemtl lacquer_black
f 4248 4249 4251
f 4248 4251 4250
f 4250 4251 4253
f 4250 4253 4252
f 4252 4253 4255
f 4252 4255 4254
f 4254 4255 4257
f 4254 4257 4256
f 4256 4257 4259
f 4256 4259 4258
f 4258 4259 4261
f 4258 4261 4260
f 4260 4261 4263
f 4260 4263 4262
f 4262 4263 4265
f 4262 4265 4264
f 4264 4265 4267
f 4264 4267 4266
f 4266 4267 4269
f 4266 4269 4268
f 4268 4269 4271
f 4268 4271 4270
f 4270 4271 4273
f 4270 4273 4272
f 4272 4273 4275
f 4272 4275 4274
f 4274 4275 4277
f 4274 4277 4276
f 4276 4277 4279
f 4276 4279 4278
f 4278 4279 4281
f 4278 4281 4280
f 4280 4281 4283
f 4280 4283 4282
f 4282 4283 4285
f 4282 4285 4284
f 4284 4285 4287
f 4284 4287 4286
f 4286 4287 4289
f 4286 4289 4288
f 4288 4289 4291
f 4288 4291 4290
f 4290 4291 4293
f 4290 4293 4292
f 4292 4293 4295
f 4292 4295 4294
f 4294 4295 4297
f 4294 4297 4296
o kuwagata_R
v 1.980106 -0.731382 1.365955
v 1.977768 -0.733856 1.379181
v 1.971110 -0.733498 1.391098
v 1.961145 -0.730363 1.399894
v 1.949391 -0.724928 1.404229
v 1.937637 -0.718020 1.403444
v 1.927672 -0.710692 1.397656
v 1.921014 -0.704058 1.387749
v 1.918676 -0.699129 1.375230
v 1.921014 -0.696655 1.362004
v 1.927672 -0.697013 1.350087
v 1.937637 -0.700148 1.341291
v 1.949391 -0.705583 1.336956
v 1.961145 -0.712491 1.337741
v 1.971110 -0.719819 1.343529
v 1.977768 -0.726453 1.353436
v 1.980106 -0.731382 1.365955
v 2.119416 -0.432184 1.451991
v 2.118882 -0.432749 1.455014
v 2.117360 -0.432667 1.457738
v 2.115082 -0.431951 1.459749
v 2.112396 -0.430708 1.460739
v 2.109709 -0.429130 1.460560
v 2.107431 -0.427455 1.459237
v 2.105909 -0.425938 1.456973
v 2.105375 -0.424812 1.454111
v 2.105909 -0.424246 1.451088
v 2.107431 -0.424328 1.448364
v 2.109709 -0.425045 1.446353
v 2.112396 -0.426287 1.445363
v 2.115082 -0.427866 1.445542
v 2.117360 -0.429541 1.446865
v 2.118882 -0.431057 1.449130
v 2.119416 -0.432184 1.451991
vn 0.895349 -0.438797 0.076205
vn 0.822197 -0.467206 0.325131
vn 0.614194 -0.443228 0.652927
vn 0.318451 -0.341631 0.884239
vn -0.020009 -0.177880 0.983849
vn -0.349656 0.023093 0.936593
vn -0.620307 0.230694 0.749667
vn -0.790756 0.413315 0.451527
vn -0.835054 0.543156 0.087562
vn -0.746457 0.600448 -0.286816
vn -0.538454 0.576470 -0.614613
vn -0.242711 0.474872 -0.845924
vn 0.095748 0.311122 -0.945535
vn 0.425396 0.110148 -0.898279
vn 0.696046 -0.097452 -0.711353
vn 0.866495 -0.280074 -0.413212
vn 0.895349 -0.331294 -0.297648
vn 0.895349 -0.438797 0.076205
vn 0.866495 -0.456786 0.201325
vn 0.696046 -0.460427 0.550932
vn 0.425396 -0.383830 0.819581
vn 0.095748 -0.238656 0.966372
vn -0.242711 -0.047006 0.968959
vn -0.538454 0.161943 0.826947
vn -0.746457 0.356380 0.561956
vn -0.835054 0.506703 0.214329
vn -0.790756 0.590028 -0.163011
vn -0.620307 0.593669 -0.512618
vn -0.349656 0.517072 -0.781267
vn -0.020009 0.371897 -0.928058
vn 0.318451 0.180247 -0.930645
vn 0.614194 -0.028701 -0.788633
vn 0.822197 -0.223138 -0.523642
vn 0.895349 -0.331294 -0.297648
usemtl lacquer_gold
f 4298 4315 4316
f 4298 4316 4299
f 4299 4316 4317
f 4299 4317 4300
f 4300 4317 4318
f 4300 4318 4301
f 4301 4318 4319
f 4301 4319 4302
f 4302 4319 4320
f 4302 4320 4303
f 4303 4320 4321
f 4303 4321 4304
f 4304 4321 4322
f 4304 4322 4305
f 4305 4322 4323
f 4305 4323 4306
f 4306 4323 4324
f 4306 4324 4307
f 4307 4324 4325
f 4307 4325 4308
f 4308 4325 4326
f 4308 4326 4309
f 4309 4326 4327
f 4309 4327 4310
f 4310 4327 4328
f 4310 4328 4311
f 4311 4328 4329
f 4311 4329 4312
f 4312 4329 4330
f 4312 4330 4313
f 4313 4330 4331
f 4313 4331 4314
o kuwagata_L
v -1.918676 -0.699129 1.375230
v -1.921014 -0.704058 1.387749
v -1.927672 -0.710692 1.397656
v -1.937637 -0.718020 1.403444
v -1.949391 -0.724928 1.404229
v -1.961145 -0.730363 1.399894
v -1.971110 -0.733498 1.391098
v -1.977768 -0.733856 1.379181
v -1.980106 -0.731382 1.365955
v -1.977768 -0.726453 1.353436
v -1.971110 -0.719819 1.343529
v -1.961145 -0.712491 1.337741
v -1.949391 -0.705583 1.336956
v -1.937637 -0.700148 1.341291
v -1.927672 -0.697013 1.350087
v -1.921014 -0.696655 1.362004
v -1.918676 -0.699129 1.375230
v -2.105375 -0.424812 1.454111
v -2.105909 -0.425938 1.456973
v -2.107431 -0.427455 1.459237
v -2.109709 -0.429130 1.460560
v -2.112396 -0.430708 1.460739
v -2.115082 -0.431951 1.459749
v -2.117360 -0.432667 1.457738
v -2.118882 -0.432749 1.455014
v -2.119416 -0.432184 1.451991
v -2.118882 -0.431057 1.449130
v -2.117360 -0.429541 1.446865
v -2.115082 -0.427866 1.445542
v -2.112396 -0.426287 1.445363
v -2.109709 -0.425045 1.446353
v -2.107431 -0.424328 1.448364
v -2.105909 -0.424246 1.451088
v -2.105375 -0.424812 1.454111
vn 0.820893 0.462276 0.335313
vn 0.746457 0.356380 0.561956
vn 0.538454 0.161943 0.826947
vn 0.242711 -0.047006 0.968959
vn -0.095748 -0.238656 0.966372
vn -0.425396 -0.383830 0.819581
vn -0.696046 -0.460427 0.550932
vn -0.866495 -0.456786 0.201325
vn -0.910794 -0.373462 -0.176015
vn -0.822197 -0.223138 -0.523642
vn -0.614194 -0.028701 -0.788633
vn -0.318451 0.180247 -0.930645
vn 0.020009 0.371897 -0.928058
vn 0.349656 0.517072 -0.781267
vn 0.620307 0.593669 -0.512618
vn 0.790756 0.590028 -0.163011
vn 0.820893 0.569779 -0.038540
vn 0.820893 0.462276 0.335313
vn 0.790756 0.413315 0.451527
vn 0.620307 0.230694 0.749667
vn 0.349656 0.023093 0.936593
vn 0.020009 -0.177880 0.983849
vn -0.318451 -0.341631 0.884239
vn -0.614194 -0.443228 0.652927
vn -0.822197 -0.467206 0.325131
vn -0.910794 -0.409914 -0.049248
vn -0.866495 -0.280074 -0.413212
vn -0.696046 -0.097452 -0.711353
vn -0.425396 0.110148 -0.898279
vn -0.095748 0.311122 -0.945535
vn 0.242711 0.474872 -0.845924
vn 0.538454 0.576470 -0.614613
vn 0.746457 0.600448 -0.286816
vn 0.820893 0.569779 -0.038540
usemtl lacquer_gold
f 4332 4349 4350
f 4332 4350 4333
f 4333 4350 4351
f 4333 4351 4334
f 4334 4351 4352
f 4334 4352 4335
f 4335 4352 4353
f 4335 4353 4336
f 4336 4353 4354
f 4336 4354 4337
f 4337 4354 4355
f 4337 4355 4338
f 4338 4355 4356
f 4338 4356 4339
f 4339 4356 4357
f 4339 4357 4340
f 4340 4357 4358
f 4340 4358 4341
f 4341 4358 4359
f 4341 4359 4342
f 4342 4359 4360
f 4342 4360 4343
f 4343 4360 4361
f 4343 4361 4344
f 4344 4361 4362
f 4344 4362 4345
f 4345 4362 4363
f 4345 4363 4346
f 4346 4363 4364
f 4346 4364 4347
f 4347 4364 4365
f 4347 4365 4348
o menpo_upper
v 0.300000 -0.220000 0.519615
v 0.290000 -0.080000 0.502295
v 0.277049 -0.220000 0.532206
v 0.267814 -0.080000 0.514466
v 0.253571 -0.220000 0.543785
v 0.245119 -0.080000 0.525659
v 0.229610 -0.220000 0.554328
v 0.221956 -0.080000 0.535850
v 0.205212 -0.220000 0.563816
v 0.198372 -0.080000 0.545022
v 0.180423 -0.220000 0.572230
v 0.174409 -0.080000 0.553156
v 0.155291 -0.220000 0.579555
v 0.150115 -0.080000 0.560237
v 0.129864 -0.220000 0.585778
v 0.125535 -0.080000 0.566252
v 0.104189 -0.220000 0.590885
v 0.100716 -0.080000 0.571188
v 0.078316 -0.220000 0.594867
v 0.075705 -0.080000 0.575038
v 0.052293 -0.220000 0.597717
v 0.050550 -0.080000 0.577793
v 0.026172 -0.220000 0.599429
v 0.025299 -0.080000 0.579448
v 0.000000 -0.220000 0.600000
v 0.000000 -0.080000 0.580000
v -0.026172 -0.220000 0.599429
v -0.025299 -0.080000 0.579448
v -0.052293 -0.220000 0.597717
v -0.050550 -0.080000 0.577793
v -0.078316 -0.220000 0.594867
v -0.075705 -0.080000 0.575038
v -0.104189 -0.220000 0.590885
v -0.100716 -0.080000 0.571188
v -0.129864 -0.220000 0.585778
v -0.125535 -0.080000 0.566252
v -0.155291 -0.220000 0.579555
v -0.150115 -0.080000 0.560237
v -0.180423 -0.220000 0.572230
v -0.174409 -0.080000 0.553156
v -0.205212 -0.220000 0.563816
v -0.198372 -0.080000 0.545022
v -0.229610 -0.220000 0.554328
v -0.221956 -0.080000 0.535850
v -0.253571 -0.220000 0.543785
v -0.245119 -0.080000 0.525659
v -0.277049 -0.220000 0.532206
v -0.267814 -0.080000 0.514466
v -0.300000 -0.220000 0.519615
v -0.290000 -0.080000 0.502295
vn 0.476157 0.141388 0.867919
vn 0.476157 0.141388 0.867919
vn 0.450709 0.141418 0.881398
vn 0.463482 0.141418 0.874749
vn 0.411834 0.141418 0.900219
vn 0.424885 0.141418 0.894133
vn 0.372175 0.141418 0.917326
vn 0.385479 0.141418 0.911815
vn 0.331808 0.141418 0.932687
vn 0.345340 0.141418 0.927762
vn 0.290809 0.141418 0.946272
vn 0.304543 0.141418 0.941942
vn 0.249256 0.141418 0.958057
vn 0.263166 0.141418 0.954329
vn 0.207229 0.141418 0.968017
vn 0.221288 0.141418 0.964900
vn 0.164808 0.141418 0.976135
vn 0.178989 0.141418 0.973634
vn 0.122073 0.141418 0.982395
vn 0.136349 0.141418 0.980515
vn 0.079105 0.141418 0.986784
vn 0.093450 0.141418 0.985529
vn 0.035987 0.141418 0.989296
vn 0.050373 0.141418 0.988668
vn -0.007200 0.141418 0.989924
vn 0.007200 0.141418 0.989924
vn -0.050373 0.141418 0.988668
vn -0.035987 0.141418 0.989296
vn -0.093450 0.141418 0.985529
vn -0.079105 0.141418 0.986784
vn -0.136349 0.141418 0.980515
vn -0.122073 0.141418 0.982395
vn -0.178989 0.141418 0.973634
vn -0.164808 0.141418 0.976135
vn -0.221288 0.141418 0.964900
vn -0.207229 0.141418 0.968017
vn -0.263166 0.141418 0.954329
vn -0.249256 0.141418 0.958057
vn -0.304543 0.141418 0.941942
vn -0.290809 0.141418 0.946272
vn -0.345340 0.141418 0.927762
vn -0.331808 0.141418 0.932687
vn -0.385479 0.141418 0.911815
vn -0.372175 0.141418 0.917326
vn -0.424885 0.141418 0.894133
vn -0.411834 0.141418 0.900219
vn -0.463482 0.141418 0.874749
vn -0.450709 0.141418 0.881398
vn -0.476157 0.141388 0.867919
vn -0.476157 0.141388 0.867919
usemtl lacquer_black
f 4366 4367 4369
f 4366 4369 4368
f 4368 4369 4371
f 4368 4371 4370
f 4370 4371 4373
f 4370 4373 4372
f 4372 4373 4375
f 4372 4375 4374
f 4374 4375 4377
f 4374 4377 4376
f 4376 4377 4379
f 4376 4379 4378
f 4378 4379 4381
f 4378 4381 4380
f 4380 4381 4383
f 4380 4383 4382
f 4382 4383 4385
f 4382 4385 4384
f 4384 4385 4387
f 4384 4387 4386
f 4386 4387 4389
f 4386 4389 4388
f 4388 4389 4391
f 4388 4391 4390
f 4390 4391 4393
f 4390 4393 4392
f 4392 4393 4395
f 4392 4395 4394
f 4394 4395 4397
f 4394 4397 4396
f 4396 4397 4399
f 4396 4399 4398
f 4398 4399 4401
f 4398 4401 4400
f 4400 4401 4403
f 4400 4403 4402
f 4402 4403 4405
f 4402 4405 4404
f 4404 4405 4407
f 4404 4407 4406
f 4406 4407 4409
f 4406 4409 4408
f 4408 4409 4411
f 4408 4411 4410
f 4410 4411 4413
f 4410 4413 4412
f 4412 4413 4415
f 4412 4415 4414
o menpo_lower
v 0.310000 -0.520000 0.536936
v 0.300000 -0.260000 0.519615
v 0.286284 -0.520000 0.549947
v 0.277049 -0.260000 0.532206
v 0.262023 -0.520000 0.561911
v 0.253571 -0.260000 0.543785
v 0.237264 -0.520000 0.572805
v 0.229610 -0.260000 0.554328
v 0.212052 -0.520000 0.582609
v 0.205212 -0.260000 0.563816
v 0.186438 -0.520000 0.591305
v 0.180423 -0.260000 0.572230
v 0.160468 -0.520000 0.598874
v 0.155291 -0.260000 0.579555
v 0.134193 -0.520000 0.605304
v 0.129864 -0.260000 0.585778
v 0.107662 -0.520000 0.610581
v 0.104189 -0.260000 0.590885
v 0.080926 -0.520000 0.614696
v 0.078316 -0.260000 0.594867
v 0.054037 -0.520000 0.617641
v 0.052293 -0.260000 0.597717
v 0.027044 -0.520000 0.619410
v 0.026172 -0.260000 0.599429
v 0.000000 -0.520000 0.620000
v 0.000000 -0.260000 0.600000
v -0.027044 -0.520000 0.619410
v -0.026172 -0.260000 0.599429
v -0.054037 -0.520000 0.617641
v -0.052293 -0.260000 0.597717
v -0.080926 -0.520000 0.614696
v -0.078316 -0.260000 0.594867
v -0.107662 -0.520000 0.610581
v -0.104189 -0.260000 0.590885
v -0.134193 -0.520000 0.605304
v -0.129864 -0.260000 0.585778
v -0.160468 -0.520000 0.598874
v -0.155291 -0.260000 0.579555
v -0.186438 -0.520000 0.591305
v -0.180423 -0.260000 0.572230
v -0.212052 -0.520000 0.582609
v -0.205212 -0.260000 0.563816
v -0.237264 -0.520000 0.572805
v -0.229610 -0.260000 0.554328
v -0.262023 -0.520000 0.561911
v -0.253571 -0.260000 0.543785
v -0.286284 -0.520000 0.549947
v -0.277049 -0.260000 0.532206
v -0.310000 -0.520000 0.536936
v -0.300000 -0.260000 0.519615
vn 0.479573 0.076678 0.874146
vn 0.479573 0.076678 0.874146
vn 0.453944 0.076694 0.887723
vn 0.466809 0.076694 0.881026
vn 0.414790 0.076694 0.906679
vn 0.427935 0.076694 0.900550
vn 0.374846 0.076694 0.923909
vn 0.388246 0.076694 0.918359
vn 0.334189 0.076694 0.939380
vn 0.347818 0.076694 0.934420
vn 0.292896 0.076694 0.953063
vn 0.306728 0.076694 0.948702
vn 0.251045 0.076694 0.964932
vn 0.265055 0.076694 0.961178
vn 0.208717 0.076694 0.974964
vn 0.222876 0.076694 0.971825
vn 0.165991 0.076694 0.983140
vn 0.180274 0.076694 0.980622
vn 0.122949 0.076694 0.989445
vn 0.137328 0.076694 0.987552
vn 0.079673 0.076694 0.993866
vn 0.094121 0.076694 0.992602
vn 0.036245 0.076694 0.996396
vn 0.050735 0.076694 0.995763
vn -0.007252 0.076694 0.997028
vn 0.007252 0.076694 0.997028
vn -0.050735 0.076694 0.995763
vn -0.036245 0.076694 0.996396
vn -0.094121 0.076694 0.992602
vn -0.079673 0.076694 0.993866
vn -0.137328 0.076694 0.987552
vn -0.122949 0.076694 0.989445
vn -0.180274 0.076694 0.980622
vn -0.165991 0.076694 0.983140
vn -0.222876 0.076694 0.971825
vn -0.208717 0.076694 0.974964
vn -0.265055 0.076694 0.961178
vn -0.251045 0.076694 0.964932
vn -0.306728 0.076694 0.948702
vn -0.292896 0.076694 0.953063
vn -0.347818 0.076694 0.934420
vn -0.334189 0.076694 0.939380
vn -0.388246 0.076694 0.918359
vn -0.374846 0.076694 0.923909
vn -0.427935 0.076694 0.900550
vn -0.414790 0.076694 0.906679
vn -0.466809 0.076694 0.881026
vn -0.453944 0.076694 0.887723
vn -0.479573 0.076678 0.874146
vn -0.479573 0.076678 0.874146
usemtl lacquer_red
f 4416 4417 4419
f 4416 4419 4418
f 4418 4419 4421
f 4418 4421 4420
f 4420 4421 4423
f 4420 4423 4422
f 4422 4423 4425
f 4422 4425 4424
f 4424 4425 4427
f 4424 4427 4426
f 4426 4427 4429
f 4426 4429 4428
f 4428 4429 4431
f 4428 4431 4430
f 4430 4431 4433
f 4430 4433 4432
f 4432 4433 4435
f 4432 4435 4434
f 4434 4435 4437
f 4434 4437 4436
f 4436 4437 4439
f 4436 4439 4438
f 4438 4439 4441
f 4438 4441 4440
f 4440 4441 4443
f 4440 4443 4442
f 4442 4443 4445
f 4442 4445 4444
f 4444 4445 4447
f 4444 4447 4446
f 4446 4447 4449
f 4446 4449 4448
f 4448 4449 4451
f 4448 4451 4450
f 4450 4451 4453
f 4450 4453 4452
f 4452 4453 4455
f 4452 4455 4454
f 4454 4455 4457
f 4454 4457 4456
f 4456 4457 4459
f 4456 4459 4458
f 4458 4459 4461
f 4458 4461 4460
f 4460 4461 4463
f 4460 4463 4462
f 4462 4463 4465
f 4462 4465 4464
o rerebrace_R
v 0.600000 0.050000 0.000000
v 0.560000 0.880000 0.000000
v 0.570634 0.050000 0.185410
v 0.532592 0.880000 0.173050
v 0.485410 0.050000 0.352671
v 0.453050 0.880000 0.329160
v 0.352671 0.050000 0.485410
v 0.329160 0.880000 0.453050
v 0.185410 0.050000 0.570634
v 0.173050 0.880000 0.532592
v 0.000000 0.050000 0.600000
v 0.000000 0.880000 0.560000
v -0.185410 0.050000 0.570634
v -0.173050 0.880000 0.532592
v -0.352671 0.050000 0.485410
v -0.329160 0.880000 0.453050
v -0.485410 0.050000 0.352671
v -0.453050 0.880000 0.329160
v -0.570634 0.050000 0.185410
v -0.532592 0.880000 0.173050
v -0.600000 0.050000 0.000000
v -0.560000 0.880000 0.000000
v -0.570634 0.050000 -0.185410
v -0.532592 0.880000 -0.173050
v -0.485410 0.050000 -0.352671
v -0.453050 0.880000 -0.329160
v -0.352671 0.050000 -0.485410
v -0.329160 0.880000 -0.453050
v -0.185410 0.050000 -0.570634
v -0.173050 0.880000 -0.532592
v 0.000000 0.050000 -0.600000
v 0.000000 0.880000 -0.560000
v 0.185410 0.050000 -0.570634
v 0.173050 0.880000 -0.532592
v 0.352671 0.050000 -0.485410
v 0.329160 0.880000 -0.453050
v 0.485410 0.050000 -0.352671
v 0.453050 0.880000 -0.329160
v 0.570634 0.050000 -0.185410
v 0.532592 0.880000 -0.173050
v 0.600000 0.050000 -0.000000
v 0.560000 0.880000 -0.000000
vn 0.986571 0.047546 0.156258
vn 0.986571 0.047546 0.156258
vn 0.932363 0.048070 0.358314
vn 0.964909 0.048070 0.258147
vn 0.776005 0.048070 0.628892
vn 0.837911 0.048070 0.543686
vn 0.543686 0.048070 0.837911
vn 0.628892 0.048070 0.776005
vn 0.258147 0.048070 0.964909
vn 0.358314 0.048070 0.932363
vn -0.052660 0.048070 0.997455
vn 0.052660 0.048070 0.997455
vn -0.358314 0.048070 0.932363
vn -0.258147 0.048070 0.964909
vn -0.628892 0.048070 0.776005
vn -0.543686 0.048070 0.837911
vn -0.837911 0.048070 0.543686
vn -0.776005 0.048070 0.628892
vn -0.964909 0.048070 0.258147
vn -0.932363 0.048070 0.358314
vn -0.997455 0.048070 -0.052660
vn -0.997455 0.048070 0.052660
vn -0.932363 0.048070 -0.358314
vn -0.964909 0.048070 -0.258147
vn -0.776005 0.048070 -0.628892
vn -0.837911 0.048070 -0.543686
vn -0.543686 0.048070 -0.837911
vn -0.628892 0.048070 -0.776005
vn -0.258147 0.048070 -0.964909
vn -0.358314 0.048070 -0.932363
vn 0.052660 0.048070 -0.997455
vn -0.052660 0.048070 -0.997455
vn 0.358314 0.048070 -0.932363
vn 0.258147 0.048070 -0.964909
vn 0.628892 0.048070 -0.776005
vn 0.543686 0.048070 -0.837911
vn 0.837911 0.048070 -0.543686
vn 0.776005 0.048070 -0.628892
vn 0.964909 0.048070 -0.258147
vn 0.932363 0.048070 -0.358314
vn 0.986571 0.047546 -0.156258
vn 0.986571 0.047546 -0.156258
usemtl lacquer_black
f 4466 4467 4469
f 4466 4469 4468
f 4468 4469 4471
f 4468 4471 4470
f 4470 4471 4473
f 4470 4473 4472
f 4472 4473 4475
f 4472 4475 4474
f 4474 4475 4477
f 4474 4477 4476
f 4476 4477 4479
f 4476 4479 4478
f 4478 4479 4481
f 4478 4481 4480
f 4480 4481 4483
f 4480 4483 4482
f 4482 4483 4485
f 4482 4485 4484
f 4484 4485 4487
f 4484 4487 4486
f 4486 4487 4489
f 4486 4489 4488
f 4488 4489 4491
f 4488 4491 4490
f 4490 4491 4493
f 4490 4493 4492
f 4492 4493 4495
f 4492 4495 4494
f 4494 4495 4497
f 4494 4497 4496
f 4496 4497 4499
f 4496 4499 4498
f 4498 4499 4501
f 4498 4501 4500
f 4500 4501 4503
f 4500 4503 4502
f 4502 4503 4505
f 4502 4505 4504
f 4504 4505 4507
f 4504 4507 4506
o couter_R
v 0.460000 -0.050000 -0.520000
v 0.437486 0.092148 -0.520000
v 0.372148 0.220381 -0.520000
v 0.270381 0.322148 -0.520000
v 0.142148 0.387486 -0.520000
v 0.000000 0.410000 -0.520000
v -0.142148 0.387486 -0.520000
v -0.270381 0.322148 -0.520000
v -0.372148 0.220381 -0.520000
v -0.437486 0.092148 -0.520000
v -0.460000 -0.050000 -0.520000
v -0.437486 -0.192148 -0.520000
v -0.372148 -0.320381 -0.520000
v -0.270381 -0.422148 -0.520000
v -0.142148 -0.487486 -0.520000
v 0.000000 -0.510000 -0.520000
v 0.142148 -0.487486 -0.520000
v 0.270381 -0.422148 -0.520000
v 0.372148 -0.320381 -0.520000
v 0.437486 -0.192148 -0.520000
v 0.460000 -0.050000 -0.520000
v 0.456065 -0.050000 -0.572210
v 0.433743 0.090932 -0.572210
v 0.368964 0.218068 -0.572210
v 0.268068 0.318964 -0.572210
v 0.140932 0.383743 -0.572210
v 0.000000 0.406065 -0.572210
v -0.140932 0.383743 -0.572210
v -0.268068 0.318964 -0.572210
v -0.368964 0.218068 -0.572210
v -0.433743 0.090932 -0.572210
v -0.456065 -0.050000 -0.572210
v -0.433743 -0.190932 -0.572210
v -0.368964 -0.318068 -0.572210
v -0.268068 -0.418964 -0.572210
v -0.140932 -0.483743 -0.572210
v 0.000000 -0.506065 -0.572210
v 0.140932 -0.483743 -0.572210
v 0.268068 -0.418964 -0.572210
v 0.368964 -0.318068 -0.572210
v 0.433743 -0.190932 -0.572210
v 0.456065 -0.050000 -0.572210
v 0.444326 -0.050000 -0.623528
v 0.422579 0.087304 -0.623528
v 0.359467 0.211168 -0.623528
v 0.261168 0.309467 -0.623528
v 0.137304 0.372579 -0.623528
v 0.000000 0.394326 -0.623528
v -0.137304 0.372579 -0.623528
v -0.261168 0.309467 -0.623528
v -0.359467 0.211168 -0.623528
v -0.422579 0.087304 -0.623528
v -0.444326 -0.050000 -0.623528
v -0.422579 -0.187304 -0.623528
v -0.359467 -0.311168 -0.623528
v -0.261168 -0.409467 -0.623528
v -0.137304 -0.472579 -0.623528
v 0.000000 -0.494326 -0.623528
v 0.137304 -0.472579 -0.623528
v 0.261168 -0.409467 -0.623528
v 0.359467 -0.311168 -0.623528
v 0.422579 -0.187304 -0.623528
v 0.444326 -0.050000 -0.623528
v 0.424985 -0.050000 -0.673073
v 0.404184 0.081327 -0.673073
v 0.343820 0.199800 -0.673073
v 0.249800 0.293820 -0.673073
v 0.131327 0.354184 -0.673073
v 0.000000 0.374985 -0.673073
v -0.131327 0.354184 -0.673073
v -0.249800 0.293820 -0.673073
v -0.343820 0.199800 -0.673073
v -0.404184 0.081327 -0.673073
v -0.424985 -0.050000 -0.673073
v -0.404184 -0.181327 -0.673073
v -0.343820 -0.299800 -0.673073
v -0.249800 -0.393820 -0.673073
v -0.131327 -0.454184 -0.673073
v 0.000000 -0.474985 -0.673073
v 0.131327 -0.454184 -0.673073
v 0.249800 -0.393820 -0.673073
v 0.343820 -0.299800 -0.673073
v 0.404184 -0.181327 -0.673073
v 0.424985 -0.050000 -0.673073
v 0.398372 -0.050000 -0.720000
v 0.378874 0.073104 -0.720000
v 0.322289 0.184157 -0.720000
v 0.234157 0.272289 -0.720000
v 0.123104 0.328874 -0.720000
v 0.000000 0.348372 -0.720000
v -0.123104 0.328874 -0.720000
v -0.234157 0.272289 -0.720000
v -0.322289 0.184157 -0.720000
v -0.378874 0.073104 -0.720000
v -0.398372 -0.050000 -0.720000
v -0.378874 -0.173104 -0.720000
v -0.322289 -0.284157 -0.720000
v -0.234157 -0.372289 -0.720000
v -0.123104 -0.428874 -0.720000
v 0.000000 -0.448372 -0.720000
v 0.123104 -0.428874 -0.720000
v 0.234157 -0.372289 -0.720000
v 0.322289 -0.284157 -0.720000
v 0.378874 -0.173104 -0.720000
v 0.398372 -0.050000 -0.720000
v 0.364943 -0.050000 -0.763505
v 0.347081 0.062773 -0.763505
v 0.295245 0.164508 -0.763505
v 0.214508 0.245245 -0.763505
v 0.112773 0.297081 -0.763505
v 0.000000 0.314943 -0.763505
v -0.112773 0.297081 -0.763505
v -0.214508 0.245245 -0.763505
v -0.295245 0.164508 -0.763505
v -0.347081 0.062773 -0.763505
v -0.364943 -0.050000 -0.763505
v -0.347081 -0.162773 -0.763505
v -0.295245 -0.264508 -0.763505
v -0.214508 -0.345245 -0.763505
v -0.112773 -0.397081 -0.763505
v 0.000000 -0.414943 -0.763505
v 0.112773 -0.397081 -0.763505
v 0.214508 -0.345245 -0.763505
v 0.295245 -0.264508 -0.763505
v 0.347081 -0.162773 -0.763505
v 0.364943 -0.050000 -0.763505
v 0.325269 -0.050000 -0.802843
v 0.309349 0.050514 -0.802843
v 0.263148 0.141188 -0.802843
v 0.191188 0.213148 -0.802843
v 0.100514 0.259349 -0.802843
v 0.000000 0.275269 -0.802843
v -0.100514 0.259349 -0.802843
v -0.191188 0.213148 -0.802843
v -0.263148 0.141188 -0.802843
v -0.309349 0.050514 -0.802843
v -0.325269 -0.050000 -0.802843
v -0.309349 -0.150514 -0.802843
v -0.263148 -0.241188 -0.802843
v -0.191188 -0.313148 -0.802843
v -0.100514 -0.359349 -0.802843
v 0.000000 -0.375269 -0.802843
v 0.100514 -0.359349 -0.802843
v 0.191188 -0.313148 -0.802843
v 0.263148 -0.241188 -0.802843
v 0.309349 -0.150514 -0.802843
v 0.325269 -0.050000 -0.802843
v 0.280030 -0.050000 -0.837341
v 0.266325 0.036534 -0.837341
v 0.226549 0.114598 -0.837341
v 0.164598 0.176549 -0.837341
v 0.086534 0.216325 -0.837341
v 0.000000 0.230030 -0.837341
v -0.086534 0.216325 -0.837341
v -0.164598 0.176549 -0.837341
v -0.226549 0.114598 -0.837341
v -0.266325 0.036534 -0.837341
v -0.280030 -0.050000 -0.837341
v -0.266325 -0.136534 -0.837341
v -0.226549 -0.214598 -0.837341
v -0.164598 -0.276549 -0.837341
v -0.086534 -0.316325 -0.837341
v 0.000000 -0.330030 -0.837341
v 0.086534 -0.316325 -0.837341
v 0.164598 -0.276549 -0.837341
v 0.226549 -0.214598 -0.837341
v 0.266325 -0.136534 -0.837341
v 0.280030 -0.050000 -0.837341
v 0.230000 -0.050000 -0.866410
v 0.218743 0.021074 -0.866410
v 0.186074 0.085191 -0.866410
v 0.135191 0.136074 -0.866410
v 0.071074 0.168743 -0.866410
v 0.000000 0.180000 -0.866410
v -0.071074 0.168743 -0.866410
v -0.135191 0.136074 -0.866410
v -0.186074 0.085191 -0.866410
v -0.218743 0.021074 -0.866410
v -0.230000 -0.050000 -0.866410
v -0.218743 -0.121074 -0.866410
v -0.186074 -0.185191 -0.866410
v -0.135191 -0.236074 -0.866410
v -0.071074 -0.268743 -0.866410
v 0.000000 -0.280000 -0.866410
v 0.071074 -0.268743 -0.866410
v 0.135191 -0.236074 -0.866410
v 0.186074 -0.185191 -0.866410
v 0.218743 -0.121074 -0.866410
v 0.230000 -0.050000 -0.866410
v 0.176034 -0.050000 -0.889552
v 0.167419 0.004398 -0.889552
v 0.142415 0.053470 -0.889552
v 0.103470 0.092415 -0.889552
v 0.054398 0.117419 -0.889552
v 0.000000 0.126034 -0.889552
v -0.054398 0.117419 -0.889552
v -0.103470 0.092415 -0.889552
v -0.142415 0.053470 -0.889552
v -0.167419 0.004398 -0.889552
v -0.176034 -0.050000 -0.889552
v -0.167419 -0.104398 -0.889552
v -0.142415 -0.153470 -0.889552
v -0.103470 -0.192415 -0.889552
v -0.054398 -0.217419 -0.889552
v 0.000000 -0.226034 -0.889552
v 0.054398 -0.217419 -0.889552
v 0.103470 -0.192415 -0.889552
v 0.142415 -0.153470 -0.889552
v 0.167419 -0.104398 -0.889552
v 0.176034 -0.050000 -0.889552
v 0.119057 -0.050000 -0.906370
v 0.113230 -0.013209 -0.906370
v 0.096319 0.019980 -0.906370
v 0.069980 0.046319 -0.906370
v 0.036791 0.063230 -0.906370
v 0.000000 0.069057 -0.906370
v -0.036791 0.063230 -0.906370
v -0.069980 0.046319 -0.906370
v -0.096319 0.019980 -0.906370
v -0.113230 -0.013209 -0.906370
v -0.119057 -0.050000 -0.906370
v -0.113230 -0.086791 -0.906370
v -0.096319 -0.119980 -0.906370
v -0.069980 -0.146319 -0.906370
v -0.036791 -0.163230 -0.906370
v 0.000000 -0.169057 -0.906370
v 0.036791 -0.163230 -0.906370
v 0.069980 -0.146319 -0.906370
v 0.096319 -0.119980 -0.906370
v 0.113230 -0.086791 -0.906370
v 0.119057 -0.050000 -0.906370
v 0.060042 -0.050000 -0.916578
v 0.057103 -0.031446 -0.916578
v 0.048575 -0.014708 -0.916578
v 0.035292 -0.001425 -0.916578
v 0.018554 0.007103 -0.916578
v 0.000000 0.010042 -0.916578
v -0.018554 0.007103 -0.916578
v -0.035292 -0.001425 -0.916578
v -0.048575 -0.014708 -0.916578
v -0.057103 -0.031446 -0.916578
v -0.060042 -0.050000 -0.916578
v -0.057103 -0.068554 -0.916578
v -0.048575 -0.085292 -0.916578
v -0.035292 -0.098575 -0.916578
v -0.018554 -0.107103 -0.916578
v 0.000000 -0.110042 -0.916578
v 0.018554 -0.107103 -0.916578
v 0.035292 -0.098575 -0.916578
v 0.048575 -0.085292 -0.916578
v 0.057103 -0.068554 -0.916578
v 0.060042 -0.050000 -0.916578
v 0.003680 -0.050000 -0.920000
v 0.003500 -0.048863 -0.920000
v 0.002977 -0.047837 -0.920000
v 0.002163 -0.047023 -0.920000
v 0.001137 -0.046500 -0.920000
v 0.000000 -0.046320 -0.920000
v -0.001137 -0.046500 -0.920000
v -0.002163 -0.047023 -0.920000
v -0.002977 -0.047837 -0.920000
v -0.003500 -0.048863 -0.920000
v -0.003680 -0.050000 -0.920000
v -0.003500 -0.051137 -0.920000
v -0.002977 -0.052163 -0.920000
v -0.002163 -0.052977 -0.920000
v -0.001137 -0.053500 -0.920000
v 0.000000 -0.053680 -0.920000
v 0.001137 -0.053500 -0.920000
v 0.002163 -0.052977 -0.920000
v 0.002977 -0.052163 -0.920000
v 0.003500 -0.051137 -0.920000
v 0.003680 -0.050000 -0.920000
vn 0.984963 0.156003 -0.074242
vn 0.930809 0.357716 -0.075058
vn 0.774712 0.627844 -0.075058
vn 0.542780 0.836514 -0.075058
vn 0.257717 0.963301 -0.075058
vn -0.052573 0.995792 -0.075058
vn -0.357716 0.930809 -0.075058
vn -0.627844 0.774712 -0.075058
vn -0.836514 0.542780 -0.075058
vn -0.963301 0.257717 -0.075058
vn -0.995792 -0.052573 -0.075058
vn -0.930809 -0.357716 -0.075058
vn -0.774712 -0.627844 -0.075058
vn -0.542780 -0.836514 -0.075058
vn -0.257717 -0.963301 -0.075058
vn 0.052573 -0.995792 -0.075058
vn 0.357716 -0.930809 -0.075058
vn 0.627844 -0.774712 -0.075058
vn 0.836514 -0.542780 -0.075058
vn 0.963301 -0.257717 -0.075058
vn 0.984963 -0.156003 -0.074242
vn 0.972954 0.154101 -0.172084
vn 0.940545 0.304994 -0.149514
vn 0.800263 0.580711 -0.149514
vn 0.581645 0.799584 -0.149514
vn 0.306093 0.940188 -0.149514
vn 0.000578 0.988759 -0.149514
vn -0.304994 0.940545 -0.149514
vn -0.580711 0.800263 -0.149514
vn -0.799584 0.581645 -0.149514
vn -0.940188 0.306093 -0.149514
vn -0.988759 0.000578 -0.149514
vn -0.940545 -0.304994 -0.149514
vn -0.800263 -0.580711 -0.149514
vn -0.581645 -0.799584 -0.149514
vn -0.306093 -0.940188 -0.149514
vn -0.000578 -0.988759 -0.149514
vn 0.304994 -0.940545 -0.149514
vn 0.580711 -0.800263 -0.149514
vn 0.799584 -0.581645 -0.149514
vn 0.940188 -0.306093 -0.149514
vn 0.980157 -0.155242 -0.123253
vn 0.937722 0.148521 -0.314035
vn 0.909326 0.294280 -0.294151
vn 0.773883 0.560874 -0.294151
vn 0.562687 0.772566 -0.294151
vn 0.296411 0.908634 -0.294151
vn 0.001120 0.955758 -0.294151
vn -0.294280 0.909326 -0.294151
vn -0.560874 0.773883 -0.294151
vn -0.772566 0.562687 -0.294151
vn -0.908634 0.296411 -0.294151
vn -0.955758 0.001120 -0.294151
vn -0.909326 -0.294280 -0.294151
vn -0.773883 -0.560874 -0.294151
vn -0.562687 -0.772566 -0.294151
vn -0.296411 -0.908634 -0.294151
vn -0.001120 -0.955758 -0.294151
vn 0.294280 -0.909326 -0.294151
vn 0.560874 -0.773883 -0.294151
vn 0.772566 -0.562687 -0.294151
vn 0.908634 -0.296411 -0.294151
vn 0.951704 -0.150735 -0.267467
vn 0.883658 0.139958 -0.446721
vn 0.859302 0.277522 -0.429630
vn 0.731486 0.529478 -0.429630
vn 0.532067 0.729605 -0.429630
vn 0.280565 0.858313 -0.429630
vn 0.001600 0.903004 -0.429630
vn -0.277522 0.859302 -0.429630
vn -0.529478 0.731486 -0.429630
vn -0.729605 0.532067 -0.429630
vn -0.858313 0.280565 -0.429630
vn -0.903004 0.001600 -0.429630
vn -0.859302 -0.277522 -0.429630
vn -0.731486 -0.529478 -0.429630
vn -0.532067 -0.729605 -0.429630
vn -0.280565 -0.858313 -0.429630
vn -0.001600 -0.903004 -0.429630
vn 0.277522 -0.859302 -0.429630
vn 0.529478 -0.731486 -0.429630
vn 0.729605 -0.532067 -0.429630
vn 0.858313 -0.280565 -0.429630
vn 0.903652 -0.143124 -0.403644
vn 0.813480 0.128843 -0.567141
vn 0.793215 0.255628 -0.552689
vn 0.675399 0.488233 -0.552689
vn 0.491470 0.673047 -0.552689
vn 0.259433 0.791978 -0.552689
vn 0.002001 0.833385 -0.552689
vn -0.255628 0.793215 -0.552689
vn -0.488233 0.675399 -0.552689
vn -0.673047 0.491470 -0.552689
vn -0.791978 0.259433 -0.552689
vn -0.833385 0.002001 -0.552689
vn -0.793215 -0.255628 -0.552689
vn -0.675399 -0.488233 -0.552689
vn -0.491470 -0.673047 -0.552689
vn -0.259433 -0.791978 -0.552689
vn -0.002001 -0.833385 -0.552689
vn 0.255628 -0.793215 -0.552689
vn 0.488233 -0.675399 -0.552689
vn 0.673047 -0.491470 -0.552689
vn 0.791978 -0.259433 -0.552689
vn 0.838519 -0.132808 -0.528440
vn 0.730223 0.115656 -0.673349
vn 0.714176 0.229613 -0.661234
vn 0.608268 0.439067 -0.661234
vn 0.442818 0.605543 -0.661234
vn 0.234022 0.712744 -0.661234
vn 0.002318 0.750176 -0.661234
vn -0.229613 0.714176 -0.661234
vn -0.439067 0.608268 -0.661234
vn -0.605543 0.442818 -0.661234
vn -0.712744 0.234022 -0.661234
vn -0.750176 0.002318 -0.661234
vn -0.714176 -0.229613 -0.661234
vn -0.608268 -0.439067 -0.661234
vn -0.442818 -0.605543 -0.661234
vn -0.234022 -0.712744 -0.661234
vn -0.002318 -0.750176 -0.661234
vn 0.229613 -0.714176 -0.661234
vn 0.439067 -0.608268 -0.661234
vn 0.605543 -0.442818 -0.661234
vn 0.712744 -0.234022 -0.661234
vn 0.759280 -0.120258 -0.639556
vn 0.636853 0.100868 -0.764358
vn 0.625236 0.200463 -0.754251
vn 0.532689 0.383860 -0.754251
vn 0.387998 0.529682 -0.754251
vn 0.205327 0.623656 -0.754251
vn 0.002557 0.656582 -0.754251
vn -0.200463 0.625236 -0.754251
vn -0.383860 0.532689 -0.754251
vn -0.529682 0.387998 -0.754251
vn -0.623656 0.205327 -0.754251
vn -0.656582 0.002557 -0.754251
vn -0.625236 -0.200463 -0.754251
vn -0.532689 -0.383860 -0.754251
vn -0.387998 -0.529682 -0.754251
vn -0.205327 -0.623656 -0.754251
vn -0.002557 -0.656582 -0.754251
vn 0.200463 -0.625236 -0.754251
vn 0.383860 -0.532689 -0.754251
vn 0.529682 -0.387998 -0.754251
vn 0.623656 -0.205327 -0.754251
vn 0.668964 -0.105953 -0.735704
vn 0.536010 0.084896 -0.839932
vn 0.529091 0.169042 -0.831558
vn 0.450958 0.324266 -0.831558
vn 0.328683 0.447749 -0.831558
vn 0.174234 0.527404 -0.831558
vn 0.002730 0.555432 -0.831558
vn -0.169042 0.529091 -0.831558
vn -0.324266 0.450958 -0.831558
vn -0.447749 0.328683 -0.831558
vn -0.527404 0.174234 -0.831558
vn -0.555432 0.002730 -0.831558
vn -0.529091 -0.169042 -0.831558
vn -0.450958 -0.324266 -0.831558
vn -0.328683 -0.447749 -0.831558
vn -0.174234 -0.527404 -0.831558
vn -0.002730 -0.555432 -0.831558
vn 0.169042 -0.529091 -0.831558
vn 0.324266 -0.450958 -0.831558
vn 0.447749 -0.328683 -0.831558
vn 0.527404 -0.174234 -0.831558
vn 0.570341 -0.090333 -0.816426
vn 0.429877 0.068086 -0.900317
vn 0.427941 0.136051 -0.893508
vn 0.364954 0.261633 -0.893508
vn 0.266243 0.361605 -0.893508
vn 0.141470 0.426180 -0.893508
vn 0.002849 0.449038 -0.893508
vn -0.136051 0.427941 -0.893508
vn -0.261633 0.364954 -0.893508
vn -0.361605 0.266243 -0.893508
vn -0.426180 0.141470 -0.893508
vn -0.449038 0.002849 -0.893508
vn -0.427941 -0.136051 -0.893508
vn -0.364954 -0.261633 -0.893508
vn -0.266243 -0.361605 -0.893508
vn -0.141470 -0.426180 -0.893508
vn -0.002849 -0.449038 -0.893508
vn 0.136051 -0.427941 -0.893508
vn 0.261633 -0.364954 -0.893508
vn 0.361605 -0.266243 -0.893508
vn 0.426180 -0.141470 -0.893508
vn 0.465753 -0.073768 -0.881835
vn 0.320167 0.050709 -0.946003
vn 0.323476 0.102026 -0.940720
vn 0.276116 0.196992 -0.940720
vn 0.201728 0.272675 -0.940720
vn 0.107594 0.321667 -0.940720
vn 0.002927 0.339171 -0.940720
vn -0.102026 0.323476 -0.940720
vn -0.196992 0.276116 -0.940720
vn -0.272675 0.201728 -0.940720
vn -0.321667 0.107594 -0.940720
vn -0.339171 0.002927 -0.940720
vn -0.323476 -0.102026 -0.940720
vn -0.276116 -0.196992 -0.940720
vn -0.201728 -0.272675 -0.940720
vn -0.107594 -0.321667 -0.940720
vn -0.002927 -0.339171 -0.940720
vn 0.102026 -0.323476 -0.940720
vn 0.196992 -0.276116 -0.940720
vn 0.272675 -0.201728 -0.940720
vn 0.321667 -0.107594 -0.940720
vn 0.357068 -0.056554 -0.932365
vn 0.208172 0.032971 -0.977536
vn 0.216933 0.067358 -0.973860
vn 0.185501 0.131097 -0.973860
vn 0.135911 0.182004 -0.973860
vn 0.073017 0.215095 -0.973860
vn 0.002975 0.227130 -0.973860
vn -0.067358 0.216933 -0.973860
vn -0.131097 0.185501 -0.973860
vn -0.182004 0.135911 -0.973860
vn -0.215095 0.073017 -0.973860
vn -0.227130 0.002975 -0.973860
vn -0.216933 -0.067358 -0.973860
vn -0.185501 -0.131097 -0.973860
vn -0.135911 -0.182004 -0.973860
vn -0.073017 -0.215095 -0.973860
vn -0.002975 -0.227130 -0.973860
vn 0.067358 -0.216933 -0.973860
vn 0.131097 -0.185501 -0.973860
vn 0.182004 -0.135911 -0.973860
vn 0.215095 -0.073017 -0.973860
vn 0.245710 -0.038917 -0.968562
vn 0.097328 0.015415 -0.995133
vn 0.110923 0.032989 -0.993281
vn 0.095300 0.065651 -0.993281
vn 0.070348 0.091887 -0.993281
vn 0.038510 0.109129 -0.993281
vn 0.002903 0.115688 -0.993281
vn -0.032989 0.110923 -0.993281
vn -0.065651 0.095300 -0.993281
vn -0.091887 0.070348 -0.993281
vn -0.109129 0.038510 -0.993281
vn -0.115688 0.002903 -0.993281
vn -0.110923 -0.032989 -0.993281
vn -0.095300 -0.065651 -0.993281
vn -0.070348 -0.091887 -0.993281
vn -0.038510 -0.109129 -0.993281
vn -0.002903 -0.115688 -0.993281
vn 0.032989 -0.110923 -0.993281
vn 0.065651 -0.095300 -0.993281
vn 0.091887 -0.070348 -0.993281
vn 0.109129 -0.038510 -0.993281
vn 0.133970 -0.021219 -0.990758
vn 0.060601 0.009598 -0.998116
vn 0.058626 0.015685 -0.998157
vn 0.050910 0.033033 -0.998157
vn 0.038210 0.047149 -0.998157
vn 0.021771 0.056649 -0.998157
vn 0.003200 0.060604 -0.998157
vn -0.015685 0.058626 -0.998157
vn -0.033033 0.050910 -0.998157
vn -0.047149 0.038210 -0.998157
vn -0.056649 0.021771 -0.998157
vn -0.060604 0.003200 -0.998157
vn -0.058626 -0.015685 -0.998157
vn -0.050910 -0.033033 -0.998157
vn -0.038210 -0.047149 -0.998157
vn -0.021771 -0.056649 -0.998157
vn -0.003200 -0.060604 -0.998157
vn 0.015685 -0.058626 -0.998157
vn 0.033033 -0.050910 -0.998157
vn 0.047149 -0.038210 -0.998157
vn 0.056649 -0.021771 -0.998157
vn 0.060601 -0.009598 -0.998116
usemtl lacquer_black
f 4508 4529 4530
f 4508 4530 4509
f 4509 4530 4531
f 4509 4531 4510
f 4510 4531 4532
f 4510 4532 4511
f 4511 4532 4533
f 4511 4533 4512
f 4512 4533 4534
f 4512 4534 4513
f 4513 4534 4535
f 4513 4535 4514
f 4514 4535 4536
f 4514 4536 4515
f 4515 4536 4537
f 4515 4537 4516
f 4516 4537 4538
f 4516 4538 4517
f 4517 4538 4539
f 4517 4539 4518
f 4518 4539 4540
f 4518 4540 4519
f 4519 4540 4541
f 4519 4541 4520
f 4520 4541 4542
f 4520 4542 4521
f 4521 4542 4543
f 4521 4543 4522
f 4522 4543 4544
f 4522 4544 4523
f 4523 4544 4545
f 4523 4545 4524
f 4524 4545 4546
f 4524 4546 4525
f 4525 4546 4547
f 4525 4547 4526
f 4526 4547 4548
f 4526 4548 4527
f 4527 4548 4549
f 4527 4549 4528
f 4529 4550 4551
f 4529 4551 4530
f 4530 4551 4552
f 4530 4552 4531
f 4531 4552 4553
f 4531 4553 4532
f 4532 4553 4554
f 4532 4554 4533
f 4533 4554 4555
f 4533 4555 4534
f 4534 4555 4556
f 4534 4556 4535
f 4535 4556 4557
f 4535 4557 4536
f 4536 4557 4558
f 4536 4558 4537
f 4537 4558 4559
f 4537 4559 4538
f 4538 4559 4560
f 4538 4560 4539
f 4539 4560 4561
f 4539 4561 4540
f 4540 4561 4562
f 4540 4562 4541
f 4541 4562 4563
f 4541 4563 4542
f 4542 4563 4564
f 4542 4564 4543
f 4543 4564 4565
f 4543 4565 4544
f 4544 4565 4566
f 4544 4566 4545
f 4545 4566 4567
f 4545 4567 4546
f 4546 4567 4568
f 4546 4568 4547
f 4547 4568 4569
f 4547 4569 4548
f 4548 4569 4570
f 4548 4570 4549
f 4550 4571 4572
f 4550 4572 4551
f 4551 4572 4573
f 4551 4573 4552
f 4552 4573 4574
f 4552 4574 4553
f 4553 4574 4575
f 4553 4575 4554
f 4554 4575 4576
f 4554 4576 4555
f 4555 4576 4577
f 4555 4577 4556
f 4556 4577 4578
f 4556 4578 4557
f 4557 4578 4579
f 4557 4579 4558
f 4558 4579 4580
f 4558 4580 4559
f 4559 4580 4581
f 4559 4581 4560
f 4560 4581 4582
f 4560 4582 4561
f 4561 4582 4583
f 4561 4583 4562
f 4562 4583 4584
f 4562 4584 4563
f 4563 4584 4585
f 4563 4585 4564
f 4564 4585 4586
f 4564 4586 4565
f 4565 4586 4587
f 4565 4587 4566
f 4566 4587 4588
f 4566 4588 4567
f 4567 4588 4589
f 4567 4589 4568
f 4568 4589 4590
f 4568 4590 4569
f 4569 4590 4591
f 4569 4591 4570
f 4571 4592 4593
f 4571 4593 4572
f 4572 4593 4594
f 4572 4594 4573
f 4573 4594 4595
f 4573 4595 4574
f 4574 4595 4596
f 4574 4596 4575
f 4575 4596 4597
f 4575 4597 4576
f 4576 4597 4598
f 4576 4598 4577
f 4577 4598 4599
f 4577 4599 4578
f 4578 4599 4600
f 4578 4600 4579
f 4579 4600 4601
f 4579 4601 4580
f 4580 4601 4602
f 4580 4602 4581
f 4581 4602 4603
f 4581 4603 4582
f 4582 4603 4604
f 4582 4604 4583
f 4583 4604 4605
f 4583 4605 4584
f 4584 4605 4606
f 4584 4606 4585
f 4585 4606 4607
f 4585 4607 4586
f 4586 4607 4608
f 4586 4608 4587
f 4587 4608 4609
f 4587 4609 4588
f 4588 4609 4610
f 4588 4610 4589
f 4589 4610 4611
f 4589 4611 4590
f 4590 4611 4612
f 4590 4612 4591
f 4592 4613 4614
f 4592 4614 4593
f 4593 4614 4615
f 4593 4615 4594
f 4594 4615 4616
f 4594 4616 4595
f 4595 4616 4617
f 4595 4617 4596
f 4596 4617 4618
f 4596 4618 4597
f 4597 4618 4619
f 4597 4619 4598
f 4598 4619 4620
f 4598 4620 4599
f 4599 4620 4621
f 4599 4621 4600
f 4600 4621 4622
f 4600 4622 4601
f 4601 4622 4623
f 4601 4623 4602
f 4602 4623 4624
f 4602 4624 4603
f 4603 4624 4625
f 4603 4625 4604
f 4604 4625 4626
f 4604 4626 4605
f 4605 4626 4627
f 4605 4627 4606
f 4606 4627 4628
f 4606 4628 4607
f 4607 4628 4629
f 4607 4629 4608
f 4608 4629 4630
f 4608 4630 4609
f 4609 4630 4631
f 4609 4631 4610
f 4610 4631 4632
f 4610 4632 4611
f 4611 4632 4633
f 4611 4633 4612
f 4613 4634 4635
f 4613 4635 4614
f 4614 4635 4636
f 4614 4636 4615
f 4615 4636 4637
f 4615 4637 4616
f 4616 4637 4638
f 4616 4638 4617
f 4617 4638 4639
f 4617 4639 4618
f 4618 4639 4640
f 4618 4640 4619
f 4619 4640 4641
f 4619 4641 4620
f 4620 4641 4642
f 4620 4642 4621
f 4621 4642 4643
f 4621 4643 4622
f 4622 4643 4644
f 4622 4644 4623
f 4623 4644 4645
f 4623 4645 4624
f 4624 4645 4646
f 4624 4646 4625
f 4625 4646 4647
f 4625 4647 4626
f 4626 4647 4648
f 4626 4648 4627
f 4627 4648 4649
f 4627 4649 4628
f 4628 4649 4650
f 4628 4650 4629
f 4629 4650 4651
f 4629 4651 4630
f 4630 4651 4652
f 4630 4652 4631
f 4631 4652 4653
f 4631 4653 4632
f 4632 4653 4654
f 4632 4654 4633
f 4634 4655 4656
f 4634 4656 4635
f 4635 4656 4657
f 4635 4657 4636
f 4636 4657 4658
f 4636 4658 4637
f 4637 4658 4659
f 4637 4659 4638
f 4638 4659 4660
f 4638 4660 4639
f 4639 4660 4661
f 4639 4661 4640
f 4640 4661 4662
f 4640 4662 4641
f 4641 4662 4663
f 4641 4663 4642
f 4642 4663 4664
f 4642 4664 4643
f 4643 4664 4665
f 4643 4665 4644
f 4644 4665 4666
f 4644 4666 4645
f 4645 4666 4667
f 4645 4667 4646
f 4646 4667 4668
f 4646 4668 4647
f 4647 4668 4669
f 4647 4669 4648
f 4648 4669 4670
f 4648 4670 4649
f 4649 4670 4671
f 4649 4671 4650
f 4650 4671 4672
f 4650 4672 4651
f 4651 4672 4673
f 4651 4673 4652
f 4652 4673 4674
f 4652 4674 4653
f 4653 4674 4675
f 4653 4675 4654
f 4655 4676 4677
f 4655 4677 4656
f 4656 4677 4678
f 4656 4678 4657
f 4657 4678 4679
f 4657 4679 4658
f 4658 4679 4680
f 4658 4680 4659
f 4659 4680 4681
f 4659 4681 4660
f 4660 4681 4682
f 4660 4682 4661
f 4661 4682 4683
f 4661 4683 4662
f 4662 4683 4684
f 4662 4684 4663
f 4663 4684 4685
f 4663 4685 4664
f 4664 4685 4686
f 4664 4686 4665
f 4665 4686 4687
f 4665 4687 4666
f 4666 4687 4688
f 4666 4688 4667
f 4667 4688 4689
f 4667 4689 4668
f 4668 4689 4690
f 4668 4690 4669
f 4669 4690 4691
f 4669 4691 4670
f 4670 4691 4692
f 4670 4692 4671
f 4671 4692 4693
f 4671 4693 4672
f 4672 4693 4694
f 4672 4694 4673
f 4673 4694 4695
f 4673 4695 4674
f 4674 4695 4696
f 4674 4696 4675
f 4676 4697 4698
f 4676 4698 4677
f 4677 4698 4699
f 4677 4699 4678
f 4678 4699 4700
f 4678 4700 4679
f 4679 4700 4701
f 4679 4701 4680
f 4680 4701 4702
f 4680 4702 4681
f 4681 4702 4703
f 4681 4703 4682
f 4682 4703 4704
f 4682 4704 4683
f 4683 4704 4705
f 4683 4705 4684
f 4684 4705 4706
f 4684 4706 4685
f 4685 4706 4707
f 4685 4707 4686
f 4686 4707 4708
f 4686 4708 4687
f 4687 4708 4709
f 4687 4709 4688
f 4688 4709 4710
f 4688 4710 4689
f 4689 4710 4711
f 4689 4711 4690
f 4690 4711 4712
f 4690 4712 4691
f 4691 4712 4713
f 4691 4713 4692
f 4692 4713 4714
f 4692 4714 4693
f 4693 4714 4715
f 4693 4715 4694
f 4694 4715 4716
f 4694 4716 4695
f 4695 4716 4717
f 4695 4717 4696
f 4697 4718 4719
f 4697 4719 4698
f 4698 4719 4720
f 4698 4720 4699
f 4699 4720 4721
f 4699 4721 4700
f 4700 4721 4722
f 4700 4722 4701
f 4701 4722 4723
f 4701 4723 4702
f 4702 4723 4724
f 4702 4724 4703
f 4703 4724 4725
f 4703 4725 4704
f 4704 4725 4726
f 4704 4726 4705
f 4705 4726 4727
f 4705 4727 4706
f 4706 4727 4728
f 4706 4728 4707
f 4707 4728 4729
f 4707 4729 4708
f 4708 4729 4730
f 4708 4730 4709
f 4709 4730 4731
f 4709 4731 4710
f 4710 4731 4732
f 4710 4732 4711
f 4711 4732 4733
f 4711 4733 4712
f 4712 4733 4734
f 4712 4734 4713
f 4713 4734 4735
f 4713 4735 4714
f 4714 4735 4736
f 4714 4736 4715
f 4715 4736 4737
f 4715 4737 4716
f 4716 4737 4738
f 4716 4738 4717
f 4718 4739 4740
f 4718 4740 4719
f 4719 4740 4741
f 4719 4741 4720
f 4720 4741 4742
f 4720 4742 4721
f 4721 4742 4743
f 4721 4743 4722
f 4722 4743 4744
f 4722 4744 4723
f 4723 4744 4745
f 4723 4745 4724
f 4724 4745 4746
f 4724 4746 4725
f 4725 4746 4747
f 4725 4747 4726
f 4726 4747 4748
f 4726 4748 4727
f 4727 4748 4749
f 4727 4749 4728
f 4728 4749 4750
f 4728 4750 4729
f 4729 4750 4751
f 4729 4751 4730
f 4730 4751 4752
f 4730 4752 4731
f 4731 4752 4753
f 4731 4753 4732
f 4732 4753 4754
f 4732 4754 4733
f 4733 4754 4755
f 4733 4755 4734
f 4734 4755 4756
f 4734 4756 4735
f 4735 4756 4757
f 4735 4757 4736
f 4736 4757 4758
f 4736 4758 4737
f 4737 4758 4759
f 4737 4759 4738
f 4739 4760 4761
f 4739 4761 4740
f 4740 4761 4762
f 4740 4762 4741
f 4741 4762 4763
f 4741 4763 4742
f 4742 4763 4764
f 4742 4764 4743
f 4743 4764 4765
f 4743 4765 4744
f 4744 4765 4766
f 4744 4766 4745
f 4745 4766 4767
f 4745 4767 4746
f 4746 4767 4768
f 4746 4768 4747
f 4747 4768 4769
f 4747 4769 4748
f 4748 4769 4770
f 4748 4770 4749
f 4749 4770 4771
f 4749 4771 4750
f 4750 4771 4772
f 4750 4772 4751
f 4751 4772 4773
f 4751 4773 4752
f 4752 4773 4774
f 4752 4774 4753
f 4753 4774 4775
f 4753 4775 4754
f 4754 4775 4776
f 4754 4776 4755
f 4755 4776 4777
f 4755 4777 4756
f 4756 4777 4778
f 4756 4778 4757
f 4757 4778 4779
f 4757 4779 4758
f 4758 4779 4780
f 4758 4780 4759
o vambrace_R
v 0.560000 -0.900000 0.000000
v 0.520000 -0.050000 0.000000
v 0.532592 -0.900000 0.173050
v 0.494549 -0.050000 0.160689
v 0.453050 -0.900000 0.329160
v 0.420689 -0.050000 0.305648
v 0.329160 -0.900000 0.453050
v 0.305648 -0.050000 0.420689
v 0.173050 -0.900000 0.532592
v 0.160689 -0.050000 0.494549
v 0.000000 -0.900000 0.560000
v 0.000000 -0.050000 0.520000
v -0.173050 -0.900000 0.532592
v -0.160689 -0.050000 0.494549
v -0.329160 -0.900000 0.453050
v -0.305648 -0.050000 0.420689
v -0.453050 -0.900000 0.329160
v -0.420689 -0.050000 0.305648
v -0.532592 -0.900000 0.173050
v -0.494549 -0.050000 0.160689
v -0.560000 -0.900000 0.000000
v -0.520000 -0.050000 0.000000
v -0.532592 -0.900000 -0.173050
v -0.494549 -0.050000 -0.160689
v -0.453050 -0.900000 -0.329160
v -0.420689 -0.050000 -0.305648
v -0.329160 -0.900000 -0.453050
v -0.305648 -0.050000 -0.420689
v -0.173050 -0.900000 -0.532592
v -0.160689 -0.050000 -0.494549
v 0.000000 -0.900000 -0.560000
v 0.000000 -0.050000 -0.520000
v 0.173050 -0.900000 -0.532592
v 0.160689 -0.050000 -0.494549
v 0.329160 -0.900000 -0.453050
v 0.305648 -0.050000 -0.420689
v 0.453050 -0.900000 -0.329160
v 0.420689 -0.050000 -0.305648
v 0.532592 -0.900000 -0.173050
v 0.494549 -0.050000 -0.160689
v 0.560000 -0.900000 -0.000000
v 0.520000 -0.050000 -0.000000
vn 0.986623 0.046429 0.156266
vn 0.986623 0.046429 0.156266
vn 0.932413 0.046942 0.358333
vn 0.964961 0.046942 0.258161
vn 0.776047 0.046942 0.628926
vn 0.837956 0.046942 0.543715
vn 0.543715 0.046942 0.837956
vn 0.628926 0.046942 0.776047
vn 0.258161 0.046942 0.964961
vn 0.358333 0.046942 0.932413
vn -0.052663 0.046942 0.997508
vn 0.052663 0.046942 0.997508
vn -0.358333 0.046942 0.932413
vn -0.258161 0.046942 0.964961
vn -0.628926 0.046942 0.776047
vn -0.543715 0.046942 0.837956
vn -0.837956 0.046942 0.543715
vn -0.776047 0.046942 0.628926
vn -0.964961 0.046942 0.258161
vn -0.932413 0.046942 0.358333
vn -0.997508 0.046942 -0.052663
vn -0.997508 0.046942 0.052663
vn -0.932413 0.046942 -0.358333
vn -0.964961 0.046942 -0.258161
vn -0.776047 0.046942 -0.628926
vn -0.837956 0.046942 -0.543715
vn -0.543715 0.046942 -0.837956
vn -0.628926 0.046942 -0.776047
vn -0.258161 0.046942 -0.964961
vn -0.358333 0.046942 -0.932413
vn 0.052663 0.046942 -0.997508
vn -0.052663 0.046942 -0.997508
vn 0.358333 0.046942 -0.932413
vn 0.258161 0.046942 -0.964961
vn 0.628926 0.046942 -0.776047
vn 0.543715 0.046942 -0.837956
vn 0.837956 0.046942 -0.543715
vn 0.776047 0.046942 -0.628926
vn 0.964961 0.046942 -0.258161
vn 0.932413 0.046942 -0.358333
vn 0.986623 0.046429 -0.156266
vn 0.986623 0.046429 -0.156266
usemtl lacquer_black
f 4781 4782 4784
f 4781 4784 4783
f 4783 4784 4786
f 4783 4786 4785
f 4785 4786 4788
f 4785 4788 4787
f 4787 4788 4790
f 4787 4790 4789
f 4789 4790 4792
f 4789 4792 4791
f 4791 4792 4794
f 4791 4794 4793
f 4793 4794 4796
f 4793 4796 4795
f 4795 4796 4798
f 4795 4798 4797
f 4797 4798 4800
f 4797 4800 4799
f 4799 4800 4802
f 4799 4802 4801
f 4801 4802 4804
f 4801 4804 4803
f 4803 4804 4806
f 4803 4806 4805
f 4805 4806 4808
f 4805 4808 4807
f 4807 4808 4810
f 4807 4810 4809
f 4809 4810 4812
f 4809 4812 4811
f 4811 4812 4814
f 4811 4814 4813
f 4813 4814 4816
f 4813 4816 4815
f 4815 4816 4818
f 4815 4818 4817
f 4817 4818 4820
f 4817 4820 4819
f 4819 4820 4822
f 4819 4822 4821
o gauntlet_R
v 0.560000 -0.820000 0.000000
v 0.532592 -0.820000 0.173050
v 0.453050 -0.820000 0.329160
v 0.329160 -0.820000 0.453050
v 0.173050 -0.820000 0.532592
v 0.000000 -0.820000 0.560000
v -0.173050 -0.820000 0.532592
v -0.329160 -0.820000 0.453050
v -0.453050 -0.820000 0.329160
v -0.532592 -0.820000 0.173050
v -0.560000 -0.820000 0.000000
v -0.532592 -0.820000 -0.173050
v -0.453050 -0.820000 -0.329160
v -0.329160 -0.820000 -0.453050
v -0.173050 -0.820000 -0.532592
v 0.000000 -0.820000 -0.560000
v 0.173050 -0.820000 -0.532592
v 0.329160 -0.820000 -0.453050
v 0.453050 -0.820000 -0.329160
v 0.532592 -0.820000 -0.173050
v 0.560000 -0.820000 -0.000000
v 0.550000 -0.920000 0.000000
v 0.523081 -0.920000 0.169959
v 0.444959 -0.920000 0.323282
v 0.323282 -0.920000 0.444959
v 0.169959 -0.920000 0.523081
v 0.000000 -0.920000 0.550000
v -0.169959 -0.920000 0.523081
v -0.323282 -0.920000 0.444959
v -0.444959 -0.920000 0.323282
v -0.523081 -0.920000 0.169959
v -0.550000 -0.920000 0.000000
v -0.523081 -0.920000 -0.169959
v -0.444959 -0.920000 -0.323282
v -0.323282 -0.920000 -0.444959
v -0.169959 -0.920000 -0.523081
v 0.000000 -0.920000 -0.550000
v 0.169959 -0.920000 -0.523081
v 0.323282 -0.920000 -0.444959
v 0.444959 -0.920000 -0.323282
v 0.523081 -0.920000 -0.169959
v 0.550000 -0.920000 -0.000000
v 0.500000 -1.000000 0.000000
v 0.475528 -1.000000 0.154508
v 0.404508 -1.000000 0.293893
v 0.293893 -1.000000 0.404508
v 0.154508 -1.000000 0.475528
v 0.000000 -1.000000 0.500000
v -0.154508 -1.000000 0.475528
v -0.293893 -1.000000 0.404508
v -0.404508 -1.000000 0.293893
v -0.475528 -1.000000 0.154508
v -0.500000 -1.000000 0.000000
v -0.475528 -1.000000 -0.154508
v -0.404508 -1.000000 -0.293893
v -0.293893 -1.000000 -0.404508
v -0.154508 -1.000000 -0.475528
v 0.000000 -1.000000 -0.500000
v 0.154508 -1.000000 -0.475528
v 0.293893 -1.000000 -0.404508
v 0.404508 -1.000000 -0.293893
v 0.475528 -1.000000 -0.154508
v 0.500000 -1.000000 -0.000000
v 0.420000 -1.050000 0.000000
v 0.399444 -1.050000 0.129787
v 0.339787 -1.050000 0.246870
v 0.246870 -1.050000 0.339787
v 0.129787 -1.050000 0.399444
v 0.000000 -1.050000 0.420000
v -0.129787 -1.050000 0.399444
v -0.246870 -1.050000 0.339787
v -0.339787 -1.050000 0.246870
v -0.399444 -1.050000 0.129787
v -0.420000 -1.050000 0.000000
v -0.399444 -1.050000 -0.129787
v -0.339787 -1.050000 -0.246870
v -0.246870 -1.050000 -0.339787
v -0.129787 -1.050000 -0.399444
v 0.000000 -1.050000 -0.420000
v 0.129787 -1.050000 -0.399444
v 0.246870 -1.050000 -0.339787
v 0.339787 -1.050000 -0.246870
v 0.399444 -1.050000 -0.129787
v 0.420000 -1.050000 -0.000000
v 0.300000 -1.080000 0.000000
v 0.285317 -1.080000 0.092705
v 0.242705 -1.080000 0.176336
v 0.176336 -1.080000 0.242705
v 0.092705 -1.080000 0.285317
v 0.000000 -1.080000 0.300000
v -0.092705 -1.080000 0.285317
v -0.176336 -1.080000 0.242705
v -0.242705 -1.080000 0.176336
v -0.285317 -1.080000 0.092705
v -0.300000 -1.080000 0.000000
v -0.285317 -1.080000 -0.092705
v -0.242705 -1.080000 -0.176336
v -0.176336 -1.080000 -0.242705
v -0.092705 -1.080000 -0.285317
v 0.000000 -1.080000 -0.300000
v 0.092705 -1.080000 -0.285317
v 0.176336 -1.080000 -0.242705
v 0.242705 -1.080000 -0.176336
v 0.285317 -1.080000 -0.092705
v 0.300000 -1.080000 -0.000000
v 0.180000 -1.095000 0.000000
v 0.171190 -1.095000 0.055623
v 0.145623 -1.095000 0.105801
v 0.105801 -1.095000 0.145623
v 0.055623 -1.095000 0.171190
v 0.000000 -1.095000 0.180000
v -0.055623 -1.095000 0.171190
v -0.105801 -1.095000 0.145623
v -0.145623 -1.095000 0.105801
v -0.171190 -1.095000 0.055623
v -0.180000 -1.095000 0.000000
v -0.171190 -1.095000 -0.055623
v -0.145623 -1.095000 -0.105801
v -0.105801 -1.095000 -0.145623
v -0.055623 -1.095000 -0.171190
v 0.000000 -1.095000 -0.180000
v 0.055623 -1.095000 -0.171190
v 0.105801 -1.095000 -0.145623
v 0.145623 -1.095000 -0.105801
v 0.171190 -1.095000 -0.055623
v 0.180000 -1.095000 -0.000000
v 0.008000 -1.100000 0.000000
v 0.007608 -1.100000 0.002472
v 0.006472 -1.100000 0.004702
v 0.004702 -1.100000 0.006472
v 0.002472 -1.100000 0.007608
v 0.000000 -1.100000 0.008000
v -0.002472 -1.100000 0.007608
v -0.004702 -1.100000 0.006472
v -0.006472 -1.100000 0.004702
v -0.007608 -1.100000 0.002472
v -0.008000 -1.100000 0.000000
v -0.007608 -1.100000 -0.002472
v -0.006472 -1.100000 -0.004702
v -0.004702 -1.100000 -0.006472
v -0.002472 -1.100000 -0.007608
v 0.000000 -1.100000 -0.008000
v 0.002472 -1.100000 -0.007608
v 0.004702 -1.100000 -0.006472
v 0.006472 -1.100000 -0.004702
v 0.007608 -1.100000 -0.002472
v 0.008000 -1.100000 -0.000000
vn 0.982906 -0.098291 0.155677
vn 0.961245 -0.099367 0.257167
vn 0.834729 -0.099367 0.541621
vn 0.626504 -0.099367 0.773058
vn 0.356953 -0.099367 0.928822
vn 0.052460 -0.099367 0.993667
vn -0.257167 -0.099367 0.961245
vn -0.541621 -0.099367 0.834729
vn -0.773058 -0.099367 0.626504
vn -0.928822 -0.099367 0.356953
vn -0.993667 -0.099367 0.052460
vn -0.961245 -0.099367 -0.257167
vn -0.834729 -0.099367 -0.541621
vn -0.626504 -0.099367 -0.773058
vn -0.356953 -0.099367 -0.928822
vn -0.052460 -0.099367 -0.993667
vn 0.257167 -0.099367 -0.961245
vn 0.541621 -0.099367 -0.834729
vn 0.773058 -0.099367 -0.626504
vn 0.928822 -0.099367 -0.356953
vn 0.982906 -0.098291 -0.155677
vn 0.957276 -0.246243 0.151618
vn 0.898674 -0.323589 0.296100
vn 0.763190 -0.323589 0.559314
vn 0.552999 -0.323589 0.767778
vn 0.288677 -0.323589 0.901086
vn -0.003903 -0.323589 0.946190
vn -0.296100 -0.323589 0.898674
vn -0.559314 -0.323589 0.763190
vn -0.767778 -0.323589 0.552999
vn -0.901086 -0.323589 0.288677
vn -0.946190 -0.323589 -0.003903
vn -0.898674 -0.323589 -0.296100
vn -0.763190 -0.323589 -0.559314
vn -0.552999 -0.323589 -0.767778
vn -0.288677 -0.323589 -0.901086
vn 0.003903 -0.323589 -0.946190
vn 0.296100 -0.323589 -0.898674
vn 0.559314 -0.323589 -0.763190
vn 0.767778 -0.323589 -0.552999
vn 0.901086 -0.323589 -0.288677
vn 0.908682 -0.391899 -0.143921
vn 0.753473 -0.646558 0.119338
vn 0.669422 -0.707524 0.226460
vn 0.566678 -0.707524 0.422239
vn 0.408464 -0.707524 0.576686
vn 0.210267 -0.707524 0.674684
vn -0.008513 -0.707524 0.706638
vn -0.226460 -0.707524 0.669422
vn -0.422239 -0.707524 0.566678
vn -0.576686 -0.707524 0.408464
vn -0.674684 -0.707524 0.210267
vn -0.706638 -0.707524 -0.008513
vn -0.669422 -0.707524 -0.226460
vn -0.566678 -0.707524 -0.422239
vn -0.408464 -0.707524 -0.576686
vn -0.210267 -0.707524 -0.674684
vn 0.008513 -0.707524 -0.706638
vn 0.226460 -0.707524 -0.669422
vn 0.422239 -0.707524 -0.566678
vn 0.576686 -0.707524 -0.408464
vn 0.674684 -0.707524 -0.210267
vn 0.646948 -0.755618 -0.102467
vn 0.437731 -0.896429 0.069330
vn 0.369357 -0.920422 0.128059
vn 0.311707 -0.920422 0.235929
vn 0.223545 -0.920422 0.320705
vn 0.113501 -0.920422 0.374088
vn -0.007654 -0.920422 0.390852
vn -0.128059 -0.920422 0.369357
vn -0.235929 -0.920422 0.311707
vn -0.320705 -0.920422 0.223545
vn -0.374088 -0.920422 0.113501
vn -0.390852 -0.920422 -0.007654
vn -0.369357 -0.920422 -0.128059
vn -0.311707 -0.920422 -0.235929
vn -0.223545 -0.920422 -0.320705
vn -0.113501 -0.920422 -0.374088
vn 0.007654 -0.920422 -0.390852
vn 0.128059 -0.920422 -0.369357
vn 0.235929 -0.920422 -0.311707
vn 0.320705 -0.920422 -0.223545
vn 0.374088 -0.920422 -0.113501
vn 0.341402 -0.938361 -0.054073
vn 0.203244 -0.978599 0.032191
vn 0.173648 -0.982996 0.059714
vn 0.146697 -0.982996 0.110452
vn 0.105385 -0.982996 0.150378
vn 0.053758 -0.982996 0.175583
vn -0.003131 -0.982996 0.183602
vn -0.059714 -0.982996 0.173648
vn -0.110452 -0.982996 0.146697
vn -0.150378 -0.982996 0.105385
vn -0.175583 -0.982996 0.053758
vn -0.183602 -0.982996 -0.003131
vn -0.173648 -0.982996 -0.059714
vn -0.146697 -0.982996 -0.110452
vn -0.105385 -0.982996 -0.150378
vn -0.053758 -0.982996 -0.175583
vn 0.003131 -0.982996 -0.183602
vn 0.059714 -0.982996 -0.173648
vn 0.110452 -0.982996 -0.146697
vn 0.150378 -0.982996 -0.105385
vn 0.175583 -0.982996 -0.053758
vn 0.163730 -0.986164 -0.025932
vn 0.092455 -0.995609 0.014643
vn 0.072103 -0.997057 0.026066
vn 0.060519 -0.997057 0.047071
vn 0.043011 -0.997057 0.063469
vn 0.021293 -0.997057 0.073654
vn -0.002510 -0.997057 0.076629
vn -0.026066 -0.997057 0.072103
vn -0.047071 -0.997057 0.060519
vn -0.063469 -0.997057 0.043011
vn -0.073654 -0.997057 0.021293
vn -0.076629 -0.997057 -0.002510
vn -0.072103 -0.997057 -0.026066
vn -0.060519 -0.997057 -0.047071
vn -0.043011 -0.997057 -0.063469
vn -0.021293 -0.997057 -0.073654
vn 0.002510 -0.997057 -0.076629
vn 0.026066 -0.997057 -0.072103
vn 0.047071 -0.997057 -0.060519
vn 0.063469 -0.997057 -0.043011
vn 0.073654 -0.997057 -0.021293
vn 0.060771 -0.998105 -0.009625
vn 0.029057 -0.999567 0.004602
vn 0.027161 -0.999577 0.010438
vn 0.022606 -0.999577 0.018321
vn 0.015838 -0.999577 0.024410
vn 0.007520 -0.999577 0.028109
vn -0.001534 -0.999577 0.029057
vn -0.010438 -0.999577 0.027161
vn -0.018321 -0.999577 0.022606
vn -0.024410 -0.999577 0.015838
vn -0.028109 -0.999577 0.007520
vn -0.029057 -0.999577 -0.001534
vn -0.027161 -0.999577 -0.010438
vn -0.022606 -0.999577 -0.018321
vn -0.015838 -0.999577 -0.024410
vn -0.007520 -0.999577 -0.028109
vn 0.001534 -0.999577 -0.029057
vn 0.010438 -0.999577 -0.027161
vn 0.018321 -0.999577 -0.022606
vn 0.024410 -0.999577 -0.015838
vn 0.028109 -0.999577 -0.007520
vn 0.029057 -0.999567 -0.004602
usemtl lacquer_black
f 4824 4845 4844
f 4824 4844 4823
f 4825 4846 4845
f 4825 4845 4824
f 4826 4847 4846
f 4826 4846 4825
f 4827 4848 4847
f 4827 4847 4826
f 4828 4849 4848
f 4828 4848 4827
f 4829 4850 4849
f 4829 4849 4828
f 4830 4851 4850
f 4830 4850 4829
f 4831 4852 4851
f 4831 4851 4830
f 4832 4853 4852
f 4832 4852 4831
f 4833 4854 4853
f 4833 4853 4832
f 4834 4855 4854
f 4834 4854 4833
f 4835 4856 4855
f 4835 4855 4834
f 4836 4857 4856
f 4836 4856 4835
f 4837 4858 4857
f 4837 4857 4836
f 4838 4859 4858
f 4838 4858 4837
f 4839 4860 4859
f 4839 4859 4838
f 4840 4861 4860
f 4840 4860 4839
f 4841 4862 4861
f 4841 4861 4840
f 4842 4863 4862
f 4842 4862 4841
f 4843 4864 4863
f 4843 4863 4842
f 4845 4866 4865
f 4845 4865 4844
f 4846 4867 4866
f 4846 4866 4845
f 4847 4868 4867
f 4847 4867 4846
f 4848 4869 4868
f 4848 4868 4847
f 4849 4870 4869
f 4849 4869 4848
f 4850 4871 4870
f 4850 4870 4849
f 4851 4872 4871
f 4851 4871 4850
f 4852 4873 4872
f 4852 4872 4851
f 4853 4874 4873
f 4853 4873 4852
f 4854 4875 4874
f 4854 4874 4853
f 4855 4876 4875
f 4855 4875 4854
f 4856 4877 4876
f 4856 4876 4855
f 4857 4878 4877
f 4857 4877 4856
f 4858 4879 4878
f 4858 4878 4857
f 4859 4880 4879
f 4859 4879 4858
f 4860 4881 4880
f 4860 4880 4859
f 4861 4882 4881
f 4861 4881 4860
f 4862 4883 4882
f 4862 4882 4861
f 4863 4884 4883
f 4863 4883 4862
f 4864 4885 4884
f 4864 4884 4863
f 4866 4887 4886
f 4866 4886 4865
f 4867 4888 4887
f 4867 4887 4866
f 4868 4889 4888
f 4868 4888 4867
f 4869 4890 4889
f 4869 4889 4868
f 4870 4891 4890
f 4870 4890 4869
f 4871 4892 4891
f 4871 4891 4870
f 4872 4893 4892
f 4872 4892 4871
f 4873 4894 4893
f 4873 4893 4872
f 4874 4895 4894
f 4874 4894 4873
f 4875 4896 4895
f 4875 4895 4874
f 4876 4897 4896
f 4876 4896 4875
f 4877 4898 4897
f 4877 4897 4876
f 4878 4899 4898
f 4878 4898 4877
f 4879 4900 4899
f 4879 4899 4878
f 4880 4901 4900
f 4880 4900 4879
f 4881 4902 4901
f 4881 4901 4880
f 4882 4903 4902
f 4882 4902 4881
f 4883 4904 4903
f 4883 4903 4882
f 4884 4905 4904
f 4884 4904 4883
f 4885 4906 4905
f 4885 4905 4884
f 4887 4908 4907
f 4887 4907 4886
f 4888 4909 4908
f 4888 4908 4887
f 4889 4910 4909
f 4889 4909 4888
f 4890 4911 4910
f 4890 4910 4889
f 4891 4912 4911
f 4891 4911 4890
f 4892 4913 4912
f 4892 4912 4891
f 4893 4914 4913
f 4893 4913 4892
f 4894 4915 4914
f 4894 4914 4893
f 4895 4916 4915
f 4895 4915 4894
f 4896 4917 4916
f 4896 4916 4895
f 4897 4918 4917
f 4897 4917 4896
f 4898 4919 4918
f 4898 4918 4897
f 4899 4920 4919
f 4899 4919 4898
f 4900 4921 4920
f 4900 4920 4899
f 4901 4922 4921
f 4901 4921 4900
f 4902 4923 4922
f 4902 4922 4901
f 4903 4924 4923
f 4903 4923 4902
f 4904 4925 4924
f 4904 4924 4903
f 4905 4926 4925
f 4905 4925 4904
f 4906 4927 4926
f 4906 4926 4905
f 4908 4929 4928
f 4908 4928 4907
f 4909 4930 4929
f 4909 4929 4908
f 4910 4931 4930
f 4910 4930 4909
f 4911 4932 4931
f 4911 4931 4910
f 4912 4933 4932
f 4912 4932 4911
f 4913 4934 4933
f 4913 4933 4912
f 4914 4935 4934
f 4914 4934 4913
f 4915 4936 4935
f 4915 4935 4914
f 4916 4937 4936
f 4916 4936 4915
f 4917 4938 4937
f 4917 4937 4916
f 4918 4939 4938
f 4918 4938 4917
f 4919 4940 4939
f 4919 4939 4918
f 4920 4941 4940
f 4920 4940 4919
f 4921 4942 4941
f 4921 4941 4920
f 4922 4943 4942
f 4922 4942 4921
f 4923 4944 4943
f 4923 4943 4922
f 4924 4945 4944
f 4924 4944 4923
f 4925 4946 4945
f 4925 4945 4924
f 4926 4947 4946
f 4926 4946 4925
f 4927 4948 4947
f 4927 4947 4926
f 4929 4950 4949
f 4929 4949 4928
f 4930 4951 4950
f 4930 4950 4929
f 4931 4952 4951
f 4931 4951 4930
f 4932 4953 4952
f 4932 4952 4931
f 4933 4954 4953
f 4933 4953 4932
f 4934 4955 4954
f 4934 4954 4933
f 4935 4956 4955
f 4935 4955 4934
f 4936 4957 4956
f 4936 4956 4935
f 4937 4958 4957
f 4937 4957 4936
f 4938 4959 4958
f 4938 4958 4937
f 4939 4960 4959
f 4939 4959 4938
f 4940 4961 4960
f 4940 4960 4939
f 4941 4962 4961
f 4941 4961 4940
f 4942 4963 4962
f 4942 4962 4941
f 4943 4964 4963
f 4943 4963 4942
f 4944 4965 4964
f 4944 4964 4943
f 4945 4966 4965
f 4945 4965 4944
f 4946 4967 4966
f 4946 4966 4945
f 4947 4968 4967
f 4947 4967 4946
f 4948 4969 4968
f 4948 4968 4947
o cuisse_R
v 0.620000 0.050000 0.000000
v 0.560000 0.950000 0.000000
v 0.589655 0.050000 0.191591
v 0.532592 0.950000 0.173050
v 0.501591 0.050000 0.364427
v 0.453050 0.950000 0.329160
v 0.364427 0.050000 0.501591
v 0.329160 0.950000 0.453050
v 0.191591 0.050000 0.589655
v 0.173050 0.950000 0.532592
v 0.000000 0.050000 0.620000
v 0.000000 0.950000 0.560000
v -0.191591 0.050000 0.589655
v -0.173050 0.950000 0.532592
v -0.364427 0.050000 0.501591
v -0.329160 0.950000 0.453050
v -0.501591 0.050000 0.364427
v -0.453050 0.950000 0.329160
v -0.589655 0.050000 0.191591
v -0.532592 0.950000 0.173050
v -0.620000 0.050000 0.000000
v -0.560000 0.950000 0.000000
v -0.589655 0.050000 -0.191591
v -0.532592 0.950000 -0.173050
v -0.501591 0.050000 -0.364427
v -0.453050 0.950000 -0.329160
v -0.364427 0.050000 -0.501591
v -0.329160 0.950000 -0.453050
v -0.191591 0.050000 -0.589655
v -0.173050 0.950000 -0.532592
v -0.000000 0.050000 -0.620000
v -0.000000 0.950000 -0.560000
v 0.191591 0.050000 -0.589655
v 0.173050 0.950000 -0.532592
v 0.364427 0.050000 -0.501591
v 0.329160 0.950000 -0.453050
v 0.501591 0.050000 -0.364427
v 0.453050 0.950000 -0.329160
v 0.589655 0.050000 -0.191591
v 0.532592 0.950000 -0.173050
v 0.620000 0.050000 -0.000000
v 0.560000 0.950000 -0.000000
vn 0.985554 0.065704 0.156096
vn 0.985554 0.065704 0.156096
vn 0.931380 0.066427 0.357936
vn 0.963892 0.066427 0.257875
vn 0.775187 0.066427 0.628230
vn 0.837028 0.066427 0.543113
vn 0.543113 0.066427 0.837028
vn 0.628230 0.066427 0.775187
vn 0.257875 0.066427 0.963892
vn 0.357936 0.066427 0.931380
vn -0.052605 0.066427 0.996404
vn 0.052605 0.066427 0.996404
vn -0.357936 0.066427 0.931380
vn -0.257875 0.066427 0.963892
vn -0.628230 0.066427 0.775187
vn -0.543113 0.066427 0.837028
vn -0.837028 0.066427 0.543113
vn -0.775187 0.066427 0.628230
vn -0.963892 0.066427 0.257875
vn -0.931380 0.066427 0.357936
vn -0.996404 0.066427 -0.052605
vn -0.996404 0.066427 0.052605
vn -0.931380 0.066427 -0.357936
vn -0.963892 0.066427 -0.257875
vn -0.775187 0.066427 -0.628230
vn -0.837028 0.066427 -0.543113
vn -0.543113 0.066427 -0.837028
vn -0.628230 0.066427 -0.775187
vn -0.257875 0.066427 -0.963892
vn -0.357936 0.066427 -0.931380
vn 0.052605 0.066427 -0.996404
vn -0.052605 0.066427 -0.996404
vn 0.357936 0.066427 -0.931380
vn 0.257875 0.066427 -0.963892
vn 0.628230 0.066427 -0.775187
vn 0.543113 0.066427 -0.837028
vn 0.837028 0.066427 -0.543113
vn 0.775187 0.066427 -0.628230
vn 0.963892 0.066427 -0.257875
vn 0.931380 0.066427 -0.357936
vn 0.985554 0.065704 -0.156096
vn 0.985554 0.065704 -0.156096
usemtl lacquer_black
f 4970 4971 4973
f 4970 4973 4972
f 4972 4973 4975
f 4972 4975 4974
f 4974 4975 4977
f 4974 4977 4976
f 4976 4977 4979
f 4976 4979 4978
f 4978 4979 4981
f 4978 4981 4980
f 4980 4981 4983
f 4980 4983 4982
f 4982 4983 4985
f 4982 4985 4984
f 4984 4985 4987
f 4984 4987 4986
f 4986 4987 4989
f 4986 4989 4988
f 4988 4989 4991
f 4988 4991 4990
f 4990 4991 4993
f 4990 4993 4992
f 4992 4993 4995
f 4992 4995 4994
f 4994 4995 4997
f 4994 4997 4996
f 4996 4997 4999
f 4996 4999 4998
f 4998 4999 5001
f 4998 5001 5000
f 5000 5001 5003
f 5000 5003 5002
f 5002 5003 5005
f 5002 5005 5004
f 5004 5005 5007
f 5004 5007 5006
f 5006 5007 5009
f 5006 5009 5008
f 5008 5009 5011
f 5008 5011 5010
o poleyn_R
v 0.440000 0.000000 0.550000
v 0.418465 -0.135967 0.550000
v 0.355967 -0.258626 0.550000
v 0.258626 -0.355967 0.550000
v 0.135967 -0.418465 0.550000
v 0.000000 -0.440000 0.550000
v -0.135967 -0.418465 0.550000
v -0.258626 -0.355967 0.550000
v -0.355967 -0.258626 0.550000
v -0.418465 -0.135967 0.550000
v -0.440000 0.000000 0.550000
v -0.418465 0.135967 0.550000
v -0.355967 0.258626 0.550000
v -0.258626 0.355967 0.550000
v -0.135967 0.418465 0.550000
v -0.000000 0.440000 0.550000
v 0.135967 0.418465 0.550000
v 0.258626 0.355967 0.550000
v 0.355967 0.258626 0.550000
v 0.418465 0.135967 0.550000
v 0.440000 0.000000 0.550000
v 0.436236 0.000000 0.596989
v 0.414885 -0.134804 0.596989
v 0.352922 -0.256413 0.596989
v 0.256413 -0.352922 0.596989
v 0.134804 -0.414885 0.596989
v 0.000000 -0.436236 0.596989
v -0.134804 -0.414885 0.596989
v -0.256413 -0.352922 0.596989
v -0.352922 -0.256413 0.596989
v -0.414885 -0.134804 0.596989
v -0.436236 0.000000 0.596989
v -0.414885 0.134804 0.596989
v -0.352922 0.256413 0.596989
v -0.256413 0.352922 0.596989
v -0.134804 0.414885 0.596989
v -0.000000 0.436236 0.596989
v 0.134804 0.414885 0.596989
v 0.256413 0.352922 0.596989
v 0.352922 0.256413 0.596989
v 0.414885 0.134804 0.596989
v 0.436236 0.000000 0.596989
v 0.425007 0.000000 0.643175
v 0.404206 -0.131334 0.643175
v 0.343838 -0.249813 0.643175
v 0.249813 -0.343838 0.643175
v 0.131334 -0.404206 0.643175
v 0.000000 -0.425007 0.643175
v -0.131334 -0.404206 0.643175
v -0.249813 -0.343838 0.643175
v -0.343838 -0.249813 0.643175
v -0.404206 -0.131334 0.643175
v -0.425007 0.000000 0.643175
v -0.404206 0.131334 0.643175
v -0.343838 0.249813 0.643175
v -0.249813 0.343838 0.643175
v -0.131334 0.404206 0.643175
v -0.000000 0.425007 0.643175
v 0.131334 0.404206 0.643175
v 0.249813 0.343838 0.643175
v 0.343838 0.249813 0.643175
v 0.404206 0.131334 0.643175
v 0.425007 0.000000 0.643175
v 0.406507 0.000000 0.687766
v 0.386611 -0.125618 0.687766
v 0.328871 -0.238939 0.687766
v 0.238939 -0.328871 0.687766
v 0.125618 -0.386611 0.687766
v 0.000000 -0.406507 0.687766
v -0.125618 -0.386611 0.687766
v -0.238939 -0.328871 0.687766
v -0.328871 -0.238939 0.687766
v -0.386611 -0.125618 0.687766
v -0.406507 0.000000 0.687766
v -0.386611 0.125618 0.687766
v -0.328871 0.238939 0.687766
v -0.238939 0.328871 0.687766
v -0.125618 0.386611 0.687766
v -0.000000 0.406507 0.687766
v 0.125618 0.386611 0.687766
v 0.238939 0.328871 0.687766
v 0.328871 0.238939 0.687766
v 0.386611 0.125618 0.687766
v 0.406507 0.000000 0.687766
v 0.381051 0.000000 0.730000
v 0.362401 -0.117751 0.730000
v 0.308277 -0.223976 0.730000
v 0.223976 -0.308277 0.730000
v 0.117751 -0.362401 0.730000
v 0.000000 -0.381051 0.730000
v -0.117751 -0.362401 0.730000
v -0.223976 -0.308277 0.730000
v -0.308277 -0.223976 0.730000
v -0.362401 -0.117751 0.730000
v -0.381051 0.000000 0.730000
v -0.362401 0.117751 0.730000
v -0.308277 0.223976 0.730000
v -0.223976 0.308277 0.730000
v -0.117751 0.362401 0.730000
v -0.000000 0.381051 0.730000
v 0.117751 0.362401 0.730000
v 0.223976 0.308277 0.730000
v 0.308277 0.223976 0.730000
v 0.362401 0.117751 0.730000
v 0.381051 0.000000 0.730000
v 0.349075 0.000000 0.769154
v 0.331991 -0.107870 0.769154
v 0.282408 -0.205181 0.769154
v 0.205181 -0.282408 0.769154
v 0.107870 -0.331991 0.769154
v 0.000000 -0.349075 0.769154
v -0.107870 -0.331991 0.769154
v -0.205181 -0.282408 0.769154
v -0.282408 -0.205181 0.769154
v -0.331991 -0.107870 0.769154
v -0.349075 0.000000 0.769154
v -0.331991 0.107870 0.769154
v -0.282408 0.205181 0.769154
v -0.205181 0.282408 0.769154
v -0.107870 0.331991 0.769154
v -0.000000 0.349075 0.769154
v 0.107870 0.331991 0.769154
v 0.205181 0.282408 0.769154
v 0.282408 0.205181 0.769154
v 0.331991 0.107870 0.769154
v 0.349075 0.000000 0.769154
v 0.311127 0.000000 0.804558
v 0.295899 -0.096144 0.804558
v 0.251707 -0.182876 0.804558
v 0.182876 -0.251707 0.804558
v 0.096144 -0.295899 0.804558
v 0.000000 -0.311127 0.804558
v -0.096144 -0.295899 0.804558
v -0.182876 -0.251707 0.804558
v -0.251707 -0.182876 0.804558
v -0.295899 -0.096144 0.804558
v -0.311127 0.000000 0.804558
v -0.295899 0.096144 0.804558
v -0.251707 0.182876 0.804558
v -0.182876 0.251707 0.804558
v -0.096144 0.295899 0.804558
v -0.000000 0.311127 0.804558
v 0.096144 0.295899 0.804558
v 0.182876 0.251707 0.804558
v 0.251707 0.182876 0.804558
v 0.295899 0.096144 0.804558
v 0.311127 0.000000 0.804558
v 0.267855 0.000000 0.835607
v 0.254745 -0.082772 0.835607
v 0.216699 -0.157441 0.835607
v 0.157441 -0.216699 0.835607
v 0.082772 -0.254745 0.835607
v 0.000000 -0.267855 0.835607
v -0.082772 -0.254745 0.835607
v -0.157441 -0.216699 0.835607
v -0.216699 -0.157441 0.835607
v -0.254745 -0.082772 0.835607
v -0.267855 0.000000 0.835607
v -0.254745 0.082772 0.835607
v -0.216699 0.157441 0.835607
v -0.157441 0.216699 0.835607
v -0.082772 0.254745 0.835607
v -0.000000 0.267855 0.835607
v 0.082772 0.254745 0.835607
v 0.157441 0.216699 0.835607
v 0.216699 0.157441 0.835607
v 0.254745 0.082772 0.835607
v 0.267855 0.000000 0.835607
v 0.220000 0.000000 0.861769
v 0.209232 -0.067984 0.861769
v 0.177984 -0.129313 0.861769
v 0.129313 -0.177984 0.861769
v 0.067984 -0.209232 0.861769
v 0.000000 -0.220000 0.861769
v -0.067984 -0.209232 0.861769
v -0.129313 -0.177984 0.861769
v -0.177984 -0.129313 0.861769
v -0.209232 -0.067984 0.861769
v -0.220000 0.000000 0.861769
v -0.209232 0.067984 0.861769
v -0.177984 0.129313 0.861769
v -0.129313 0.177984 0.861769
v -0.067984 0.209232 0.861769
v -0.000000 0.220000 0.861769
v 0.067984 0.209232 0.861769
v 0.129313 0.177984 0.861769
v 0.177984 0.129313 0.861769
v 0.209232 0.067984 0.861769
v 0.220000 0.000000 0.861769
v 0.168381 0.000000 0.882597
v 0.160140 -0.052033 0.882597
v 0.136223 -0.098972 0.882597
v 0.098972 -0.136223 0.882597
v 0.052033 -0.160140 0.882597
v 0.000000 -0.168381 0.882597
v -0.052033 -0.160140 0.882597
v -0.098972 -0.136223 0.882597
v -0.136223 -0.098972 0.882597
v -0.160140 -0.052033 0.882597
v -0.168381 0.000000 0.882597
v -0.160140 0.052033 0.882597
v -0.136223 0.098972 0.882597
v -0.098972 0.136223 0.882597
v -0.052033 0.160140 0.882597
v -0.000000 0.168381 0.882597
v 0.052033 0.160140 0.882597
v 0.098972 0.136223 0.882597
v 0.136223 0.098972 0.882597
v 0.160140 0.052033 0.882597
v 0.168381 0.000000 0.882597
v 0.113880 0.000000 0.897733
v 0.108307 -0.035191 0.897733
v 0.092131 -0.066937 0.897733
v 0.066937 -0.092131 0.897733
v 0.035191 -0.108307 0.897733
v 0.000000 -0.113880 0.897733
v -0.035191 -0.108307 0.897733
v -0.066937 -0.092131 0.897733
v -0.092131 -0.066937 0.897733
v -0.108307 -0.035191 0.897733
v -0.113880 0.000000 0.897733
v -0.108307 0.035191 0.897733
v -0.092131 0.066937 0.897733
v -0.066937 0.092131 0.897733
v -0.035191 0.108307 0.897733
v 0.000000 0.113880 0.897733
v 0.035191 0.108307 0.897733
v 0.066937 0.092131 0.897733
v 0.092131 0.066937 0.897733
v 0.108307 0.035191 0.897733
v 0.113880 0.000000 0.897733
v 0.057432 0.000000 0.906920
v 0.054621 -0.017747 0.906920
v 0.046463 -0.033757 0.906920
v 0.033757 -0.046463 0.906920
v 0.017747 -0.054621 0.906920
v 0.000000 -0.057432 0.906920
v -0.017747 -0.054621 0.906920
v -0.033757 -0.046463 0.906920
v -0.046463 -0.033757 0.906920
v -0.054621 -0.017747 0.906920
v -0.057432 0.000000 0.906920
v -0.054621 0.017747 0.906920
v -0.046463 0.033757 0.906920
v -0.033757 0.046463 0.906920
v -0.017747 0.054621 0.906920
v 0.000000 0.057432 0.906920
v 0.017747 0.054621 0.906920
v 0.033757 0.046463 0.906920
v 0.046463 0.033757 0.906920
v 0.054621 0.017747 0.906920
v 0.057432 0.000000 0.906920
v 0.003520 0.000000 0.910000
v 0.003348 -0.001088 0.910000
v 0.002848 -0.002069 0.910000
v 0.002069 -0.002848 0.910000
v 0.001088 -0.003348 0.910000
v 0.000000 -0.003520 0.910000
v -0.001088 -0.003348 0.910000
v -0.002069 -0.002848 0.910000
v -0.002848 -0.002069 0.910000
v -0.003348 -0.001088 0.910000
v -0.003520 0.000000 0.910000
v -0.003348 0.001088 0.910000
v -0.002848 0.002069 0.910000
v -0.002069 0.002848 0.910000
v -0.001088 0.003348 0.910000
v 0.000000 0.003520 0.910000
v 0.001088 0.003348 0.910000
v 0.002069 0.002848 0.910000
v 0.002848 0.002069 0.910000
v 0.003348 0.001088 0.910000
v 0.003520 0.000000 0.910000
vn 0.984611 -0.155947 0.078876
vn 0.930469 -0.357586 0.079743
vn 0.774429 -0.627615 0.079743
vn 0.542582 -0.836209 0.079743
vn 0.257623 -0.962949 0.079743
vn -0.052553 -0.995429 0.079743
vn -0.357586 -0.930469 0.079743
vn -0.627615 -0.774429 0.079743
vn -0.836209 -0.542582 0.079743
vn -0.962949 -0.257623 0.079743
vn -0.995429 0.052553 0.079743
vn -0.930469 0.357586 0.079743
vn -0.774429 0.627615 0.079743
vn -0.542582 0.836209 0.079743
vn -0.257623 0.962949 0.079743
vn 0.052553 0.995429 0.079743
vn 0.357586 0.930469 0.079743
vn 0.627615 0.774429 0.079743
vn 0.836209 0.542582 0.079743
vn 0.962949 0.257623 0.079743
vn 0.984611 0.155947 0.078876
vn 0.971111 -0.153809 0.182446
vn 0.939225 -0.304490 0.158565
vn 0.799163 -0.579824 0.158565
vn 0.580874 -0.798400 0.158565
vn 0.305725 -0.938823 0.158565
vn 0.000649 -0.987348 0.158565
vn -0.304490 -0.939225 0.158565
vn -0.579824 -0.799163 0.158565
vn -0.798400 -0.580874 0.158565
vn -0.938823 -0.305725 0.158565
vn -0.987348 -0.000649 0.158565
vn -0.939225 0.304490 0.158565
vn -0.799163 0.579824 0.158565
vn -0.580874 0.798400 0.158565
vn -0.305725 0.938823 0.158565
vn -0.000649 0.987348 0.158565
vn 0.304490 0.939225 0.158565
vn 0.579824 0.799163 0.158565
vn 0.798400 0.580874 0.158565
vn 0.938823 0.305725 0.158565
vn 0.979207 0.155091 0.130769
vn 0.931847 -0.147590 0.331479
vn 0.904372 -0.292540 0.310696
vn 0.769709 -0.557689 0.310696
vn 0.559701 -0.768247 0.310696
vn 0.294906 -0.903603 0.310696
vn 0.001244 -0.950509 0.310696
vn -0.292540 -0.904372 0.310696
vn -0.557689 -0.769709 0.310696
vn -0.768247 -0.559701 0.310696
vn -0.903603 -0.294906 0.310696
vn -0.950509 -0.001244 0.310696
vn -0.904372 0.292540 0.310696
vn -0.769709 0.557689 0.310696
vn -0.559701 0.768247 0.310696
vn -0.294906 0.903603 0.310696
vn -0.001244 0.950509 0.310696
vn 0.292540 0.904372 0.310696
vn 0.557689 0.769709 0.310696
vn 0.768247 0.559701 0.310696
vn 0.903603 0.294906 0.310696
vn 0.947374 0.150049 0.282787
vn 0.872558 -0.138200 0.468554
vn 0.849370 -0.274143 0.451018
vn 0.723084 -0.523195 0.451018
vn 0.526017 -0.721033 0.451018
vn 0.277461 -0.848292 0.451018
vn 0.001744 -0.892513 0.451018
vn -0.274143 -0.849370 0.451018
vn -0.523195 -0.723084 0.451018
vn -0.721033 -0.526017 0.451018
vn -0.848292 -0.277461 0.451018
vn -0.892513 -0.001744 0.451018
vn -0.849370 0.274143 0.451018
vn -0.723084 0.523195 0.451018
vn -0.526017 0.721033 0.451018
vn -0.277461 0.848292 0.451018
vn -0.001744 0.892513 0.451018
vn 0.274143 0.849370 0.451018
vn 0.523195 0.723084 0.451018
vn 0.721033 0.526017 0.451018
vn 0.848292 0.277461 0.451018
vn 0.894360 0.141653 0.424330
vn 0.797189 -0.126262 0.590379
vn 0.778178 -0.250603 0.575880
vn 0.662650 -0.478808 0.575880
vn 0.482258 -0.660143 0.575880
vn 0.254659 -0.776860 0.575880
vn 0.002133 -0.817532 0.575880
vn -0.250603 -0.778178 0.575880
vn -0.478808 -0.662650 0.575880
vn -0.660143 -0.482258 0.575880
vn -0.776860 -0.254659 0.575880
vn -0.817532 -0.002133 0.575880
vn -0.778178 0.250603 0.575880
vn -0.662650 0.478808 0.575880
vn -0.482258 0.660143 0.575880
vn -0.254659 0.776860 0.575880
vn -0.002133 0.817532 0.575880
vn 0.250603 0.778178 0.575880
vn 0.478808 0.662650 0.575880
vn 0.660143 0.482258 0.575880
vn 0.776860 0.254659 0.575880
vn 0.823887 0.130491 0.551528
vn 0.709846 -0.112429 0.695326
vn 0.694998 -0.223283 0.683464
vn 0.591984 -0.427121 0.683464
vn 0.431023 -0.589149 0.683464
vn 0.227870 -0.693507 0.683464
vn 0.002412 -0.729980 0.683464
vn -0.223283 -0.694998 0.683464
vn -0.427121 -0.591984 0.683464
vn -0.589149 -0.431023 0.683464
vn -0.693507 -0.227870 0.683464
vn -0.729980 -0.002412 0.683464
vn -0.694998 0.223283 0.683464
vn -0.591984 0.427121 0.683464
vn -0.431023 0.589149 0.683464
vn -0.227870 0.693507 0.683464
vn -0.002412 0.729980 0.683464
vn 0.223283 0.694998 0.683464
vn 0.427121 0.591984 0.683464
vn 0.589149 0.431023 0.683464
vn 0.693507 0.227870 0.683464
vn 0.740089 0.117219 0.662214
vn 0.614211 -0.097281 0.783123
vn 0.603620 -0.193397 0.773460
vn 0.514314 -0.370460 0.773460
vn 0.374663 -0.511260 0.773460
vn 0.198338 -0.602014 0.773460
vn 0.002598 -0.633840 0.773460
vn -0.193397 -0.603620 0.773460
vn -0.370460 -0.514314 0.773460
vn -0.511260 -0.374663 0.773460
vn -0.602014 -0.198338 0.773460
vn -0.633840 -0.002598 0.773460
vn -0.603620 0.193397 0.773460
vn -0.514314 0.370460 0.773460
vn -0.374663 0.511260 0.773460
vn -0.198338 0.602014 0.773460
vn -0.002598 0.633840 0.773460
vn 0.193397 0.603620 0.773460
vn 0.370460 0.514314 0.773460
vn 0.511260 0.374663 0.773460
vn 0.602014 0.198338 0.773460
vn 0.646842 0.102450 0.755711
vn 0.513236 -0.081289 0.854389
vn 0.507075 -0.161906 0.846559
vn 0.432225 -0.310677 0.846559
vn 0.315066 -0.429036 0.846559
vn 0.167066 -0.505398 0.846559
vn 0.002713 -0.532289 0.846559
vn -0.161906 -0.507075 0.846559
vn -0.310677 -0.432225 0.846559
vn -0.429036 -0.315066 0.846559
vn -0.505398 -0.167066 0.846559
vn -0.532289 -0.002713 0.846559
vn -0.507075 0.161906 0.846559
vn -0.432225 0.310677 0.846559
vn -0.315066 0.429036 0.846559
vn -0.167066 0.505398 0.846559
vn -0.002713 0.532289 0.846559
vn 0.161906 0.507075 0.846559
vn 0.310677 0.432225 0.846559
vn 0.429036 0.315066 0.846559
vn 0.505398 0.167066 0.846559
vn 0.547360 0.086693 0.832395
vn 0.409078 -0.064792 0.910196
vn 0.407557 -0.129503 0.903950
vn 0.347591 -0.249107 0.903950
vn 0.253601 -0.344326 0.903950
vn 0.134786 -0.405841 0.903950
vn 0.002777 -0.427628 0.903950
vn -0.129503 -0.407557 0.903950
vn -0.249107 -0.347591 0.903950
vn -0.344326 -0.253601 0.903950
vn -0.405841 -0.134786 0.903950
vn -0.427628 -0.002777 0.903950
vn -0.407557 0.129503 0.903950
vn -0.347591 0.249107 0.903950
vn -0.253601 0.344326 0.903950
vn -0.134786 0.405841 0.903950
vn -0.002777 0.427628 0.903950
vn 0.129503 0.407557 0.903950
vn 0.249107 0.347591 0.903950
vn 0.344326 0.253601 0.903950
vn 0.405841 0.134786 0.903950
vn 0.444063 0.070333 0.893231
vn 0.303185 -0.048020 0.951721
vn 0.306514 -0.096637 0.946948
vn 0.261649 -0.186626 0.946948
vn 0.191173 -0.258346 0.946948
vn 0.101983 -0.304777 0.946948
vn 0.002810 -0.321375 0.946948
vn -0.096637 -0.306514 0.946948
vn -0.186626 -0.261649 0.946948
vn -0.258346 -0.191173 0.946948
vn -0.304777 -0.101983 0.946948
vn -0.321375 -0.002810 0.946948
vn -0.306514 0.096637 0.946948
vn -0.261649 0.186626 0.946948
vn -0.191173 0.258346 0.946948
vn -0.101983 0.304777 0.946948
vn -0.002810 0.321375 0.946948
vn 0.096637 0.306514 0.946948
vn 0.186626 0.261649 0.946948
vn 0.258346 0.191173 0.946948
vn 0.304777 0.101983 0.946948
vn 0.338620 0.053632 0.939393
vn 0.196444 -0.031114 0.980021
vn 0.204803 -0.063574 0.976736
vn 0.175134 -0.123751 0.976736
vn 0.128321 -0.171813 0.976736
vn 0.068948 -0.203057 0.976736
vn 0.002825 -0.214425 0.976736
vn -0.063574 -0.204803 0.976736
vn -0.123751 -0.175134 0.976736
vn -0.171813 -0.128321 0.976736
vn -0.203057 -0.068948 0.976736
vn -0.214425 -0.002825 0.976736
vn -0.204803 0.063574 0.976736
vn -0.175134 0.123751 0.976736
vn -0.128321 0.171813 0.976736
vn -0.068948 0.203057 0.976736
vn -0.002825 0.214425 0.976736
vn 0.063574 0.204803 0.976736
vn 0.123751 0.175134 0.976736
vn 0.171813 0.128321 0.976736
vn 0.203057 0.068948 0.976736
vn 0.232087 0.036759 0.972000
vn 0.091662 -0.014518 0.995684
vn 0.104487 -0.031071 0.994041
vn 0.089771 -0.061839 0.994041
vn 0.066268 -0.086553 0.994041
vn 0.036279 -0.102795 0.994041
vn 0.002738 -0.108974 0.994041
vn -0.031071 -0.104487 0.994041
vn -0.061839 -0.089771 0.994041
vn -0.086553 -0.066268 0.994041
vn -0.102795 -0.036279 0.994041
vn -0.108974 -0.002738 0.994041
vn -0.104487 0.031071 0.994041
vn -0.089771 0.061839 0.994041
vn -0.066268 0.086553 0.994041
vn -0.036279 0.102795 0.994041
vn -0.002738 0.108974 0.994041
vn 0.031071 0.104487 0.994041
vn 0.061839 0.089771 0.994041
vn 0.086553 0.066268 0.994041
vn 0.102795 0.036279 0.994041
vn 0.126221 0.019991 0.991801
vn 0.057033 -0.009033 0.998331
vn 0.055174 -0.014761 0.998368
vn 0.047912 -0.031088 0.998368
vn 0.035960 -0.044372 0.998368
vn 0.020488 -0.053313 0.998368
vn 0.003011 -0.057035 0.998368
vn -0.014761 -0.055174 0.998368
vn -0.031088 -0.047912 0.998368
vn -0.044372 -0.035960 0.998368
vn -0.053313 -0.020488 0.998368
vn -0.057035 -0.003011 0.998368
vn -0.055174 0.014761 0.998368
vn -0.047912 0.031088 0.998368
vn -0.035960 0.044372 0.998368
vn -0.020488 0.053313 0.998368
vn -0.003011 0.057035 0.998368
vn 0.014761 0.055174 0.998368
vn 0.031088 0.047912 0.998368
vn 0.044372 0.035960 0.998368
vn 0.053313 0.020488 0.998368
vn 0.057033 0.009033 0.998331
usemtl lacquer_black
f 5012 5033 5034
f 5012 5034 5013
f 5013 5034 5035
f 5013 5035 5014
f 5014 5035 5036
f 5014 5036 5015
f 5015 5036 5037
f 5015 5037 5016
f 5016 5037 5038
f 5016 5038 5017
f 5017 5038 5039
f 5017 5039 5018
f 5018 5039 5040
f 5018 5040 5019
f 5019 5040 5041
f 5019 5041 5020
f 5020 5041 5042
f 5020 5042 5021
f 5021 5042 5043
f 5021 5043 5022
f 5022 5043 5044
f 5022 5044 5023
f 5023 5044 5045
f 5023 5045 5024
f 5024 5045 5046
f 5024 5046 5025
f 5025 5046 5047
f 5025 5047 5026
f 5026 5047 5048
f 5026 5048 5027
f 5027 5048 5049
f 5027 5049 5028
f 5028 5049 5050
f 5028 5050 5029
f 5029 5050 5051
f 5029 5051 5030
f 5030 5051 5052
f 5030 5052 5031
f 5031 5052 5053
f 5031 5053 5032
f 5033 5054 5055
f 5033 5055 5034
f 5034 5055 5056
f 5034 5056 5035
f 5035 5056 5057
f 5035 5057 5036
f 5036 5057 5058
f 5036 5058 5037
f 5037 5058 5059
f 5037 5059 5038
f 5038 5059 5060
f 5038 5060 5039
f 5039 5060 5061
f 5039 5061 5040
f 5040 5061 5062
f 5040 5062 5041
f 5041 5062 5063
f 5041 5063 5042
f 5042 5063 5064
f 5042 5064 5043
f 5043 5064 5065
f 5043 5065 5044
f 5044 5065 5066
f 5044 5066 5045
f 5045 5066 5067
f 5045 5067 5046
f 5046 5067 5068
f 5046 5068 5047
f 5047 5068 5069
f 5047 5069 5048
f 5048 5069 5070
f 5048 5070 5049
f 5049 5070 5071
f 5049 5071 5050
f 5050 5071 5072
f 5050 5072 5051
f 5051 5072 5073
f 5051 5073 5052
f 5052 5073 5074
f 5052 5074 5053
f 5054 5075 5076
f 5054 5076 5055
f 5055 5076 5077
f 5055 5077 5056
f 5056 5077 5078
f 5056 5078 5057
f 5057 5078 5079
f 5057 5079 5058
f 5058 5079 5080
f 5058 5080 5059
f 5059 5080 5081
f 5059 5081 5060
f 5060 5081 5082
f 5060 5082 5061
f 5061 5082 5083
f 5061 5083 5062
f 5062 5083 5084
f 5062 5084 5063
f 5063 5084 5085
f 5063 5085 5064
f 5064 5085 5086
f 5064 5086 5065
f 5065 5086 5087
f 5065 5087 5066
f 5066 5087 5088
f 5066 5088 5067
f 5067 5088 5089
f 5067 5089 5068
f 5068 5089 5090
f 5068 5090 5069
f 5069 5090 5091
f 5069 5091 5070
f 5070 5091 5092
f 5070 5092 5071
f 5071 5092 5093
f 5071 5093 5072
f 5072 5093 5094
f 5072 5094 5073
f 5073 5094 5095
f 5073 5095 5074
f 5075 5096 5097
f 5075 5097 5076
f 5076 5097 5098
f 5076 5098 5077
f 5077 5098 5099
f 5077 5099 5078
f 5078 5099 5100
f 5078 5100 5079
f 5079 5100 5101
f 5079 5101 5080
f 5080 5101 5102
f 5080 5102 5081
f 5081 5102 5103
f 5081 5103 5082
f 5082 5103 5104
f 5082 5104 5083
f 5083 5104 5105
f 5083 5105 5084
f 5084 5105 5106
f 5084 5106 5085
f 5085 5106 5107
f 5085 5107 5086
f 5086 5107 5108
f 5086 5108 5087
f 5087 5108 5109
f 5087 5109 5088
f 5088 5109 5110
f 5088 5110 5089
f 5089 5110 5111
f 5089 5111 5090
f 5090 5111 5112
f 5090 5112 5091
f 5091 5112 5113
f 5091 5113 5092
f 5092 5113 5114
f 5092 5114 5093
f 5093 5114 5115
f 5093 5115 5094
f 5094 5115 5116
f 5094 5116 5095
f 5096 5117 5118
f 5096 5118 5097
f 5097 5118 5119
f 5097 5119 5098
f 5098 5119 5120
f 5098 5120 5099
f 5099 5120 5121
f 5099 5121 5100
f 5100 5121 5122
f 5100 5122 5101
f 5101 5122 5123
f 5101 5123 5102
f 5102 5123 5124
f 5102 5124 5103
f 5103 5124 5125
f 5103 5125 5104
f 5104 5125 5126
f 5104 5126 5105
f 5105 5126 5127
f 5105 5127 5106
f 5106 5127 5128
f 5106 5128 5107
f 5107 5128 5129
f 5107 5129 5108
f 5108 5129 5130
f 5108 5130 5109
f 5109 5130 5131
f 5109 5131 5110
f 5110 5131 5132
f 5110 5132 5111
f 5111 5132 5133
f 5111 5133 5112
f 5112 5133 5134
f 5112 5134 5113
f 5113 5134 5135
f 5113 5135 5114
f 5114 5135 5136
f 5114 5136 5115
f 5115 5136 5137
f 5115 5137 5116
f 5117 5138 5139
f 5117 5139 5118
f 5118 5139 5140
f 5118 5140 5119
f 5119 5140 5141
f 5119 5141 5120
f 5120 5141 5142
f 5120 5142 5121
f 5121 5142 5143
f 5121 5143 5122
f 5122 5143 5144
f 5122 5144 5123
f 5123 5144 5145
f 5123 5145 5124
f 5124 5145 5146
f 5124 5146 5125
f 5125 5146 5147
f 5125 5147 5126
f 5126 5147 5148
f 5126 5148 5127
f 5127 5148 5149
f 5127 5149 5128
f 5128 5149 5150
f 5128 5150 5129
f 5129 5150 5151
f 5129 5151 5130
f 5130 5151 5152
f 5130 5152 5131
f 5131 5152 5153
f 5131 5153 5132
f 5132 5153 5154
f 5132 5154 5133
f 5133 5154 5155
f 5133 5155 5134
f 5134 5155 5156
f 5134 5156 5135
f 5135 5156 5157
f 5135 5157 5136
f 5136 5157 5158
f 5136 5158 5137
f 5138 5159 5160
f 5138 5160 5139
f 5139 5160 5161
f 5139 5161 5140
f 5140 5161 5162
f 5140 5162 5141
f 5141 5162 5163
f 5141 5163 5142
f 5142 5163 5164
f 5142 5164 5143
f 5143 5164 5165
f 5143 5165 5144
f 5144 5165 5166
f 5144 5166 5145
f 5145 5166 5167
f 5145 5167 5146
f 5146 5167 5168
f 5146 5168 5147
f 5147 5168 5169
f 5147 5169 5148
f 5148 5169 5170
f 5148 5170 5149
f 5149 5170 5171
f 5149 5171 5150
f 5150 5171 5172
f 5150 5172 5151
f 5151 5172 5173
f 5151 5173 5152
f 5152 5173 5174
f 5152 5174 5153
f 5153 5174 5175
f 5153 5175 5154
f 5154 5175 5176
f 5154 5176 5155
f 5155 5176 5177
f 5155 5177 5156
f 5156 5177 5178
f 5156 5178 5157
f 5157 5178 5179
f 5157 5179 5158
f 5159 5180 5181
f 5159 5181 5160
f 5160 5181 5182
f 5160 5182 5161
f 5161 5182 5183
f 5161 5183 5162
f 5162 5183 5184
f 5162 5184 5163
f 5163 5184 5185
f 5163 5185 5164
f 5164 5185 5186
f 5164 5186 5165
f 5165 5186 5187
f 5165 5187 5166
f 5166 5187 5188
f 5166 5188 5167
f 5167 5188 5189
f 5167 5189 5168
f 5168 5189 5190
f 5168 5190 5169
f 5169 5190 5191
f 5169 5191 5170
f 5170 5191 5192
f 5170 5192 5171
f 5171 5192 5193
f 5171 5193 5172
f 5172 5193 5194
f 5172 5194 5173
f 5173 5194 5195
f 5173 5195 5174
f 5174 5195 5196
f 5174 5196 5175
f 5175 5196 5197
f 5175 5197 5176
f 5176 5197 5198
f 5176 5198 5177
f 5177 5198 5199
f 5177 5199 5178
f 5178 5199 5200
f 5178 5200 5179
f 5180 5201 5202
f 5180 5202 5181
f 5181 5202 5203
f 5181 5203 5182
f 5182 5203 5204
f 5182 5204 5183
f 5183 5204 5205
f 5183 5205 5184
f 5184 5205 5206
f 5184 5206 5185
f 5185 5206 5207
f 5185 5207 5186
f 5186 5207 5208
f 5186 5208 5187
f 5187 5208 5209
f 5187 5209 5188
f 5188 5209 5210
f 5188 5210 5189
f 5189 5210 5211
f 5189 5211 5190
f 5190 5211 5212
f 5190 5212 5191
f 5191 5212 5213
f 5191 5213 5192
f 5192 5213 5214
f 5192 5214 5193
f 5193 5214 5215
f 5193 5215 5194
f 5194 5215 5216
f 5194 5216 5195
f 5195 5216 5217
f 5195 5217 5196
f 5196 5217 5218
f 5196 5218 5197
f 5197 5218 5219
f 5197 5219 5198
f 5198 5219 5220
f 5198 5220 5199
f 5199 5220 5221
f 5199 5221 5200
f 5201 5222 5223
f 5201 5223 5202
f 5202 5223 5224
f 5202 5224 5203
f 5203 5224 5225
f 5203 5225 5204
f 5204 5225 5226
f 5204 5226 5205
f 5205 5226 5227
f 5205 5227 5206
f 5206 5227 5228
f 5206 5228 5207
f 5207 5228 5229
f 5207 5229 5208
f 5208 5229 5230
f 5208 5230 5209
f 5209 5230 5231
f 5209 5231 5210
f 5210 5231 5232
f 5210 5232 5211
f 5211 5232 5233
f 5211 5233 5212
f 5212 5233 5234
f 5212 5234 5213
f 5213 5234 5235
f 5213 5235 5214
f 5214 5235 5236
f 5214 5236 5215
f 5215 5236 5237
f 5215 5237 5216
f 5216 5237 5238
f 5216 5238 5217
f 5217 5238 5239
f 5217 5239 5218
f 5218 5239 5240
f 5218 5240 5219
f 5219 5240 5241
f 5219 5241 5220
f 5220 5241 5242
f 5220 5242 5221
f 5222 5243 5244
f 5222 5244 5223
f 5223 5244 5245
f 5223 5245 5224
f 5224 5245 5246
f 5224 5246 5225
f 5225 5246 5247
f 5225 5247 5226
f 5226 5247 5248
f 5226 5248 5227
f 5227 5248 5249
f 5227 5249 5228
f 5228 5249 5250
f 5228 5250 5229
f 5229 5250 5251
f 5229 5251 5230
f 5230 5251 5252
f 5230 5252 5231
f 5231 5252 5253
f 5231 5253 5232
f 5232 5253 5254
f 5232 5254 5233
f 5233 5254 5255
f 5233 5255 5234
f 5234 5255 5256
f 5234 5256 5235
f 5235 5256 5257
f 5235 5257 5236
f 5236 5257 5258
f 5236 5258 5237
f 5237 5258 5259
f 5237 5259 5238
f 5238 5259 5260
f 5238 5260 5239
f 5239 5260 5261
f 5239 5261 5240
f 5240 5261 5262
f 5240 5262 5241
f 5241 5262 5263
f 5241 5263 5242
f 5243 5264 5265
f 5243 5265 5244
f 5244 5265 5266
f 5244 5266 5245
f 5245 5266 5267
f 5245 5267 5246
f 5246 5267 5268
f 5246 5268 5247
f 5247 5268 5269
f 5247 5269 5248
f 5248 5269 5270
f 5248 5270 5249
f 5249 5270 5271
f 5249 5271 5250
f 5250 5271 5272
f 5250 5272 5251
f 5251 5272 5273
f 5251 5273 5252
f 5252 5273 5274
f 5252 5274 5253
f 5253 5274 5275
f 5253 5275 5254
f 5254 5275 5276
f 5254 5276 5255
f 5255 5276 5277
f 5255 5277 5256
f 5256 5277 5278
f 5256 5278 5257
f 5257 5278 5279
f 5257 5279 5258
f 5258 5279 5280
f 5258 5280 5259
f 5259 5280 5281
f 5259 5281 5260
f 5260 5281 5282
f 5260 5282 5261
f 5261 5282 5283
f 5261 5283 5262
f 5262 5283 5284
f 5262 5284 5263
o greave_R
v 0.560000 -0.950000 0.000000
v 0.500000 -0.050000 0.000000
v 0.532592 -0.950000 0.173050
v 0.475528 -0.050000 0.154508
v 0.453050 -0.950000 0.329160
v 0.404508 -0.050000 0.293893
v 0.329160 -0.950000 0.453050
v 0.293893 -0.050000 0.404508
v 0.173050 -0.950000 0.532592
v 0.154508 -0.050000 0.475528
v 0.000000 -0.950000 0.560000
v 0.000000 -0.050000 0.500000
v -0.173050 -0.950000 0.532592
v -0.154508 -0.050000 0.475528
v -0.329160 -0.950000 0.453050
v -0.293893 -0.050000 0.404508
v -0.453050 -0.950000 0.329160
v -0.404508 -0.050000 0.293893
v -0.532592 -0.950000 0.173050
v -0.475528 -0.050000 0.154508
v -0.560000 -0.950000 0.000000
v -0.500000 -0.050000 0.000000
v -0.532592 -0.950000 -0.173050
v -0.475528 -0.050000 -0.154508
v -0.453050 -0.950000 -0.329160
v -0.404508 -0.050000 -0.293893
v -0.329160 -0.950000 -0.453050
v -0.293893 -0.050000 -0.404508
v -0.173050 -0.950000 -0.532592
v -0.154508 -0.050000 -0.475528
v -0.000000 -0.950000 -0.560000
v -0.000000 -0.050000 -0.500000
v 0.173050 -0.950000 -0.532592
v 0.154508 -0.050000 -0.475528
v 0.329160 -0.950000 -0.453050
v 0.293893 -0.050000 -0.404508
v 0.453050 -0.950000 -0.329160
v 0.404508 -0.050000 -0.293893
v 0.532592 -0.950000 -0.173050
v 0.475528 -0.050000 -0.154508
v 0.560000 -0.950000 -0.000000
v 0.500000 -0.050000 -0.000000
vn 0.985554 0.065704 0.156096
vn 0.985554 0.065704 0.156096
vn 0.931380 0.066427 0.357936
vn 0.963892 0.066427 0.257875
vn 0.775187 0.066427 0.628230
vn 0.837028 0.066427 0.543113
vn 0.543113 0.066427 0.837028
vn 0.628230 0.066427 0.775187
vn 0.257875 0.066427 0.963892
vn 0.357936 0.066427 0.931380
vn -0.052605 0.066427 0.996404
vn 0.052605 0.066427 0.996404
vn -0.357936 0.066427 0.931380
vn -0.257875 0.066427 0.963892
vn -0.628230 0.066427 0.775187
vn -0.543113 0.066427 0.837028
vn -0.837028 0.066427 0.543113
vn -0.775187 0.066427 0.628230
vn -0.963892 0.066427 0.257875
vn -0.931380 0.066427 0.357936
vn -0.996404 0.066427 -0.052605
vn -0.996404 0.066427 0.052605
vn -0.931380 0.066427 -0.357936
vn -0.963892 0.066427 -0.257875
vn -0.775187 0.066427 -0.628230
vn -0.837028 0.066427 -0.543113
vn -0.543113 0.066427 -0.837028
vn -0.628230 0.066427 -0.775187
vn -0.257875 0.066427 -0.963892
vn -0.357936 0.066427 -0.931380
vn 0.052605 0.066427 -0.996404
vn -0.052605 0.066427 -0.996404
vn 0.357936 0.066427 -0.931380
vn 0.257875 0.066427 -0.963892
vn 0.628230 0.066427 -0.775187
vn 0.543113 0.066427 -0.837028
vn 0.837028 0.066427 -0.543113
vn 0.775187 0.066427 -0.628230
vn 0.963892 0.066427 -0.257875
vn 0.931380 0.066427 -0.357936
vn 0.985554 0.065704 -0.156096
vn 0.985554 0.065704 -0.156096
usemtl lacquer_red
f 5285 5286 5288
f 5285 5288 5287
f 5287 5288 5290
f 5287 5290 5289
f 5289 5290 5292
f 5289 5292 5291
f 5291 5292 5294
f 5291 5294 5293
f 5293 5294 5296
f 5293 5296 5295
f 5295 5296 5298
f 5295 5298 5297
f 5297 5298 5300
f 5297 5300 5299
f 5299 5300 5302
f 5299 5302 5301
f 5301 5302 5304
f 5301 5304 5303
f 5303 5304 5306
f 5303 5306 5305
f 5305 5306 5308
f 5305 5308 5307
f 5307 5308 5310
f 5307 5310 5309
f 5309 5310 5312
f 5309 5312 5311
f 5311 5312 5314
f 5311 5314 5313
f 5313 5314 5316
f 5313 5316 5315
f 5315 5316 5318
f 5315 5318 5317
f 5317 5318 5320
f 5317 5320 5319
f 5319 5320 5322
f 5319 5322 5321
f 5321 5322 5324
f 5321 5324 5323
f 5323 5324 5326
f 5323 5326 5325
o sabaton_R
v 0.175500 -0.840000 -0.200000
v 0.175500 -0.840000 0.400000
v 0.162141 -0.896828 -0.200000
v 0.162141 -0.896828 0.400000
v 0.124097 -0.945005 -0.200000
v 0.124097 -0.945005 0.400000
v 0.067161 -0.977196 -0.200000
v 0.067161 -0.977196 0.400000
v 0.000000 -0.988500 -0.200000
v 0.000000 -0.988500 0.400000
v -0.067161 -0.977196 -0.200000
v -0.067161 -0.977196 0.400000
v -0.124097 -0.945005 -0.200000
v -0.124097 -0.945005 0.400000
v -0.162141 -0.896828 -0.200000
v -0.162141 -0.896828 0.400000
v -0.175500 -0.840000 -0.200000
v -0.175500 -0.840000 0.400000
v -0.162141 -0.783172 -0.200000
v -0.162141 -0.783172 0.400000
v -0.124097 -0.734995 -0.200000
v -0.124097 -0.734995 0.400000
v -0.067161 -0.702804 -0.200000
v -0.067161 -0.702804 0.400000
v -0.000000 -0.691500 -0.200000
v -0.000000 -0.691500 0.400000
v 0.067161 -0.702804 -0.200000
v 0.067161 -0.702804 0.400000
v 0.124097 -0.734995 -0.200000
v 0.124097 -0.734995 0.400000
v 0.162141 -0.783172 -0.200000
v 0.162141 -0.783172 0.400000
v 0.175500 -0.840000 -0.200000
v 0.175500 -0.840000 0.400000
v 0.000000 -0.840000 -0.200000
v 0.000000 -0.840000 0.400000
vn 0.870693 -0.204681 -0.447214
vn 0.688343 -0.161814 0.707107
vn 0.715773 -0.413270 -0.562918
vn 0.768872 -0.303249 0.562918
vn 0.496375 -0.662363 -0.561148
vn 0.578483 -0.592005 0.561148
vn 0.230705 -0.795806 -0.559882
vn 0.322018 -0.763437 0.559882
vn -0.046429 -0.827554 -0.559463
vn 0.046429 -0.827554 0.559463
vn -0.322018 -0.763437 -0.559882
vn -0.230705 -0.795806 0.559882
vn -0.578483 -0.592005 -0.561148
vn -0.496375 -0.662363 0.561148
vn -0.768872 -0.303249 -0.562918
vn -0.715773 -0.413270 0.562918
vn -0.823346 0.064517 -0.563860
vn -0.823346 -0.064517 0.563860
vn -0.715773 0.413270 -0.562918
vn -0.768872 0.303249 0.562918
vn -0.496375 0.662363 -0.561148
vn -0.578483 0.592005 0.561148
vn -0.230705 0.795806 -0.559882
vn -0.322018 0.763437 0.559882
vn 0.046429 0.827554 -0.559463
vn -0.046429 0.827554 0.559463
vn 0.322018 0.763437 -0.559882
vn 0.230705 0.795806 0.559882
vn 0.578483 0.592005 -0.561148
vn 0.496375 0.662363 0.561148
vn 0.768872 0.303249 -0.562918
vn 0.715773 0.413270 0.562918
vn 0.688343 0.161814 -0.707107
vn 0.870693 0.204681 0.447214
vn 0.000000 -0.000000 -1.000000
vn -0.000000 0.000000 1.000000
usemtl lacquer_black
f 5327 5328 5330
f 5327 5330 5329
f 5329 5330 5332
f 5329 5332 5331
f 5331 5332 5334
f 5331 5334 5333
f 5333 5334 5336
f 5333 5336 5335
f 5335 5336 5338
f 5335 5338 5337
f 5337 5338 5340
f 5337 5340 5339
f 5339 5340 5342
f 5339 5342 5341
f 5341 5342 5344
f 5341 5344 5343
f 5343 5344 5346
f 5343 5346 5345
f 5345 5346 5348
f 5345 5348 5347
f 5347 5348 5350
f 5347 5350 5349
f 5349 5350 5352
f 5349 5352 5351
f 5351 5352 5354
f 5351 5354 5353
f 5353 5354 5356
f 5353 5356 5355
f 5355 5356 5358
f 5355 5358 5357
f 5357 5358 5360
f 5357 5360 5359
f 5361 5327 5329
f 5361 5329 5331
f 5361 5331 5333
f 5361 5333 5335
f 5361 5335 5337
f 5361 5337 5339
f 5361 5339 5341
f 5361 5341 5343
f 5361 5343 5345
f 5361 5345 5347
f 5361 5347 5349
f 5361 5349 5351
f 5361 5351 5353
f 5361 5353 5355
f 5361 5355 5357
f 5361 5357 5359
f 5362 5330 5328
f 5362 5332 5330
f 5362 5334 5332
f 5362 5336 5334
f 5362 5338 5336
f 5362 5340 5338
f 5362 5342 5340
f 5362 5344 5342
f 5362 5346 5344
f 5362 5348 5346
f 5362 5350 5348
f 5362 5352 5350
f 5362 5354 5352
f 5362 5356 5354
f 5362 5358 5356
f 5362 5360 5358
o rerebrace_L
v 0.600000 0.050000 0.000000
v 0.560000 0.880000 0.000000
v 0.570634 0.050000 0.185410
v 0.532592 0.880000 0.173050
v 0.485410 0.050000 0.352671
v 0.453050 0.880000 0.329160
v 0.352671 0.050000 0.485410
v 0.329160 0.880000 0.453050
v 0.185410 0.050000 0.570634
v 0.173050 0.880000 0.532592
v 0.000000 0.050000 0.600000
v 0.000000 0.880000 0.560000
v -0.185410 0.050000 0.570634
v -0.173050 0.880000 0.532592
v -0.352671 0.050000 0.485410
v -0.329160 0.880000 0.453050
v -0.485410 0.050000 0.352671
v -0.453050 0.880000 0.329160
v -0.570634 0.050000 0.185410
v -0.532592 0.880000 0.173050
v -0.600000 0.050000 0.000000
v -0.560000 0.880000 0.000000
v -0.570634 0.050000 -0.185410
v -0.532592 0.880000 -0.173050
v -0.485410 0.050000 -0.352671
v -0.453050 0.880000 -0.329160
v -0.352671 0.050000 -0.485410
v -0.329160 0.880000 -0.453050
v -0.185410 0.050000 -0.570634
v -0.173050 0.880000 -0.532592
v 0.000000 0.050000 -0.600000
v 0.000000 0.880000 -0.560000
v 0.185410 0.050000 -0.570634
v 0.173050 0.880000 -0.532592
v 0.352671 0.050000 -0.485410
v 0.329160 0.880000 -0.453050
v 0.485410 0.050000 -0.352671
v 0.453050 0.880000 -0.329160
v 0.570634 0.050000 -0.185410
v 0.532592 0.880000 -0.173050
v 0.600000 0.050000 -0.000000
v 0.560000 0.880000 -0.000000
vn 0.986571 0.047546 0.156258
vn 0.986571 0.047546 0.156258
vn 0.932363 0.048070 0.358314
vn 0.964909 0.048070 0.258147
vn 0.776005 0.048070 0.628892
vn 0.837911 0.048070 0.543686
vn 0.543686 0.048070 0.837911
vn 0.628892 0.048070 0.776005
vn 0.258147 0.048070 0.964909
vn 0.358314 0.048070 0.932363
vn -0.052660 0.048070 0.997455
vn 0.052660 0.048070 0.997455
vn -0.358314 0.048070 0.932363
vn -0.258147 0.048070 0.964909
vn -0.628892 0.048070 0.776005
vn -0.543686 0.048070 0.837911
vn -0.837911 0.048070 0.543686
vn -0.776005 0.048070 0.628892
vn -0.964909 0.048070 0.258147
vn -0.932363 0.048070 0.358314
vn -0.997455 0.048070 -0.052660
vn -0.997455 0.048070 0.052660
vn -0.932363 0.048070 -0.358314
vn -0.964909 0.048070 -0.258147
vn -0.776005 0.048070 -0.628892
vn -0.837911 0.048070 -0.543686
vn -0.543686 0.048070 -0.837911
vn -0.628892 0.048070 -0.776005
vn -0.258147 0.048070 -0.964909
vn -0.358314 0.048070 -0.932363
vn 0.052660 0.048070 -0.997455
vn -0.052660 0.048070 -0.997455
vn 0.358314 0.048070 -0.932363
vn 0.258147 0.048070 -0.964909
vn 0.628892 0.048070 -0.776005
vn 0.543686 0.048070 -0.837911
vn 0.837911 0.048070 -0.543686
vn 0.776005 0.048070 -0.628892
vn 0.964909 0.048070 -0.258147
vn 0.932363 0.048070 -0.358314
vn 0.986571 0.047546 -0.156258
vn 0.986571 0.047546 -0.156258
usemtl lacquer_black
f 5363 5364 5366
f 5363 5366 5365
f 5365 5366 5368
f 5365 5368 5367
f 5367 5368 5370
f 5367 5370 5369
f 5369 5370 5372
f 5369 5372 5371
f 5371 5372 5374
f 5371 5374 5373
f 5373 5374 5376
f 5373 5376 5375
f 5375 5376 5378
f 5375 5378 5377
f 5377 5378 5380
f 5377 5380 5379
f 5379 5380 5382
f 5379 5382 5381
f 5381 5382 5384
f 5381 5384 5383
f 5383 5384 5386
f 5383 5386 5385
f 5385 5386 5388
f 5385 5388 5387
f 5387 5388 5390
f 5387 5390 5389
f 5389 5390 5392
f 5389 5392 5391
f 5391 5392 5394
f 5391 5394 5393
f 5393 5394 5396
f 5393 5396 5395
f 5395 5396 5398
f 5395 5398 5397
f 5397 5398 5400
f 5397 5400 5399
f 5399 5400 5402
f 5399 5402 5401
f 5401 5402 5404
f 5401 5404 5403
o couter_L
v 0.460000 -0.050000 -0.520000
v 0.437486 0.092148 -0.520000
v 0.372148 0.220381 -0.520000
v 0.270381 0.322148 -0.520000
v 0.142148 0.387486 -0.520000
v 0.000000 0.410000 -0.520000
v -0.142148 0.387486 -0.520000
v -0.270381 0.322148 -0.520000
v -0.372148 0.220381 -0.520000
v -0.437486 0.092148 -0.520000
v -0.460000 -0.050000 -0.520000
v -0.437486 -0.192148 -0.520000
v -0.372148 -0.320381 -0.520000
v -0.270381 -0.422148 -0.520000
v -0.142148 -0.487486 -0.520000
v 0.000000 -0.510000 -0.520000
v 0.142148 -0.487486 -0.520000
v 0.270381 -0.422148 -0.520000
v 0.372148 -0.320381 -0.520000
v 0.437486 -0.192148 -0.520000
v 0.460000 -0.050000 -0.520000
v 0.456065 -0.050000 -0.572210
v 0.433743 0.090932 -0.572210
v 0.368964 0.218068 -0.572210
v 0.268068 0.318964 -0.572210
v 0.140932 0.383743 -0.572210
v 0.000000 0.406065 -0.572210
v -0.140932 0.383743 -0.572210
v -0.268068 0.318964 -0.572210
v -0.368964 0.218068 -0.572210
v -0.433743 0.090932 -0.572210
v -0.456065 -0.050000 -0.572210
v -0.433743 -0.190932 -0.572210
v -0.368964 -0.318068 -0.572210
v -0.268068 -0.418964 -0.572210
v -0.140932 -0.483743 -0.572210
v 0.000000 -0.506065 -0.572210
v 0.140932 -0.483743 -0.572210
v 0.268068 -0.418964 -0.572210
v 0.368964 -0.318068 -0.572210
v 0.433743 -0.190932 -0.572210
v 0.456065 -0.050000 -0.572210
v 0.444326 -0.050000 -0.623528
v 0.422579 0.087304 -0.623528
v 0.359467 0.211168 -0.623528
v 0.261168 0.309467 -0.623528
v 0.137304 0.372579 -0.623528
v 0.000000 0.394326 -0.623528
v -0.137304 0.372579 -0.623528
v -0.261168 0.309467 -0.623528
v -0.359467 0.211168 -0.623528
v -0.422579 0.087304 -0.623528
v -0.444326 -0.050000 -0.623528
v -0.422579 -0.187304 -0.623528
v -0.359467 -0.311168 -0.623528
v -0.261168 -0.409467 -0.623528
v -0.137304 -0.472579 -0.623528
v 0.000000 -0.494326 -0.623528
v 0.137304 -0.472579 -0.623528
v 0.261168 -0.409467 -0.623528
v 0.359467 -0.311168 -0.623528
v 0.422579 -0.187304 -0.623528
v 0.444326 -0.050000 -0.623528
v 0.424985 -0.050000 -0.673073
v 0.404184 0.081327 -0.673073
v 0.343820 0.199800 -0.673073
v 0.249800 0.293820 -0.673073
v 0.131327 0.354184 -0.673073
v 0.000000 0.374985 -0.673073
v -0.131327 0.354184 -0.673073
v -0.249800 0.293820 -0.673073
v -0.343820 0.199800 -0.673073
v -0.404184 0.081327 -0.673073
v -0.424985 -0.050000 -0.673073
v -0.404184 -0.181327 -0.673073
v -0.343820 -0.299800 -0.673073
v -0.249800 -0.393820 -0.673073
v -0.131327 -0.454184 -0.673073
v 0.000000 -0.474985 -0.673073
v 0.131327 -0.454184 -0.673073
v 0.249800 -0.393820 -0.673073
v 0.343820 -0.299800 -0.673073
v 0.404184 -0.181327 -0.673073
v 0.424985 -0.050000 -0.673073
v 0.398372 -0.050000 -0.720000
v 0.378874 0.073104 -0.720000
v 0.322289 0.184157 -0.720000
v 0.234157 0.272289 -0.720000
v 0.123104 0.328874 -0.720000
v 0.000000 0.348372 -0.720000
v -0.123104 0.328874 -0.720000
v -0.234157 0.272289 -0.720000
v -0.322289 0.184157 -0.720000
v -0.378874 0.073104 -0.720000
v -0.398372 -0.050000 -0.720000
v -0.378874 -0.173104 -0.720000
v -0.322289 -0.284157 -0.720000
v -0.234157 -0.372289 -0.720000
v -0.123104 -0.428874 -0.720000
v 0.000000 -0.448372 -0.720000
v 0.123104 -0.428874 -0.720000
v 0.234157 -0.372289 -0.720000
v 0.322289 -0.284157 -0.720000
v 0.378874 -0.173104 -0.720000
v 0.398372 -0.050000 -0.720000
v 0.364943 -0.050000 -0.763505
v 0.347081 0.062773 -0.763505
v 0.295245 0.164508 -0.763505
v 0.214508 0.245245 -0.763505
v 0.112773 0.297081 -0.763505
v 0.000000 0.314943 -0.763505
v -0.112773 0.297081 -0.763505
v -0.214508 0.245245 -0.763505
v -0.295245 0.164508 -0.763505
v -0.347081 0.062773 -0.763505
v -0.364943 -0.050000 -0.763505
v -0.347081 -0.162773 -0.763505
v -0.295245 -0.264508 -0.763505
v -0.214508 -0.345245 -0.763505
v -0.112773 -0.397081 -0.763505
v 0.000000 -0.414943 -0.763505
v 0.112773 -0.397081 -0.763505
v 0.214508 -0.345245 -0.763505
v 0.295245 -0.264508 -0.763505
v 0.347081 -0.162773 -0.763505
v 0.364943 -0.050000 -0.763505
v 0.325269 -0.050000 -0.802843
v 0.309349 0.050514 -0.802843
v 0.263148 0.141188 -0.802843
v 0.191188 0.213148 -0.802843
v 0.100514 0.259349 -0.802843
v 0.000000 0.275269 -0.802843
v -0.100514 0.259349 -0.802843
v -0.191188 0.213148 -0.802843
v -0.263148 0.141188 -0.802843
v -0.309349 0.050514 -0.802843
v -0.325269 -0.050000 -0.802843
v -0.309349 -0.150514 -0.802843
v -0.263148 -0.241188 -0.802843
v -0.191188 -0.313148 -0.802843
v -0.100514 -0.359349 -0.802843
v 0.000000 -0.375269 -0.802843
v 0.100514 -0.359349 -0.802843
v 0.191188 -0.313148 -0.802843
v 0.263148 -0.241188 -0.802843
v 0.309349 -0.150514 -0.802843
v 0.325269 -0.050000 -0.802843
v 0.280030 -0.050000 -0.837341
v 0.266325 0.036534 -0.837341
v 0.226549 0.114598 -0.837341
v 0.164598 0.176549 -0.837341
v 0.086534 0.216325 -0.837341
v 0.000000 0.230030 -0.837341
v -0.086534 0.216325 -0.837341
v -0.164598 0.176549 -0.837341
v -0.226549 0.114598 -0.837341
v -0.266325 0.036534 -0.837341
v -0.280030 -0.050000 -0.837341
v -0.266325 -0.136534 -0.837341
v -0.226549 -0.214598 -0.837341
v -0.164598 -0.276549 -0.837341
v -0.086534 -0.316325 -0.837341
v 0.000000 -0.330030 -0.837341
v 0.086534 -0.316325 -0.837341
v 0.164598 -0.276549 -0.837341
v 0.226549 -0.214598 -0.837341
v 0.266325 -0.136534 -0.837341
v 0.280030 -0.050000 -0.837341
v 0.230000 -0.050000 -0.866410
v 0.218743 0.021074 -0.866410
v 0.186074 0.085191 -0.866410
v 0.135191 0.136074 -0.866410
v 0.071074 0.168743 -0.866410
v 0.000000 0.180000 -0.866410
v -0.071074 0.168743 -0.866410
v -0.135191 0.136074 -0.866410
v -0.186074 0.085191 -0.866410
v -0.218743 0.021074 -0.866410
v -0.230000 -0.050000 -0.866410
v -0.218743 -0.121074 -0.866410
v -0.186074 -0.185191 -0.866410
v -0.135191 -0.236074 -0.866410
v -0.071074 -0.268743 -0.866410
v 0.000000 -0.280000 -0.866410
v 0.071074 -0.268743 -0.866410
v 0.135191 -0.236074 -0.866410
v 0.186074 -0.185191 -0.866410
v 0.218743 -0.121074 -0.866410
v 0.230000 -0.050000 -0.866410
v 0.176034 -0.050000 -0.889552
v 0.167419 0.004398 -0.889552
v 0.142415 0.053470 -0.889552
v 0.103470 0.092415 -0.889552
v 0.054398 0.117419 -0.889552
v 0.000000 0.126034 -0.889552
v -0.054398 0.117419 -0.889552
v -0.103470 0.092415 -0.889552
v -0.142415 0.053470 -0.889552
v -0.167419 0.004398 -0.889552
v -0.176034 -0.050000 -0.889552
v -0.167419 -0.104398 -0.889552
v -0.142415 -0.153470 -0.889552
v -0.103470 -0.192415 -0.889552
v -0.054398 -0.217419 -0.889552
v 0.000000 -0.226034 -0.889552
v 0.054398 -0.217419 -0.889552
v 0.103470 -0.192415 -0.889552
v 0.142415 -0.153470 -0.889552
v 0.167419 -0.104398 -0.889552
v 0.176034 -0.050000 -0.889552
v 0.119057 -0.050000 -0.906370
v 0.113230 -0.013209 -0.906370
v 0.096319 0.019980 -0.906370
v 0.069980 0.046319 -0.906370
v 0.036791 0.063230 -0.906370
v 0.000000 0.069057 -0.906370
v -0.036791 0.063230 -0.906370
v -0.069980 0.046319 -0.906370
v -0.096319 0.019980 -0.906370
v -0.113230 -0.013209 -0.906370
v -0.119057 -0.050000 -0.906370
v -0.113230 -0.086791 -0.906370
v -0.096319 -0.119980 -0.906370
v -0.069980 -0.146319 -0.906370
v -0.036791 -0.163230 -0.906370
v 0.000000 -0.169057 -0.906370
v 0.036791 -0.163230 -0.906370
v 0.069980 -0.146319 -0.906370
v 0.096319 -0.119980 -0.906370
v 0.113230 -0.086791 -0.906370
v 0.119057 -0.050000 -0.906370
v 0.060042 -0.050000 -0.916578
v 0.057103 -0.031446 -0.916578
v 0.048575 -0.014708 -0.916578
v 0.035292 -0.001425 -0.916578
v 0.018554 0.007103 -0.916578
v 0.000000 0.010042 -0.916578
v -0.018554 0.007103 -0.916578
v -0.035292 -0.001425 -0.916578
v -0.048575 -0.014708 -0.916578
v -0.057103 -0.031446 -0.916578
v -0.060042 -0.050000 -0.916578
v -0.057103 -0.068554 -0.916578
v -0.048575 -0.085292 -0.916578
v -0.035292 -0.098575 -0.916578
v -0.018554 -0.107103 -0.916578
v 0.000000 -0.110042 -0.916578
v 0.018554 -0.107103 -0.916578
v 0.035292 -0.098575 -0.916578
v 0.048575 -0.085292 -0.916578
v 0.057103 -0.068554 -0.916578
v 0.060042 -0.050000 -0.916578
v 0.003680 -0.050000 -0.920000
v 0.003500 -0.048863 -0.920000
v 0.002977 -0.047837 -0.920000
v 0.002163 -0.047023 -0.920000
v 0.001137 -0.046500 -0.920000
v 0.000000 -0.046320 -0.920000
v -0.001137 -0.046500 -0.920000
v -0.002163 -0.047023 -0.920000
v -0.002977 -0.047837 -0.920000
v -0.003500 -0.048863 -0.920000
v -0.003680 -0.050000 -0.920000
v -0.003500 -0.051137 -0.920000
v -0.002977 -0.052163 -0.920000
v -0.002163 -0.052977 -0.920000
v -0.001137 -0.053500 -0.920000
v 0.000000 -0.053680 -0.920000
v 0.001137 -0.053500 -0.920000
v 0.002163 -0.052977 -0.920000
v 0.002977 -0.052163 -0.920000
v 0.003500 -0.051137 -0.920000
v 0.003680 -0.050000 -0.920000
vn 0.984963 0.156003 -0.074242
vn 0.930809 0.357716 -0.075058
vn 0.774712 0.627844 -0.075058
vn 0.542780 0.836514 -0.075058
vn 0.257717 0.963301 -0.075058
vn -0.052573 0.995792 -0.075058
vn -0.357716 0.930809 -0.075058
vn -0.627844 0.774712 -0.075058
vn -0.836514 0.542780 -0.075058
vn -0.963301 0.257717 -0.075058
vn -0.995792 -0.052573 -0.075058
vn -0.930809 -0.357716 -0.075058
vn -0.774712 -0.627844 -0.075058
vn -0.542780 -0.836514 -0.075058
vn -0.257717 -0.963301 -0.075058
vn 0.052573 -0.995792 -0.075058
vn 0.357716 -0.930809 -0.075058
vn 0.627844 -0.774712 -0.075058
vn 0.836514 -0.542780 -0.075058
vn 0.963301 -0.257717 -0.075058
vn 0.984963 -0.156003 -0.074242
vn 0.972954 0.154101 -0.172084
vn 0.940545 0.304994 -0.149514
vn 0.800263 0.580711 -0.149514
vn 0.581645 0.799584 -0.149514
vn 0.306093 0.940188 -0.149514
vn 0.000578 0.988759 -0.149514
vn -0.304994 0.940545 -0.149514
vn -0.580711 0.800263 -0.149514
vn -0.799584 0.581645 -0.149514
vn -0.940188 0.306093 -0.149514
vn -0.988759 0.000578 -0.149514
vn -0.940545 -0.304994 -0.149514
vn -0.800263 -0.580711 -0.149514
vn -0.581645 -0.799584 -0.149514
vn -0.306093 -0.940188 -0.149514
vn -0.000578 -0.988759 -0.149514
vn 0.304994 -0.940545 -0.149514
vn 0.580711 -0.800263 -0.149514
vn 0.799584 -0.581645 -0.149514
vn 0.940188 -0.306093 -0.149514
vn 0.980157 -0.155242 -0.123253
vn 0.937722 0.148521 -0.314035
vn 0.909326 0.294280 -0.294151
vn 0.773883 0.560874 -0.294151
vn 0.562687 0.772566 -0.294151
vn 0.296411 0.908634 -0.294151
vn 0.001120 0.955758 -0.294151
vn -0.294280 0.909326 -0.294151
vn -0.560874 0.773883 -0.294151
vn -0.772566 0.562687 -0.294151
vn -0.908634 0.296411 -0.294151
vn -0.955758 0.001120 -0.294151
vn -0.909326 -0.294280 -0.294151
vn -0.773883 -0.560874 -0.294151
vn -0.562687 -0.772566 -0.294151
vn -0.296411 -0.908634 -0.294151
vn -0.001120 -0.955758 -0.294151
vn 0.294280 -0.909326 -0.294151
vn 0.560874 -0.773883 -0.294151
vn 0.772566 -0.562687 -0.294151
vn 0.908634 -0.296411 -0.294151
vn 0.951704 -0.150735 -0.267467
vn 0.883658 0.139958 -0.446721
vn 0.859302 0.277522 -0.429630
vn 0.731486 0.529478 -0.429630
vn 0.532067 0.729605 -0.429630
vn 0.280565 0.858313 -0.429630
vn 0.001600 0.903004 -0.429630
vn -0.277522 0.859302 -0.429630
vn -0.529478 0.731486 -0.429630
vn -0.729605 0.532067 -0.429630
vn -0.858313 0.280565 -0.429630
vn -0.903004 0.001600 -0.429630
vn -0.859302 -0.277522 -0.429630
vn -0.731486 -0.529478 -0.429630
vn -0.532067 -0.729605 -0.429630
vn -0.280565 -0.858313 -0.429630
vn -0.001600 -0.903004 -0.429630
vn 0.277522 -0.859302 -0.429630
vn 0.529478 -0.731486 -0.429630
vn 0.729605 -0.532067 -0.429630
vn 0.858313 -0.280565 -0.429630
vn 0.903652 -0.143124 -0.403644
vn 0.813480 0.128843 -0.567141
vn 0.793215 0.255628 -0.552689
vn 0.675399 0.488233 -0.552689
vn 0.491470 0.673047 -0.552689
vn 0.259433 0.791978 -0.552689
vn 0.002001 0.833385 -0.552689
vn -0.255628 0.793215 -0.552689
vn -0.488233 0.675399 -0.552689
vn -0.673047 0.491470 -0.552689
vn -0.791978 0.259433 -0.552689
vn -0.833385 0.002001 -0.552689
vn -0.793215 -0.255628 -0.552689
vn -0.675399 -0.488233 -0.552689
vn -0.491470 -0.673047 -0.552689
vn -0.259433 -0.791978 -0.552689
vn -0.002001 -0.833385 -0.552689
vn 0.255628 -0.793215 -0.552689
vn 0.488233 -0.675399 -0.552689
vn 0.673047 -0.491470 -0.552689
vn 0.791978 -0.259433 -0.552689
vn 0.838519 -0.132808 -0.528440
vn 0.730223 0.115656 -0.673349
vn 0.714176 0.229613 -0.661234
vn 0.608268 0.439067 -0.661234
vn 0.442818 0.605543 -0.661234
vn 0.234022 0.712744 -0.661234
vn 0.002318 0.750176 -0.661234
vn -0.229613 0.714176 -0.661234
vn -0.439067 0.608268 -0.661234
vn -0.605543 0.442818 -0.661234
vn -0.712744 0.234022 -0.661234
vn -0.750176 0.002318 -0.661234
vn -0.714176 -0.229613 -0.661234
vn -0.608268 -0.439067 -0.661234
vn -0.442818 -0.605543 -0.661234
vn -0.234022 -0.712744 -0.661234
vn -0.002318 -0.750176 -0.661234
vn 0.229613 -0.714176 -0.661234
vn 0.439067 -0.608268 -0.661234
vn 0.605543 -0.442818 -0.661234
vn 0.712744 -0.234022 -0.661234
vn 0.759280 -0.120258 -0.639556
vn 0.636853 0.100868 -0.764358
vn 0.625236 0.200463 -0.754251
vn 0.532689 0.383860 -0.754251
vn 0.387998 0.529682 -0.754251
vn 0.205327 0.623656 -0.754251
vn 0.002557 0.656582 -0.754251
vn -0.200463 0.625236 -0.754251
vn -0.383860 0.532689 -0.754251
vn -0.529682 0.387998 -0.754251
vn -0.623656 0.205327 -0.754251
vn -0.656582 0.002557 -0.754251
vn -0.625236 -0.200463 -0.754251
vn -0.532689 -0.383860 -0.754251
vn -0.387998 -0.529682 -0.754251
vn -0.205327 -0.623656 -0.754251
vn -0.002557 -0.656582 -0.754251
vn 0.200463 -0.625236 -0.754251
vn 0.383860 -0.532689 -0.754251
vn 0.529682 -0.387998 -0.754251
vn 0.623656 -0.205327 -0.754251
vn 0.668964 -0.105953 -0.735704
vn 0.536010 0.084896 -0.839932
vn 0.529091 0.169042 -0.831558
vn 0.450958 0.324266 -0.831558
vn 0.328683 0.447749 -0.831558
vn 0.174234 0.527404 -0.831558
vn 0.002730 0.555432 -0.831558
vn -0.169042 0.529091 -0.831558
vn -0.324266 0.450958 -0.831558
vn -0.447749 0.328683 -0.831558
vn -0.527404 0.174234 -0.831558
vn -0.555432 0.002730 -0.831558
vn -0.529091 -0.169042 -0.831558
vn -0.450958 -0.324266 -0.831558
vn -0.328683 -0.447749 -0.831558
vn -0.174234 -0.527404 -0.831558
vn -0.002730 -0.555432 -0.831558
vn 0.169042 -0.529091 -0.831558
vn 0.324266 -0.450958 -0.831558
vn 0.447749 -0.328683 -0.831558
vn 0.527404 -0.174234 -0.831558
vn 0.570341 -0.090333 -0.816426
vn 0.429877 0.068086 -0.900317
vn 0.427941 0.136051 -0.893508
vn 0.364954 0.261633 -0.893508
vn 0.266243 0.361605 -0.893508
vn 0.141470 0.426180 -0.893508
vn 0.002849 0.449038 -0.893508
vn -0.136051 0.427941 -0.893508
vn -0.261633 0.364954 -0.893508
vn -0.361605 0.266243 -0.893508
vn -0.426180 0.141470 -0.893508
vn -0.449038 0.002849 -0.893508
vn -0.427941 -0.136051 -0.893508
vn -0.364954 -0.261633 -0.893508
vn -0.266243 -0.361605 -0.893508
vn -0.141470 -0.426180 -0.893508
vn -0.002849 -0.449038 -0.893508
vn 0.136051 -0.427941 -0.893508
vn 0.261633 -0.364954 -0.893508
vn 0.361605 -0.266243 -0.893508
vn 0.426180 -0.141470 -0.893508
vn 0.465753 -0.073768 -0.881835
vn 0.320167 0.050709 -0.946003
vn 0.323476 0.102026 -0.940720
vn 0.276116 0.196992 -0.940720
vn 0.201728 0.272675 -0.940720
vn 0.107594 0.321667 -0.940720
vn 0.002927 0.339171 -0.940720
vn -0.102026 0.323476 -0.940720
vn -0.196992 0.276116 -0.940720
vn -0.272675 0.201728 -0.940720
vn -0.321667 0.107594 -0.940720
vn -0.339171 0.002927 -0.940720
vn -0.323476 -0.102026 -0.940720
vn -0.276116 -0.196992 -0.940720
vn -0.201728 -0.272675 -0.940720
vn -0.107594 -0.321667 -0.940720
vn -0.002927 -0.339171 -0.940720
vn 0.102026 -0.323476 -0.940720
vn 0.196992 -0.276116 -0.940720
vn 0.272675 -0.201728 -0.940720
vn 0.321667 -0.107594 -0.940720
vn 0.357068 -0.056554 -0.932365
vn 0.208172 0.032971 -0.977536
vn 0.216933 0.067358 -0.973860
vn 0.185501 0.131097 -0.973860
vn 0.135911 0.182004 -0.973860
vn 0.073017 0.215095 -0.973860
vn 0.002975 0.227130 -0.973860
vn -0.067358 0.216933 -0.973860
vn -0.131097 0.185501 -0.973860
vn -0.182004 0.135911 -0.973860
vn -0.215095 0.073017 -0.973860
vn -0.227130 0.002975 -0.973860
vn -0.216933 -0.067358 -0.973860
vn -0.185501 -0.131097 -0.973860
vn -0.135911 -0.182004 -0.973860
vn -0.073017 -0.215095 -0.973860
vn -0.002975 -0.227130 -0.973860
vn 0.067358 -0.216933 -0.973860
vn 0.131097 -0.185501 -0.973860
vn 0.182004 -0.135911 -0.973860
vn 0.215095 -0.073017 -0.973860
vn 0.245710 -0.038917 -0.968562
vn 0.097328 0.015415 -0.995133
vn 0.110923 0.032989 -0.993281
vn 0.095300 0.065651 -0.993281
vn 0.070348 0.091887 -0.993281
vn 0.038510 0.109129 -0.993281
vn 0.002903 0.115688 -0.993281
vn -0.032989 0.110923 -0.993281
vn -0.065651 0.095300 -0.993281
vn -0.091887 0.070348 -0.993281
vn -0.109129 0.038510 -0.993281
vn -0.115688 0.002903 -0.993281
vn -0.110923 -0.032989 -0.993281
vn -0.095300 -0.065651 -0.993281
vn -0.070348 -0.091887 -0.993281
vn -0.038510 -0.109129 -0.993281
vn -0.002903 -0.115688 -0.993281
vn 0.032989 -0.110923 -0.993281
vn 0.065651 -0.095300 -0.993281
vn 0.091887 -0.070348 -0.993281
vn 0.109129 -0.038510 -0.993281
vn 0.133970 -0.021219 -0.990758
vn 0.060601 0.009598 -0.998116
vn 0.058626 0.015685 -0.998157
vn 0.050910 0.033033 -0.998157
vn 0.038210 0.047149 -0.998157
vn 0.021771 0.056649 -0.998157
vn 0.003200 0.060604 -0.998157
vn -0.015685 0.058626 -0.998157
vn -0.033033 0.050910 -0.998157
vn -0.047149 0.038210 -0.998157
vn -0.056649 0.021771 -0.998157
vn -0.060604 0.003200 -0.998157
vn -0.058626 -0.015685 -0.998157
vn -0.050910 -0.033033 -0.998157
vn -0.038210 -0.047149 -0.998157
vn -0.021771 -0.056649 -0.998157
vn -0.003200 -0.060604 -0.998157
vn 0.015685 -0.058626 -0.998157
vn 0.033033 -0.050910 -0.998157
vn 0.047149 -0.038210 -0.998157
vn 0.056649 -0.021771 -0.998157
vn 0.060601 -0.009598 -0.998116
usemtl lacquer_black
f 5405 5426 5427
f 5405 5427 5406
f 5406 5427 5428
f 5406 5428 5407
f 5407 5428 5429
f 5407 5429 5408
f 5408 5429 5430
f 5408 5430 5409
f 5409 5430 5431
f 5409 5431 5410
f 5410 5431 5432
f 5410 5432 5411
f 5411 5432 5433
f 5411 5433 5412
f 5412 5433 5434
f 5412 5434 5413
f 5413 5434 5435
f 5413 5435 5414
f 5414 5435 5436
f 5414 5436 5415
f 5415 5436 5437
f 5415 5437 5416
f 5416 5437 5438
f 5416 5438 5417
f 5417 5438 5439
f 5417 5439 5418
f 5418 5439 5440
f 5418 5440 5419
f 5419 5440 5441
f 5419 5441 5420
f 5420 5441 5442
f 5420 5442 5421
f 5421 5442 5443
f 5421 5443 5422
f 5422 5443 5444
f 5422 5444 5423
f 5423 5444 5445
f 5423 5445 5424
f 5424 5445 5446
f 5424 5446 5425
f 5426 5447 5448
f 5426 5448 5427
f 5427 5448 5449
f 5427 5449 5428
f 5428 5449 5450
f 5428 5450 5429
f 5429 5450 5451
f 5429 5451 5430
f 5430 5451 5452
f 5430 5452 5431
f 5431 5452 5453
f 5431 5453 5432
f 5432 5453 5454
f 5432 5454 5433
f 5433 5454 5455
f 5433 5455 5434
f 5434 5455 5456
f 5434 5456 5435
f 5435 5456 5457
f 5435 5457 5436
f 5436 5457 5458
f 5436 5458 5437
f 5437 5458 5459
f 5437 5459 5438
f 5438 5459 5460
f 5438 5460 5439
f 5439 5460 5461
f 5439 5461 5440
f 5440 5461 5462
f 5440 5462 5441
f 5441 5462 5463
f 5441 5463 5442
f 5442 5463 5464
f 5442 5464 5443
f 5443 5464 5465
f 5443 5465 5444
f 5444 5465 5466
f 5444 5466 5445
f 5445 5466 5467
f 5445 5467 5446
f 5447 5468 5469
f 5447 5469 5448
f 5448 5469 5470
f 5448 5470 5449
f 5449 5470 5471
f 5449 5471 5450
f 5450 5471 5472
f 5450 5472 5451
f 5451 5472 5473
f 5451 5473 5452
f 5452 5473 5474
f 5452 5474 5453
f 5453 5474 5475
f 5453 5475 5454
f 5454 5475 5476
f 5454 5476 5455
f 5455 5476 5477
f 5455 5477 5456
f 5456 5477 5478
f 5456 5478 5457
f 5457 5478 5479
f 5457 5479 5458
f 5458 5479 5480
f 5458 5480 5459
f 5459 5480 5481
f 5459 5481 5460
f 5460 5481 5482
f 5460 5482 5461
f 5461 5482 5483
f 5461 5483 5462
f 5462 5483 5484
f 5462 5484 5463
f 5463 5484 5485
f 5463 5485 5464
f 5464 5485 5486
f 5464 5486 5465
f 5465 5486 5487
f 5465 5487 5466
f 5466 5487 5488
f 5466 5488 5467
f 5468 5489 5490
f 5468 5490 5469
f 5469 5490 5491
f 5469 5491 5470
f 5470 5491 5492
f 5470 5492 5471
f 5471 5492 5493
f 5471 5493 5472
f 5472 5493 5494
f 5472 5494 5473
f 5473 5494 5495
f 5473 5495 5474
f 5474 5495 5496
f 5474 5496 5475
f 5475 5496 5497
f 5475 5497 5476
f 5476 5497 5498
f 5476 5498 5477
f 5477 5498 5499
f 5477 5499 5478
f 5478 5499 5500
f 5478 5500 5479
f 5479 5500 5501
f 5479 5501 5480
f 5480 5501 5502
f 5480 5502 5481
f 5481 5502 5503
f 5481 5503 5482
f 5482 5503 5504
f 5482 5504 5483
f 5483 5504 5505
f 5483 5505 5484
f 5484 5505 5506
f 5484 5506 5485
f 5485 5506 5507
f 5485 5507 5486
f 5486 5507 5508
f 5486 5508 5487
f 5487 5508 5509
f 5487 5509 5488
f 5489 5510 5511
f 5489 5511 5490
f 5490 5511 5512
f 5490 5512 5491
f 5491 5512 5513
f 5491 5513 5492
f 5492 5513 5514
f 5492 5514 5493
f 5493 5514 5515
f 5493 5515 5494
f 5494 5515 5516
f 5494 5516 5495
f 5495 5516 5517
f 5495 5517 5496
f 5496 5517 5518
f 5496 5518 5497
f 5497 5518 5519
f 5497 5519 5498
f 5498 5519 5520
f 5498 5520 5499
f 5499 5520 5521
f 5499 5521 5500
f 5500 5521 5522
f 5500 5522 5501
f 5501 5522 5523
f 5501 5523 5502
f 5502 5523 5524
f 5502 5524 5503
f 5503 5524 5525
f 5503 5525 5504
f 5504 5525 5526
f 5504 5526 5505
f 5505 5526 5527
f 5505 5527 5506
f 5506 5527 5528
f 5506 5528 5507
f 5507 5528 5529
f 5507 5529 5508
f 5508 5529 5530
f 5508 5530 5509
f 5510 5531 5532
f 5510 5532 5511
f 5511 5532 5533
f 5511 5533 5512
f 5512 5533 5534
f 5512 5534 5513
f 5513 5534 5535
f 5513 5535 5514
f 5514 5535 5536
f 5514 5536 5515
f 5515 5536 5537
f 5515 5537 5516
f 5516 5537 5538
f 5516 5538 5517
f 5517 5538 5539
f 5517 5539 5518
f 5518 5539 5540
f 5518 5540 5519
f 5519 5540 5541
f 5519 5541 5520
f 5520 5541 5542
f 5520 5542 5521
f 5521 5542 5543
f 5521 5543 5522
f 5522 5543 5544
f 5522 5544 5523
f 5523 5544 5545
f 5523 5545 5524
f 5524 5545 5546
f 5524 5546 5525
f 5525 5546 5547
f 5525 5547 5526
f 5526 5547 5548
f 5526 5548 5527
f 5527 5548 5549
f 5527 5549 5528
f 5528 5549 5550
f 5528 5550 5529
f 5529 5550 5551
f 5529 5551 5530
f 5531 5552 5553
f 5531 5553 5532
f 5532 5553 5554
f 5532 5554 5533
f 5533 5554 5555
f 5533 5555 5534
f 5534 5555 5556
f 5534 5556 5535
f 5535 5556 5557
f 5535 5557 5536
f 5536 5557 5558
f 5536 5558 5537
f 5537 5558 5559
f 5537 5559 5538
f 5538 5559 5560
f 5538 5560 5539
f 5539 5560 5561
f 5539 5561 5540
f 5540 5561 5562
f 5540 5562 5541
f 5541 5562 5563
f 5541 5563 5542
f 5542 5563 5564
f 5542 5564 5543
f 5543 5564 5565
f 5543 5565 5544
f 5544 5565 5566
f 5544 5566 5545
f 5545 5566 5567
f 5545 5567 5546
f 5546 5567 5568
f 5546 5568 5547
f 5547 5568 5569
f 5547 5569 5548
f 5548 5569 5570
f 5548 5570 5549
f 5549 5570 5571
f 5549 5571 5550
f 5550 5571 5572
f 5550 5572 5551
f 5552 5573 5574
f 5552 5574 5553
f 5553 5574 5575
f 5553 5575 5554
f 5554 5575 5576
f 5554 5576 5555
f 5555 5576 5577
f 5555 5577 5556
f 5556 5577 5578
f 5556 5578 5557
f 5557 5578 5579
f 5557 5579 5558
f 5558 5579 5580
f 5558 5580 5559
f 5559 5580 5581
f 5559 5581 5560
f 5560 5581 5582
f 5560 5582 5561
f 5561 5582 5583
f 5561 5583 5562
f 5562 5583 5584
f 5562 5584 5563
f 5563 5584 5585
f 5563 5585 5564
f 5564 5585 5586
f 5564 5586 5565
f 5565 5586 5587
f 5565 5587 5566
f 5566 5587 5588
f 5566 5588 5567
f 5567 5588 5589
f 5567 5589 5568
f 5568 5589 5590
f 5568 5590 5569
f 5569 5590 5591
f 5569 5591 5570
f 5570 5591 5592
f 5570 5592 5571
f 5571 5592 5593
f 5571 5593 5572
f 5573 5594 5595
f 5573 5595 5574
f 5574 5595 5596
f 5574 5596 5575
f 5575 5596 5597
f 5575 5597 5576
f 5576 5597 5598
f 5576 5598 5577
f 5577 5598 5599
f 5577 5599 5578
f 5578 5599 5600
f 5578 5600 5579
f 5579 5600 5601
f 5579 5601 5580
f 5580 5601 5602
f 5580 5602 5581
f 5581 5602 5603
f 5581 5603 5582
f 5582 5603 5604
f 5582 5604 5583
f 5583 5604 5605
f 5583 5605 5584
f 5584 5605 5606
f 5584 5606 5585
f 5585 5606 5607
f 5585 5607 5586
f 5586 5607 5608
f 5586 5608 5587
f 5587 5608 5609
f 5587 5609 5588
f 5588 5609 5610
f 5588 5610 5589
f 5589 5610 5611
f 5589 5611 5590
f 5590 5611 5612
f 5590 5612 5591
f 5591 5612 5613
f 5591 5613 5592
f 5592 5613 5614
f 5592 5614 5593
f 5594 5615 5616
f 5594 5616 5595
f 5595 5616 5617
f 5595 5617 5596
f 5596 5617 5618
f 5596 5618 5597
f 5597 5618 5619
f 5597 5619 5598
f 5598 5619 5620
f 5598 5620 5599
f 5599 5620 5621
f 5599 5621 5600
f 5600 5621 5622
f 5600 5622 5601
f 5601 5622 5623
f 5601 5623 5602
f 5602 5623 5624
f 5602 5624 5603
f 5603 5624 5625
f 5603 5625 5604
f 5604 5625 5626
f 5604 5626 5605
f 5605 5626 5627
f 5605 5627 5606
f 5606 5627 5628
f 5606 5628 5607
f 5607 5628 5629
f 5607 5629 5608
f 5608 5629 5630
f 5608 5630 5609
f 5609 5630 5631
f 5609 5631 5610
f 5610 5631 5632
f 5610 5632 5611
f 5611 5632 5633
f 5611 5633 5612
f 5612 5633 5634
f 5612 5634 5613
f 5613 5634 5635
f 5613 5635 5614
f 5615 5636 5637
f 5615 5637 5616
f 5616 5637 5638
f 5616 5638 5617
f 5617 5638 5639
f 5617 5639 5618
f 5618 5639 5640
f 5618 5640 5619
f 5619 5640 5641
f 5619 5641 5620
f 5620 5641 5642
f 5620 5642 5621
f 5621 5642 5643
f 5621 5643 5622
f 5622 5643 5644
f 5622 5644 5623
f 5623 5644 5645
f 5623 5645 5624
f 5624 5645 5646
f 5624 5646 5625
f 5625 5646 5647
f 5625 5647 5626
f 5626 5647 5648
f 5626 5648 5627
f 5627 5648 5649
f 5627 5649 5628
f 5628 5649 5650
f 5628 5650 5629
f 5629 5650 5651
f 5629 5651 5630
f 5630 5651 5652
f 5630 5652 5631
f 5631 5652 5653
f 5631 5653 5632
f 5632 5653 5654
f 5632 5654 5633
f 5633 5654 5655
f 5633 5655 5634
f 5634 5655 5656
f 5634 5656 5635
f 5636 5657 5658
f 5636 5658 5637
f 5637 5658 5659
f 5637 5659 5638
f 5638 5659 5660
f 5638 5660 5639
f 5639 5660 5661
f 5639 5661 5640
f 5640 5661 5662
f 5640 5662 5641
f 5641 5662 5663
f 5641 5663 5642
f 5642 5663 5664
f 5642 5664 5643
f 5643 5664 5665
f 5643 5665 5644
f 5644 5665 5666
f 5644 5666 5645
f 5645 5666 5667
f 5645 5667 5646
f 5646 5667 5668
f 5646 5668 5647
f 5647 5668 5669
f 5647 5669 5648
f 5648 5669 5670
f 5648 5670 5649
f 5649 5670 5671
f 5649 5671 5650
f 5650 5671 5672
f 5650 5672 5651
f 5651 5672 5673
f 5651 5673 5652
f 5652 5673 5674
f 5652 5674 5653
f 5653 5674 5675
f 5653 5675 5654
f 5654 5675 5676
f 5654 5676 5655
f 5655 5676 5677
f 5655 5677 5656
o vambrace_L
v 0.560000 -0.900000 0.000000
v 0.520000 -0.050000 0.000000
v 0.532592 -0.900000 0.173050
v 0.494549 -0.050000 0.160689
v 0.453050 -0.900000 0.329160
v 0.420689 -0.050000 0.305648
v 0.329160 -0.900000 0.453050
v 0.305648 -0.050000 0.420689
v 0.173050 -0.900000 0.532592
v 0.160689 -0.050000 0.494549
v 0.000000 -0.900000 0.560000
v 0.000000 -0.050000 0.520000
v -0.173050 -0.900000 0.532592
v -0.160689 -0.050000 0.494549
v -0.329160 -0.900000 0.453050
v -0.305648 -0.050000 0.420689
v -0.453050 -0.900000 0.329160
v -0.420689 -0.050000 0.305648
v -0.532592 -0.900000 0.173050
v -0.494549 -0.050000 0.160689
v -0.560000 -0.900000 0.000000
v -0.520000 -0.050000 0.000000
v -0.532592 -0.900000 -0.173050
v -0.494549 -0.050000 -0.160689
v -0.453050 -0.900000 -0.329160
v -0.420689 -0.050000 -0.305648
v -0.329160 -0.900000 -0.453050
v -0.305648 -0.050000 -0.420689
v -0.173050 -0.900000 -0.532592
v -0.160689 -0.050000 -0.494549
v 0.000000 -0.900000 -0.560000
v 0.000000 -0.050000 -0.520000
v 0.173050 -0.900000 -0.532592
v 0.160689 -0.050000 -0.494549
v 0.329160 -0.900000 -0.453050
v 0.305648 -0.050000 -0.420689
v 0.453050 -0.900000 -0.329160
v 0.420689 -0.050000 -0.305648
v 0.532592 -0.900000 -0.173050
v 0.494549 -0.050000 -0.160689
v 0.560000 -0.900000 -0.000000
v 0.520000 -0.050000 -0.000000
vn 0.986623 0.046429 0.156266
vn 0.986623 0.046429 0.156266
vn 0.932413 0.046942 0.358333
vn 0.964961 0.046942 0.258161
vn 0.776047 0.046942 0.628926
vn 0.837956 0.046942 0.543715
vn 0.543715 0.046942 0.837956
vn 0.628926 0.046942 0.776047
vn 0.258161 0.046942 0.964961
vn 0.358333 0.046942 0.932413
vn -0.052663 0.046942 0.997508
vn 0.052663 0.046942 0.997508
vn -0.358333 0.046942 0.932413
vn -0.258161 0.046942 0.964961
vn -0.628926 0.046942 0.776047
vn -0.543715 0.046942 0.837956
vn -0.837956 0.046942 0.543715
vn -0.776047 0.046942 0.628926
vn -0.964961 0.046942 0.258161
vn -0.932413 0.046942 0.358333
vn -0.997508 0.046942 -0.052663
vn -0.997508 0.046942 0.052663
vn -0.932413 0.046942 -0.358333
vn -0.964961 0.046942 -0.258161
vn -0.776047 0.046942 -0.628926
vn -0.837956 0.046942 -0.543715
vn -0.543715 0.046942 -0.837956
vn -0.628926 0.046942 -0.776047
vn -0.258161 0.046942 -0.964961
vn -0.358333 0.046942 -0.932413
vn 0.052663 0.046942 -0.997508
vn -0.052663 0.046942 -0.997508
vn 0.358333 0.046942 -0.932413
vn 0.258161 0.046942 -0.964961
vn 0.628926 0.046942 -0.776047
vn 0.543715 0.046942 -0.837956
vn 0.837956 0.046942 -0.543715
vn 0.776047 0.046942 -0.628926
vn 0.964961 0.046942 -0.258161
vn 0.932413 0.046942 -0.358333
vn 0.986623 0.046429 -0.156266
vn 0.986623 0.046429 -0.156266
usemtl lacquer_black
f 5678 5679 5681
f 5678 5681 5680
f 5680 5681 5683
f 5680 5683 5682
f 5682 5683 5685
f 5682 5685 5684
f 5684 5685 5687
f 5684 5687 5686
f 5686 5687 5689
f 5686 5689 5688
f 5688 5689 5691
f 5688 5691 5690
f 5690 5691 5693
f 5690 5693 5692
f 5692 5693 5695
f 5692 5695 5694
f 5694 5695 5697
f 5694 5697 5696
f 5696 5697 5699
f 5696 5699 5698
f 5698 5699 5701
f 5698 5701 5700
f 5700 5701 5703
f 5700 5703 5702
f 5702 5703 5705
f 5702 5705 5704
f 5704 5705 5707
f 5704 5707 5706
f 5706 5707 5709
f 5706 5709 5708
f 5708 5709 5711
f 5708 5711 5710
f 5710 5711 5713
f 5710 5713 5712
f 5712 5713 5715
f 5712 5715 5714
f 5714 5715 5717
f 5714 5717 5716
f 5716 5717 5719
f 5716 5719 5718
o gauntlet_L
v 0.560000 -0.820000 0.000000
v 0.532592 -0.820000 0.173050
v 0.453050 -0.820000 0.329160
v 0.329160 -0.820000 0.453050
v 0.173050 -0.820000 0.532592
v 0.000000 -0.820000 0.560000
v -0.173050 -0.820000 0.532592
v -0.329160 -0.820000 0.453050
v -0.453050 -0.820000 0.329160
v -0.532592 -0.820000 0.173050
v -0.560000 -0.820000 0.000000
v -0.532592 -0.820000 -0.173050
v -0.453050 -0.820000 -0.329160
v -0.329160 -0.820000 -0.453050
v -0.173050 -0.820000 -0.532592
v 0.000000 -0.820000 -0.560000
v 0.173050 -0.820000 -0.532592
v 0.329160 -0.820000 -0.453050
v 0.453050 -0.820000 -0.329160
v 0.532592 -0.820000 -0.173050
v 0.560000 -0.820000 -0.000000
v 0.550000 -0.920000 0.000000
v 0.523081 -0.920000 0.169959
v 0.444959 -0.920000 0.323282
v 0.323282 -0.920000 0.444959
v 0.169959 -0.920000 0.523081
v 0.000000 -0.920000 0.550000
v -0.169959 -0.920000 0.523081
v -0.323282 -0.920000 0.444959
v -0.444959 -0.920000 0.323282
v -0.523081 -0.920000 0.169959
v -0.550000 -0.920000 0.000000
v -0.523081 -0.920000 -0.169959
v -0.444959 -0.920000 -0.323282
v -0.323282 -0.920000 -0.444959
v -0.169959 -0.920000 -0.523081
v 0.000000 -0.920000 -0.550000
v 0.169959 -0.920000 -0.523081
v 0.323282 -0.920000 -0.444959
v 0.444959 -0.920000 -0.323282
v 0.523081 -0.920000 -0.169959
v 0.550000 -0.920000 -0.000000
v 0.500000 -1.000000 0.000000
v 0.475528 -1.000000 0.154508
v 0.404508 -1.000000 0.293893
v 0.293893 -1.000000 0.404508
v 0.154508 -1.000000 0.475528
v 0.000000 -1.000000 0.500000
v -0.154508 -1.000000 0.475528
v -0.293893 -1.000000 0.404508
v -0.404508 -1.000000 0.293893
v -0.475528 -1.000000 0.154508
v -0.500000 -1.000000 0.000000
v -0.475528 -1.000000 -0.154508
v -0.404508 -1.000000 -0.293893
v -0.293893 -1.000000 -0.404508
v -0.154508 -1.000000 -0.475528
v 0.000000 -1.000000 -0.500000
v 0.154508 -1.000000 -0.475528
v 0.293893 -1.000000 -0.404508
v 0.404508 -1.000000 -0.293893
v 0.475528 -1.000000 -0.154508
v 0.500000 -1.000000 -0.000000
v 0.420000 -1.050000 0.000000
v 0.399444 -1.050000 0.129787
v 0.339787 -1.050000 0.246870
v 0.246870 -1.050000 0.339787
v 0.129787 -1.050000 0.399444
v 0.000000 -1.050000 0.420000
v -0.129787 -1.050000 0.399444
v -0.246870 -1.050000 0.339787
v -0.339787 -1.050000 0.246870
v -0.399444 -1.050000 0.129787
v -0.420000 -1.050000 0.000000
v -0.399444 -1.050000 -0.129787
v -0.339787 -1.050000 -0.246870
v -0.246870 -1.050000 -0.339787
v -0.129787 -1.050000 -0.399444
v 0.000000 -1.050000 -0.420000
v 0.129787 -1.050000 -0.399444
v 0.246870 -1.050000 -0.339787
v 0.339787 -1.050000 -0.246870
v 0.399444 -1.050000 -0.129787
v 0.420000 -1.050000 -0.000000
v 0.300000 -1.080000 0.000000
v 0.285317 -1.080000 0.092705
v 0.242705 -1.080000 0.176336
v 0.176336 -1.080000 0.242705
v 0.092705 -1.080000 0.285317
v 0.000000 -1.080000 0.300000
v -0.092705 -1.080000 0.285317
v -0.176336 -1.080000 0.242705
v -0.242705 -1.080000 0.176336
v -0.285317 -1.080000 0.092705
v -0.300000 -1.080000 0.000000
v -0.285317 -1.080000 -0.092705
v -0.242705 -1.080000 -0.176336
v -0.176336 -1.080000 -0.242705
v -0.092705 -1.080000 -0.285317
v 0.000000 -1.080000 -0.300000
v 0.092705 -1.080000 -0.285317
v 0.176336 -1.080000 -0.242705
v 0.242705 -1.080000 -0.176336
v 0.285317 -1.080000 -0.092705
v 0.300000 -1.080000 -0.000000
v 0.180000 -1.095000 0.000000
v 0.171190 -1.095000 0.055623
v 0.145623 -1.095000 0.105801
v 0.105801 -1.095000 0.145623
v 0.055623 -1.095000 0.171190
v 0.000000 -1.095000 0.180000
v -0.055623 -1.095000 0.171190
v -0.105801 -1.095000 0.145623
v -0.145623 -1.095000 0.105801
v -0.171190 -1.095000 0.055623
v -0.180000 -1.095000 0.000000
v -0.171190 -1.095000 -0.055623
v -0.145623 -1.095000 -0.105801
v -0.105801 -1.095000 -0.145623
v -0.055623 -1.095000 -0.171190
v 0.000000 -1.095000 -0.180000
v 0.055623 -1.095000 -0.171190
v 0.105801 -1.095000 -0.145623
v 0.145623 -1.095000 -0.105801
v 0.171190 -1.095000 -0.055623
v 0.180000 -1.095000 -0.000000
v 0.008000 -1.100000 0.000000
v 0.007608 -1.100000 0.002472
v 0.006472 -1.100000 0.004702
v 0.004702 -1.100000 0.006472
v 0.002472 -1.100000 0.007608
v 0.000000 -1.100000 0.008000
v -0.002472 -1.100000 0.007608
v -0.004702 -1.100000 0.006472
v -0.006472 -1.100000 0.004702
v -0.007608 -1.100000 0.002472
v -0.008000 -1.100000 0.000000
v -0.007608 -1.100000 -0.002472
v -0.006472 -1.100000 -0.004702
v -0.004702 -1.100000 -0.006472
v -0.002472 -1.100000 -0.007608
v 0.000000 -1.100000 -0.008000
v 0.002472 -1.100000 -0.007608
v 0.004702 -1.100000 -0.006472
v 0.006472 -1.100000 -0.004702
v 0.007608 -1.100000 -0.002472
v 0.008000 -1.100000 -0.000000
vn 0.982906 -0.098291 0.155677
vn 0.961245 -0.099367 0.257167
vn 0.834729 -0.099367 0.541621
vn 0.626504 -0.099367 0.773058
vn 0.356953 -0.099367 0.928822
vn 0.052460 -0.099367 0.993667
vn -0.257167 -0.099367 0.961245
vn -0.541621 -0.099367 0.834729
vn -0.773058 -0.099367 0.626504
vn -0.928822 -0.099367 0.356953
vn -0.993667 -0.099367 0.052460
vn -0.961245 -0.099367 -0.257167
vn -0.834729 -0.099367 -0.541621
vn -0.626504 -0.099367 -0.773058
vn -0.356953 -0.099367 -0.928822
vn -0.052460 -0.099367 -0.993667
vn 0.257167 -0.099367 -0.961245
vn 0.541621 -0.099367 -0.834729
vn 0.773058 -0.099367 -0.626504
vn 0.928822 -0.099367 -0.356953
vn 0.982906 -0.098291 -0.155677
vn 0.957276 -0.246243 0.151618
vn 0.898674 -0.323589 0.296100
vn 0.763190 -0.323589 0.559314
vn 0.552999 -0.323589 0.767778
vn 0.288677 -0.323589 0.901086
vn -0.003903 -0.323589 0.946190
vn -0.296100 -0.323589 0.898674
vn -0.559314 -0.323589 0.763190
vn -0.767778 -0.323589 0.552999
vn -0.901086 -0.323589 0.288677
vn -0.946190 -0.323589 -0.003903
vn -0.898674 -0.323589 -0.296100
vn -0.763190 -0.323589 -0.559314
vn -0.552999 -0.323589 -0.767778
vn -0.288677 -0.323589 -0.901086
vn 0.003903 -0.323589 -0.946190
vn 0.296100 -0.323589 -0.898674
vn 0.559314 -0.323589 -0.763190
vn 0.767778 -0.323589 -0.552999
vn 0.901086 -0.323589 -0.288677
vn 0.908682 -0.391899 -0.143921
vn 0.753473 -0.646558 0.119338
vn 0.669422 -0.707524 0.226460
vn 0.566678 -0.707524 0.422239
vn 0.408464 -0.707524 0.576686
vn 0.210267 -0.707524 0.674684
vn -0.008513 -0.707524 0.706638
vn -0.226460 -0.707524 0.669422
vn -0.422239 -0.707524 0.566678
vn -0.576686 -0.707524 0.408464
vn -0.674684 -0.707524 0.210267
vn -0.706638 -0.707524 -0.008513
vn -0.669422 -0.707524 -0.226460
vn -0.566678 -0.707524 -0.422239
vn -0.408464 -0.707524 -0.576686
vn -0.210267 -0.707524 -0.674684
vn 0.008513 -0.707524 -0.706638
vn 0.226460 -0.707524 -0.669422
vn 0.422239 -0.707524 -0.566678
vn 0.576686 -0.707524 -0.408464
vn 0.674684 -0.707524 -0.210267
vn 0.646948 -0.755618 -0.102467
vn 0.437731 -0.896429 0.069330
vn 0.369357 -0.920422 0.128059
vn 0.311707 -0.920422 0.235929
vn 0.223545 -0.920422 0.320705
vn 0.113501 -0.920422 0.374088
vn -0.007654 -0.920422 0.390852
vn -0.128059 -0.920422 0.369357
vn -0.235929 -0.920422 0.311707
vn -0.320705 -0.920422 0.223545
vn -0.374088 -0.920422 0.113501
vn -0.390852 -0.920422 -0.007654
vn -0.369357 -0.920422 -0.128059
vn -0.311707 -0.920422 -0.235929
vn -0.223545 -0.920422 -0.320705
vn -0.113501 -0.920422 -0.374088
vn 0.007654 -0.920422 -0.390852
vn 0.128059 -0.920422 -0.369357
vn 0.235929 -0.920422 -0.311707
vn 0.320705 -0.920422 -0.223545
vn 0.374088 -0.920422 -0.113501
vn 0.341402 -0.938361 -0.054073
vn 0.203244 -0.978599 0.032191
vn 0.173648 -0.982996 0.059714
vn 0.146697 -0.982996 0.110452
vn 0.105385 -0.982996 0.150378
vn 0.053758 -0.982996 0.175583
vn -0.003131 -0.982996 0.183602
vn -0.059714 -0.982996 0.173648
vn -0.110452 -0.982996 0.146697
vn -0.150378 -0.982996 0.105385
vn -0.175583 -0.982996 0.053758
vn -0.183602 -0.982996 -0.003131
vn -0.173648 -0.982996 -0.059714
vn -0.146697 -0.982996 -0.110452
vn -0.105385 -0.982996 -0.150378
vn -0.053758 -0.982996 -0.175583
vn 0.003131 -0.982996 -0.183602
vn 0.059714 -0.982996 -0.173648
vn 0.110452 -0.982996 -0.146697
vn 0.150378 -0.982996 -0.105385
vn 0.175583 -0.982996 -0.053758
vn 0.163730 -0.986164 -0.025932
vn 0.092455 -0.995609 0.014643
vn 0.072103 -0.997057 0.026066
vn 0.060519 -0.997057 0.047071
vn 0.043011 -0.997057 0.063469
vn 0.021293 -0.997057 0.073654
vn -0.002510 -0.997057 0.076629
vn -0.026066 -0.997057 0.072103
vn -0.047071 -0.997057 0.060519
vn -0.063469 -0.997057 0.043011
vn -0.073654 -0.997057 0.021293
vn -0.076629 -0.997057 -0.002510
vn -0.072103 -0.997057 -0.026066
vn -0.060519 -0.997057 -0.047071
vn -0.043011 -0.997057 -0.063469
vn -0.021293 -0.997057 -0.073654
vn 0.002510 -0.997057 -0.076629
vn 0.026066 -0.997057 -0.072103
vn 0.047071 -0.997057 -0.060519
vn 0.063469 -0.997057 -0.043011
vn 0.073654 -0.997057 -0.021293
vn 0.060771 -0.998105 -0.009625
vn 0.029057 -0.999567 0.004602
vn 0.027161 -0.999577 0.010438
vn 0.022606 -0.999577 0.018321
vn 0.015838 -0.999577 0.024410
vn 0.007520 -0.999577 0.028109
vn -0.001534 -0.999577 0.029057
vn -0.010438 -0.999577 0.027161
vn -0.018321 -0.999577 0.022606
vn -0.024410 -0.999577 0.015838
vn -0.028109 -0.999577 0.007520
vn -0.029057 -0.999577 -0.001534
vn -0.027161 -0.999577 -0.010438
vn -0.022606 -0.999577 -0.018321
vn -0.015838 -0.999577 -0.024410
vn -0.007520 -0.999577 -0.028109
vn 0.001534 -0.999577 -0.029057
vn 0.010438 -0.999577 -0.027161
vn 0.018321 -0.999577 -0.022606
vn 0.024410 -0.999577 -0.015838
vn 0.028109 -0.999577 -0.007520
vn 0.029057 -0.999567 -0.004602
usemtl lacquer_black
f 5721 5742 5741
f 5721 5741 5720
f 5722 5743 5742
f 5722 5742 5721
f 5723 5744 5743
f 5723 5743 5722
f 5724 5745 5744
f 5724 5744 5723
f 5725 5746 5745
f 5725 5745 5724
f 5726 5747 5746
f 5726 5746 5725
f 5727 5748 5747
f 5727 5747 5726
f 5728 5749 5748
f 5728 5748 5727
f 5729 5750 5749
f 5729 5749 5728
f 5730 5751 5750
f 5730 5750 5729
f 5731 5752 5751
f 5731 5751 5730
f 5732 5753 5752
f 5732 5752 5731
f 5733 5754 5753
f 5733 5753 5732
f 5734 5755 5754
f 5734 5754 5733
f 5735 5756 5755
f 5735 5755 5734
f 5736 5757 5756
f 5736 5756 5735
f 5737 5758 5757
f 5737 5757 5736
f 5738 5759 5758
f 5738 5758 5737
f 5739 5760 5759
f 5739 5759 5738
f 5740 5761 5760
f 5740 5760 5739
f 5742 5763 5762
f 5742 5762 5741
f 5743 5764 5763
f 5743 5763 5742
f 5744 5765 5764
f 5744 5764 5743
f 5745 5766 5765
f 5745 5765 5744
f 5746 5767 5766
f 5746 5766 5745
f 5747 5768 5767
f 5747 5767 5746
f 5748 5769 5768
f 5748 5768 5747
f 5749 5770 5769
f 5749 5769 5748
f 5750 5771 5770
f 5750 5770 5749
f 5751 5772 5771
f 5751 5771 5750
f 5752 5773 5772
f 5752 5772 5751
f 5753 5774 5773
f 5753 5773 5752
f 5754 5775 5774
f 5754 5774 5753
f 5755 5776 5775
f 5755 5775 5754
f 5756 5777 5776
f 5756 5776 5755
f 5757 5778 5777
f 5757 5777 5756
f 5758 5779 5778
f 5758 5778 5757
f 5759 5780 5779
f 5759 5779 5758
f 5760 5781 5780
f 5760 5780 5759
f 5761 5782 5781
f 5761 5781 5760
f 5763 5784 5783
f 5763 5783 5762
f 5764 5785 5784
f 5764 5784 5763
f 5765 5786 5785
f 5765 5785 5764
f 5766 5787 5786
f 5766 5786 5765
f 5767 5788 5787
f 5767 5787 5766
f 5768 5789 5788
f 5768 5788 5767
f 5769 5790 5789
f 5769 5789 5768
f 5770 5791 5790
f 5770 5790 5769
f 5771 5792 5791
f 5771 5791 5770
f 5772 5793 5792
f 5772 5792 5771
f 5773 5794 5793
f 5773 5793 5772
f 5774 5795 5794
f 5774 5794 5773
f 5775 5796 5795
f 5775 5795 5774
f 5776 5797 5796
f 5776 5796 5775
f 5777 5798 5797
f 5777 5797 5776
f 5778 5799 5798
f 5778 5798 5777
f 5779 5800 5799
f 5779 5799 5778
f 5780 5801 5800
f 5780 5800 5779
f 5781 5802 5801
f 5781 5801 5780
f 5782 5803 5802
f 5782 5802 5781
f 5784 5805 5804
f 5784 5804 5783
f 5785 5806 5805
f 5785 5805 5784
f 5786 5807 5806
f 5786 5806 5785
f 5787 5808 5807
f 5787 5807 5786
f 5788 5809 5808
f 5788 5808 5787
f 5789 5810 5809
f 5789 5809 5788
f 5790 5811 5810
f 5790 5810 5789
f 5791 5812 5811
f 5791 5811 5790
f 5792 5813 5812
f 5792 5812 5791
f 5793 5814 5813
f 5793 5813 5792
f 5794 5815 5814
f 5794 5814 5793
f 5795 5816 5815
f 5795 5815 5794
f 5796 5817 5816
f 5796 5816 5795
f 5797 5818 5817
f 5797 5817 5796
f 5798 5819 5818
f 5798 5818 5797
f 5799 5820 5819
f 5799 5819 5798
f 5800 5821 5820
f 5800 5820 5799
f 5801 5822 5821
f 5801 5821 5800
f 5802 5823 5822
f 5802 5822 5801
f 5803 5824 5823
f 5803 5823 5802
f 5805 5826 5825
f 5805 5825 5804
f 5806 5827 5826
f 5806 5826 5805
f 5807 5828 5827
f 5807 5827 5806
f 5808 5829 5828
f 5808 5828 5807
f 5809 5830 5829
f 5809 5829 5808
f 5810 5831 5830
f 5810 5830 5809
f 5811 5832 5831
f 5811 5831 5810
f 5812 5833 5832
f 5812 5832 5811
f 5813 5834 5833
f 5813 5833 5812
f 5814 5835 5834
f 5814 5834 5813
f 5815 5836 5835
f 5815 5835 5814
f 5816 5837 5836
f 5816 5836 5815
f 5817 5838 5837
f 5817 5837 5816
f 5818 5839 5838
f 5818 5838 5817
f 5819 5840 5839
f 5819 5839 5818
f 5820 5841 5840
f 5820 5840 5819
f 5821 5842 5841
f 5821 5841 5820
f 5822 5843 5842
f 5822 5842 5821
f 5823 5844 5843
f 5823 5843 5822
f 5824 5845 5844
f 5824 5844 5823
f 5826 5847 5846
f 5826 5846 5825
f 5827 5848 5847
f 5827 5847 5826
f 5828 5849 5848
f 5828 5848 5827
f 5829 5850 5849
f 5829 5849 5828
f 5830 5851 5850
f 5830 5850 5829
f 5831 5852 5851
f 5831 5851 5830
f 5832 5853 5852
f 5832 5852 5831
f 5833 5854 5853
f 5833 5853 5832
f 5834 5855 5854
f 5834 5854 5833
f 5835 5856 5855
f 5835 5855 5834
f 5836 5857 5856
f 5836 5856 5835
f 5837 5858 5857
f 5837 5857 5836
f 5838 5859 5858
f 5838 5858 5837
f 5839 5860 5859
f 5839 5859 5838
f 5840 5861 5860
f 5840 5860 5839
f 5841 5862 5861
f 5841 5861 5840
f 5842 5863 5862
f 5842 5862 5841
f 5843 5864 5863
f 5843 5863 5842
f 5844 5865 5864
f 5844 5864 5843
f 5845 5866 5865
f 5845 5865 5844
o cuisse_L
v 0.620000 0.050000 0.000000
v 0.560000 0.950000 0.000000
v 0.589655 0.050000 0.191591
v 0.532592 0.950000 0.173050
v 0.501591 0.050000 0.364427
v 0.453050 0.950000 0.329160
v 0.364427 0.050000 0.501591
v 0.329160 0.950000 0.453050
v 0.191591 0.050000 0.589655
v 0.173050 0.950000 0.532592
v 0.000000 0.050000 0.620000
v 0.000000 0.950000 0.560000
v -0.191591 0.050000 0.589655
v -0.173050 0.950000 0.532592
v -0.364427 0.050000 0.501591
v -0.329160 0.950000 0.453050
v -0.501591 0.050000 0.364427
v -0.453050 0.950000 0.329160
v -0.589655 0.050000 0.191591
v -0.532592 0.950000 0.173050
v -0.620000 0.050000 0.000000
v -0.560000 0.950000 0.000000
v -0.589655 0.050000 -0.191591
v -0.532592 0.950000 -0.173050
v -0.501591 0.050000 -0.364427
v -0.453050 0.950000 -0.329160
v -0.364427 0.050000 -0.501591
v -0.329160 0.950000 -0.453050
v -0.191591 0.050000 -0.589655
v -0.173050 0.950000 -0.532592
v -0.000000 0.050000 -0.620000
v -0.000000 0.950000 -0.560000
v 0.191591 0.050000 -0.589655
v 0.173050 0.950000 -0.532592
v 0.364427 0.050000 -0.501591
v 0.329160 0.950000 -0.453050
v 0.501591 0.050000 -0.364427
v 0.453050 0.950000 -0.329160
v 0.589655 0.050000 -0.191591
v 0.532592 0.950000 -0.173050
v 0.620000 0.050000 -0.000000
v 0.560000 0.950000 -0.000000
vn 0.985554 0.065704 0.156096
vn 0.985554 0.065704 0.156096
vn 0.931380 0.066427 0.357936
vn 0.963892 0.066427 0.257875
vn 0.775187 0.066427 0.628230
vn 0.837028 0.066427 0.543113
vn 0.543113 0.066427 0.837028
vn 0.628230 0.066427 0.775187
vn 0.257875 0.066427 0.963892
vn 0.357936 0.066427 0.931380
vn -0.052605 0.066427 0.996404
vn 0.052605 0.066427 0.996404
vn -0.357936 0.066427 0.931380
vn -0.257875 0.066427 0.963892
vn -0.628230 0.066427 0.775187
vn -0.543113 0.066427 0.837028
vn -0.837028 0.066427 0.543113
vn -0.775187 0.066427 0.628230
vn -0.963892 0.066427 0.257875
vn -0.931380 0.066427 0.357936
vn -0.996404 0.066427 -0.052605
vn -0.996404 0.066427 0.052605
vn -0.931380 0.066427 -0.357936
vn -0.963892 0.066427 -0.257875
vn -0.775187 0.066427 -0.628230
vn -0.837028 0.066427 -0.543113
vn -0.543113 0.066427 -0.837028
vn -0.628230 0.066427 -0.775187
vn -0.257875 0.066427 -0.963892
vn -0.357936 0.066427 -0.931380
vn 0.052605 0.066427 -0.996404
vn -0.052605 0.066427 -0.996404
vn 0.357936 0.066427 -0.931380
vn 0.257875 0.066427 -0.963892
vn 0.628230 0.066427 -0.775187
vn 0.543113 0.066427 -0.837028
vn 0.837028 0.066427 -0.543113
vn 0.775187 0.066427 -0.628230
vn 0.963892 0.066427 -0.257875
vn 0.931380 0.066427 -0.357936
vn 0.985554 0.065704 -0.156096
vn 0.985554 0.065704 -0.156096
usemtl lacquer_black
f 5867 5868 5870
f 5867 5870 5869
f 5869 5870 5872
f 5869 5872 5871
f 5871 5872 5874
f 5871 5874 5873
f 5873 5874 5876
f 5873 5876 5875
f 5875 5876 5878
f 5875 5878 5877
f 5877 5878 5880
f 5877 5880 5879
f 5879 5880 5882
f 5879 5882 5881
f 5881 5882 5884
f 5881 5884 5883
f 5883 5884 5886
f 5883 5886 5885
f 5885 5886 5888
f 5885 5888 5887
f 5887 5888 5890
f 5887 5890 5889
f 5889 5890 5892
f 5889 5892 5891
f 5891 5892 5894
f 5891 5894 5893
f 5893 5894 5896
f 5893 5896 5895
f 5895 5896 5898
f 5895 5898 5897
f 5897 5898 5900
f 5897 5900 5899
f 5899 5900 5902
f 5899 5902 5901
f 5901 5902 5904
f 5901 5904 5903
f 5903 5904 5906
f 5903 5906 5905
f 5905 5906 5908
f 5905 5908 5907
o poleyn_L
v 0.440000 0.000000 0.550000
v 0.418465 -0.135967 0.550000
v 0.355967 -0.258626 0.550000
v 0.258626 -0.355967 0.550000
v 0.135967 -0.418465 0.550000
v 0.000000 -0.440000 0.550000
v -0.135967 -0.418465 0.550000
v -0.258626 -0.355967 0.550000
v -0.355967 -0.258626 0.550000
v -0.418465 -0.135967 0.550000
v -0.440000 0.000000 0.550000
v -0.418465 0.135967 0.550000
v -0.355967 0.258626 0.550000
v -0.258626 0.355967 0.550000
v -0.135967 0.418465 0.550000
v -0.000000 0.440000 0.550000
v 0.135967 0.418465 0.550000
v 0.258626 0.355967 0.550000
v 0.355967 0.258626 0.550000
v 0.418465 0.135967 0.550000
v 0.440000 0.000000 0.550000
v 0.436236 0.000000 0.596989
v 0.414885 -0.134804 0.596989
v 0.352922 -0.256413 0.596989
v 0.256413 -0.352922 0.596989
v 0.134804 -0.414885 0.596989
v 0.000000 -0.436236 0.596989
v -0.134804 -0.414885 0.596989
v -0.256413 -0.352922 0.596989
v -0.352922 -0.256413 0.596989
v -0.414885 -0.134804 0.596989
v -0.436236 0.000000 0.596989
v -0.414885 0.134804 0.596989
v -0.352922 0.256413 0.596989
v -0.256413 0.352922 0.596989
v -0.134804 0.414885 0.596989
v -0.000000 0.436236 0.596989
v 0.134804 0.414885 0.596989
v 0.256413 0.352922 0.596989
v 0.352922 0.256413 0.596989
v 0.414885 0.134804 0.596989
v 0.436236 0.000000 0.596989
v 0.425007 0.000000 0.643175
v 0.404206 -0.131334 0.643175
v 0.343838 -0.249813 0.643175
v 0.249813 -0.343838 0.643175
v 0.131334 -0.404206 0.643175
v 0.000000 -0.425007 0.643175
v -0.131334 -0.404206 0.643175
v -0.249813 -0.343838 0.643175
v -0.343838 -0.249813 0.643175
v -0.404206 -0.131334 0.643175
v -0.425007 0.000000 0.643175
v -0.404206 0.131334 0.643175
v -0.343838 0.249813 0.643175
v -0.249813 0.343838 0.643175
v -0.131334 0.404206 0.643175
v -0.000000 0.425007 0.643175
v 0.131334 0.404206 0.643175
v 0.249813 0.343838 0.643175
v 0.343838 0.249813 0.643175
v 0.404206 0.131334 0.643175
v 0.425007 0.000000 0.643175
v 0.406507 0.000000 0.687766
v 0.386611 -0.125618 0.687766
v 0.328871 -0.238939 0.687766
v 0.238939 -0.328871 0.687766
v 0.125618 -0.386611 0.687766
v 0.000000 -0.406507 0.687766
v -0.125618 -0.386611 0.687766
v -0.238939 -0.328871 0.687766
v -0.328871 -0.238939 0.687766
v -0.386611 -0.125618 0.687766
v -0.406507 0.000000 0.687766
v -0.386611 0.125618 0.687766
v -0.328871 0.238939 0.687766
v -0.238939 0.328871 0.687766
v -0.125618 0.386611 0.687766
v -0.000000 0.406507 0.687766
v 0.125618 0.386611 0.687766
v 0.238939 0.328871 0.687766
v 0.328871 0.238939 0.687766
v 0.386611 0.125618 0.687766
v 0.406507 0.000000 0.687766
v 0.381051 0.000000 0.730000
v 0.362401 -0.117751 0.730000
v 0.308277 -0.223976 0.730000
v 0.223976 -0.308277 0.730000
v 0.117751 -0.362401 0.730000
v 0.000000 -0.381051 0.730000
v -0.117751 -0.362401 0.730000
v -0.223976 -0.308277 0.730000
v -0.308277 -0.223976 0.730000
v -0.362401 -0.117751 0.730000
v -0.381051 0.000000 0.730000
v -0.362401 0.117751 0.730000
v -0.308277 0.223976 0.730000
v -0.223976 0.308277 0.730000
v -0.117751 0.362401 0.730000
v -0.000000 0.381051 0.730000
v 0.117751 0.362401 0.730000
v 0.223976 0.308277 0.730000
v 0.308277 0.223976 0.730000
v 0.362401 0.117751 0.730000
v 0.381051 0.000000 0.730000
v 0.349075 0.000000 0.769154
v 0.331991 -0.107870 0.769154
v 0.282408 -0.205181 0.769154
v 0.205181 -0.282408 0.769154
v 0.107870 -0.331991 0.769154
v 0.000000 -0.349075 0.769154
v -0.107870 -0.331991 0.769154
v -0.205181 -0.282408 0.769154
v -0.282408 -0.205181 0.769154
v -0.331991 -0.107870 0.769154
v -0.349075 0.000000 0.769154
v -0.331991 0.107870 0.769154
v -0.282408 0.205181 0.769154
v -0.205181 0.282408 0.769154
v -0.107870 0.331991 0.769154
v -0.000000 0.349075 0.769154
v 0.107870 0.331991 0.769154
v 0.205181 0.282408 0.769154
v 0.282408 0.205181 0.769154
v 0.331991 0.107870 0.769154
v 0.349075 0.000000 0.769154
v 0.311127 0.000000 0.804558
v 0.295899 -0.096144 0.804558
v 0.251707 -0.182876 0.804558
v 0.182876 -0.251707 0.804558
v 0.096144 -0.295899 0.804558
v 0.000000 -0.311127 0.804558
v -0.096144 -0.295899 0.804558
v -0.182876 -0.251707 0.804558
v -0.251707 -0.182876 0.804558
v -0.295899 -0.096144 0.804558
v -0.311127 0.000000 0.804558
v -0.295899 0.096144 0.804558
v -0.251707 0.182876 0.804558
v -0.182876 0.251707 0.804558
v -0.096144 0.295899 0.804558
v -0.000000 0.311127 0.804558
v 0.096144 0.295899 0.804558
v 0.182876 0.251707 0.804558
v 0.251707 0.182876 0.804558
v 0.295899 0.096144 0.804558
v 0.311127 0.000000 0.804558
v 0.267855 0.000000 0.835607
v 0.254745 -0.082772 0.835607
v 0.216699 -0.157441 0.835607
v 0.157441 -0.216699 0.835607
v 0.082772 -0.254745 0.835607
v 0.000000 -0.267855 0.835607
v -0.082772 -0.254745 0.835607
v -0.157441 -0.216699 0.835607
v -0.216699 -0.157441 0.835607
v -0.254745 -0.082772 0.835607
v -0.267855 0.000000 0.835607
v -0.254745 0.082772 0.835607
v -0.216699 0.157441 0.835607
v -0.157441 0.216699 0.835607
v -0.082772 0.254745 0.835607
v 0.000000 0.267855 0.835607
v 0.082772 0.254745 0.835607
v 0.157441 0.216699 0.835607
v 0.216699 0.157441 0.835607
v 0.254745 0.082772 0.835607
v 0.267855 0.000000 0.835607
v 0.220000 0.000000 0.861769
v 0.209232 -0.067984 0.861769
v 0.177984 -0.129313 0.861769
v 0.129313 -0.177984 0.861769
v 0.067984 -0.209232 0.861769
v 0.000000 -0.220000 0.861769
v -0.067984 -0.209232 0.861769
v -0.129313 -0.177984 0.861769
v -0.177984 -0.129313 0.861769
v -0.209232 -0.067984 0.861769
v -0.220000 0.000000 0.861769
v -0.209232 0.067984 0.861769
v -0.177984 0.129313 0.861769
v -0.129313 0.177984 0.861769
v -0.067984 0.209232 0.861769
v 0.000000 0.220000 0.861769
v 0.067984 0.209232 0.861769
v 0.129313 0.177984 0.861769
v 0.177984 0.129313 0.861769
v 0.209232 0.067984 0.861769
v 0.220000 0.000000 0.861769
v 0.168381 0.000000 0.882597
v 0.160140 -0.052033 0.882597
v 0.136223 -0.098972 0.882597
v 0.098972 -0.136223 0.882597
v 0.052033 -0.160140 0.882597
v 0.000000 -0.168381 0.882597
v -0.052033 -0.160140 0.882597
v -0.098972 -0.136223 0.882597
v -0.136223 -0.098972 0.882597
v -0.160140 -0.052033 0.882597
v -0.168381 0.000000 0.882597
v -0.160140 0.052033 0.882597
v -0.136223 0.098972 0.882597
v -0.098972 0.136223 0.882597
v -0.052033 0.160140 0.882597
v 0.000000 0.168381 0.882597
v 0.052033 0.160140 0.882597
v 0.098972 0.136223 0.882597
v 0.136223 0.098972 0.882597
v 0.160140 0.052033 0.882597
v 0.168381 0.000000 0.882597
v 0.113880 0.000000 0.897733
v 0.108307 -0.035191 0.897733
v 0.092131 -0.066937 0.897733
v 0.066937 -0.092131 0.897733
v 0.035191 -0.108307 0.897733
v 0.000000 -0.113880 0.897733
v -0.035191 -0.108307 0.897733
v -0.066937 -0.092131 0.897733
v -0.092131 -0.066937 0.897733
v -0.108307 -0.035191 0.897733
v -0.113880 0.000000 0.897733
v -0.108307 0.035191 0.897733
v -0.092131 0.066937 0.897733
v -0.066937 0.092131 0.897733
v -0.035191 0.108307 0.897733
v 0.000000 0.113880 0.897733
v 0.035191 0.108307 0.897733
v 0.066937 0.092131 0.897733
v 0.092131 0.066937 0.897733
v 0.108307 0.035191 0.897733
v 0.113880 0.000000 0.897733
v 0.057432 0.000000 0.906920
v 0.054621 -0.017747 0.906920
v 0.046463 -0.033757 0.906920
v 0.033757 -0.046463 0.906920
v 0.017747 -0.054621 0.906920
v 0.000000 -0.057432 0.906920
v -0.017747 -0.054621 0.906920
v -0.033757 -0.046463 0.906920
v -0.046463 -0.033757 0.906920
v -0.054621 -0.017747 0.906920
v -0.057432 0.000000 0.906920
v -0.054621 0.017747 0.906920
v -0.046463 0.033757 0.906920
v -0.033757 0.046463 0.906920
v -0.017747 0.054621 0.906920
v 0.000000 0.057432 0.906920
v 0.017747 0.054621 0.906920
v 0.033757 0.046463 0.906920
v 0.046463 0.033757 0.906920
v 0.054621 0.017747 0.906920
v 0.057432 0.000000 0.906920
v 0.003520 0.000000 0.910000
v 0.003348 -0.001088 0.910000
v 0.002848 -0.002069 0.910000
v 0.002069 -0.002848 0.910000
v 0.001088 -0.003348 0.910000
v 0.000000 -0.003520 0.910000
v -0.001088 -0.003348 0.910000
v -0.002069 -0.002848 0.910000
v -0.002848 -0.002069 0.910000
v -0.003348 -0.001088 0.910000
v -0.003520 0.000000 0.910000
v -0.003348 0.001088 0.910000
v -0.002848 0.002069 0.910000
v -0.002069 0.002848 0.910000
v -0.001088 0.003348 0.910000
v 0.000000 0.003520 0.910000
v 0.001088 0.003348 0.910000
v 0.002069 0.002848 0.910000
v 0.002848 0.002069 0.910000
v 0.003348 0.001088 0.910000
v 0.003520 0.000000 0.910000
vn 0.984611 -0.155947 0.078876
vn 0.930469 -0.357586 0.079743
vn 0.774429 -0.627615 0.079743
vn 0.542582 -0.836209 0.079743
vn 0.257623 -0.962949 0.079743
vn -0.052553 -0.995429 0.079743
vn -0.357586 -0.930469 0.079743
vn -0.627615 -0.774429 0.079743
vn -0.836209 -0.542582 0.079743
vn -0.962949 -0.257623 0.079743
vn -0.995429 0.052553 0.079743
vn -0.930469 0.357586 0.079743
vn -0.774429 0.627615 0.079743
vn -0.542582 0.836209 0.079743
vn -0.257623 0.962949 0.079743
vn 0.052553 0.995429 0.079743
vn 0.357586 0.930469 0.079743
vn 0.627615 0.774429 0.079743
vn 0.836209 0.542582 0.079743
vn 0.962949 0.257623 0.079743
vn 0.984611 0.155947 0.078876
vn 0.971111 -0.153809 0.182446
vn 0.939225 -0.304490 0.158565
vn 0.799163 -0.579824 0.158565
vn 0.580874 -0.798400 0.158565
vn 0.305725 -0.938823 0.158565
vn 0.000649 -0.987348 0.158565
vn -0.304490 -0.939225 0.158565
vn -0.579824 -0.799163 0.158565
vn -0.798400 -0.580874 0.158565
vn -0.938823 -0.305725 0.158565
vn -0.987348 -0.000649 0.158565
vn -0.939225 0.304490 0.158565
vn -0.799163 0.579824 0.158565
vn -0.580874 0.798400 0.158565
vn -0.305725 0.938823 0.158565
vn -0.000649 0.987348 0.158565
vn 0.304490 0.939225 0.158565
vn 0.579824 0.799163 0.158565
vn 0.798400 0.580874 0.158565
vn 0.938823 0.305725 0.158565
vn 0.979207 0.155091 0.130769
vn 0.931847 -0.147590 0.331479
vn 0.904372 -0.292540 0.310696
vn 0.769709 -0.557689 0.310696
vn 0.559701 -0.768247 0.310696
vn 0.294906 -0.903603 0.310696
vn 0.001244 -0.950509 0.310696
vn -0.292540 -0.904372 0.310696
vn -0.557689 -0.769709 0.310696
vn -0.768247 -0.559701 0.310696
vn -0.903603 -0.294906 0.310696
vn -0.950509 -0.001244 0.310696
vn -0.904372 0.292540 0.310696
vn -0.769709 0.557689 0.310696
vn -0.559701 0.768247 0.310696
vn -0.294906 0.903603 0.310696
vn -0.001244 0.950509 0.310696
vn 0.292540 0.904372 0.310696
vn 0.557689 0.769709 0.310696
vn 0.768247 0.559701 0.310696
vn 0.903603 0.294906 0.310696
vn 0.947374 0.150049 0.282787
vn 0.872558 -0.138200 0.468554
vn 0.849370 -0.274143 0.451018
vn 0.723084 -0.523195 0.451018
vn 0.526017 -0.721033 0.451018
vn 0.277461 -0.848292 0.451018
vn 0.001744 -0.892513 0.451018
vn -0.274143 -0.849370 0.451018
vn -0.523195 -0.723084 0.451018
vn -0.721033 -0.526017 0.451018
vn -0.848292 -0.277461 0.451018
vn -0.892513 -0.001744 0.451018
vn -0.849370 0.274143 0.451018
vn -0.723084 0.523195 0.451018
vn -0.526017 0.721033 0.451018
vn -0.277461 0.848292 0.451018
vn -0.001744 0.892513 0.451018
vn 0.274143 0.849370 0.451018
vn 0.523195 0.723084 0.451018
vn 0.721033 0.526017 0.451018
vn 0.848292 0.277461 0.451018
vn 0.894360 0.141653 0.424330
vn 0.797189 -0.126262 0.590379
vn 0.778178 -0.250603 0.575880
vn 0.662650 -0.478808 0.575880
vn 0.482258 -0.660143 0.575880
vn 0.254659 -0.776860 0.575880
vn 0.002133 -0.817532 0.575880
vn -0.250603 -0.778178 0.575880
vn -0.478808 -0.662650 0.575880
vn -0.660143 -0.482258 0.575880
vn -0.776860 -0.254659 0.575880
vn -0.817532 -0.002133 0.575880
vn -0.778178 0.250603 0.575880
vn -0.662650 0.478808 0.575880
vn -0.482258 0.660143 0.575880
vn -0.254659 0.776860 0.575880
vn -0.002133 0.817532 0.575880
vn 0.250603 0.778178 0.575880
vn 0.478808 0.662650 0.575880
vn 0.660143 0.482258 0.575880
vn 0.776860 0.254659 0.575880
vn 0.823887 0.130491 0.551528
vn 0.709846 -0.112429 0.695326
vn 0.694998 -0.223283 0.683464
vn 0.591984 -0.427121 0.683464
vn 0.431023 -0.589149 0.683464
vn 0.227870 -0.693507 0.683464
vn 0.002412 -0.729980 0.683464
vn -0.223283 -0.694998 0.683464
vn -0.427121 -0.591984 0.683464
vn -0.589149 -0.431023 0.683464
vn -0.693507 -0.227870 0.683464
vn -0.729980 -0.002412 0.683464
vn -0.694998 0.223283 0.683464
vn -0.591984 0.427121 0.683464
vn -0.431023 0.589149 0.683464
vn -0.227870 0.693507 0.683464
vn -0.002412 0.729980 0.683464
vn 0.223283 0.694998 0.683464
vn 0.427121 0.591984 0.683464
vn 0.589149 0.431023 0.683464
vn 0.693507 0.227870 0.683464
vn 0.740089 0.117219 0.662214
vn 0.614211 -0.097281 0.783123
vn 0.603620 -0.193397 0.773460
vn 0.514314 -0.370460 0.773460
vn 0.374663 -0.511260 0.773460
vn 0.198338 -0.602014 0.773460
vn 0.002598 -0.633840 0.773460
vn -0.193397 -0.603620 0.773460
vn -0.370460 -0.514314 0.773460
vn -0.511260 -0.374663 0.773460
vn -0.602014 -0.198338 0.773460
vn -0.633840 -0.002598 0.773460
vn -0.603620 0.193397 0.773460
vn -0.514314 0.370460 0.773460
vn -0.374663 0.511260 0.773460
vn -0.198338 0.602014 0.773460
vn -0.002598 0.633840 0.773460
vn 0.193397 0.603620 0.773460
vn 0.370460 0.514314 0.773460
vn 0.511260 0.374663 0.773460
vn 0.602014 0.198338 0.773460
vn 0.646842 0.102450 0.755711
vn 0.513236 -0.081289 0.854389
vn 0.507075 -0.161906 0.846559
vn 0.432225 -0.310677 0.846559
vn 0.315066 -0.429036 0.846559
vn 0.167066 -0.505398 0.846559
vn 0.002713 -0.532289 0.846559
vn -0.161906 -0.507075 0.846559
vn -0.310677 -0.432225 0.846559
vn -0.429036 -0.315066 0.846559
vn -0.505398 -0.167066 0.846559
vn -0.532289 -0.002713 0.846559
vn -0.507075 0.161906 0.846559
vn -0.432225 0.310677 0.846559
vn -0.315066 0.429036 0.846559
vn -0.167066 0.505398 0.846559
vn -0.002713 0.532289 0.846559
vn 0.161906 0.507075 0.846559
vn 0.310677 0.432225 0.846559
vn 0.429036 0.315066 0.846559
vn 0.505398 0.167066 0.846559
vn 0.547360 0.086693 0.832395
vn 0.409078 -0.064792 0.910196
vn 0.407557 -0.129503 0.903950
vn 0.347591 -0.249107 0.903950
vn 0.253601 -0.344326 0.903950
vn 0.134786 -0.405841 0.903950
vn 0.002777 -0.427628 0.903950
vn -0.129503 -0.407557 0.903950
vn -0.249107 -0.347591 0.903950
vn -0.344326 -0.253601 0.903950
vn -0.405841 -0.134786 0.903950
vn -0.427628 -0.002777 0.903950
vn -0.407557 0.129503 0.903950
vn -0.347591 0.249107 0.903950
vn -0.253601 0.344326 0.903950
vn -0.134786 0.405841 0.903950
vn -0.002777 0.427628 0.903950
vn 0.129503 0.407557 0.903950
vn 0.249107 0.347591 0.903950
vn 0.344326 0.253601 0.903950
vn 0.405841 0.134786 0.903950
vn 0.444063 0.070333 0.893231
vn 0.303185 -0.048020 0.951721
vn 0.306514 -0.096637 0.946948
vn 0.261649 -0.186626 0.946948
vn 0.191173 -0.258346 0.946948
vn 0.101983 -0.304777 0.946948
vn 0.002810 -0.321375 0.946948
vn -0.096637 -0.306514 0.946948
vn -0.186626 -0.261649 0.946948
vn -0.258346 -0.191173 0.946948
vn -0.304777 -0.101983 0.946948
vn -0.321375 -0.002810 0.946948
vn -0.306514 0.096637 0.946948
vn -0.261649 0.186626 0.946948
vn -0.191173 0.258346 0.946948
vn -0.101983 0.304777 0.946948
vn -0.002810 0.321375 0.946948
vn 0.096637 0.306514 0.946948
vn 0.186626 0.261649 0.946948
vn 0.258346 0.191173 0.946948
vn 0.304777 0.101983 0.946948
vn 0.338620 0.053632 0.939393
vn 0.196444 -0.031114 0.980021
vn 0.204803 -0.063574 0.976736
vn 0.175134 -0.123751 0.976736
vn 0.128321 -0.171813 0.976736
vn 0.068948 -0.203057 0.976736
vn 0.002825 -0.214425 0.976736
vn -0.063574 -0.204803 0.976736
vn -0.123751 -0.175134 0.976736
vn -0.171813 -0.128321 0.976736
vn -0.203057 -0.068948 0.976736
vn -0.214425 -0.002825 0.976736
vn -0.204803 0.063574 0.976736
vn -0.175134 0.123751 0.976736
vn -0.128321 0.171813 0.976736
vn -0.068948 0.203057 0.976736
vn -0.002825 0.214425 0.976736
vn 0.063574 0.204803 0.976736
vn 0.123751 0.175134 0.976736
vn 0.171813 0.128321 0.976736
vn 0.203057 0.068948 0.976736
vn 0.232087 0.036759 0.972000
vn 0.091662 -0.014518 0.995684
vn 0.104487 -0.031071 0.994041
vn 0.089771 -0.061839 0.994041
vn 0.066268 -0.086553 0.994041
vn 0.036279 -0.102795 0.994041
vn 0.002738 -0.108974 0.994041
vn -0.031071 -0.104487 0.994041
vn -0.061839 -0.089771 0.994041
vn -0.086553 -0.066268 0.994041
vn -0.102795 -0.036279 0.994041
vn -0.108974 -0.002738 0.994041
vn -0.104487 0.031071 0.994041
vn -0.089771 0.061839 0.994041
vn -0.066268 0.086553 0.994041
vn -0.036279 0.102795 0.994041
vn -0.002738 0.108974 0.994041
vn 0.031071 0.104487 0.994041
vn 0.061839 0.089771 0.994041
vn 0.086553 0.066268 0.994041
vn 0.102795 0.036279 0.994041
vn 0.126221 0.019991 0.991801
vn 0.057033 -0.009033 0.998331
vn 0.055174 -0.014761 0.998368
vn 0.047912 -0.031088 0.998368
vn 0.035960 -0.044372 0.998368
vn 0.020488 -0.053313 0.998368
vn 0.003011 -0.057035 0.998368
vn -0.014761 -0.055174 0.998368
vn -0.031088 -0.047912 0.998368
vn -0.044372 -0.035960 0.998368
vn -0.053313 -0.020488 0.998368
vn -0.057035 -0.003011 0.998368
vn -0.055174 0.014761 0.998368
vn -0.047912 0.031088 0.998368
vn -0.035960 0.044372 0.998368
vn -0.020488 0.053313 0.998368
vn -0.003011 0.057035 0.998368
vn 0.014761 0.055174 0.998368
vn 0.031088 0.047912 0.998368
vn 0.044372 0.035960 0.998368
vn 0.053313 0.020488 0.998368
vn 0.057033 0.009033 0.998331
usemtl lacquer_black
f 5909 5930 5931
f 5909 5931 5910
f 5910 5931 5932
f 5910 5932 5911
f 5911 5932 5933
f 5911 5933 5912
f 5912 5933 5934
f 5912 5934 5913
f 5913 5934 5935
f 5913 5935 5914
f 5914 5935 5936
f 5914 5936 5915
f 5915 5936 5937
f 5915 5937 5916
f 5916 5937 5938
f 5916 5938 5917
f 5917 5938 5939
f 5917 5939 5918
f 5918 5939 5940
f 5918 5940 5919
f 5919 5940 5941
f 5919 5941 5920
f 5920 5941 5942
f 5920 5942 5921
f 5921 5942 5943
f 5921 5943 5922
f 5922 5943 5944
f 5922 5944 5923
f 5923 5944 5945
f 5923 5945 5924
f 5924 5945 5946
f 5924 5946 5925
f 5925 5946 5947
f 5925 5947 5926
f 5926 5947 5948
f 5926 5948 5927
f 5927 5948 5949
f 5927 5949 5928
f 5928 5949 5950
f 5928 5950 5929
f 5930 5951 5952
f 5930 5952 5931
f 5931 5952 5953
f 5931 5953 5932
f 5932 5953 5954
f 5932 5954 5933
f 5933 5954 5955
f 5933 5955 5934
f 5934 5955 5956
f 5934 5956 5935
f 5935 5956 5957
f 5935 5957 5936
f 5936 5957 5958
f 5936 5958 5937
f 5937 5958 5959
f 5937 5959 5938
f 5938 5959 5960
f 5938 5960 5939
f 5939 5960 5961
f 5939 5961 5940
f 5940 5961 5962
f 5940 5962 5941
f 5941 5962 5963
f 5941 5963 5942
f 5942 5963 5964
f 5942 5964 5943
f 5943 5964 5965
f 5943 5965 5944
f 5944 5965 5966
f 5944 5966 5945
f 5945 5966 5967
f 5945 5967 5946
f 5946 5967 5968
f 5946 5968 5947
f 5947 5968 5969
f 5947 5969 5948
f 5948 5969 5970
f 5948 5970 5949
f 5949 5970 5971
f 5949 5971 5950
f 5951 5972 5973
f 5951 5973 5952
f 5952 5973 5974
f 5952 5974 5953
f 5953 5974 5975
f 5953 5975 5954
f 5954 5975 5976
f 5954 5976 5955
f 5955 5976 5977
f 5955 5977 5956
f 5956 5977 5978
f 5956 5978 5957
f 5957 5978 5979
f 5957 5979 5958
f 5958 5979 5980
f 5958 5980 5959
f 5959 5980 5981
f 5959 5981 5960
f 5960 5981 5982
f 5960 5982 5961
f 5961 5982 5983
f 5961 5983 5962
f 5962 5983 5984
f 5962 5984 5963
f 5963 5984 5985
f 5963 5985 5964
f 5964 5985 5986
f 5964 5986 5965
f 5965 5986 5987
f 5965 5987 5966
f 5966 5987 5988
f 5966 5988 5967
f 5967 5988 5989
f 5967 5989 5968
f 5968 5989 5990
f 5968 5990 5969
f 5969 5990 5991
f 5969 5991 5970
f 5970 5991 5992
f 5970 5992 5971
f 5972 5993 5994
f 5972 5994 5973
f 5973 5994 5995
f 5973 5995 5974
f 5974 5995 5996
f 5974 5996 5975
f 5975 5996 5997
f 5975 5997 5976
f 5976 5997 5998
f 5976 5998 5977
f 5977 5998 5999
f 5977 5999 5978
f 5978 5999 6000
f 5978 6000 5979
f 5979 6000 6001
f 5979 6001 5980
f 5980 6001 6002
f 5980 6002 5981
f 5981 6002 6003
f 5981 6003 5982
f 5982 6003 6004
f 5982 6004 5983
f 5983 6004 6005
f 5983 6005 5984
f 5984 6005 6006
f 5984 6006 5985
f 5985 6006 6007
f 5985 6007 5986
f 5986 6007 6008
f 5986 6008 5987
f 5987 6008 6009
f 5987 6009 5988
f 5988 6009 6010
f 5988 6010 5989
f 5989 6010 6011
f 5989 6011 5990
f 5990 6011 6012
f 5990 6012 5991
f 5991 6012 6013
f 5991 6013 5992
f 5993 6014 6015
f 5993 6015 5994
f 5994 6015 6016
f 5994 6016 5995
f 5995 6016 6017
f 5995 6017 5996
f 5996 6017 6018
f 5996 6018 5997
f 5997 6018 6019
f 5997 6019 5998
f 5998 6019 6020
f 5998 6020 5999
f 5999 6020 6021
f 5999 6021 6000
f 6000 6021 6022
f 6000 6022 6001
f 6001 6022 6023
f 6001 6023 6002
f 6002 6023 6024
f 6002 6024 6003
f 6003 6024 6025
f 6003 6025 6004
f 6004 6025 6026
f 6004 6026 6005
f 6005 6026 6027
f 6005 6027 6006
f 6006 6027 6028
f 6006 6028 6007
f 6007 6028 6029
f 6007 6029 6008
f 6008 6029 6030
f 6008 6030 6009
f 6009 6030 6031
f 6009 6031 6010
f 6010 6031 6032
f 6010 6032 6011
f 6011 6032 6033
f 6011 6033 6012
f 6012 6033 6034
f 6012 6034 6013
f 6014 6035 6036
f 6014 6036 6015
f 6015 6036 6037
f 6015 6037 6016
f 6016 6037 6038
f 6016 6038 6017
f 6017 6038 6039
f 6017 6039 6018
f 6018 6039 6040
f 6018 6040 6019
f 6019 6040 6041
f 6019 6041 6020
f 6020 6041 6042
f 6020 6042 6021
f 6021 6042 6043
f 6021 6043 6022
f 6022 6043 6044
f 6022 6044 6023
f 6023 6044 6045
f 6023 6045 6024
f 6024 6045 6046
f 6024 6046 6025
f 6025 6046 6047
f 6025 6047 6026
f 6026 6047 6048
f 6026 6048 6027
f 6027 6048 6049
f 6027 6049 6028
f 6028 6049 6050
f 6028 6050 6029
f 6029 6050 6051
f 6029 6051 6030
f 6030 6051 6052
f 6030 6052 6031
f 6031 6052 6053
f 6031 6053 6032
f 6032 6053 6054
f 6032 6054 6033
f 6033 6054 6055
f 6033 6055 6034
f 6035 6056 6057
f 6035 6057 6036
f 6036 6057 6058
f 6036 6058 6037
f 6037 6058 6059
f 6037 6059 6038
f 6038 6059 6060
f 6038 6060 6039
f 6039 6060 6061
f 6039 6061 6040
f 6040 6061 6062
f 6040 6062 6041
f 6041 6062 6063
f 6041 6063 6042
f 6042 6063 6064
f 6042 6064 6043
f 6043 6064 6065
f 6043 6065 6044
f 6044 6065 6066
f 6044 6066 6045
f 6045 6066 6067
f 6045 6067 6046
f 6046 6067 6068
f 6046 6068 6047
f 6047 6068 6069
f 6047 6069 6048
f 6048 6069 6070
f 6048 6070 6049
f 6049 6070 6071
f 6049 6071 6050
f 6050 6071 6072
f 6050 6072 6051
f 6051 6072 6073
f 6051 6073 6052
f 6052 6073 6074
f 6052 6074 6053
f 6053 6074 6075
f 6053 6075 6054
f 6054 6075 6076
f 6054 6076 6055
f 6056 6077 6078
f 6056 6078 6057
f 6057 6078 6079
f 6057 6079 6058
f 6058 6079 6080
f 6058 6080 6059
f 6059 6080 6081
f 6059 6081 6060
f 6060 6081 6082
f 6060 6082 6061
f 6061 6082 6083
f 6061 6083 6062
f 6062 6083 6084
f 6062 6084 6063
f 6063 6084 6085
f 6063 6085 6064
f 6064 6085 6086
f 6064 6086 6065
f 6065 6086 6087
f 6065 6087 6066
f 6066 6087 6088
f 6066 6088 6067
f 6067 6088 6089
f 6067 6089 6068
f 6068 6089 6090
f 6068 6090 6069
f 6069 6090 6091
f 6069 6091 6070
f 6070 6091 6092
f 6070 6092 6071
f 6071 6092 6093
f 6071 6093 6072
f 6072 6093 6094
f 6072 6094 6073
f 6073 6094 6095
f 6073 6095 6074
f 6074 6095 6096
f 6074 6096 6075
f 6075 6096 6097
f 6075 6097 6076
f 6077 6098 6099
f 6077 6099 6078
f 6078 6099 6100
f 6078 6100 6079
f 6079 6100 6101
f 6079 6101 6080
f 6080 6101 6102
f 6080 6102 6081
f 6081 6102 6103
f 6081 6103 6082
f 6082 6103 6104
f 6082 6104 6083
f 6083 6104 6105
f 6083 6105 6084
f 6084 6105 6106
f 6084 6106 6085
f 6085 6106 6107
f 6085 6107 6086
f 6086 6107 6108
f 6086 6108 6087
f 6087 6108 6109
f 6087 6109 6088
f 6088 6109 6110
f 6088 6110 6089
f 6089 6110 6111
f 6089 6111 6090
f 6090 6111 6112
f 6090 6112 6091
f 6091 6112 6113
f 6091 6113 6092
f 6092 6113 6114
f 6092 6114 6093
f 6093 6114 6115
f 6093 6115 6094
f 6094 6115 6116
f 6094 6116 6095
f 6095 6116 6117
f 6095 6117 6096
f 6096 6117 6118
f 6096 6118 6097
f 6098 6119 6120
f 6098 6120 6099
f 6099 6120 6121
f 6099 6121 6100
f 6100 6121 6122
f 6100 6122 6101
f 6101 6122 6123
f 6101 6123 6102
f 6102 6123 6124
f 6102 6124 6103
f 6103 6124 6125
f 6103 6125 6104
f 6104 6125 6126
f 6104 6126 6105
f 6105 6126 6127
f 6105 6127 6106
f 6106 6127 6128
f 6106 6128 6107
f 6107 6128 6129
f 6107 6129 6108
f 6108 6129 6130
f 6108 6130 6109
f 6109 6130 6131
f 6109 6131 6110
f 6110 6131 6132
f 6110 6132 6111
f 6111 6132 6133
f 6111 6133 6112
f 6112 6133 6134
f 6112 6134 6113
f 6113 6134 6135
f 6113 6135 6114
f 6114 6135 6136
f 6114 6136 6115
f 6115 6136 6137
f 6115 6137 6116
f 6116 6137 6138
f 6116 6138 6117
f 6117 6138 6139
f 6117 6139 6118
f 6119 6140 6141
f 6119 6141 6120
f 6120 6141 6142
f 6120 6142 6121
f 6121 6142 6143
f 6121 6143 6122
f 6122 6143 6144
f 6122 6144 6123
f 6123 6144 6145
f 6123 6145 6124
f 6124 6145 6146
f 6124 6146 6125
f 6125 6146 6147
f 6125 6147 6126
f 6126 6147 6148
f 6126 6148 6127
f 6127 6148 6149
f 6127 6149 6128
f 6128 6149 6150
f 6128 6150 6129
f 6129 6150 6151
f 6129 6151 6130
f 6130 6151 6152
f 6130 6152 6131
f 6131 6152 6153
f 6131 6153 6132
f 6132 6153 6154
f 6132 6154 6133
f 6133 6154 6155
f 6133 6155 6134
f 6134 6155 6156
f 6134 6156 6135
f 6135 6156 6157
f 6135 6157 6136
f 6136 6157 6158
f 6136 6158 6137
f 6137 6158 6159
f 6137 6159 6138
f 6138 6159 6160
f 6138 6160 6139
f 6140 6161 6162
f 6140 6162 6141
f 6141 6162 6163
f 6141 6163 6142
f 6142 6163 6164
f 6142 6164 6143
f 6143 6164 6165
f 6143 6165 6144
f 6144 6165 6166
f 6144 6166 6145
f 6145 6166 6167
f 6145 6167 6146
f 6146 6167 6168
f 6146 6168 6147
f 6147 6168 6169
f 6147 6169 6148
f 6148 6169 6170
f 6148 6170 6149
f 6149 6170 6171
f 6149 6171 6150
f 6150 6171 6172
f 6150 6172 6151
f 6151 6172 6173
f 6151 6173 6152
f 6152 6173 6174
f 6152 6174 6153
f 6153 6174 6175
f 6153 6175 6154
f 6154 6175 6176
f 6154 6176 6155
f 6155 6176 6177
f 6155 6177 6156
f 6156 6177 6178
f 6156 6178 6157
f 6157 6178 6179
f 6157 6179 6158
f 6158 6179 6180
f 6158 6180 6159
f 6159 6180 6181
f 6159 6181 6160
o greave_L
v 0.560000 -0.950000 0.000000
v 0.500000 -0.050000 0.000000
v 0.532592 -0.950000 0.173050
v 0.475528 -0.050000 0.154508
v 0.453050 -0.950000 0.329160
v 0.404508 -0.050000 0.293893
v 0.329160 -0.950000 0.453050
v 0.293893 -0.050000 0.404508
v 0.173050 -0.950000 0.532592
v 0.154508 -0.050000 0.475528
v 0.000000 -0.950000 0.560000
v 0.000000 -0.050000 0.500000
v -0.173050 -0.950000 0.532592
v -0.154508 -0.050000 0.475528
v -0.329160 -0.950000 0.453050
v -0.293893 -0.050000 0.404508
v -0.453050 -0.950000 0.329160
v -0.404508 -0.050000 0.293893
v -0.532592 -0.950000 0.173050
v -0.475528 -0.050000 0.154508
v -0.560000 -0.950000 0.000000
v -0.500000 -0.050000 0.000000
v -0.532592 -0.950000 -0.173050
v -0.475528 -0.050000 -0.154508
v -0.453050 -0.950000 -0.329160
v -0.404508 -0.050000 -0.293893
v -0.329160 -0.950000 -0.453050
v -0.293893 -0.050000 -0.404508
v -0.173050 -0.950000 -0.532592
v -0.154508 -0.050000 -0.475528
v -0.000000 -0.950000 -0.560000
v -0.000000 -0.050000 -0.500000
v 0.173050 -0.950000 -0.532592
v 0.154508 -0.050000 -0.475528
v 0.329160 -0.950000 -0.453050
v 0.293893 -0.050000 -0.404508
v 0.453050 -0.950000 -0.329160
v 0.404508 -0.050000 -0.293893
v 0.532592 -0.950000 -0.173050
v 0.475528 -0.050000 -0.154508
v 0.560000 -0.950000 -0.000000
v 0.500000 -0.050000 -0.000000
vn 0.985554 0.065704 0.156096
vn 0.985554 0.065704 0.156096
vn 0.931380 0.066427 0.357936
vn 0.963892 0.066427 0.257875
vn 0.775187 0.066427 0.628230
vn 0.837028 0.066427 0.543113
vn 0.543113 0.066427 0.837028
vn 0.628230 0.066427 0.775187
vn 0.257875 0.066427 0.963892
vn 0.357936 0.066427 0.931380
vn -0.052605 0.066427 0.996404
vn 0.052605 0.066427 0.996404
vn -0.357936 0.066427 0.931380
vn -0.257875 0.066427 0.963892
vn -0.628230 0.066427 0.775187
vn -0.543113 0.066427 0.837028
vn -0.837028 0.066427 0.543113
vn -0.775187 0.066427 0.628230
vn -0.963892 0.066427 0.257875
vn -0.931380 0.066427 0.357936
vn -0.996404 0.066427 -0.052605
vn -0.996404 0.066427 0.052605
vn -0.931380 0.066427 -0.357936
vn -0.963892 0.066427 -0.257875
vn -0.775187 0.066427 -0.628230
vn -0.837028 0.066427 -0.543113
vn -0.543113 0.066427 -0.837028
vn -0.628230 0.066427 -0.775187
vn -0.257875 0.066427 -0.963892
vn -0.357936 0.066427 -0.931380
vn 0.052605 0.066427 -0.996404
vn -0.052605 0.066427 -0.996404
vn 0.357936 0.066427 -0.931380
vn 0.257875 0.066427 -0.963892
vn 0.628230 0.066427 -0.775187
vn 0.543113 0.066427 -0.837028
vn 0.837028 0.066427 -0.543113
vn 0.775187 0.066427 -0.628230
vn 0.963892 0.066427 -0.257875
vn 0.931380 0.066427 -0.357936
vn 0.985554 0.065704 -0.156096
vn 0.985554 0.065704 -0.156096
usemtl lacquer_red
f 6182 6183 6185
f 6182 6185 6184
f 6184 6185 6187
f 6184 6187 6186
f 6186 6187 6189
f 6186 6189 6188
f 6188 6189 6191
f 6188 6191 6190
f 6190 6191 6193
f 6190 6193 6192
f 6192 6193 6195
f 6192 6195 6194
f 6194 6195 6197
f 6194 6197 6196
f 6196 6197 6199
f 6196 6199 6198
f 6198 6199 6201
f 6198 6201 6200
f 6200 6201 6203
f 6200 6203 6202
f 6202 6203 6205
f 6202 6205 6204
f 6204 6205 6207
f 6204 6207 6206
f 6206 6207 6209
f 6206 6209 6208
f 6208 6209 6211
f 6208 6211 6210
f 6210 6211 6213
f 6210 6213 6212
f 6212 6213 6215
f 6212 6215 6214
f 6214 6215 6217
f 6214 6217 6216
f 6216 6217 6219
f 6216 6219 6218
f 6218 6219 6221
f 6218 6221 6220
f 6220 6221 6223
f 6220 6223 6222
o sabaton_L
v 0.175500 -0.840000 -0.200000
v 0.175500 -0.840000 0.400000
v 0.162141 -0.896828 -0.200000
v 0.162141 -0.896828 0.400000
v 0.124097 -0.945005 -0.200000
v 0.124097 -0.945005 0.400000
v 0.067161 -0.977196 -0.200000
v 0.067161 -0.977196 0.400000
v 0.000000 -0.988500 -0.200000
v 0.000000 -0.988500 0.400000
v -0.067161 -0.977196 -0.200000
v -0.067161 -0.977196 0.400000
v -0.124097 -0.945005 -0.200000
v -0.124097 -0.945005 0.400000
v -0.162141 -0.896828 -0.200000
v -0.162141 -0.896828 0.400000
v -0.175500 -0.840000 -0.200000
v -0.175500 -0.840000 0.400000
v -0.162141 -0.783172 -0.200000
v -0.162141 -0.783172 0.400000
v -0.124097 -0.734995 -0.200000
v -0.124097 -0.734995 0.400000
v -0.067161 -0.702804 -0.200000
v -0.067161 -0.702804 0.400000
v 0.000000 -0.691500 -0.200000
v 0.000000 -0.691500 0.400000
v 0.067161 -0.702804 -0.200000
v 0.067161 -0.702804 0.400000
v 0.124097 -0.734995 -0.200000
v 0.124097 -0.734995 0.400000
v 0.162141 -0.783172 -0.200000
v 0.162141 -0.783172 0.400000
v 0.175500 -0.840000 -0.200000
v 0.175500 -0.840000 0.400000
v 0.000000 -0.840000 -0.200000
v 0.000000 -0.840000 0.400000
vn 0.870693 -0.204681 -0.447214
vn 0.688343 -0.161814 0.707107
vn 0.715773 -0.413270 -0.562918
vn 0.768872 -0.303249 0.562918
vn 0.496375 -0.662363 -0.561148
vn 0.578483 -0.592005 0.561148
vn 0.230705 -0.795806 -0.559882
vn 0.322018 -0.763437 0.559882
vn -0.046429 -0.827554 -0.559463
vn 0.046429 -0.827554 0.559463
vn -0.322018 -0.763437 -0.559882
vn -0.230705 -0.795806 0.559882
vn -0.578483 -0.592005 -0.561148
vn -0.496375 -0.662363 0.561148
vn -0.768872 -0.303249 -0.562918
vn -0.715773 -0.413270 0.562918
vn -0.823346 0.064517 -0.563860
vn -0.823346 -0.064517 0.563860
vn -0.715773 0.413270 -0.562918
vn -0.768872 0.303249 0.562918
vn -0.496375 0.662363 -0.561148
vn -0.578483 0.592005 0.561148
vn -0.230705 0.795806 -0.559882
vn -0.322018 0.763437 0.559882
vn 0.046429 0.827554 -0.559463
vn -0.046429 0.827554 0.559463
vn 0.322018 0.763437 -0.559882
vn 0.230705 0.795806 0.559882
vn 0.578483 0.592005 -0.561148
vn 0.496375 0.662363 0.561148
vn 0.768872 0.303249 -0.562918
vn 0.715773 0.413270 0.562918
vn 0.688343 0.161814 -0.707107
vn 0.870693 0.204681 0.447214
vn 0.000000 -0.000000 -1.000000
vn -0.000000 0.000000 1.000000
usemtl lacquer_black
f 6224 6225 6227
f 6224 6227 6226
f 6226 6227 6229
f 6226 6229 6228
f 6228 6229 6231
f 6228 6231 6230
f 6230 6231 6233
f 6230 6233 6232
f 6232 6233 6235
f 6232 6235 6234
f 6234 6235 6237
f 6234 6237 6236
f 6236 6237 6239
f 6236 6239 6238
f 6238 6239 6241
f 6238 6241 6240
f 6240 6241 6243
f 6240 6243 6242
f 6242 6243 6245
f 6242 6245 6244
f 6244 6245 6247
f 6244 6247 6246
f 6246 6247 6249
f 6246 6249 6248
f 6248 6249 6251
f 6248 6251 6250
f 6250 6251 6253
f 6250 6253 6252
f 6252 6253 6255
f 6252 6255 6254
f 6254 6255 6257
f 6254 6257 6256
f 6258 6224 6226
f 6258 6226 6228
f 6258 6228 6230
f 6258 6230 6232
f 6258 6232 6234
f 6258 6234 6236
f 6258 6236 6238
f 6258 6238 6240
f 6258 6240 6242
f 6258 6242 6244
f 6258 6244 6246
f 6258 6246 6248
f 6258 6248 6250
f 6258 6250 6252
f 6258 6252 6254
f 6258 6254 6256
f 6259 6227 6225
f 6259 6229 6227
f 6259 6231 6229
f 6259 6233 6231
f 6259 6235 6233
f 6259 6237 6235
f 6259 6239 6237
f 6259 6241 6239
f 6259 6243 6241
f 6259 6245 6243
f 6259 6247 6245
f 6259 6249 6247
f 6259 6251 6249
f 6259 6253 6251
f 6259 6255 6253
f 6259 6257 6255
