# Armadura R6 - motor de modelagem proprio (Python)
mtllib armor.mtl
o under_torso
v 1.080000 -0.980000 0.000000
v 1.080000 -0.980000 0.356033
v 1.074605 -0.980000 0.481197
v 1.045577 -0.980000 0.539149
v 0.987430 -0.980000 0.585097
v 0.902478 -0.980000 0.600000
v 0.462844 -0.980000 0.600000
v 0.000000 -0.980000 0.600000
v -0.462844 -0.980000 0.600000
v -0.902478 -0.980000 0.600000
v -0.987430 -0.980000 0.585097
v -1.045577 -0.980000 0.539149
v -1.074605 -0.980000 0.481197
v -1.080000 -0.980000 0.356033
v -1.080000 -0.980000 0.000000
v -1.080000 -0.980000 -0.356033
v -1.074605 -0.980000 -0.481197
v -1.045577 -0.980000 -0.539149
v -0.987430 -0.980000 -0.585097
v -0.902478 -0.980000 -0.600000
v -0.462844 -0.980000 -0.600000
v -0.000000 -0.980000 -0.600000
v 0.462844 -0.980000 -0.600000
v 0.902478 -0.980000 -0.600000
v 0.987430 -0.980000 -0.585097
v 1.045577 -0.980000 -0.539149
v 1.074605 -0.980000 -0.481197
v 1.080000 -0.980000 -0.356033
v 1.080000 1.020000 0.000000
v 1.080000 1.020000 0.356033
v 1.074605 1.020000 0.481197
v 1.045577 1.020000 0.539149
v 0.987430 1.020000 0.585097
v 0.902478 1.020000 0.600000
v 0.462844 1.020000 0.600000
v 0.000000 1.020000 0.600000
v -0.462844 1.020000 0.600000
v -0.902478 1.020000 0.600000
v -0.987430 1.020000 0.585097
v -1.045577 1.020000 0.539149
v -1.074605 1.020000 0.481197
v -1.080000 1.020000 0.356033
v -1.080000 1.020000 0.000000
v -1.080000 1.020000 -0.356033
v -1.074605 1.020000 -0.481197
v -1.045577 1.020000 -0.539149
v -0.987430 1.020000 -0.585097
v -0.902478 1.020000 -0.600000
v -0.462844 1.020000 -0.600000
v -0.000000 1.020000 -0.600000
v 0.462844 1.020000 -0.600000
v 0.902478 1.020000 -0.600000
v 0.987430 1.020000 -0.585097
v 1.045577 1.020000 -0.539149
v 1.074605 1.020000 -0.481197
v 1.080000 1.020000 -0.356033
v 0.000000 -0.980000 0.000000
v 0.000000 1.020000 0.000000
vn 0.832050 -0.554700 0.000000
vn 0.831912 -0.554779 0.011945
vn 0.813179 -0.562316 0.150135
vn 0.677818 -0.562924 0.472948
vn 0.399284 -0.565240 0.721856
vn 0.096068 -0.555988 0.825620
vn 0.000000 -0.554700 0.832050
vn 0.000000 -0.554700 0.832050
vn 0.000000 -0.554700 0.832050
vn -0.048034 -0.555988 0.829801
vn -0.272892 -0.565240 0.778482
vn -0.600670 -0.562924 0.567726
vn -0.783665 -0.562316 0.263948
vn -0.831654 -0.554779 0.023890
vn -0.832050 -0.554700 0.000000
vn -0.831912 -0.554779 -0.011945
vn -0.813179 -0.562316 -0.150135
vn -0.677818 -0.562924 -0.472948
vn -0.399284 -0.565240 -0.721856
vn -0.096068 -0.555988 -0.825620
vn 0.000000 -0.554700 -0.832050
vn 0.000000 -0.554700 -0.832050
vn 0.000000 -0.554700 -0.832050
vn 0.048034 -0.555988 -0.829801
vn 0.272892 -0.565240 -0.778482
vn 0.600670 -0.562924 -0.567726
vn 0.783665 -0.562316 -0.263948
vn 0.831654 -0.554779 -0.023890
vn 0.832050 0.554700 0.000000
vn 0.831654 0.554779 0.023890
vn 0.783665 0.562316 0.263948
vn 0.600670 0.562924 0.567726
vn 0.272892 0.565240 0.778482
vn 0.048034 0.555988 0.829801
vn 0.000000 0.554700 0.832050
vn 0.000000 0.554700 0.832050
vn 0.000000 0.554700 0.832050
vn -0.096068 0.555988 0.825620
vn -0.399284 0.565240 0.721856
vn -0.677818 0.562924 0.472948
vn -0.813179 0.562316 0.150135
vn -0.831912 0.554779 0.011945
vn -0.832050 0.554700 0.000000
vn -0.831654 0.554779 -0.023890
vn -0.783665 0.562316 -0.263948
vn -0.600670 0.562924 -0.567726
vn -0.272892 0.565240 -0.778482
vn -0.048034 0.555988 -0.829801
vn 0.000000 0.554700 -0.832050
vn 0.000000 0.554700 -0.832050
vn 0.000000 0.554700 -0.832050
vn 0.096068 0.555988 -0.825620
vn 0.399284 0.565240 -0.721856
vn 0.677818 0.562924 -0.472948
vn 0.813179 0.562316 -0.150135
vn 0.831912 0.554779 -0.011945
vn 0.000000 -1.000000 0.000000
vn 0.000000 1.000000 0.000000
usemtl silk
f 29 30 2
f 29 2 1
f 30 31 3
f 30 3 2
f 31 32 4
f 31 4 3
f 32 33 5
f 32 5 4
f 33 34 6
f 33 6 5
f 34 35 7
f 34 7 6
f 35 36 8
f 35 8 7
f 36 37 9
f 36 9 8
f 37 38 10
f 37 10 9
f 38 39 11
f 38 11 10
f 39 40 12
f 39 12 11
f 40 41 13
f 40 13 12
f 41 42 14
f 41 14 13
f 42 43 15
f 42 15 14
f 43 44 16
f 43 16 15
f 44 45 17
f 44 17 16
f 45 46 18
f 45 18 17
f 46 47 19
f 46 19 18
f 47 48 20
f 47 20 19
f 48 49 21
f 48 21 20
f 49 50 22
f 49 22 21
f 50 51 23
f 50 23 22
f 51 52 24
f 51 24 23
f 52 53 25
f 52 25 24
f 53 54 26
f 53 26 25
f 54 55 27
f 54 27 26
f 55 56 28
f 55 28 27
f 56 29 1
f 56 1 28
f 1 2 57
f 2 3 57
f 3 4 57
f 4 5 57
f 5 6 57
f 6 7 57
f 7 8 57
f 8 9 57
f 9 10 57
f 10 11 57
f 11 12 57
f 12 13 57
f 13 14 57
f 14 15 57
f 15 16 57
f 16 17 57
f 17 18 57
f 18 19 57
f 19 20 57
f 20 21 57
f 21 22 57
f 22 23 57
f 23 24 57
f 24 25 57
f 25 26 57
f 26 27 57
f 27 28 57
f 28 1 57
f 30 29 58
f 31 30 58
f 32 31 58
f 33 32 58
f 34 33 58
f 35 34 58
f 36 35 58
f 37 36 58
f 38 37 58
f 39 38 58
f 40 39 58
f 41 40 58
f 42 41 58
f 43 42 58
f 44 43 58
f 45 44 58
f 46 45 58
f 47 46 58
f 48 47 58
f 49 48 58
f 50 49 58
f 51 50 58
f 52 51 58
f 53 52 58
f 54 53 58
f 55 54 58
f 56 55 58
f 29 56 58
o under_arm_R
v 0.580000 -0.980000 0.000000
v 0.579956 -0.980000 0.463250
v 0.564127 -0.980000 0.519645
v 0.519645 -0.980000 0.564127
v 0.463250 -0.980000 0.579956
v 0.000000 -0.980000 0.580000
v -0.463250 -0.980000 0.579956
v -0.519645 -0.980000 0.564127
v -0.564127 -0.980000 0.519645
v -0.579956 -0.980000 0.463250
v -0.580000 -0.980000 0.000000
v -0.579956 -0.980000 -0.463250
v -0.564127 -0.980000 -0.519645
v -0.519645 -0.980000 -0.564127
v -0.463250 -0.980000 -0.579956
v -0.000000 -0.980000 -0.580000
v 0.463250 -0.980000 -0.579956
v 0.519645 -0.980000 -0.564127
v 0.564127 -0.980000 -0.519645
v 0.579956 -0.980000 -0.463250
v 0.580000 1.000000 0.000000
v 0.579956 1.000000 0.463250
v 0.564127 1.000000 0.519645
v 0.519645 1.000000 0.564127
v 0.463250 1.000000 0.579956
v 0.000000 1.000000 0.580000
v -0.463250 1.000000 0.579956
v -0.519645 1.000000 0.564127
v -0.564127 1.000000 0.519645
v -0.579956 1.000000 0.463250
v -0.580000 1.000000 0.000000
v -0.579956 1.000000 -0.463250
v -0.564127 1.000000 -0.519645
v -0.519645 1.000000 -0.564127
v -0.463250 1.000000 -0.579956
v -0.000000 1.000000 -0.580000
v 0.463250 1.000000 -0.579956
v 0.519645 1.000000 -0.564127
v 0.564127 1.000000 -0.519645
v 0.579956 1.000000 -0.463250
v 0.000000 -0.980000 0.000000
v 0.000000 1.000000 0.000000
vn 0.832050 -0.554700 -0.000026
vn 0.826472 -0.557901 0.075435
vn 0.745011 -0.565968 0.353043
vn 0.476671 -0.565968 0.672655
vn 0.150790 -0.557901 0.816094
vn 0.000026 -0.554700 0.832050
vn -0.075435 -0.557901 0.826472
vn -0.353043 -0.565968 0.745011
vn -0.672655 -0.565968 0.476671
vn -0.816094 -0.557901 0.150790
vn -0.832050 -0.554700 0.000026
vn -0.826472 -0.557901 -0.075435
vn -0.745011 -0.565968 -0.353043
vn -0.476671 -0.565968 -0.672655
vn -0.150790 -0.557901 -0.816094
vn -0.000026 -0.554700 -0.832050
vn 0.075435 -0.557901 -0.826472
vn 0.353043 -0.565968 -0.745011
vn 0.672655 -0.565968 -0.476671
vn 0.816094 -0.557901 -0.150790
vn 0.832050 0.554700 0.000026
vn 0.816094 0.557901 0.150790
vn 0.672655 0.565968 0.476671
vn 0.353043 0.565968 0.745011
vn 0.075435 0.557901 0.826472
vn -0.000026 0.554700 0.832050
vn -0.150790 0.557901 0.816094
vn -0.476671 0.565968 0.672655
vn -0.745011 0.565968 0.353043
vn -0.826472 0.557901 0.075435
vn -0.832050 0.554700 -0.000026
vn -0.816094 0.557901 -0.150790
vn -0.672655 0.565968 -0.476671
vn -0.353043 0.565968 -0.745011
vn -0.075435 0.557901 -0.826472
vn 0.000026 0.554700 -0.832050
vn 0.150790 0.557901 -0.816094
vn 0.476671 0.565968 -0.672655
vn 0.745011 0.565968 -0.353043
vn 0.826472 0.557901 -0.075435
vn 0.000000 -1.000000 0.000000
vn 0.000000 1.000000 0.000000
usemtl silk
f 79 80 60
f 79 60 59
f 80 81 61
f 80 61 60
f 81 82 62
f 81 62 61
f 82 83 63
f 82 63 62
f 83 84 64
f 83 64 63
f 84 85 65
f 84 65 64
f 85 86 66
f 85 66 65
f 86 87 67
f 86 67 66
f 87 88 68
f 87 68 67
f 88 89 69
f 88 69 68
f 89 90 70
f 89 70 69
f 90 91 71
f 90 71 70
f 91 92 72
f 91 72 71
f 92 93 73
f 92 73 72
f 93 94 74
f 93 74 73
f 94 95 75
f 94 75 74
f 95 96 76
f 95 76 75
f 96 97 77
f 96 77 76
f 97 98 78
f 97 78 77
f 98 79 59
f 98 59 78
f 59 60 99
f 60 61 99
f 61 62 99
f 62 63 99
f 63 64 99
f 64 65 99
f 65 66 99
f 66 67 99
f 67 68 99
f 68 69 99
f 69 70 99
f 70 71 99
f 71 72 99
f 72 73 99
f 73 74 99
f 74 75 99
f 75 76 99
f 76 77 99
f 77 78 99
f 78 59 99
f 80 79 100
f 81 80 100
f 82 81 100
f 83 82 100
f 84 83 100
f 85 84 100
f 86 85 100
f 87 86 100
f 88 87 100
f 89 88 100
f 90 89 100
f 91 90 100
f 92 91 100
f 93 92 100
f 94 93 100
f 95 94 100
f 96 95 100
f 97 96 100
f 98 97 100
f 79 98 100
o under_leg_R
v 0.580000 -0.980000 0.000000
v 0.579956 -0.980000 0.463250
v 0.564127 -0.980000 0.519645
v 0.519645 -0.980000 0.564127
v 0.463250 -0.980000 0.579956
v 0.000000 -0.980000 0.580000
v -0.463250 -0.980000 0.579956
v -0.519645 -0.980000 0.564127
v -0.564127 -0.980000 0.519645
v -0.579956 -0.980000 0.463250
v -0.580000 -0.980000 0.000000
v -0.579956 -0.980000 -0.463250
v -0.564127 -0.980000 -0.519645
v -0.519645 -0.980000 -0.564127
v -0.463250 -0.980000 -0.579956
v -0.000000 -0.980000 -0.580000
v 0.463250 -0.980000 -0.579956
v 0.519645 -0.980000 -0.564127
v 0.564127 -0.980000 -0.519645
v 0.579956 -0.980000 -0.463250
v 0.580000 0.980000 0.000000
v 0.579956 0.980000 0.463250
v 0.564127 0.980000 0.519645
v 0.519645 0.980000 0.564127
v 0.463250 0.980000 0.579956
v 0.000000 0.980000 0.580000
v -0.463250 0.980000 0.579956
v -0.519645 0.980000 0.564127
v -0.564127 0.980000 0.519645
v -0.579956 0.980000 0.463250
v -0.580000 0.980000 0.000000
v -0.579956 0.980000 -0.463250
v -0.564127 0.980000 -0.519645
v -0.519645 0.980000 -0.564127
v -0.463250 0.980000 -0.579956
v -0.000000 0.980000 -0.580000
v 0.463250 0.980000 -0.579956
v 0.519645 0.980000 -0.564127
v 0.564127 0.980000 -0.519645
v 0.579956 0.980000 -0.463250
v 0.000000 -0.980000 0.000000
v 0.000000 0.980000 0.000000
vn 0.832050 -0.554700 -0.000026
vn 0.826472 -0.557901 0.075435
vn 0.745011 -0.565968 0.353043
vn 0.476671 -0.565968 0.672655
vn 0.150790 -0.557901 0.816094
vn 0.000026 -0.554700 0.832050
vn -0.075435 -0.557901 0.826472
vn -0.353043 -0.565968 0.745011
vn -0.672655 -0.565968 0.476671
vn -0.816094 -0.557901 0.150790
vn -0.832050 -0.554700 0.000026
vn -0.826472 -0.557901 -0.075435
vn -0.745011 -0.565968 -0.353043
vn -0.476671 -0.565968 -0.672655
vn -0.150790 -0.557901 -0.816094
vn -0.000026 -0.554700 -0.832050
vn 0.075435 -0.557901 -0.826472
vn 0.353043 -0.565968 -0.745011
vn 0.672655 -0.565968 -0.476671
vn 0.816094 -0.557901 -0.150790
vn 0.832050 0.554700 0.000026
vn 0.816094 0.557901 0.150790
vn 0.672655 0.565968 0.476671
vn 0.353043 0.565968 0.745011
vn 0.075435 0.557901 0.826472
vn -0.000026 0.554700 0.832050
vn -0.150790 0.557901 0.816094
vn -0.476671 0.565968 0.672655
vn -0.745011 0.565968 0.353043
vn -0.826472 0.557901 0.075435
vn -0.832050 0.554700 -0.000026
vn -0.816094 0.557901 -0.150790
vn -0.672655 0.565968 -0.476671
vn -0.353043 0.565968 -0.745011
vn -0.075435 0.557901 -0.826472
vn 0.000026 0.554700 -0.832050
vn 0.150790 0.557901 -0.816094
vn 0.476671 0.565968 -0.672655
vn 0.745011 0.565968 -0.353043
vn 0.826472 0.557901 -0.075435
vn 0.000000 -1.000000 0.000000
vn 0.000000 1.000000 0.000000
usemtl silk
f 121 122 102
f 121 102 101
f 122 123 103
f 122 103 102
f 123 124 104
f 123 104 103
f 124 125 105
f 124 105 104
f 125 126 106
f 125 106 105
f 126 127 107
f 126 107 106
f 127 128 108
f 127 108 107
f 128 129 109
f 128 109 108
f 129 130 110
f 129 110 109
f 130 131 111
f 130 111 110
f 131 132 112
f 131 112 111
f 132 133 113
f 132 113 112
f 133 134 114
f 133 114 113
f 134 135 115
f 134 115 114
f 135 136 116
f 135 116 115
f 136 137 117
f 136 117 116
f 137 138 118
f 137 118 117
f 138 139 119
f 138 119 118
f 139 140 120
f 139 120 119
f 140 121 101
f 140 101 120
f 101 102 141
f 102 103 141
f 103 104 141
f 104 105 141
f 105 106 141
f 106 107 141
f 107 108 141
f 108 109 141
f 109 110 141
f 110 111 141
f 111 112 141
f 112 113 141
f 113 114 141
f 114 115 141
f 115 116 141
f 116 117 141
f 117 118 141
f 118 119 141
f 119 120 141
f 120 101 141
f 122 121 142
f 123 122 142
f 124 123 142
f 125 124 142
f 126 125 142
f 127 126 142
f 128 127 142
f 129 128 142
f 130 129 142
f 131 130 142
f 132 131 142
f 133 132 142
f 134 133 142
f 135 134 142
f 136 135 142
f 137 136 142
f 138 137 142
f 139 138 142
f 140 139 142
f 121 140 142
o under_arm_L
v 0.580000 -0.980000 0.000000
v 0.579956 -0.980000 0.463250
v 0.564127 -0.980000 0.519645
v 0.519645 -0.980000 0.564127
v 0.463250 -0.980000 0.579956
v 0.000000 -0.980000 0.580000
v -0.463250 -0.980000 0.579956
v -0.519645 -0.980000 0.564127
v -0.564127 -0.980000 0.519645
v -0.579956 -0.980000 0.463250
v -0.580000 -0.980000 0.000000
v -0.579956 -0.980000 -0.463250
v -0.564127 -0.980000 -0.519645
v -0.519645 -0.980000 -0.564127
v -0.463250 -0.980000 -0.579956
v -0.000000 -0.980000 -0.580000
v 0.463250 -0.980000 -0.579956
v 0.519645 -0.980000 -0.564127
v 0.564127 -0.980000 -0.519645
v 0.579956 -0.980000 -0.463250
v 0.580000 1.000000 0.000000
v 0.579956 1.000000 0.463250
v 0.564127 1.000000 0.519645
v 0.519645 1.000000 0.564127
v 0.463250 1.000000 0.579956
v 0.000000 1.000000 0.580000
v -0.463250 1.000000 0.579956
v -0.519645 1.000000 0.564127
v -0.564127 1.000000 0.519645
v -0.579956 1.000000 0.463250
v -0.580000 1.000000 0.000000
v -0.579956 1.000000 -0.463250
v -0.564127 1.000000 -0.519645
v -0.519645 1.000000 -0.564127
v -0.463250 1.000000 -0.579956
v -0.000000 1.000000 -0.580000
v 0.463250 1.000000 -0.579956
v 0.519645 1.000000 -0.564127
v 0.564127 1.000000 -0.519645
v 0.579956 1.000000 -0.463250
v 0.000000 -0.980000 0.000000
v 0.000000 1.000000 0.000000
vn 0.832050 -0.554700 -0.000026
vn 0.826472 -0.557901 0.075435
vn 0.745011 -0.565968 0.353043
vn 0.476671 -0.565968 0.672655
vn 0.150790 -0.557901 0.816094
vn 0.000026 -0.554700 0.832050
vn -0.075435 -0.557901 0.826472
vn -0.353043 -0.565968 0.745011
vn -0.672655 -0.565968 0.476671
vn -0.816094 -0.557901 0.150790
vn -0.832050 -0.554700 0.000026
vn -0.826472 -0.557901 -0.075435
vn -0.745011 -0.565968 -0.353043
vn -0.476671 -0.565968 -0.672655
vn -0.150790 -0.557901 -0.816094
vn -0.000026 -0.554700 -0.832050
vn 0.075435 -0.557901 -0.826472
vn 0.353043 -0.565968 -0.745011
vn 0.672655 -0.565968 -0.476671
vn 0.816094 -0.557901 -0.150790
vn 0.832050 0.554700 0.000026
vn 0.816094 0.557901 0.150790
vn 0.672655 0.565968 0.476671
vn 0.353043 0.565968 0.745011
vn 0.075435 0.557901 0.826472
vn -0.000026 0.554700 0.832050
vn -0.150790 0.557901 0.816094
vn -0.476671 0.565968 0.672655
vn -0.745011 0.565968 0.353043
vn -0.826472 0.557901 0.075435
vn -0.832050 0.554700 -0.000026
vn -0.816094 0.557901 -0.150790
vn -0.672655 0.565968 -0.476671
vn -0.353043 0.565968 -0.745011
vn -0.075435 0.557901 -0.826472
vn 0.000026 0.554700 -0.832050
vn 0.150790 0.557901 -0.816094
vn 0.476671 0.565968 -0.672655
vn 0.745011 0.565968 -0.353043
vn 0.826472 0.557901 -0.075435
vn 0.000000 -1.000000 0.000000
vn 0.000000 1.000000 0.000000
usemtl silk
f 163 164 144
f 163 144 143
f 164 165 145
f 164 145 144
f 165 166 146
f 165 146 145
f 166 167 147
f 166 147 146
f 167 168 148
f 167 148 147
f 168 169 149
f 168 149 148
f 169 170 150
f 169 150 149
f 170 171 151
f 170 151 150
f 171 172 152
f 171 152 151
f 172 173 153
f 172 153 152
f 173 174 154
f 173 154 153
f 174 175 155
f 174 155 154
f 175 176 156
f 175 156 155
f 176 177 157
f 176 157 156
f 177 178 158
f 177 158 157
f 178 179 159
f 178 159 158
f 179 180 160
f 179 160 159
f 180 181 161
f 180 161 160
f 181 182 162
f 181 162 161
f 182 163 143
f 182 143 162
f 143 144 183
f 144 145 183
f 145 146 183
f 146 147 183
f 147 148 183
f 148 149 183
f 149 150 183
f 150 151 183
f 151 152 183
f 152 153 183
f 153 154 183
f 154 155 183
f 155 156 183
f 156 157 183
f 157 158 183
f 158 159 183
f 159 160 183
f 160 161 183
f 161 162 183
f 162 143 183
f 164 163 184
f 165 164 184
f 166 165 184
f 167 166 184
f 168 167 184
f 169 168 184
f 170 169 184
f 171 170 184
f 172 171 184
f 173 172 184
f 174 173 184
f 175 174 184
f 176 175 184
f 177 176 184
f 178 177 184
f 179 178 184
f 180 179 184
f 181 180 184
f 182 181 184
f 163 182 184
o under_leg_L
v 0.580000 -0.980000 0.000000
v 0.579956 -0.980000 0.463250
v 0.564127 -0.980000 0.519645
v 0.519645 -0.980000 0.564127
v 0.463250 -0.980000 0.579956
v 0.000000 -0.980000 0.580000
v -0.463250 -0.980000 0.579956
v -0.519645 -0.980000 0.564127
v -0.564127 -0.980000 0.519645
v -0.579956 -0.980000 0.463250
v -0.580000 -0.980000 0.000000
v -0.579956 -0.980000 -0.463250
v -0.564127 -0.980000 -0.519645
v -0.519645 -0.980000 -0.564127
v -0.463250 -0.980000 -0.579956
v -0.000000 -0.980000 -0.580000
v 0.463250 -0.980000 -0.579956
v 0.519645 -0.980000 -0.564127
v 0.564127 -0.980000 -0.519645
v 0.579956 -0.980000 -0.463250
v 0.580000 0.980000 0.000000
v 0.579956 0.980000 0.463250
v 0.564127 0.980000 0.519645
v 0.519645 0.980000 0.564127
v 0.463250 0.980000 0.579956
v 0.000000 0.980000 0.580000
v -0.463250 0.980000 0.579956
v -0.519645 0.980000 0.564127
v -0.564127 0.980000 0.519645
v -0.579956 0.980000 0.463250
v -0.580000 0.980000 0.000000
v -0.579956 0.980000 -0.463250
v -0.564127 0.980000 -0.519645
v -0.519645 0.980000 -0.564127
v -0.463250 0.980000 -0.579956
v -0.000000 0.980000 -0.580000
v 0.463250 0.980000 -0.579956
v 0.519645 0.980000 -0.564127
v 0.564127 0.980000 -0.519645
v 0.579956 0.980000 -0.463250
v 0.000000 -0.980000 0.000000
v 0.000000 0.980000 0.000000
vn 0.832050 -0.554700 -0.000026
vn 0.826472 -0.557901 0.075435
vn 0.745011 -0.565968 0.353043
vn 0.476671 -0.565968 0.672655
vn 0.150790 -0.557901 0.816094
vn 0.000026 -0.554700 0.832050
vn -0.075435 -0.557901 0.826472
vn -0.353043 -0.565968 0.745011
vn -0.672655 -0.565968 0.476671
vn -0.816094 -0.557901 0.150790
vn -0.832050 -0.554700 0.000026
vn -0.826472 -0.557901 -0.075435
vn -0.745011 -0.565968 -0.353043
vn -0.476671 -0.565968 -0.672655
vn -0.150790 -0.557901 -0.816094
vn -0.000026 -0.554700 -0.832050
vn 0.075435 -0.557901 -0.826472
vn 0.353043 -0.565968 -0.745011
vn 0.672655 -0.565968 -0.476671
vn 0.816094 -0.557901 -0.150790
vn 0.832050 0.554700 0.000026
vn 0.816094 0.557901 0.150790
vn 0.672655 0.565968 0.476671
vn 0.353043 0.565968 0.745011
vn 0.075435 0.557901 0.826472
vn -0.000026 0.554700 0.832050
vn -0.150790 0.557901 0.816094
vn -0.476671 0.565968 0.672655
vn -0.745011 0.565968 0.353043
vn -0.826472 0.557901 0.075435
vn -0.832050 0.554700 -0.000026
vn -0.816094 0.557901 -0.150790
vn -0.672655 0.565968 -0.476671
vn -0.353043 0.565968 -0.745011
vn -0.075435 0.557901 -0.826472
vn 0.000026 0.554700 -0.832050
vn 0.150790 0.557901 -0.816094
vn 0.476671 0.565968 -0.672655
vn 0.745011 0.565968 -0.353043
vn 0.826472 0.557901 -0.075435
vn 0.000000 -1.000000 0.000000
vn 0.000000 1.000000 0.000000
usemtl silk
f 205 206 186
f 205 186 185
f 206 207 187
f 206 187 186
f 207 208 188
f 207 188 187
f 208 209 189
f 208 189 188
f 209 210 190
f 209 190 189
f 210 211 191
f 210 191 190
f 211 212 192
f 211 192 191
f 212 213 193
f 212 193 192
f 213 214 194
f 213 194 193
f 214 215 195
f 214 195 194
f 215 216 196
f 215 196 195
f 216 217 197
f 216 197 196
f 217 218 198
f 217 198 197
f 218 219 199
f 218 199 198
f 219 220 200
f 219 200 199
f 220 221 201
f 220 201 200
f 221 222 202
f 221 202 201
f 222 223 203
f 222 203 202
f 223 224 204
f 223 204 203
f 224 205 185
f 224 185 204
f 185 186 225
f 186 187 225
f 187 188 225
f 188 189 225
f 189 190 225
f 190 191 225
f 191 192 225
f 192 193 225
f 193 194 225
f 194 195 225
f 195 196 225
f 196 197 225
f 197 198 225
f 198 199 225
f 199 200 225
f 200 201 225
f 201 202 225
f 202 203 225
f 203 204 225
f 204 185 225
f 206 205 226
f 207 206 226
f 208 207 226
f 209 208 226
f 210 209 226
f 211 210 226
f 212 211 226
f 213 212 226
f 214 213 226
f 215 214 226
f 216 215 226
f 217 216 226
f 218 217 226
f 219 218 226
f 220 219 226
f 221 220 226
f 222 221 226
f 223 222 226
f 224 223 226
f 205 224 226
o lamellar_front_0
v 1.080000 0.564375 0.000000
v 1.050000 0.700000 0.000000
v 1.066703 0.564375 0.121643
v 1.037073 0.700000 0.118264
v 1.027141 0.564375 0.240292
v 0.998609 0.700000 0.233617
v 0.962287 0.564375 0.353023
v 0.935557 0.700000 0.343217
v 0.873738 0.564375 0.457062
v 0.849468 0.700000 0.444366
v 0.763675 0.564375 0.549846
v 0.742462 0.700000 0.534573
v 0.634808 0.564375 0.629092
v 0.617175 0.700000 0.611617
v 0.490310 0.564375 0.692847
v 0.476690 0.700000 0.673601
v 0.333738 0.564375 0.739542
v 0.324468 0.700000 0.718999
v 0.168949 0.564375 0.768026
v 0.164256 0.700000 0.746692
v 0.000000 0.564375 0.777600
v 0.000000 0.700000 0.756000
v -0.168949 0.564375 0.768026
v -0.164256 0.700000 0.746692
v -0.333738 0.564375 0.739542
v -0.324468 0.700000 0.718999
v -0.490310 0.564375 0.692847
v -0.476690 0.700000 0.673601
v -0.634808 0.564375 0.629092
v -0.617175 0.700000 0.611617
v -0.763675 0.564375 0.549846
v -0.742462 0.700000 0.534573
v -0.873738 0.564375 0.457062
v -0.849468 0.700000 0.444366
v -0.962287 0.564375 0.353023
v -0.935557 0.700000 0.343217
v -1.027141 0.564375 0.240292
v -0.998609 0.700000 0.233617
v -1.066703 0.564375 0.121643
v -1.037073 0.700000 0.118264
v -1.080000 0.564375 0.000000
v -1.050000 0.700000 0.000000
vn 0.970884 0.214758 0.106125
vn 0.970884 0.214758 0.106125
vn 0.946467 0.212826 0.242706
vn 0.961021 0.214311 0.174672
vn 0.878772 0.206054 0.430467
vn 0.905089 0.208640 0.370518
vn 0.783862 0.197065 0.588834
vn 0.817867 0.200197 0.539457
vn 0.673411 0.187452 0.715108
vn 0.711389 0.190629 0.676452
vn 0.556342 0.178414 0.811574
vn 0.595716 0.181294 0.782467
vn 0.438074 0.170675 0.882588
vn 0.477416 0.173069 0.861465
vn 0.321192 0.164595 0.932601
vn 0.359906 0.166414 0.918027
vn 0.206426 0.160313 0.965240
vn 0.244426 0.161529 0.956119
vn 0.093437 0.157866 0.983030
vn 0.130922 0.158473 0.978645
vn -0.018650 0.157253 0.987382
vn 0.018650 0.157253 0.987382
vn -0.130922 0.158473 0.978645
vn -0.093437 0.157866 0.983030
vn -0.244426 0.161529 0.956119
vn -0.206426 0.160313 0.965240
vn -0.359906 0.166414 0.918027
vn -0.321192 0.164595 0.932601
vn -0.477416 0.173069 0.861465
vn -0.438074 0.170675 0.882588
vn -0.595716 0.181294 0.782467
vn -0.556342 0.178414 0.811574
vn -0.711389 0.190629 0.676452
vn -0.673411 0.187452 0.715108
vn -0.817867 0.200197 0.539457
vn -0.783862 0.197065 0.588834
vn -0.905089 0.208640 0.370518
vn -0.878772 0.206054 0.430467
vn -0.961021 0.214311 0.174672
vn -0.946467 0.212826 0.242706
vn -0.970884 0.214758 0.106125
vn -0.970884 0.214758 0.106125
usemtl lacquer_red
f 227 228 230
f 227 230 229
f 229 230 232
f 229 232 231
f 231 232 234
f 231 234 233
f 233 234 236
f 233 236 235
f 235 236 238
f 235 238 237
f 237 238 240
f 237 240 239
f 239 240 242
f 239 242 241
f 241 242 244
f 241 244 243
f 243 244 246
f 243 246 245
f 245 246 248
f 245 248 247
f 247 248 250
f 247 250 249
f 249 250 252
f 249 252 251
f 251 252 254
f 251 254 253
f 253 254 256
f 253 256 255
f 255 256 258
f 255 258 257
f 257 258 260
f 257 260 259
f 259 260 262
f 259 262 261
f 261 262 264
f 261 264 263
f 263 264 266
f 263 266 265
f 265 266 268
f 265 268 267
o lamellar_front_1
v 1.080000 0.370625 0.000000
v 1.050000 0.506250 0.000000
v 1.066703 0.370625 0.121643
v 1.037073 0.506250 0.118264
v 1.027141 0.370625 0.240292
v 0.998609 0.506250 0.233617
v 0.962287 0.370625 0.353023
v 0.935557 0.506250 0.343217
v 0.873738 0.370625 0.457062
v 0.849468 0.506250 0.444366
v 0.763675 0.370625 0.549846
v 0.742462 0.506250 0.534573
v 0.634808 0.370625 0.629092
v 0.617175 0.506250 0.611617
v 0.490310 0.370625 0.692847
v 0.476690 0.506250 0.673601
v 0.333738 0.370625 0.739542
v 0.324468 0.506250 0.718999
v 0.168949 0.370625 0.768026
v 0.164256 0.506250 0.746692
v 0.000000 0.370625 0.777600
v 0.000000 0.506250 0.756000
v -0.168949 0.370625 0.768026
v -0.164256 0.506250 0.746692
v -0.333738 0.370625 0.739542
v -0.324468 0.506250 0.718999
v -0.490310 0.370625 0.692847
v -0.476690 0.506250 0.673601
v -0.634808 0.370625 0.629092
v -0.617175 0.506250 0.611617
v -0.763675 0.370625 0.549846
v -0.742462 0.506250 0.534573
v -0.873738 0.370625 0.457062
v -0.849468 0.506250 0.444366
v -0.962287 0.370625 0.353023
v -0.935557 0.506250 0.343217
v -1.027141 0.370625 0.240292
v -0.998609 0.506250 0.233617
v -1.066703 0.370625 0.121643
v -1.037073 0.506250 0.118264
v -1.080000 0.370625 0.000000
v -1.050000 0.506250 0.000000
vn 0.970884 0.214758 0.106125
vn 0.970884 0.214758 0.106125
vn 0.946467 0.212826 0.242706
vn 0.961021 0.214311 0.174672
vn 0.878772 0.206054 0.430467
vn 0.905089 0.208640 0.370518
vn 0.783862 0.197065 0.588834
vn 0.817867 0.200197 0.539457
vn 0.673411 0.187452 0.715108
vn 0.711389 0.190629 0.676452
vn 0.556342 0.178414 0.811574
vn 0.595716 0.181294 0.782467
vn 0.438074 0.170675 0.882588
vn 0.477416 0.173069 0.861465
vn 0.321192 0.164595 0.932601
vn 0.359906 0.166414 0.918027
vn 0.206426 0.160313 0.965240
vn 0.244426 0.161529 0.956119
vn 0.093437 0.157866 0.983030
vn 0.130922 0.158473 0.978645
vn -0.018650 0.157253 0.987382
vn 0.018650 0.157253 0.987382
vn -0.130922 0.158473 0.978645
vn -0.093437 0.157866 0.983030
vn -0.244426 0.161529 0.956119
vn -0.206426 0.160313 0.965240
vn -0.359906 0.166414 0.918027
vn -0.321192 0.164595 0.932601
vn -0.477416 0.173069 0.861465
vn -0.438074 0.170675 0.882588
vn -0.595716 0.181294 0.782467
vn -0.556342 0.178414 0.811574
vn -0.711389 0.190629 0.676452
vn -0.673411 0.187452 0.715108
vn -0.817867 0.200197 0.539457
vn -0.783862 0.197065 0.588834
vn -0.905089 0.208640 0.370518
vn -0.878772 0.206054 0.430467
vn -0.961021 0.214311 0.174672
vn -0.946467 0.212826 0.242706
vn -0.970884 0.214758 0.106125
vn -0.970884 0.214758 0.106125
usemtl lacquer_red
f 269 270 272
f 269 272 271
f 271 272 274
f 271 274 273
f 273 274 276
f 273 276 275
f 275 276 278
f 275 278 277
f 277 278 280
f 277 280 279
f 279 280 282
f 279 282 281
f 281 282 284
f 281 284 283
f 283 284 286
f 283 286 285
f 285 286 288
f 285 288 287
f 287 288 290
f 287 290 289
f 289 290 292
f 289 292 291
f 291 292 294
f 291 294 293
f 293 294 296
f 293 296 295
f 295 296 298
f 295 298 297
f 297 298 300
f 297 300 299
f 299 300 302
f 299 302 301
f 301 302 304
f 301 304 303
f 303 304 306
f 303 306 305
f 305 306 308
f 305 308 307
f 307 308 310
f 307 310 309
o lamellar_front_2
v 1.080000 0.176875 0.000000
v 1.050000 0.312500 0.000000
v 1.066703 0.176875 0.121643
v 1.037073 0.312500 0.118264
v 1.027141 0.176875 0.240292
v 0.998609 0.312500 0.233617
v 0.962287 0.176875 0.353023
v 0.935557 0.312500 0.343217
v 0.873738 0.176875 0.457062
v 0.849468 0.312500 0.444366
v 0.763675 0.176875 0.549846
v 0.742462 0.312500 0.534573
v 0.634808 0.176875 0.629092
v 0.617175 0.312500 0.611617
v 0.490310 0.176875 0.692847
v 0.476690 0.312500 0.673601
v 0.333738 0.176875 0.739542
v 0.324468 0.312500 0.718999
v 0.168949 0.176875 0.768026
v 0.164256 0.312500 0.746692
v 0.000000 0.176875 0.777600
v 0.000000 0.312500 0.756000
v -0.168949 0.176875 0.768026
v -0.164256 0.312500 0.746692
v -0.333738 0.176875 0.739542
v -0.324468 0.312500 0.718999
v -0.490310 0.176875 0.692847
v -0.476690 0.312500 0.673601
v -0.634808 0.176875 0.629092
v -0.617175 0.312500 0.611617
v -0.763675 0.176875 0.549846
v -0.742462 0.312500 0.534573
v -0.873738 0.176875 0.457062
v -0.849468 0.312500 0.444366
v -0.962287 0.176875 0.353023
v -0.935557 0.312500 0.343217
v -1.027141 0.176875 0.240292
v -0.998609 0.312500 0.233617
v -1.066703 0.176875 0.121643
v -1.037073 0.312500 0.118264
v -1.080000 0.176875 0.000000
v -1.050000 0.312500 0.000000
vn 0.970884 0.214758 0.106125
vn 0.970884 0.214758 0.106125
vn 0.946467 0.212826 0.242706
vn 0.961021 0.214311 0.174672
vn 0.878772 0.206054 0.430467
vn 0.905089 0.208640 0.370518
vn 0.783862 0.197065 0.588834
vn 0.817867 0.200197 0.539457
vn 0.673411 0.187452 0.715108
vn 0.711389 0.190629 0.676452
vn 0.556342 0.178414 0.811574
vn 0.595716 0.181294 0.782467
vn 0.438074 0.170675 0.882588
vn 0.477416 0.173069 0.861465
vn 0.321192 0.164595 0.932601
vn 0.359906 0.166414 0.918027
vn 0.206426 0.160313 0.965240
vn 0.244426 0.161529 0.956119
vn 0.093437 0.157866 0.983030
vn 0.130922 0.158473 0.978645
vn -0.018650 0.157253 0.987382
vn 0.018650 0.157253 0.987382
vn -0.130922 0.158473 0.978645
vn -0.093437 0.157866 0.983030
vn -0.244426 0.161529 0.956119
vn -0.206426 0.160313 0.965240
vn -0.359906 0.166414 0.918027
vn -0.321192 0.164595 0.932601
vn -0.477416 0.173069 0.861465
vn -0.438074 0.170675 0.882588
vn -0.595716 0.181294 0.782467
vn -0.556342 0.178414 0.811574
vn -0.711389 0.190629 0.676452
vn -0.673411 0.187452 0.715108
vn -0.817867 0.200197 0.539457
vn -0.783862 0.197065 0.588834
vn -0.905089 0.208640 0.370518
vn -0.878772 0.206054 0.430467
vn -0.961021 0.214311 0.174672
vn -0.946467 0.212826 0.242706
vn -0.970884 0.214758 0.106125
vn -0.970884 0.214758 0.106125
usemtl lacquer_red
f 311 312 314
f 311 314 313
f 313 314 316
f 313 316 315
f 315 316 318
f 315 318 317
f 317 318 320
f 317 320 319
f 319 320 322
f 319 322 321
f 321 322 324
f 321 324 323
f 323 324 326
f 323 326 325
f 325 326 328
f 325 328 327
f 327 328 330
f 327 330 329
f 329 330 332
f 329 332 331
f 331 332 334
f 331 334 333
f 333 334 336
f 333 336 335
f 335 336 338
f 335 338 337
f 337 338 340
f 337 340 339
f 339 340 342
f 339 342 341
f 341 342 344
f 341 344 343
f 343 344 346
f 343 346 345
f 345 346 348
f 345 348 347
f 347 348 350
f 347 350 349
f 349 350 352
f 349 352 351
o lamellar_front_3
v 1.080000 -0.016875 0.000000
v 1.050000 0.118750 0.000000
v 1.066703 -0.016875 0.121643
v 1.037073 0.118750 0.118264
v 1.027141 -0.016875 0.240292
v 0.998609 0.118750 0.233617
v 0.962287 -0.016875 0.353023
v 0.935557 0.118750 0.343217
v 0.873738 -0.016875 0.457062
v 0.849468 0.118750 0.444366
v 0.763675 -0.016875 0.549846
v 0.742462 0.118750 0.534573
v 0.634808 -0.016875 0.629092
v 0.617175 0.118750 0.611617
v 0.490310 -0.016875 0.692847
v 0.476690 0.118750 0.673601
v 0.333738 -0.016875 0.739542
v 0.324468 0.118750 0.718999
v 0.168949 -0.016875 0.768026
v 0.164256 0.118750 0.746692
v 0.000000 -0.016875 0.777600
v 0.000000 0.118750 0.756000
v -0.168949 -0.016875 0.768026
v -0.164256 0.118750 0.746692
v -0.333738 -0.016875 0.739542
v -0.324468 0.118750 0.718999
v -0.490310 -0.016875 0.692847
v -0.476690 0.118750 0.673601
v -0.634808 -0.016875 0.629092
v -0.617175 0.118750 0.611617
v -0.763675 -0.016875 0.549846
v -0.742462 0.118750 0.534573
v -0.873738 -0.016875 0.457062
v -0.849468 0.118750 0.444366
v -0.962287 -0.016875 0.353023
v -0.935557 0.118750 0.343217
v -1.027141 -0.016875 0.240292
v -0.998609 0.118750 0.233617
v -1.066703 -0.016875 0.121643
v -1.037073 0.118750 0.118264
v -1.080000 -0.016875 0.000000
v -1.050000 0.118750 0.000000
vn 0.970884 0.214758 0.106125
vn 0.970884 0.214758 0.106125
vn 0.946467 0.212826 0.242706
vn 0.961021 0.214311 0.174672
vn 0.878772 0.206054 0.430467
vn 0.905089 0.208640 0.370518
vn 0.783862 0.197065 0.588834
vn 0.817867 0.200197 0.539457
vn 0.673411 0.187452 0.715108
vn 0.711389 0.190629 0.676452
vn 0.556342 0.178414 0.811574
vn 0.595716 0.181294 0.782467
vn 0.438074 0.170675 0.882588
vn 0.477416 0.173069 0.861465
vn 0.321192 0.164595 0.932601
vn 0.359906 0.166414 0.918027
vn 0.206426 0.160313 0.965240
vn 0.244426 0.161529 0.956119
vn 0.093437 0.157866 0.983030
vn 0.130922 0.158473 0.978645
vn -0.018650 0.157253 0.987382
vn 0.018650 0.157253 0.987382
vn -0.130922 0.158473 0.978645
vn -0.093437 0.157866 0.983030
vn -0.244426 0.161529 0.956119
vn -0.206426 0.160313 0.965240
vn -0.359906 0.166414 0.918027
vn -0.321192 0.164595 0.932601
vn -0.477416 0.173069 0.861465
vn -0.438074 0.170675 0.882588
vn -0.595716 0.181294 0.782467
vn -0.556342 0.178414 0.811574
vn -0.711389 0.190629 0.676452
vn -0.673411 0.187452 0.715108
vn -0.817867 0.200197 0.539457
vn -0.783862 0.197065 0.588834
vn -0.905089 0.208640 0.370518
vn -0.878772 0.206054 0.430467
vn -0.961021 0.214311 0.174672
vn -0.946467 0.212826 0.242706
vn -0.970884 0.214758 0.106125
vn -0.970884 0.214758 0.106125
usemtl lacquer_red
f 353 354 356
f 353 356 355
f 355 356 358
f 355 358 357
f 357 358 360
f 357 360 359
f 359 360 362
f 359 362 361
f 361 362 364
f 361 364 363
f 363 364 366
f 363 366 365
f 365 366 368
f 365 368 367
f 367 368 370
f 367 370 369
f 369 370 372
f 369 372 371
f 371 372 374
f 371 374 373
f 373 374 376
f 373 376 375
f 375 376 378
f 375 378 377
f 377 378 380
f 377 380 379
f 379 380 382
f 379 382 381
f 381 382 384
f 381 384 383
f 383 384 386
f 383 386 385
f 385 386 388
f 385 388 387
f 387 388 390
f 387 390 389
f 389 390 392
f 389 392 391
f 391 392 394
f 391 394 393
o lamellar_front_4
v 1.080000 -0.210625 0.000000
v 1.050000 -0.075000 0.000000
v 1.066703 -0.210625 0.121643
v 1.037073 -0.075000 0.118264
v 1.027141 -0.210625 0.240292
v 0.998609 -0.075000 0.233617
v 0.962287 -0.210625 0.353023
v 0.935557 -0.075000 0.343217
v 0.873738 -0.210625 0.457062
v 0.849468 -0.075000 0.444366
v 0.763675 -0.210625 0.549846
v 0.742462 -0.075000 0.534573
v 0.634808 -0.210625 0.629092
v 0.617175 -0.075000 0.611617
v 0.490310 -0.210625 0.692847
v 0.476690 -0.075000 0.673601
v 0.333738 -0.210625 0.739542
v 0.324468 -0.075000 0.718999
v 0.168949 -0.210625 0.768026
v 0.164256 -0.075000 0.746692
v 0.000000 -0.210625 0.777600
v 0.000000 -0.075000 0.756000
v -0.168949 -0.210625 0.768026
v -0.164256 -0.075000 0.746692
v -0.333738 -0.210625 0.739542
v -0.324468 -0.075000 0.718999
v -0.490310 -0.210625 0.692847
v -0.476690 -0.075000 0.673601
v -0.634808 -0.210625 0.629092
v -0.617175 -0.075000 0.611617
v -0.763675 -0.210625 0.549846
v -0.742462 -0.075000 0.534573
v -0.873738 -0.210625 0.457062
v -0.849468 -0.075000 0.444366
v -0.962287 -0.210625 0.353023
v -0.935557 -0.075000 0.343217
v -1.027141 -0.210625 0.240292
v -0.998609 -0.075000 0.233617
v -1.066703 -0.210625 0.121643
v -1.037073 -0.075000 0.118264
v -1.080000 -0.210625 0.000000
v -1.050000 -0.075000 0.000000
vn 0.970884 0.214758 0.106125
vn 0.970884 0.214758 0.106125
vn 0.946467 0.212826 0.242706
vn 0.961021 0.214311 0.174672
vn 0.878772 0.206054 0.430467
vn 0.905089 0.208640 0.370518
vn 0.783862 0.197065 0.588834
vn 0.817867 0.200197 0.539457
vn 0.673411 0.187452 0.715108
vn 0.711389 0.190629 0.676452
vn 0.556342 0.178414 0.811574
vn 0.595716 0.181294 0.782467
vn 0.438074 0.170675 0.882588
vn 0.477416 0.173069 0.861465
vn 0.321192 0.164595 0.932601
vn 0.359906 0.166414 0.918027
vn 0.206426 0.160313 0.965240
vn 0.244426 0.161529 0.956119
vn 0.093437 0.157866 0.983030
vn 0.130922 0.158473 0.978645
vn -0.018650 0.157253 0.987382
vn 0.018650 0.157253 0.987382
vn -0.130922 0.158473 0.978645
vn -0.093437 0.157866 0.983030
vn -0.244426 0.161529 0.956119
vn -0.206426 0.160313 0.965240
vn -0.359906 0.166414 0.918027
vn -0.321192 0.164595 0.932601
vn -0.477416 0.173069 0.861465
vn -0.438074 0.170675 0.882588
vn -0.595716 0.181294 0.782467
vn -0.556342 0.178414 0.811574
vn -0.711389 0.190629 0.676452
vn -0.673411 0.187452 0.715108
vn -0.817867 0.200197 0.539457
vn -0.783862 0.197065 0.588834
vn -0.905089 0.208640 0.370518
vn -0.878772 0.206054 0.430467
vn -0.961021 0.214311 0.174672
vn -0.946467 0.212826 0.242706
vn -0.970884 0.214758 0.106125
vn -0.970884 0.214758 0.106125
usemtl lacquer_red
f 395 396 398
f 395 398 397
f 397 398 400
f 397 400 399
f 399 400 402
f 399 402 401
f 401 402 404
f 401 404 403
f 403 404 406
f 403 406 405
f 405 406 408
f 405 408 407
f 407 408 410
f 407 410 409
f 409 410 412
f 409 412 411
f 411 412 414
f 411 414 413
f 413 414 416
f 413 416 415
f 415 416 418
f 415 418 417
f 417 418 420
f 417 420 419
f 419 420 422
f 419 422 421
f 421 422 424
f 421 424 423
f 423 424 426
f 423 426 425
f 425 426 428
f 425 428 427
f 427 428 430
f 427 430 429
f 429 430 432
f 429 432 431
f 431 432 434
f 431 434 433
f 433 434 436
f 433 436 435
o lamellar_front_5
v 1.080000 -0.404375 0.000000
v 1.050000 -0.268750 0.000000
v 1.066703 -0.404375 0.121643
v 1.037073 -0.268750 0.118264
v 1.027141 -0.404375 0.240292
v 0.998609 -0.268750 0.233617
v 0.962287 -0.404375 0.353023
v 0.935557 -0.268750 0.343217
v 0.873738 -0.404375 0.457062
v 0.849468 -0.268750 0.444366
v 0.763675 -0.404375 0.549846
v 0.742462 -0.268750 0.534573
v 0.634808 -0.404375 0.629092
v 0.617175 -0.268750 0.611617
v 0.490310 -0.404375 0.692847
v 0.476690 -0.268750 0.673601
v 0.333738 -0.404375 0.739542
v 0.324468 -0.268750 0.718999
v 0.168949 -0.404375 0.768026
v 0.164256 -0.268750 0.746692
v 0.000000 -0.404375 0.777600
v 0.000000 -0.268750 0.756000
v -0.168949 -0.404375 0.768026
v -0.164256 -0.268750 0.746692
v -0.333738 -0.404375 0.739542
v -0.324468 -0.268750 0.718999
v -0.490310 -0.404375 0.692847
v -0.476690 -0.268750 0.673601
v -0.634808 -0.404375 0.629092
v -0.617175 -0.268750 0.611617
v -0.763675 -0.404375 0.549846
v -0.742462 -0.268750 0.534573
v -0.873738 -0.404375 0.457062
v -0.849468 -0.268750 0.444366
v -0.962287 -0.404375 0.353023
v -0.935557 -0.268750 0.343217
v -1.027141 -0.404375 0.240292
v -0.998609 -0.268750 0.233617
v -1.066703 -0.404375 0.121643
v -1.037073 -0.268750 0.118264
v -1.080000 -0.404375 0.000000
v -1.050000 -0.268750 0.000000
vn 0.970884 0.214758 0.106125
vn 0.970884 0.214758 0.106125
vn 0.946467 0.212826 0.242706
vn 0.961021 0.214311 0.174672
vn 0.878772 0.206054 0.430467
vn 0.905089 0.208640 0.370518
vn 0.783862 0.197065 0.588834
vn 0.817867 0.200197 0.539457
vn 0.673411 0.187452 0.715108
vn 0.711389 0.190629 0.676452
vn 0.556342 0.178414 0.811574
vn 0.595716 0.181294 0.782467
vn 0.438074 0.170675 0.882588
vn 0.477416 0.173069 0.861465
vn 0.321192 0.164595 0.932601
vn 0.359906 0.166414 0.918027
vn 0.206426 0.160313 0.965240
vn 0.244426 0.161529 0.956119
vn 0.093437 0.157866 0.983030
vn 0.130922 0.158473 0.978645
vn -0.018650 0.157253 0.987382
vn 0.018650 0.157253 0.987382
vn -0.130922 0.158473 0.978645
vn -0.093437 0.157866 0.983030
vn -0.244426 0.161529 0.956119
vn -0.206426 0.160313 0.965240
vn -0.359906 0.166414 0.918027
vn -0.321192 0.164595 0.932601
vn -0.477416 0.173069 0.861465
vn -0.438074 0.170675 0.882588
vn -0.595716 0.181294 0.782467
vn -0.556342 0.178414 0.811574
vn -0.711389 0.190629 0.676452
vn -0.673411 0.187452 0.715108
vn -0.817867 0.200197 0.539457
vn -0.783862 0.197065 0.588834
vn -0.905089 0.208640 0.370518
vn -0.878772 0.206054 0.430467
vn -0.961021 0.214311 0.174672
vn -0.946467 0.212826 0.242706
vn -0.970884 0.214758 0.106125
vn -0.970884 0.214758 0.106125
usemtl lacquer_red
f 437 438 440
f 437 440 439
f 439 440 442
f 439 442 441
f 441 442 444
f 441 444 443
f 443 444 446
f 443 446 445
f 445 446 448
f 445 448 447
f 447 448 450
f 447 450 449
f 449 450 452
f 449 452 451
f 451 452 454
f 451 454 453
f 453 454 456
f 453 456 455
f 455 456 458
f 455 458 457
f 457 458 460
f 457 460 459
f 459 460 462
f 459 462 461
f 461 462 464
f 461 464 463
f 463 464 466
f 463 466 465
f 465 466 468
f 465 468 467
f 467 468 470
f 467 470 469
f 469 470 472
f 469 472 471
f 471 472 474
f 471 474 473
f 473 474 476
f 473 476 475
f 475 476 478
f 475 478 477
o lamellar_front_6
v 1.080000 -0.598125 0.000000
v 1.050000 -0.462500 0.000000
v 1.066703 -0.598125 0.121643
v 1.037073 -0.462500 0.118264
v 1.027141 -0.598125 0.240292
v 0.998609 -0.462500 0.233617
v 0.962287 -0.598125 0.353023
v 0.935557 -0.462500 0.343217
v 0.873738 -0.598125 0.457062
v 0.849468 -0.462500 0.444366
v 0.763675 -0.598125 0.549846
v 0.742462 -0.462500 0.534573
v 0.634808 -0.598125 0.629092
v 0.617175 -0.462500 0.611617
v 0.490310 -0.598125 0.692847
v 0.476690 -0.462500 0.673601
v 0.333738 -0.598125 0.739542
v 0.324468 -0.462500 0.718999
v 0.168949 -0.598125 0.768026
v 0.164256 -0.462500 0.746692
v 0.000000 -0.598125 0.777600
v 0.000000 -0.462500 0.756000
v -0.168949 -0.598125 0.768026
v -0.164256 -0.462500 0.746692
v -0.333738 -0.598125 0.739542
v -0.324468 -0.462500 0.718999
v -0.490310 -0.598125 0.692847
v -0.476690 -0.462500 0.673601
v -0.634808 -0.598125 0.629092
v -0.617175 -0.462500 0.611617
v -0.763675 -0.598125 0.549846
v -0.742462 -0.462500 0.534573
v -0.873738 -0.598125 0.457062
v -0.849468 -0.462500 0.444366
v -0.962287 -0.598125 0.353023
v -0.935557 -0.462500 0.343217
v -1.027141 -0.598125 0.240292
v -0.998609 -0.462500 0.233617
v -1.066703 -0.598125 0.121643
v -1.037073 -0.462500 0.118264
v -1.080000 -0.598125 0.000000
v -1.050000 -0.462500 0.000000
vn 0.970884 0.214758 0.106125
vn 0.970884 0.214758 0.106125
vn 0.946467 0.212826 0.242706
vn 0.961021 0.214311 0.174672
vn 0.878772 0.206054 0.430467
vn 0.905089 0.208640 0.370518
vn 0.783862 0.197065 0.588834
vn 0.817867 0.200197 0.539457
vn 0.673411 0.187452 0.715108
vn 0.711389 0.190629 0.676452
vn 0.556342 0.178414 0.811574
vn 0.595716 0.181294 0.782467
vn 0.438074 0.170675 0.882588
vn 0.477416 0.173069 0.861465
vn 0.321192 0.164595 0.932601
vn 0.359906 0.166414 0.918027
vn 0.206426 0.160313 0.965240
vn 0.244426 0.161529 0.956119
vn 0.093437 0.157866 0.983030
vn 0.130922 0.158473 0.978645
vn -0.018650 0.157253 0.987382
vn 0.018650 0.157253 0.987382
vn -0.130922 0.158473 0.978645
vn -0.093437 0.157866 0.983030
vn -0.244426 0.161529 0.956119
vn -0.206426 0.160313 0.965240
vn -0.359906 0.166414 0.918027
vn -0.321192 0.164595 0.932601
vn -0.477416 0.173069 0.861465
vn -0.438074 0.170675 0.882588
vn -0.595716 0.181294 0.782467
vn -0.556342 0.178414 0.811574
vn -0.711389 0.190629 0.676452
vn -0.673411 0.187452 0.715108
vn -0.817867 0.200197 0.539457
vn -0.783862 0.197065 0.588834
vn -0.905089 0.208640 0.370518
vn -0.878772 0.206054 0.430467
vn -0.961021 0.214311 0.174672
vn -0.946467 0.212826 0.242706
vn -0.970884 0.214758 0.106125
vn -0.970884 0.214758 0.106125
usemtl lacquer_red
f 479 480 482
f 479 482 481
f 481 482 484
f 481 484 483
f 483 484 486
f 483 486 485
f 485 486 488
f 485 488 487
f 487 488 490
f 487 490 489
f 489 490 492
f 489 492 491
f 491 492 494
f 491 494 493
f 493 494 496
f 493 496 495
f 495 496 498
f 495 498 497
f 497 498 500
f 497 500 499
f 499 500 502
f 499 502 501
f 501 502 504
f 501 504 503
f 503 504 506
f 503 506 505
f 505 506 508
f 505 508 507
f 507 508 510
f 507 510 509
f 509 510 512
f 509 512 511
f 511 512 514
f 511 514 513
f 513 514 516
f 513 516 515
f 515 516 518
f 515 518 517
f 517 518 520
f 517 520 519
o lamellar_front_7
v 1.080000 -0.791875 0.000000
v 1.050000 -0.656250 0.000000
v 1.066703 -0.791875 0.121643
v 1.037073 -0.656250 0.118264
v 1.027141 -0.791875 0.240292
v 0.998609 -0.656250 0.233617
v 0.962287 -0.791875 0.353023
v 0.935557 -0.656250 0.343217
v 0.873738 -0.791875 0.457062
v 0.849468 -0.656250 0.444366
v 0.763675 -0.791875 0.549846
v 0.742462 -0.656250 0.534573
v 0.634808 -0.791875 0.629092
v 0.617175 -0.656250 0.611617
v 0.490310 -0.791875 0.692847
v 0.476690 -0.656250 0.673601
v 0.333738 -0.791875 0.739542
v 0.324468 -0.656250 0.718999
v 0.168949 -0.791875 0.768026
v 0.164256 -0.656250 0.746692
v 0.000000 -0.791875 0.777600
v 0.000000 -0.656250 0.756000
v -0.168949 -0.791875 0.768026
v -0.164256 -0.656250 0.746692
v -0.333738 -0.791875 0.739542
v -0.324468 -0.656250 0.718999
v -0.490310 -0.791875 0.692847
v -0.476690 -0.656250 0.673601
v -0.634808 -0.791875 0.629092
v -0.617175 -0.656250 0.611617
v -0.763675 -0.791875 0.549846
v -0.742462 -0.656250 0.534573
v -0.873738 -0.791875 0.457062
v -0.849468 -0.656250 0.444366
v -0.962287 -0.791875 0.353023
v -0.935557 -0.656250 0.343217
v -1.027141 -0.791875 0.240292
v -0.998609 -0.656250 0.233617
v -1.066703 -0.791875 0.121643
v -1.037073 -0.656250 0.118264
v -1.080000 -0.791875 0.000000
v -1.050000 -0.656250 0.000000
vn 0.970884 0.214758 0.106125
vn 0.970884 0.214758 0.106125
vn 0.946467 0.212826 0.242706
vn 0.961021 0.214311 0.174672
vn 0.878772 0.206054 0.430467
vn 0.905089 0.208640 0.370518
vn 0.783862 0.197065 0.588834
vn 0.817867 0.200197 0.539457
vn 0.673411 0.187452 0.715108
vn 0.711389 0.190629 0.676452
vn 0.556342 0.178414 0.811574
vn 0.595716 0.181294 0.782467
vn 0.438074 0.170675 0.882588
vn 0.477416 0.173069 0.861465
vn 0.321192 0.164595 0.932601
vn 0.359906 0.166414 0.918027
vn 0.206426 0.160313 0.965240
vn 0.244426 0.161529 0.956119
vn 0.093437 0.157866 0.983030
vn 0.130922 0.158473 0.978645
vn -0.018650 0.157253 0.987382
vn 0.018650 0.157253 0.987382
vn -0.130922 0.158473 0.978645
vn -0.093437 0.157866 0.983030
vn -0.244426 0.161529 0.956119
vn -0.206426 0.160313 0.965240
vn -0.359906 0.166414 0.918027
vn -0.321192 0.164595 0.932601
vn -0.477416 0.173069 0.861465
vn -0.438074 0.170675 0.882588
vn -0.595716 0.181294 0.782467
vn -0.556342 0.178414 0.811574
vn -0.711389 0.190629 0.676452
vn -0.673411 0.187452 0.715108
vn -0.817867 0.200197 0.539457
vn -0.783862 0.197065 0.588834
vn -0.905089 0.208640 0.370518
vn -0.878772 0.206054 0.430467
vn -0.961021 0.214311 0.174672
vn -0.946467 0.212826 0.242706
vn -0.970884 0.214758 0.106125
vn -0.970884 0.214758 0.106125
usemtl lacquer_red
f 521 522 524
f 521 524 523
f 523 524 526
f 523 526 525
f 525 526 528
f 525 528 527
f 527 528 530
f 527 530 529
f 529 530 532
f 529 532 531
f 531 532 534
f 531 534 533
f 533 534 536
f 533 536 535
f 535 536 538
f 535 538 537
f 537 538 540
f 537 540 539
f 539 540 542
f 539 542 541
f 541 542 544
f 541 544 543
f 543 544 546
f 543 546 545
f 545 546 548
f 545 548 547
f 547 548 550
f 547 550 549
f 549 550 552
f 549 552 551
f 551 552 554
f 551 554 553
f 553 554 556
f 553 556 555
f 555 556 558
f 555 558 557
f 557 558 560
f 557 560 559
f 559 560 562
f 559 562 561
o lamellar_back_0
v -1.080000 0.564375 0.000000
v -1.050000 0.700000 0.000000
v -1.066703 0.564375 -0.121643
v -1.037073 0.700000 -0.118264
v -1.027141 0.564375 -0.240292
v -0.998609 0.700000 -0.233617
v -0.962287 0.564375 -0.353023
v -0.935557 0.700000 -0.343217
v -0.873738 0.564375 -0.457062
v -0.849468 0.700000 -0.444366
v -0.763675 0.564375 -0.549846
v -0.742462 0.700000 -0.534573
v -0.634808 0.564375 -0.629092
v -0.617175 0.700000 -0.611617
v -0.490310 0.564375 -0.692847
v -0.476690 0.700000 -0.673601
v -0.333738 0.564375 -0.739542
v -0.324468 0.700000 -0.718999
v -0.168949 0.564375 -0.768026
v -0.164256 0.700000 -0.746692
v -0.000000 0.564375 -0.777600
v -0.000000 0.700000 -0.756000
v 0.168949 0.564375 -0.768026
v 0.164256 0.700000 -0.746692
v 0.333738 0.564375 -0.739542
v 0.324468 0.700000 -0.718999
v 0.490310 0.564375 -0.692847
v 0.476690 0.700000 -0.673601
v 0.634808 0.564375 -0.629092
v 0.617175 0.700000 -0.611617
v 0.763675 0.564375 -0.549846
v 0.742462 0.700000 -0.534573
v 0.873738 0.564375 -0.457062
v 0.849468 0.700000 -0.444366
v 0.962287 0.564375 -0.353023
v 0.935557 0.700000 -0.343217
v 1.027141 0.564375 -0.240292
v 0.998609 0.700000 -0.233617
v 1.066703 0.564375 -0.121643
v 1.037073 0.700000 -0.118264
v 1.080000 0.564375 -0.000000
v 1.050000 0.700000 -0.000000
vn -0.970884 0.214758 -0.106125
vn -0.970884 0.214758 -0.106125
vn -0.946467 0.212826 -0.242706
vn -0.961021 0.214311 -0.174672
vn -0.878772 0.206054 -0.430467
vn -0.905089 0.208640 -0.370518
vn -0.783862 0.197065 -0.588834
vn -0.817867 0.200197 -0.539457
vn -0.673411 0.187452 -0.715108
vn -0.711389 0.190629 -0.676452
vn -0.556342 0.178414 -0.811574
vn -0.595716 0.181294 -0.782467
vn -0.438074 0.170675 -0.882588
vn -0.477416 0.173069 -0.861465
vn -0.321192 0.164595 -0.932601
vn -0.359906 0.166414 -0.918027
vn -0.206426 0.160313 -0.965240
vn -0.244426 0.161529 -0.956119
vn -0.093437 0.157866 -0.983030
vn -0.130922 0.158473 -0.978645
vn 0.018650 0.157253 -0.987382
vn -0.018650 0.157253 -0.987382
vn 0.130922 0.158473 -0.978645
vn 0.093437 0.157866 -0.983030
vn 0.244426 0.161529 -0.956119
vn 0.206426 0.160313 -0.965240
vn 0.359906 0.166414 -0.918027
vn 0.321192 0.164595 -0.932601
vn 0.477416 0.173069 -0.861465
vn 0.438074 0.170675 -0.882588
vn 0.595716 0.181294 -0.782467
vn 0.556342 0.178414 -0.811574
vn 0.711389 0.190629 -0.676452
vn 0.673411 0.187452 -0.715108
vn 0.817867 0.200197 -0.539457
vn 0.783862 0.197065 -0.588834
vn 0.905089 0.208640 -0.370518
vn 0.878772 0.206054 -0.430467
vn 0.961021 0.214311 -0.174672
vn 0.946467 0.212826 -0.242706
vn 0.970884 0.214758 -0.106125
vn 0.970884 0.214758 -0.106125
usemtl steel_dark
f 563 564 566
f 563 566 565
f 565 566 568
f 565 568 567
f 567 568 570
f 567 570 569
f 569 570 572
f 569 572 571
f 571 572 574
f 571 574 573
f 573 574 576
f 573 576 575
f 575 576 578
f 575 578 577
f 577 578 580
f 577 580 579
f 579 580 582
f 579 582 581
f 581 582 584
f 581 584 583
f 583 584 586
f 583 586 585
f 585 586 588
f 585 588 587
f 587 588 590
f 587 590 589
f 589 590 592
f 589 592 591
f 591 592 594
f 591 594 593
f 593 594 596
f 593 596 595
f 595 596 598
f 595 598 597
f 597 598 600
f 597 600 599
f 599 600 602
f 599 602 601
f 601 602 604
f 601 604 603
o lamellar_back_1
v -1.080000 0.370625 0.000000
v -1.050000 0.506250 0.000000
v -1.066703 0.370625 -0.121643
v -1.037073 0.506250 -0.118264
v -1.027141 0.370625 -0.240292
v -0.998609 0.506250 -0.233617
v -0.962287 0.370625 -0.353023
v -0.935557 0.506250 -0.343217
v -0.873738 0.370625 -0.457062
v -0.849468 0.506250 -0.444366
v -0.763675 0.370625 -0.549846
v -0.742462 0.506250 -0.534573
v -0.634808 0.370625 -0.629092
v -0.617175 0.506250 -0.611617
v -0.490310 0.370625 -0.692847
v -0.476690 0.506250 -0.673601
v -0.333738 0.370625 -0.739542
v -0.324468 0.506250 -0.718999
v -0.168949 0.370625 -0.768026
v -0.164256 0.506250 -0.746692
v -0.000000 0.370625 -0.777600
v -0.000000 0.506250 -0.756000
v 0.168949 0.370625 -0.768026
v 0.164256 0.506250 -0.746692
v 0.333738 0.370625 -0.739542
v 0.324468 0.506250 -0.718999
v 0.490310 0.370625 -0.692847
v 0.476690 0.506250 -0.673601
v 0.634808 0.370625 -0.629092
v 0.617175 0.506250 -0.611617
v 0.763675 0.370625 -0.549846
v 0.742462 0.506250 -0.534573
v 0.873738 0.370625 -0.457062
v 0.849468 0.506250 -0.444366
v 0.962287 0.370625 -0.353023
v 0.935557 0.506250 -0.343217
v 1.027141 0.370625 -0.240292
v 0.998609 0.506250 -0.233617
v 1.066703 0.370625 -0.121643
v 1.037073 0.506250 -0.118264
v 1.080000 0.370625 -0.000000
v 1.050000 0.506250 -0.000000
vn -0.970884 0.214758 -0.106125
vn -0.970884 0.214758 -0.106125
vn -0.946467 0.212826 -0.242706
vn -0.961021 0.214311 -0.174672
vn -0.878772 0.206054 -0.430467
vn -0.905089 0.208640 -0.370518
vn -0.783862 0.197065 -0.588834
vn -0.817867 0.200197 -0.539457
vn -0.673411 0.187452 -0.715108
vn -0.711389 0.190629 -0.676452
vn -0.556342 0.178414 -0.811574
vn -0.595716 0.181294 -0.782467
vn -0.438074 0.170675 -0.882588
vn -0.477416 0.173069 -0.861465
vn -0.321192 0.164595 -0.932601
vn -0.359906 0.166414 -0.918027
vn -0.206426 0.160313 -0.965240
vn -0.244426 0.161529 -0.956119
vn -0.093437 0.157866 -0.983030
vn -0.130922 0.158473 -0.978645
vn 0.018650 0.157253 -0.987382
vn -0.018650 0.157253 -0.987382
vn 0.130922 0.158473 -0.978645
vn 0.093437 0.157866 -0.983030
vn 0.244426 0.161529 -0.956119
vn 0.206426 0.160313 -0.965240
vn 0.359906 0.166414 -0.918027
vn 0.321192 0.164595 -0.932601
vn 0.477416 0.173069 -0.861465
vn 0.438074 0.170675 -0.882588
vn 0.595716 0.181294 -0.782467
vn 0.556342 0.178414 -0.811574
vn 0.711389 0.190629 -0.676452
vn 0.673411 0.187452 -0.715108
vn 0.817867 0.200197 -0.539457
vn 0.783862 0.197065 -0.588834
vn 0.905089 0.208640 -0.370518
vn 0.878772 0.206054 -0.430467
vn 0.961021 0.214311 -0.174672
vn 0.946467 0.212826 -0.242706
vn 0.970884 0.214758 -0.106125
vn 0.970884 0.214758 -0.106125
usemtl steel_dark
f 605 606 608
f 605 608 607
f 607 608 610
f 607 610 609
f 609 610 612
f 609 612 611
f 611 612 614
f 611 614 613
f 613 614 616
f 613 616 615
f 615 616 618
f 615 618 617
f 617 618 620
f 617 620 619
f 619 620 622
f 619 622 621
f 621 622 624
f 621 624 623
f 623 624 626
f 623 626 625
f 625 626 628
f 625 628 627
f 627 628 630
f 627 630 629
f 629 630 632
f 629 632 631
f 631 632 634
f 631 634 633
f 633 634 636
f 633 636 635
f 635 636 638
f 635 638 637
f 637 638 640
f 637 640 639
f 639 640 642
f 639 642 641
f 641 642 644
f 641 644 643
f 643 644 646
f 643 646 645
o lamellar_back_2
v -1.080000 0.176875 0.000000
v -1.050000 0.312500 0.000000
v -1.066703 0.176875 -0.121643
v -1.037073 0.312500 -0.118264
v -1.027141 0.176875 -0.240292
v -0.998609 0.312500 -0.233617
v -0.962287 0.176875 -0.353023
v -0.935557 0.312500 -0.343217
v -0.873738 0.176875 -0.457062
v -0.849468 0.312500 -0.444366
v -0.763675 0.176875 -0.549846
v -0.742462 0.312500 -0.534573
v -0.634808 0.176875 -0.629092
v -0.617175 0.312500 -0.611617
v -0.490310 0.176875 -0.692847
v -0.476690 0.312500 -0.673601
v -0.333738 0.176875 -0.739542
v -0.324468 0.312500 -0.718999
v -0.168949 0.176875 -0.768026
v -0.164256 0.312500 -0.746692
v -0.000000 0.176875 -0.777600
v -0.000000 0.312500 -0.756000
v 0.168949 0.176875 -0.768026
v 0.164256 0.312500 -0.746692
v 0.333738 0.176875 -0.739542
v 0.324468 0.312500 -0.718999
v 0.490310 0.176875 -0.692847
v 0.476690 0.312500 -0.673601
v 0.634808 0.176875 -0.629092
v 0.617175 0.312500 -0.611617
v 0.763675 0.176875 -0.549846
v 0.742462 0.312500 -0.534573
v 0.873738 0.176875 -0.457062
v 0.849468 0.312500 -0.444366
v 0.962287 0.176875 -0.353023
v 0.935557 0.312500 -0.343217
v 1.027141 0.176875 -0.240292
v 0.998609 0.312500 -0.233617
v 1.066703 0.176875 -0.121643
v 1.037073 0.312500 -0.118264
v 1.080000 0.176875 -0.000000
v 1.050000 0.312500 -0.000000
vn -0.970884 0.214758 -0.106125
vn -0.970884 0.214758 -0.106125
vn -0.946467 0.212826 -0.242706
vn -0.961021 0.214311 -0.174672
vn -0.878772 0.206054 -0.430467
vn -0.905089 0.208640 -0.370518
vn -0.783862 0.197065 -0.588834
vn -0.817867 0.200197 -0.539457
vn -0.673411 0.187452 -0.715108
vn -0.711389 0.190629 -0.676452
vn -0.556342 0.178414 -0.811574
vn -0.595716 0.181294 -0.782467
vn -0.438074 0.170675 -0.882588
vn -0.477416 0.173069 -0.861465
vn -0.321192 0.164595 -0.932601
vn -0.359906 0.166414 -0.918027
vn -0.206426 0.160313 -0.965240
vn -0.244426 0.161529 -0.956119
vn -0.093437 0.157866 -0.983030
vn -0.130922 0.158473 -0.978645
vn 0.018650 0.157253 -0.987382
vn -0.018650 0.157253 -0.987382
vn 0.130922 0.158473 -0.978645
vn 0.093437 0.157866 -0.983030
vn 0.244426 0.161529 -0.956119
vn 0.206426 0.160313 -0.965240
vn 0.359906 0.166414 -0.918027
vn 0.321192 0.164595 -0.932601
vn 0.477416 0.173069 -0.861465
vn 0.438074 0.170675 -0.882588
vn 0.595716 0.181294 -0.782467
vn 0.556342 0.178414 -0.811574
vn 0.711389 0.190629 -0.676452
vn 0.673411 0.187452 -0.715108
vn 0.817867 0.200197 -0.539457
vn 0.783862 0.197065 -0.588834
vn 0.905089 0.208640 -0.370518
vn 0.878772 0.206054 -0.430467
vn 0.961021 0.214311 -0.174672
vn 0.946467 0.212826 -0.242706
vn 0.970884 0.214758 -0.106125
vn 0.970884 0.214758 -0.106125
usemtl steel_dark
f 647 648 650
f 647 650 649
f 649 650 652
f 649 652 651
f 651 652 654
f 651 654 653
f 653 654 656
f 653 656 655
f 655 656 658
f 655 658 657
f 657 658 660
f 657 660 659
f 659 660 662
f 659 662 661
f 661 662 664
f 661 664 663
f 663 664 666
f 663 666 665
f 665 666 668
f 665 668 667
f 667 668 670
f 667 670 669
f 669 670 672
f 669 672 671
f 671 672 674
f 671 674 673
f 673 674 676
f 673 676 675
f 675 676 678
f 675 678 677
f 677 678 680
f 677 680 679
f 679 680 682
f 679 682 681
f 681 682 684
f 681 684 683
f 683 684 686
f 683 686 685
f 685 686 688
f 685 688 687
o lamellar_back_3
v -1.080000 -0.016875 0.000000
v -1.050000 0.118750 0.000000
v -1.066703 -0.016875 -0.121643
v -1.037073 0.118750 -0.118264
v -1.027141 -0.016875 -0.240292
v -0.998609 0.118750 -0.233617
v -0.962287 -0.016875 -0.353023
v -0.935557 0.118750 -0.343217
v -0.873738 -0.016875 -0.457062
v -0.849468 0.118750 -0.444366
v -0.763675 -0.016875 -0.549846
v -0.742462 0.118750 -0.534573
v -0.634808 -0.016875 -0.629092
v -0.617175 0.118750 -0.611617
v -0.490310 -0.016875 -0.692847
v -0.476690 0.118750 -0.673601
v -0.333738 -0.016875 -0.739542
v -0.324468 0.118750 -0.718999
v -0.168949 -0.016875 -0.768026
v -0.164256 0.118750 -0.746692
v -0.000000 -0.016875 -0.777600
v -0.000000 0.118750 -0.756000
v 0.168949 -0.016875 -0.768026
v 0.164256 0.118750 -0.746692
v 0.333738 -0.016875 -0.739542
v 0.324468 0.118750 -0.718999
v 0.490310 -0.016875 -0.692847
v 0.476690 0.118750 -0.673601
v 0.634808 -0.016875 -0.629092
v 0.617175 0.118750 -0.611617
v 0.763675 -0.016875 -0.549846
v 0.742462 0.118750 -0.534573
v 0.873738 -0.016875 -0.457062
v 0.849468 0.118750 -0.444366
v 0.962287 -0.016875 -0.353023
v 0.935557 0.118750 -0.343217
v 1.027141 -0.016875 -0.240292
v 0.998609 0.118750 -0.233617
v 1.066703 -0.016875 -0.121643
v 1.037073 0.118750 -0.118264
v 1.080000 -0.016875 -0.000000
v 1.050000 0.118750 -0.000000
vn -0.970884 0.214758 -0.106125
vn -0.970884 0.214758 -0.106125
vn -0.946467 0.212826 -0.242706
vn -0.961021 0.214311 -0.174672
vn -0.878772 0.206054 -0.430467
vn -0.905089 0.208640 -0.370518
vn -0.783862 0.197065 -0.588834
vn -0.817867 0.200197 -0.539457
vn -0.673411 0.187452 -0.715108
vn -0.711389 0.190629 -0.676452
vn -0.556342 0.178414 -0.811574
vn -0.595716 0.181294 -0.782467
vn -0.438074 0.170675 -0.882588
vn -0.477416 0.173069 -0.861465
vn -0.321192 0.164595 -0.932601
vn -0.359906 0.166414 -0.918027
vn -0.206426 0.160313 -0.965240
vn -0.244426 0.161529 -0.956119
vn -0.093437 0.157866 -0.983030
vn -0.130922 0.158473 -0.978645
vn 0.018650 0.157253 -0.987382
vn -0.018650 0.157253 -0.987382
vn 0.130922 0.158473 -0.978645
vn 0.093437 0.157866 -0.983030
vn 0.244426 0.161529 -0.956119
vn 0.206426 0.160313 -0.965240
vn 0.359906 0.166414 -0.918027
vn 0.321192 0.164595 -0.932601
vn 0.477416 0.173069 -0.861465
vn 0.438074 0.170675 -0.882588
vn 0.595716 0.181294 -0.782467
vn 0.556342 0.178414 -0.811574
vn 0.711389 0.190629 -0.676452
vn 0.673411 0.187452 -0.715108
vn 0.817867 0.200197 -0.539457
vn 0.783862 0.197065 -0.588834
vn 0.905089 0.208640 -0.370518
vn 0.878772 0.206054 -0.430467
vn 0.961021 0.214311 -0.174672
vn 0.946467 0.212826 -0.242706
vn 0.970884 0.214758 -0.106125
vn 0.970884 0.214758 -0.106125
usemtl steel_dark
f 689 690 692
f 689 692 691
f 691 692 694
f 691 694 693
f 693 694 696
f 693 696 695
f 695 696 698
f 695 698 697
f 697 698 700
f 697 700 699
f 699 700 702
f 699 702 701
f 701 702 704
f 701 704 703
f 703 704 706
f 703 706 705
f 705 706 708
f 705 708 707
f 707 708 710
f 707 710 709
f 709 710 712
f 709 712 711
f 711 712 714
f 711 714 713
f 713 714 716
f 713 716 715
f 715 716 718
f 715 718 717
f 717 718 720
f 717 720 719
f 719 720 722
f 719 722 721
f 721 722 724
f 721 724 723
f 723 724 726
f 723 726 725
f 725 726 728
f 725 728 727
f 727 728 730
f 727 730 729
o lamellar_back_4
v -1.080000 -0.210625 0.000000
v -1.050000 -0.075000 0.000000
v -1.066703 -0.210625 -0.121643
v -1.037073 -0.075000 -0.118264
v -1.027141 -0.210625 -0.240292
v -0.998609 -0.075000 -0.233617
v -0.962287 -0.210625 -0.353023
v -0.935557 -0.075000 -0.343217
v -0.873738 -0.210625 -0.457062
v -0.849468 -0.075000 -0.444366
v -0.763675 -0.210625 -0.549846
v -0.742462 -0.075000 -0.534573
v -0.634808 -0.210625 -0.629092
v -0.617175 -0.075000 -0.611617
v -0.490310 -0.210625 -0.692847
v -0.476690 -0.075000 -0.673601
v -0.333738 -0.210625 -0.739542
v -0.324468 -0.075000 -0.718999
v -0.168949 -0.210625 -0.768026
v -0.164256 -0.075000 -0.746692
v -0.000000 -0.210625 -0.777600
v -0.000000 -0.075000 -0.756000
v 0.168949 -0.210625 -0.768026
v 0.164256 -0.075000 -0.746692
v 0.333738 -0.210625 -0.739542
v 0.324468 -0.075000 -0.718999
v 0.490310 -0.210625 -0.692847
v 0.476690 -0.075000 -0.673601
v 0.634808 -0.210625 -0.629092
v 0.617175 -0.075000 -0.611617
v 0.763675 -0.210625 -0.549846
v 0.742462 -0.075000 -0.534573
v 0.873738 -0.210625 -0.457062
v 0.849468 -0.075000 -0.444366
v 0.962287 -0.210625 -0.353023
v 0.935557 -0.075000 -0.343217
v 1.027141 -0.210625 -0.240292
v 0.998609 -0.075000 -0.233617
v 1.066703 -0.210625 -0.121643
v 1.037073 -0.075000 -0.118264
v 1.080000 -0.210625 -0.000000
v 1.050000 -0.075000 -0.000000
vn -0.970884 0.214758 -0.106125
vn -0.970884 0.214758 -0.106125
vn -0.946467 0.212826 -0.242706
vn -0.961021 0.214311 -0.174672
vn -0.878772 0.206054 -0.430467
vn -0.905089 0.208640 -0.370518
vn -0.783862 0.197065 -0.588834
vn -0.817867 0.200197 -0.539457
vn -0.673411 0.187452 -0.715108
vn -0.711389 0.190629 -0.676452
vn -0.556342 0.178414 -0.811574
vn -0.595716 0.181294 -0.782467
vn -0.438074 0.170675 -0.882588
vn -0.477416 0.173069 -0.861465
vn -0.321192 0.164595 -0.932601
vn -0.359906 0.166414 -0.918027
vn -0.206426 0.160313 -0.965240
vn -0.244426 0.161529 -0.956119
vn -0.093437 0.157866 -0.983030
vn -0.130922 0.158473 -0.978645
vn 0.018650 0.157253 -0.987382
vn -0.018650 0.157253 -0.987382
vn 0.130922 0.158473 -0.978645
vn 0.093437 0.157866 -0.983030
vn 0.244426 0.161529 -0.956119
vn 0.206426 0.160313 -0.965240
vn 0.359906 0.166414 -0.918027
vn 0.321192 0.164595 -0.932601
vn 0.477416 0.173069 -0.861465
vn 0.438074 0.170675 -0.882588
vn 0.595716 0.181294 -0.782467
vn 0.556342 0.178414 -0.811574
vn 0.711389 0.190629 -0.676452
vn 0.673411 0.187452 -0.715108
vn 0.817867 0.200197 -0.539457
vn 0.783862 0.197065 -0.588834
vn 0.905089 0.208640 -0.370518
vn 0.878772 0.206054 -0.430467
vn 0.961021 0.214311 -0.174672
vn 0.946467 0.212826 -0.242706
vn 0.970884 0.214758 -0.106125
vn 0.970884 0.214758 -0.106125
usemtl steel_dark
f 731 732 734
f 731 734 733
f 733 734 736
f 733 736 735
f 735 736 738
f 735 738 737
f 737 738 740
f 737 740 739
f 739 740 742
f 739 742 741
f 741 742 744
f 741 744 743
f 743 744 746
f 743 746 745
f 745 746 748
f 745 748 747
f 747 748 750
f 747 750 749
f 749 750 752
f 749 752 751
f 751 752 754
f 751 754 753
f 753 754 756
f 753 756 755
f 755 756 758
f 755 758 757
f 757 758 760
f 757 760 759
f 759 760 762
f 759 762 761
f 761 762 764
f 761 764 763
f 763 764 766
f 763 766 765
f 765 766 768
f 765 768 767
f 767 768 770
f 767 770 769
f 769 770 772
f 769 772 771
o lamellar_back_5
v -1.080000 -0.404375 0.000000
v -1.050000 -0.268750 0.000000
v -1.066703 -0.404375 -0.121643
v -1.037073 -0.268750 -0.118264
v -1.027141 -0.404375 -0.240292
v -0.998609 -0.268750 -0.233617
v -0.962287 -0.404375 -0.353023
v -0.935557 -0.268750 -0.343217
v -0.873738 -0.404375 -0.457062
v -0.849468 -0.268750 -0.444366
v -0.763675 -0.404375 -0.549846
v -0.742462 -0.268750 -0.534573
v -0.634808 -0.404375 -0.629092
v -0.617175 -0.268750 -0.611617
v -0.490310 -0.404375 -0.692847
v -0.476690 -0.268750 -0.673601
v -0.333738 -0.404375 -0.739542
v -0.324468 -0.268750 -0.718999
v -0.168949 -0.404375 -0.768026
v -0.164256 -0.268750 -0.746692
v -0.000000 -0.404375 -0.777600
v -0.000000 -0.268750 -0.756000
v 0.168949 -0.404375 -0.768026
v 0.164256 -0.268750 -0.746692
v 0.333738 -0.404375 -0.739542
v 0.324468 -0.268750 -0.718999
v 0.490310 -0.404375 -0.692847
v 0.476690 -0.268750 -0.673601
v 0.634808 -0.404375 -0.629092
v 0.617175 -0.268750 -0.611617
v 0.763675 -0.404375 -0.549846
v 0.742462 -0.268750 -0.534573
v 0.873738 -0.404375 -0.457062
v 0.849468 -0.268750 -0.444366
v 0.962287 -0.404375 -0.353023
v 0.935557 -0.268750 -0.343217
v 1.027141 -0.404375 -0.240292
v 0.998609 -0.268750 -0.233617
v 1.066703 -0.404375 -0.121643
v 1.037073 -0.268750 -0.118264
v 1.080000 -0.404375 -0.000000
v 1.050000 -0.268750 -0.000000
vn -0.970884 0.214758 -0.106125
vn -0.970884 0.214758 -0.106125
vn -0.946467 0.212826 -0.242706
vn -0.961021 0.214311 -0.174672
vn -0.878772 0.206054 -0.430467
vn -0.905089 0.208640 -0.370518
vn -0.783862 0.197065 -0.588834
vn -0.817867 0.200197 -0.539457
vn -0.673411 0.187452 -0.715108
vn -0.711389 0.190629 -0.676452
vn -0.556342 0.178414 -0.811574
vn -0.595716 0.181294 -0.782467
vn -0.438074 0.170675 -0.882588
vn -0.477416 0.173069 -0.861465
vn -0.321192 0.164595 -0.932601
vn -0.359906 0.166414 -0.918027
vn -0.206426 0.160313 -0.965240
vn -0.244426 0.161529 -0.956119
vn -0.093437 0.157866 -0.983030
vn -0.130922 0.158473 -0.978645
vn 0.018650 0.157253 -0.987382
vn -0.018650 0.157253 -0.987382
vn 0.130922 0.158473 -0.978645
vn 0.093437 0.157866 -0.983030
vn 0.244426 0.161529 -0.956119
vn 0.206426 0.160313 -0.965240
vn 0.359906 0.166414 -0.918027
vn 0.321192 0.164595 -0.932601
vn 0.477416 0.173069 -0.861465
vn 0.438074 0.170675 -0.882588
vn 0.595716 0.181294 -0.782467
vn 0.556342 0.178414 -0.811574
vn 0.711389 0.190629 -0.676452
vn 0.673411 0.187452 -0.715108
vn 0.817867 0.200197 -0.539457
vn 0.783862 0.197065 -0.588834
vn 0.905089 0.208640 -0.370518
vn 0.878772 0.206054 -0.430467
vn 0.961021 0.214311 -0.174672
vn 0.946467 0.212826 -0.242706
vn 0.970884 0.214758 -0.106125
vn 0.970884 0.214758 -0.106125
usemtl steel_dark
f 773 774 776
f 773 776 775
f 775 776 778
f 775 778 777
f 777 778 780
f 777 780 779
f 779 780 782
f 779 782 781
f 781 782 784
f 781 784 783
f 783 784 786
f 783 786 785
f 785 786 788
f 785 788 787
f 787 788 790
f 787 790 789
f 789 790 792
f 789 792 791
f 791 792 794
f 791 794 793
f 793 794 796
f 793 796 795
f 795 796 798
f 795 798 797
f 797 798 800
f 797 800 799
f 799 800 802
f 799 802 801
f 801 802 804
f 801 804 803
f 803 804 806
f 803 806 805
f 805 806 808
f 805 808 807
f 807 808 810
f 807 810 809
f 809 810 812
f 809 812 811
f 811 812 814
f 811 814 813
o lamellar_back_6
v -1.080000 -0.598125 0.000000
v -1.050000 -0.462500 0.000000
v -1.066703 -0.598125 -0.121643
v -1.037073 -0.462500 -0.118264
v -1.027141 -0.598125 -0.240292
v -0.998609 -0.462500 -0.233617
v -0.962287 -0.598125 -0.353023
v -0.935557 -0.462500 -0.343217
v -0.873738 -0.598125 -0.457062
v -0.849468 -0.462500 -0.444366
v -0.763675 -0.598125 -0.549846
v -0.742462 -0.462500 -0.534573
v -0.634808 -0.598125 -0.629092
v -0.617175 -0.462500 -0.611617
v -0.490310 -0.598125 -0.692847
v -0.476690 -0.462500 -0.673601
v -0.333738 -0.598125 -0.739542
v -0.324468 -0.462500 -0.718999
v -0.168949 -0.598125 -0.768026
v -0.164256 -0.462500 -0.746692
v -0.000000 -0.598125 -0.777600
v -0.000000 -0.462500 -0.756000
v 0.168949 -0.598125 -0.768026
v 0.164256 -0.462500 -0.746692
v 0.333738 -0.598125 -0.739542
v 0.324468 -0.462500 -0.718999
v 0.490310 -0.598125 -0.692847
v 0.476690 -0.462500 -0.673601
v 0.634808 -0.598125 -0.629092
v 0.617175 -0.462500 -0.611617
v 0.763675 -0.598125 -0.549846
v 0.742462 -0.462500 -0.534573
v 0.873738 -0.598125 -0.457062
v 0.849468 -0.462500 -0.444366
v 0.962287 -0.598125 -0.353023
v 0.935557 -0.462500 -0.343217
v 1.027141 -0.598125 -0.240292
v 0.998609 -0.462500 -0.233617
v 1.066703 -0.598125 -0.121643
v 1.037073 -0.462500 -0.118264
v 1.080000 -0.598125 -0.000000
v 1.050000 -0.462500 -0.000000
vn -0.970884 0.214758 -0.106125
vn -0.970884 0.214758 -0.106125
vn -0.946467 0.212826 -0.242706
vn -0.961021 0.214311 -0.174672
vn -0.878772 0.206054 -0.430467
vn -0.905089 0.208640 -0.370518
vn -0.783862 0.197065 -0.588834
vn -0.817867 0.200197 -0.539457
vn -0.673411 0.187452 -0.715108
vn -0.711389 0.190629 -0.676452
vn -0.556342 0.178414 -0.811574
vn -0.595716 0.181294 -0.782467
vn -0.438074 0.170675 -0.882588
vn -0.477416 0.173069 -0.861465
vn -0.321192 0.164595 -0.932601
vn -0.359906 0.166414 -0.918027
vn -0.206426 0.160313 -0.965240
vn -0.244426 0.161529 -0.956119
vn -0.093437 0.157866 -0.983030
vn -0.130922 0.158473 -0.978645
vn 0.018650 0.157253 -0.987382
vn -0.018650 0.157253 -0.987382
vn 0.130922 0.158473 -0.978645
vn 0.093437 0.157866 -0.983030
vn 0.244426 0.161529 -0.956119
vn 0.206426 0.160313 -0.965240
vn 0.359906 0.166414 -0.918027
vn 0.321192 0.164595 -0.932601
vn 0.477416 0.173069 -0.861465
vn 0.438074 0.170675 -0.882588
vn 0.595716 0.181294 -0.782467
vn 0.556342 0.178414 -0.811574
vn 0.711389 0.190629 -0.676452
vn 0.673411 0.187452 -0.715108
vn 0.817867 0.200197 -0.539457
vn 0.783862 0.197065 -0.588834
vn 0.905089 0.208640 -0.370518
vn 0.878772 0.206054 -0.430467
vn 0.961021 0.214311 -0.174672
vn 0.946467 0.212826 -0.242706
vn 0.970884 0.214758 -0.106125
vn 0.970884 0.214758 -0.106125
usemtl steel_dark
f 815 816 818
f 815 818 817
f 817 818 820
f 817 820 819
f 819 820 822
f 819 822 821
f 821 822 824
f 821 824 823
f 823 824 826
f 823 826 825
f 825 826 828
f 825 828 827
f 827 828 830
f 827 830 829
f 829 830 832
f 829 832 831
f 831 832 834
f 831 834 833
f 833 834 836
f 833 836 835
f 835 836 838
f 835 838 837
f 837 838 840
f 837 840 839
f 839 840 842
f 839 842 841
f 841 842 844
f 841 844 843
f 843 844 846
f 843 846 845
f 845 846 848
f 845 848 847
f 847 848 850
f 847 850 849
f 849 850 852
f 849 852 851
f 851 852 854
f 851 854 853
f 853 854 856
f 853 856 855
o lamellar_back_7
v -1.080000 -0.791875 0.000000
v -1.050000 -0.656250 0.000000
v -1.066703 -0.791875 -0.121643
v -1.037073 -0.656250 -0.118264
v -1.027141 -0.791875 -0.240292
v -0.998609 -0.656250 -0.233617
v -0.962287 -0.791875 -0.353023
v -0.935557 -0.656250 -0.343217
v -0.873738 -0.791875 -0.457062
v -0.849468 -0.656250 -0.444366
v -0.763675 -0.791875 -0.549846
v -0.742462 -0.656250 -0.534573
v -0.634808 -0.791875 -0.629092
v -0.617175 -0.656250 -0.611617
v -0.490310 -0.791875 -0.692847
v -0.476690 -0.656250 -0.673601
v -0.333738 -0.791875 -0.739542
v -0.324468 -0.656250 -0.718999
v -0.168949 -0.791875 -0.768026
v -0.164256 -0.656250 -0.746692
v -0.000000 -0.791875 -0.777600
v -0.000000 -0.656250 -0.756000
v 0.168949 -0.791875 -0.768026
v 0.164256 -0.656250 -0.746692
v 0.333738 -0.791875 -0.739542
v 0.324468 -0.656250 -0.718999
v 0.490310 -0.791875 -0.692847
v 0.476690 -0.656250 -0.673601
v 0.634808 -0.791875 -0.629092
v 0.617175 -0.656250 -0.611617
v 0.763675 -0.791875 -0.549846
v 0.742462 -0.656250 -0.534573
v 0.873738 -0.791875 -0.457062
v 0.849468 -0.656250 -0.444366
v 0.962287 -0.791875 -0.353023
v 0.935557 -0.656250 -0.343217
v 1.027141 -0.791875 -0.240292
v 0.998609 -0.656250 -0.233617
v 1.066703 -0.791875 -0.121643
v 1.037073 -0.656250 -0.118264
v 1.080000 -0.791875 -0.000000
v 1.050000 -0.656250 -0.000000
vn -0.970884 0.214758 -0.106125
vn -0.970884 0.214758 -0.106125
vn -0.946467 0.212826 -0.242706
vn -0.961021 0.214311 -0.174672
vn -0.878772 0.206054 -0.430467
vn -0.905089 0.208640 -0.370518
vn -0.783862 0.197065 -0.588834
vn -0.817867 0.200197 -0.539457
vn -0.673411 0.187452 -0.715108
vn -0.711389 0.190629 -0.676452
vn -0.556342 0.178414 -0.811574
vn -0.595716 0.181294 -0.782467
vn -0.438074 0.170675 -0.882588
vn -0.477416 0.173069 -0.861465
vn -0.321192 0.164595 -0.932601
vn -0.359906 0.166414 -0.918027
vn -0.206426 0.160313 -0.965240
vn -0.244426 0.161529 -0.956119
vn -0.093437 0.157866 -0.983030
vn -0.130922 0.158473 -0.978645
vn 0.018650 0.157253 -0.987382
vn -0.018650 0.157253 -0.987382
vn 0.130922 0.158473 -0.978645
vn 0.093437 0.157866 -0.983030
vn 0.244426 0.161529 -0.956119
vn 0.206426 0.160313 -0.965240
vn 0.359906 0.166414 -0.918027
vn 0.321192 0.164595 -0.932601
vn 0.477416 0.173069 -0.861465
vn 0.438074 0.170675 -0.882588
vn 0.595716 0.181294 -0.782467
vn 0.556342 0.178414 -0.811574
vn 0.711389 0.190629 -0.676452
vn 0.673411 0.187452 -0.715108
vn 0.817867 0.200197 -0.539457
vn 0.783862 0.197065 -0.588834
vn 0.905089 0.208640 -0.370518
vn 0.878772 0.206054 -0.430467
vn 0.961021 0.214311 -0.174672
vn 0.946467 0.212826 -0.242706
vn 0.970884 0.214758 -0.106125
vn 0.970884 0.214758 -0.106125
usemtl steel_dark
f 857 858 860
f 857 860 859
f 859 860 862
f 859 862 861
f 861 862 864
f 861 864 863
f 863 864 866
f 863 866 865
f 865 866 868
f 865 868 867
f 867 868 870
f 867 870 869
f 869 870 872
f 869 872 871
f 871 872 874
f 871 874 873
f 873 874 876
f 873 876 875
f 875 876 878
f 875 878 877
f 877 878 880
f 877 880 879
f 879 880 882
f 879 882 881
f 881 882 884
f 881 884 883
f 883 884 886
f 883 886 885
f 885 886 888
f 885 888 887
f 887 888 890
f 887 890 889
f 889 890 892
f 889 892 891
f 891 892 894
f 891 894 893
f 893 894 896
f 893 896 895
f 895 896 898
f 895 898 897
o korean_skull
v 0.620000 -0.440000 0.000000
v 0.598874 -0.440000 0.160468
v 0.536936 -0.440000 0.310000
v 0.438406 -0.440000 0.438406
v 0.310000 -0.440000 0.536936
v 0.160468 -0.440000 0.598874
v 0.000000 -0.440000 0.620000
v -0.160468 -0.440000 0.598874
v -0.310000 -0.440000 0.536936
v -0.438406 -0.440000 0.438406
v -0.536936 -0.440000 0.310000
v -0.598874 -0.440000 0.160468
v -0.620000 -0.440000 0.000000
v -0.598874 -0.440000 -0.160468
v -0.536936 -0.440000 -0.310000
v -0.438406 -0.440000 -0.438406
v -0.310000 -0.440000 -0.536936
v -0.160468 -0.440000 -0.598874
v -0.000000 -0.440000 -0.620000
v 0.160468 -0.440000 -0.598874
v 0.310000 -0.440000 -0.536936
v 0.438406 -0.440000 -0.438406
v 0.536936 -0.440000 -0.310000
v 0.598874 -0.440000 -0.160468
v 0.620000 -0.440000 -0.000000
v 0.614696 -0.346021 0.000000
v 0.593751 -0.346021 0.159095
v 0.532342 -0.346021 0.307348
v 0.434656 -0.346021 0.434656
v 0.307348 -0.346021 0.532342
v 0.159095 -0.346021 0.593751
v 0.000000 -0.346021 0.614696
v -0.159095 -0.346021 0.593751
v -0.307348 -0.346021 0.532342
v -0.434656 -0.346021 0.434656
v -0.532342 -0.346021 0.307348
v -0.593751 -0.346021 0.159095
v -0.614696 -0.346021 0.000000
v -0.593751 -0.346021 -0.159095
v -0.532342 -0.346021 -0.307348
v -0.434656 -0.346021 -0.434656
v -0.307348 -0.346021 -0.532342
v -0.159095 -0.346021 -0.593751
v -0.000000 -0.346021 -0.614696
v 0.159095 -0.346021 -0.593751
v 0.307348 -0.346021 -0.532342
v 0.434656 -0.346021 -0.434656
v 0.532342 -0.346021 -0.307348
v 0.593751 -0.346021 -0.159095
v 0.614696 -0.346021 -0.000000
v 0.598874 -0.253650 0.000000
v 0.578468 -0.253650 0.155000
v 0.518640 -0.253650 0.299437
v 0.423468 -0.253650 0.423468
v 0.299437 -0.253650 0.518640
v 0.155000 -0.253650 0.578468
v 0.000000 -0.253650 0.598874
v -0.155000 -0.253650 0.578468
v -0.299437 -0.253650 0.518640
v -0.423468 -0.253650 0.423468
v -0.518640 -0.253650 0.299437
v -0.578468 -0.253650 0.155000
v -0.598874 -0.253650 0.000000
v -0.578468 -0.253650 -0.155000
v -0.518640 -0.253650 -0.299437
v -0.423468 -0.253650 -0.423468
v -0.299437 -0.253650 -0.518640
v -0.155000 -0.253650 -0.578468
v -0.000000 -0.253650 -0.598874
v 0.155000 -0.253650 -0.578468
v 0.299437 -0.253650 -0.518640
v 0.423468 -0.253650 -0.423468
v 0.518640 -0.253650 -0.299437
v 0.578468 -0.253650 -0.155000
v 0.598874 -0.253650 -0.000000
v 0.572805 -0.164468 0.000000
v 0.553287 -0.164468 0.148253
v 0.496064 -0.164468 0.286403
v 0.405035 -0.164468 0.405035
v 0.286403 -0.164468 0.496064
v 0.148253 -0.164468 0.553287
v 0.000000 -0.164468 0.572805
v -0.148253 -0.164468 0.553287
v -0.286403 -0.164468 0.496064
v -0.405035 -0.164468 0.405035
v -0.496064 -0.164468 0.286403
v -0.553287 -0.164468 0.148253
v -0.572805 -0.164468 0.000000
v -0.553287 -0.164468 -0.148253
v -0.496064 -0.164468 -0.286403
v -0.405035 -0.164468 -0.405035
v -0.286403 -0.164468 -0.496064
v -0.148253 -0.164468 -0.553287
v -0.000000 -0.164468 -0.572805
v 0.148253 -0.164468 -0.553287
v 0.286403 -0.164468 -0.496064
v 0.405035 -0.164468 -0.405035
v 0.496064 -0.164468 -0.286403
v 0.553287 -0.164468 -0.148253
v 0.572805 -0.164468 -0.000000
v 0.536936 -0.080000 0.000000
v 0.518640 -0.080000 0.138969
v 0.465000 -0.080000 0.268468
v 0.379671 -0.080000 0.379671
v 0.268468 -0.080000 0.465000
v 0.138969 -0.080000 0.518640
v 0.000000 -0.080000 0.536936
v -0.138969 -0.080000 0.518640
v -0.268468 -0.080000 0.465000
v -0.379671 -0.080000 0.379671
v -0.465000 -0.080000 0.268468
v -0.518640 -0.080000 0.138969
v -0.536936 -0.080000 0.000000
v -0.518640 -0.080000 -0.138969
v -0.465000 -0.080000 -0.268468
v -0.379671 -0.080000 -0.379671
v -0.268468 -0.080000 -0.465000
v -0.138969 -0.080000 -0.518640
v -0.000000 -0.080000 -0.536936
v 0.138969 -0.080000 -0.518640
v 0.268468 -0.080000 -0.465000
v 0.379671 -0.080000 -0.379671
v 0.465000 -0.080000 -0.268468
v 0.518640 -0.080000 -0.138969
v 0.536936 -0.080000 -0.000000
v 0.491879 -0.001692 0.000000
v 0.475119 -0.001692 0.127308
v 0.425980 -0.001692 0.245940
v 0.347811 -0.001692 0.347811
v 0.245940 -0.001692 0.425980
v 0.127308 -0.001692 0.475119
v 0.000000 -0.001692 0.491879
v -0.127308 -0.001692 0.475119
v -0.245940 -0.001692 0.425980
v -0.347811 -0.001692 0.347811
v -0.425980 -0.001692 0.245940
v -0.475119 -0.001692 0.127308
v -0.491879 -0.001692 0.000000
v -0.475119 -0.001692 -0.127308
v -0.425980 -0.001692 -0.245940
v -0.347811 -0.001692 -0.347811
v -0.245940 -0.001692 -0.425980
v -0.127308 -0.001692 -0.475119
v -0.000000 -0.001692 -0.491879
v 0.127308 -0.001692 -0.475119
v 0.245940 -0.001692 -0.425980
v 0.347811 -0.001692 -0.347811
v 0.425980 -0.001692 -0.245940
v 0.475119 -0.001692 -0.127308
v 0.491879 -0.001692 -0.000000
v 0.438406 0.069117 0.000000
v 0.423468 0.069117 0.113468
v 0.379671 0.069117 0.219203
v 0.310000 0.069117 0.310000
v 0.219203 0.069117 0.379671
v 0.113468 0.069117 0.423468
v 0.000000 0.069117 0.438406
v -0.113468 0.069117 0.423468
v -0.219203 0.069117 0.379671
v -0.310000 0.069117 0.310000
v -0.379671 0.069117 0.219203
v -0.423468 0.069117 0.113468
v -0.438406 0.069117 0.000000
v -0.423468 0.069117 -0.113468
v -0.379671 0.069117 -0.219203
v -0.310000 0.069117 -0.310000
v -0.219203 0.069117 -0.379671
v -0.113468 0.069117 -0.423468
v -0.000000 0.069117 -0.438406
v 0.113468 0.069117 -0.423468
v 0.219203 0.069117 -0.379671
v 0.310000 0.069117 -0.310000
v 0.379671 0.069117 -0.219203
v 0.423468 0.069117 -0.113468
v 0.438406 0.069117 -0.000000
v 0.377432 0.131214 0.000000
v 0.364571 0.131214 0.097687
v 0.326866 0.131214 0.188716
v 0.266885 0.131214 0.266885
v 0.188716 0.131214 0.326866
v 0.097687 0.131214 0.364571
v 0.000000 0.131214 0.377432
v -0.097687 0.131214 0.364571
v -0.188716 0.131214 0.326866
v -0.266885 0.131214 0.266885
v -0.326866 0.131214 0.188716
v -0.364571 0.131214 0.097687
v -0.377432 0.131214 0.000000
v -0.364571 0.131214 -0.097687
v -0.326866 0.131214 -0.188716
v -0.266885 0.131214 -0.266885
v -0.188716 0.131214 -0.326866
v -0.097687 0.131214 -0.364571
v -0.000000 0.131214 -0.377432
v 0.097687 0.131214 -0.364571
v 0.188716 0.131214 -0.326866
v 0.266885 0.131214 -0.266885
v 0.326866 0.131214 -0.188716
v 0.364571 0.131214 -0.097687
v 0.377432 0.131214 -0.000000
v 0.310000 0.183538 0.000000
v 0.299437 0.183538 0.080234
v 0.268468 0.183538 0.155000
v 0.219203 0.183538 0.219203
v 0.155000 0.183538 0.268468
v 0.080234 0.183538 0.299437
v 0.000000 0.183538 0.310000
v -0.080234 0.183538 0.299437
v -0.155000 0.183538 0.268468
v -0.219203 0.183538 0.219203
v -0.268468 0.183538 0.155000
v -0.299437 0.183538 0.080234
v -0.310000 0.183538 0.000000
v -0.299437 0.183538 -0.080234
v -0.268468 0.183538 -0.155000
v -0.219203 0.183538 -0.219203
v -0.155000 0.183538 -0.268468
v -0.080234 0.183538 -0.299437
v -0.000000 0.183538 -0.310000
v 0.080234 0.183538 -0.299437
v 0.155000 0.183538 -0.268468
v 0.219203 0.183538 -0.219203
v 0.268468 0.183538 -0.155000
v 0.299437 0.183538 -0.080234
v 0.310000 0.183538 -0.000000
v 0.237264 0.225193 0.000000
v 0.229179 0.225193 0.061408
v 0.205476 0.225193 0.118632
v 0.167771 0.225193 0.167771
v 0.118632 0.225193 0.205476
v 0.061408 0.225193 0.229179
v 0.000000 0.225193 0.237264
v -0.061408 0.225193 0.229179
v -0.118632 0.225193 0.205476
v -0.167771 0.225193 0.167771
v -0.205476 0.225193 0.118632
v -0.229179 0.225193 0.061408
v -0.237264 0.225193 0.000000
v -0.229179 0.225193 -0.061408
v -0.205476 0.225193 -0.118632
v -0.167771 0.225193 -0.167771
v -0.118632 0.225193 -0.205476
v -0.061408 0.225193 -0.229179
v -0.000000 0.225193 -0.237264
v 0.061408 0.225193 -0.229179
v 0.118632 0.225193 -0.205476
v 0.167771 0.225193 -0.167771
v 0.205476 0.225193 -0.118632
v 0.229179 0.225193 -0.061408
v 0.237264 0.225193 -0.000000
v 0.160468 0.255467 0.000000
v 0.155000 0.255467 0.041532
v 0.138969 0.255467 0.080234
v 0.113468 0.255467 0.113468
v 0.080234 0.255467 0.138969
v 0.041532 0.255467 0.155000
v 0.000000 0.255467 0.160468
v -0.041532 0.255467 0.155000
v -0.080234 0.255467 0.138969
v -0.113468 0.255467 0.113468
v -0.138969 0.255467 0.080234
v -0.155000 0.255467 0.041532
v -0.160468 0.255467 0.000000
v -0.155000 0.255467 -0.041532
v -0.138969 0.255467 -0.080234
v -0.113468 0.255467 -0.113468
v -0.080234 0.255467 -0.138969
v -0.041532 0.255467 -0.155000
v -0.000000 0.255467 -0.160468
v 0.041532 0.255467 -0.155000
v 0.080234 0.255467 -0.138969
v 0.113468 0.255467 -0.113468
v 0.138969 0.255467 -0.080234
v 0.155000 0.255467 -0.041532
v 0.160468 0.255467 -0.000000
v 0.080926 0.273840 0.000000
v 0.078169 0.273840 0.020945
v 0.070084 0.273840 0.040463
v 0.057223 0.273840 0.057223
v 0.040463 0.273840 0.070084
v 0.020945 0.273840 0.078169
v 0.000000 0.273840 0.080926
v -0.020945 0.273840 0.078169
v -0.040463 0.273840 0.070084
v -0.057223 0.273840 0.057223
v -0.070084 0.273840 0.040463
v -0.078169 0.273840 0.020945
v -0.080926 0.273840 0.000000
v -0.078169 0.273840 -0.020945
v -0.070084 0.273840 -0.040463
v -0.057223 0.273840 -0.057223
v -0.040463 0.273840 -0.070084
v -0.020945 0.273840 -0.078169
v -0.000000 0.273840 -0.080926
v 0.020945 0.273840 -0.078169
v 0.040463 0.273840 -0.070084
v 0.057223 0.273840 -0.057223
v 0.070084 0.273840 -0.040463
v 0.078169 0.273840 -0.020945
v 0.080926 0.273840 -0.000000
v 0.004960 0.280000 0.000000
v 0.004791 0.280000 0.001284
v 0.004295 0.280000 0.002480
v 0.003507 0.280000 0.003507
v 0.002480 0.280000 0.004295
v 0.001284 0.280000 0.004791
v 0.000000 0.280000 0.004960
v -0.001284 0.280000 0.004791
v -0.002480 0.280000 0.004295
v -0.003507 0.280000 0.003507
v -0.004295 0.280000 0.002480
v -0.004791 0.280000 0.001284
v -0.004960 0.280000 0.000000
v -0.004791 0.280000 -0.001284
v -0.004295 0.280000 -0.002480
v -0.003507 0.280000 -0.003507
v -0.002480 0.280000 -0.004295
v -0.001284 0.280000 -0.004791
v -0.000000 0.280000 -0.004960
v 0.001284 0.280000 -0.004791
v 0.002480 0.280000 -0.004295
v 0.003507 0.280000 -0.003507
v 0.004295 0.280000 -0.002480
v 0.004791 0.280000 -0.001284
v 0.004960 0.280000 -0.000000
vn 0.989896 0.055870 0.130322
vn 0.952138 0.056297 0.300441
vn 0.841934 0.056297 0.536635
vn 0.674355 0.056297 0.736258
vn 0.460819 0.056297 0.885707
vn 0.215879 0.056297 0.974796
vn -0.043772 0.056297 0.997454
vn -0.300441 0.056297 0.952138
vn -0.536635 0.056297 0.841934
vn -0.736258 0.056297 0.674355
vn -0.885707 0.056297 0.460819
vn -0.974796 0.056297 0.215879
vn -0.997454 0.056297 -0.043772
vn -0.952138 0.056297 -0.300441
vn -0.841934 0.056297 -0.536635
vn -0.674355 0.056297 -0.736258
vn -0.460819 0.056297 -0.885707
vn -0.215879 0.056297 -0.974796
vn 0.043772 0.056297 -0.997454
vn 0.300441 0.056297 -0.952138
vn 0.536635 0.056297 -0.841934
vn 0.736258 0.056297 -0.674355
vn 0.885707 0.056297 -0.460819
vn 0.974796 0.056297 -0.215879
vn 0.989896 0.055870 -0.130322
vn 0.982977 0.130422 0.129411
vn 0.959835 0.112776 0.256901
vn 0.860638 0.112776 0.496571
vn 0.702791 0.112776 0.702401
vn 0.497049 0.112776 0.860363
vn 0.257434 0.112776 0.959692
vn 0.000276 0.112776 0.993620
vn -0.256901 0.112776 0.959835
vn -0.496571 0.112776 0.860638
vn -0.702401 0.112776 0.702791
vn -0.860363 0.112776 0.497049
vn -0.959692 0.112776 0.257434
vn -0.993620 0.112776 0.000276
vn -0.959835 0.112776 -0.256901
vn -0.860638 0.112776 -0.496571
vn -0.702791 0.112776 -0.702401
vn -0.497049 0.112776 -0.860363
vn -0.257434 0.112776 -0.959692
vn -0.000276 0.112776 -0.993620
vn 0.256901 0.112776 -0.959835
vn 0.496571 0.112776 -0.860638
vn 0.702401 0.112776 -0.702791
vn 0.860363 0.112776 -0.497049
vn 0.959692 0.112776 -0.257434
vn 0.987131 0.093185 -0.129958
vn 0.962043 0.241725 0.126655
vn 0.941285 0.225079 0.251639
vn 0.844083 0.225079 0.486687
vn 0.689357 0.225079 0.688568
vn 0.487654 0.225079 0.843524
vn 0.252717 0.225079 0.940996
vn 0.000558 0.225079 0.974340
vn -0.251639 0.225079 0.941285
vn -0.486687 0.225079 0.844083
vn -0.688568 0.225079 0.689357
vn -0.843524 0.225079 0.487654
vn -0.940996 0.225079 0.252717
vn -0.974340 0.225079 0.000558
vn -0.941285 0.225079 -0.251639
vn -0.844083 0.225079 -0.486687
vn -0.689357 0.225079 -0.688568
vn -0.487654 0.225079 -0.843524
vn -0.252717 0.225079 -0.940996
vn -0.000558 0.225079 -0.974340
vn 0.251639 0.225079 -0.941285
vn 0.486687 0.225079 -0.844083
vn 0.688568 0.225079 -0.689357
vn 0.843524 0.225079 -0.487654
vn 0.940996 0.225079 -0.252717
vn 0.970452 0.204695 -0.127762
vn 0.927992 0.352002 0.122172
vn 0.909881 0.336313 0.242919
vn 0.816006 0.336313 0.470136
vn 0.666521 0.336313 0.665315
vn 0.471613 0.336313 0.815153
vn 0.244566 0.336313 0.909440
vn 0.000853 0.336313 0.941750
vn -0.242919 0.336313 0.909881
vn -0.470136 0.336313 0.816006
vn -0.665315 0.336313 0.666521
vn -0.815153 0.336313 0.471613
vn -0.909440 0.336313 0.244566
vn -0.941750 0.336313 0.000853
vn -0.909881 0.336313 -0.242919
vn -0.816006 0.336313 -0.470136
vn -0.666521 0.336313 -0.665315
vn -0.471613 0.336313 -0.815153
vn -0.244566 0.336313 -0.909440
vn -0.000853 0.336313 -0.941750
vn 0.242919 0.336313 -0.909881
vn 0.470136 0.336313 -0.816006
vn 0.665315 0.336313 -0.666521
vn 0.815153 0.336313 -0.471613
vn 0.909440 0.336313 -0.244566
vn 0.940844 0.315388 -0.123865
vn 0.880111 0.460413 0.115869
vn 0.865017 0.445624 0.230576
vn 0.775865 0.445624 0.446602
vn 0.633839 0.445624 0.632193
vn 0.448618 0.445624 0.774701
vn 0.232824 0.445624 0.864414
vn 0.001164 0.445624 0.895219
vn -0.230576 0.445624 0.865017
vn -0.446602 0.445624 0.775865
vn -0.632193 0.445624 0.633839
vn -0.774701 0.445624 0.448618
vn -0.864414 0.445624 0.232824
vn -0.895219 0.445624 0.001164
vn -0.865017 0.445624 -0.230576
vn -0.775865 0.445624 -0.446602
vn -0.633839 0.445624 -0.632193
vn -0.448618 0.445624 -0.774701
vn -0.232824 0.445624 -0.864414
vn -0.001164 0.445624 -0.895219
vn 0.230576 0.445624 -0.865017
vn 0.446602 0.445624 -0.775865
vn 0.632193 0.445624 -0.633839
vn 0.774701 0.445624 -0.448618
vn 0.864414 0.445624 -0.232824
vn 0.897667 0.424532 -0.118180
vn 0.817558 0.565697 0.107634
vn 0.805961 0.551775 0.214410
vn 0.723005 0.551775 0.415703
vn 0.590778 0.551775 0.588665
vn 0.418289 0.551775 0.721511
vn 0.217296 0.551775 0.805188
vn 0.001494 0.551775 0.833992
vn -0.214410 0.551775 0.805961
vn -0.415703 0.551775 0.723005
vn -0.588665 0.551775 0.590778
vn -0.721511 0.551775 0.418289
vn -0.805188 0.551775 0.217296
vn -0.833992 0.551775 0.001494
vn -0.805961 0.551775 -0.214410
vn -0.723005 0.551775 -0.415703
vn -0.590778 0.551775 -0.588665
vn -0.418289 0.551775 -0.721511
vn -0.217296 0.551775 -0.805188
vn -0.001494 0.551775 -0.833992
vn 0.214410 0.551775 -0.805961
vn 0.415703 0.551775 -0.723005
vn 0.588665 0.551775 -0.590778
vn 0.721511 0.551775 -0.418289
vn 0.805188 0.551775 -0.217296
vn 0.840107 0.531025 -0.110602
vn 0.739524 0.666052 0.097360
vn 0.732005 0.653025 0.194236
vn 0.656791 0.653025 0.377074
vn 0.536817 0.653025 0.534216
vn 0.380260 0.653025 0.654951
vn 0.197789 0.653025 0.731053
vn 0.001839 0.653025 0.757334
vn -0.194236 0.653025 0.732005
vn -0.377074 0.653025 0.656791
vn -0.534216 0.653025 0.536817
vn -0.654951 0.653025 0.380260
vn -0.731053 0.653025 0.197789
vn -0.757334 0.653025 0.001839
vn -0.732005 0.653025 -0.194236
vn -0.656791 0.653025 -0.377074
vn -0.536817 0.653025 -0.534216
vn -0.380260 0.653025 -0.654951
vn -0.197789 0.653025 -0.731053
vn -0.001839 0.653025 -0.757334
vn 0.194236 0.653025 -0.732005
vn 0.377074 0.653025 -0.656791
vn 0.534216 0.653025 -0.536817
vn 0.654951 0.653025 -0.380260
vn 0.731053 0.653025 -0.197789
vn 0.767323 0.633254 -0.101020
vn 0.645472 0.759042 0.084978
vn 0.642677 0.747053 0.169934
vn 0.576796 0.747053 0.330481
vn 0.471608 0.747053 0.468506
vn 0.334280 0.747053 0.574603
vn 0.174171 0.747053 0.641542
vn 0.002193 0.747053 0.664761
vn -0.169934 0.747053 0.642677
vn -0.330481 0.747053 0.576796
vn -0.468506 0.747053 0.471608
vn -0.574603 0.747053 0.334280
vn -0.641542 0.747053 0.174171
vn -0.664761 0.747053 0.002193
vn -0.642677 0.747053 -0.169934
vn -0.576796 0.747053 -0.330481
vn -0.471608 0.747053 -0.468506
vn -0.334280 0.747053 -0.574603
vn -0.174171 0.747053 -0.641542
vn -0.002193 0.747053 -0.664761
vn 0.169934 0.747053 -0.642677
vn 0.330481 0.747053 -0.576796
vn 0.468506 0.747053 -0.471608
vn 0.574603 0.747053 -0.334280
vn 0.641542 0.747053 -0.174171
vn 0.678656 0.729002 -0.089347
vn 0.535455 0.841617 0.070494
vn 0.538026 0.830961 0.141534
vn 0.483062 0.830961 0.275963
vn 0.395177 0.830961 0.391585
vn 0.280362 0.830961 0.480522
vn 0.146441 0.830961 0.536711
vn 0.002540 0.830961 0.556325
vn -0.141534 0.830961 0.538026
vn -0.275963 0.830961 0.483062
vn -0.391585 0.830961 0.395177
vn -0.480522 0.830961 0.280362
vn -0.536711 0.830961 0.146441
vn -0.556325 0.830961 0.002540
vn -0.538026 0.830961 -0.141534
vn -0.483062 0.830961 -0.275963
vn -0.395177 0.830961 -0.391585
vn -0.280362 0.830961 -0.480522
vn -0.146441 0.830961 -0.536711
vn -0.002540 0.830961 -0.556325
vn 0.141534 0.830961 -0.538026
vn 0.275963 0.830961 -0.483062
vn 0.391585 0.830961 -0.395177
vn 0.480522 0.830961 -0.280362
vn 0.536711 0.830961 -0.146441
vn 0.573923 0.815416 -0.075558
vn 0.410471 0.910271 0.054040
vn 0.418934 0.901415 0.109297
vn 0.376371 0.901415 0.214001
vn 0.308159 0.901415 0.304121
vn 0.218947 0.901415 0.373515
vn 0.114813 0.901415 0.417456
vn 0.002856 0.901415 0.432947
vn -0.109297 0.901415 0.418934
vn -0.214001 0.901415 0.376371
vn -0.304121 0.901415 0.308159
vn -0.373515 0.901415 0.218947
vn -0.417456 0.901415 0.114813
vn -0.432947 0.901415 0.002856
vn -0.418934 0.901415 -0.109297
vn -0.376371 0.901415 -0.214001
vn -0.308159 0.901415 -0.304121
vn -0.218947 0.901415 -0.373515
vn -0.114813 0.901415 -0.417456
vn -0.002856 0.901415 -0.432947
vn 0.109297 0.901415 -0.418934
vn 0.214001 0.901415 -0.376371
vn 0.304121 0.901415 -0.308159
vn 0.373515 0.901415 -0.218947
vn 0.417456 0.901415 -0.114813
vn 0.453769 0.889115 -0.059740
vn 0.272761 0.961411 0.035910
vn 0.287390 0.954968 0.073784
vn 0.258500 0.954968 0.145651
vn 0.211995 0.954968 0.207593
vn 0.151042 0.954968 0.255388
vn 0.079796 0.954968 0.285778
vn 0.003112 0.954968 0.296694
vn -0.073784 0.954968 0.287390
vn -0.145651 0.954968 0.258500
vn -0.207593 0.954968 0.211995
vn -0.255388 0.954968 0.151042
vn -0.285778 0.954968 0.079796
vn -0.296694 0.954968 0.003112
vn -0.287390 0.954968 -0.073784
vn -0.258500 0.954968 -0.145651
vn -0.211995 0.954968 -0.207593
vn -0.151042 0.954968 -0.255388
vn -0.079796 0.954968 -0.285778
vn -0.003112 0.954968 -0.296694
vn 0.073784 0.954968 -0.287390
vn 0.145651 0.954968 -0.258500
vn 0.207593 0.954968 -0.211995
vn 0.255388 0.954968 -0.151042
vn 0.285778 0.954968 -0.079796
vn 0.319992 0.946483 -0.042128
vn 0.129178 0.991476 0.017007
vn 0.148935 0.988169 0.036623
vn 0.134381 0.988169 0.073922
vn 0.110670 0.988169 0.106183
vn 0.079416 0.988169 0.131209
vn 0.042751 0.988169 0.147292
vn 0.003172 0.988169 0.153338
vn -0.036623 0.988169 0.148935
vn -0.073922 0.988169 0.134381
vn -0.106183 0.988169 0.110670
vn -0.131209 0.988169 0.079416
vn -0.147292 0.988169 0.042751
vn -0.153338 0.988169 0.003172
vn -0.148935 0.988169 -0.036623
vn -0.134381 0.988169 -0.073922
vn -0.110670 0.988169 -0.106183
vn -0.079416 0.988169 -0.131209
vn -0.042751 0.988169 -0.147292
vn -0.003172 0.988169 -0.153338
vn 0.036623 0.988169 -0.148935
vn 0.073922 0.988169 -0.134381
vn 0.106183 0.988169 -0.110670
vn 0.131209 0.988169 -0.079416
vn 0.147292 0.988169 -0.042751
vn 0.177345 0.983872 -0.023348
vn 0.080815 0.996672 0.010639
vn 0.078983 0.996722 0.017492
vn 0.071765 0.996722 0.037338
vn 0.059656 0.996722 0.054640
vn 0.043481 0.996722 0.068218
vn 0.024343 0.996722 0.077147
vn 0.003547 0.996722 0.080819
vn -0.017492 0.996722 0.078983
vn -0.037338 0.996722 0.071765
vn -0.054640 0.996722 0.059656
vn -0.068218 0.996722 0.043481
vn -0.077147 0.996722 0.024343
vn -0.080819 0.996722 0.003547
vn -0.078983 0.996722 -0.017492
vn -0.071765 0.996722 -0.037338
vn -0.059656 0.996722 -0.054640
vn -0.043481 0.996722 -0.068218
vn -0.024343 0.996722 -0.077147
vn -0.003547 0.996722 -0.080819
vn 0.017492 0.996722 -0.078983
vn 0.037338 0.996722 -0.071765
vn 0.054640 0.996722 -0.059656
vn 0.068218 0.996722 -0.043481
vn 0.077147 0.996722 -0.024343
vn 0.080815 0.996672 -0.010639
usemtl steel_dark
f 899 924 925
f 899 925 900
f 900 925 926
f 900 926 901
f 901 926 927
f 901 927 902
f 902 927 928
f 902 928 903
f 903 928 929
f 903 929 904
f 904 929 930
f 904 930 905
f 905 930 931
f 905 931 906
f 906 931 932
f 906 932 907
f 907 932 933
f 907 933 908
f 908 933 934
f 908 934 909
f 909 934 935
f 909 935 910
f 910 935 936
f 910 936 911
f 911 936 937
f 911 937 912
f 912 937 938
f 912 938 913
f 913 938 939
f 913 939 914
f 914 939 940
f 914 940 915
f 915 940 941
f 915 941 916
f 916 941 942
f 916 942 917
f 917 942 943
f 917 943 918
f 918 943 944
f 918 944 919
f 919 944 945
f 919 945 920
f 920 945 946
f 920 946 921
f 921 946 947
f 921 947 922
f 922 947 948
f 922 948 923
f 924 949 950
f 924 950 925
f 925 950 951
f 925 951 926
f 926 951 952
f 926 952 927
f 927 952 953
f 927 953 928
f 928 953 954
f 928 954 929
f 929 954 955
f 929 955 930
f 930 955 956
f 930 956 931
f 931 956 957
f 931 957 932
f 932 957 958
f 932 958 933
f 933 958 959
f 933 959 934
f 934 959 960
f 934 960 935
f 935 960 961
f 935 961 936
f 936 961 962
f 936 962 937
f 937 962 963
f 937 963 938
f 938 963 964
f 938 964 939
f 939 964 965
f 939 965 940
f 940 965 966
f 940 966 941
f 941 966 967
f 941 967 942
f 942 967 968
f 942 968 943
f 943 968 969
f 943 969 944
f 944 969 970
f 944 970 945
f 945 970 971
f 945 971 946
f 946 971 972
f 946 972 947
f 947 972 973
f 947 973 948
f 949 974 975
f 949 975 950
f 950 975 976
f 950 976 951
f 951 976 977
f 951 977 952
f 952 977 978
f 952 978 953
f 953 978 979
f 953 979 954
f 954 979 980
f 954 980 955
f 955 980 981
f 955 981 956
f 956 981 982
f 956 982 957
f 957 982 983
f 957 983 958
f 958 983 984
f 958 984 959
f 959 984 985
f 959 985 960
f 960 985 986
f 960 986 961
f 961 986 987
f 961 987 962
f 962 987 988
f 962 988 963
f 963 988 989
f 963 989 964
f 964 989 990
f 964 990 965
f 965 990 991
f 965 991 966
f 966 991 992
f 966 992 967
f 967 992 993
f 967 993 968
f 968 993 994
f 968 994 969
f 969 994 995
f 969 995 970
f 970 995 996
f 970 996 971
f 971 996 997
f 971 997 972
f 972 997 998
f 972 998 973
f 974 999 1000
f 974 1000 975
f 975 1000 1001
f 975 1001 976
f 976 1001 1002
f 976 1002 977
f 977 1002 1003
f 977 1003 978
f 978 1003 1004
f 978 1004 979
f 979 1004 1005
f 979 1005 980
f 980 1005 1006
f 980 1006 981
f 981 1006 1007
f 981 1007 982
f 982 1007 1008
f 982 1008 983
f 983 1008 1009
f 983 1009 984
f 984 1009 1010
f 984 1010 985
f 985 1010 1011
f 985 1011 986
f 986 1011 1012
f 986 1012 987
f 987 1012 1013
f 987 1013 988
f 988 1013 1014
f 988 1014 989
f 989 1014 1015
f 989 1015 990
f 990 1015 1016
f 990 1016 991
f 991 1016 1017
f 991 1017 992
f 992 1017 1018
f 992 1018 993
f 993 1018 1019
f 993 1019 994
f 994 1019 1020
f 994 1020 995
f 995 1020 1021
f 995 1021 996
f 996 1021 1022
f 996 1022 997
f 997 1022 1023
f 997 1023 998
f 999 1024 1025
f 999 1025 1000
f 1000 1025 1026
f 1000 1026 1001
f 1001 1026 1027
f 1001 1027 1002
f 1002 1027 1028
f 1002 1028 1003
f 1003 1028 1029
f 1003 1029 1004
f 1004 1029 1030
f 1004 1030 1005
f 1005 1030 1031
f 1005 1031 1006
f 1006 1031 1032
f 1006 1032 1007
f 1007 1032 1033
f 1007 1033 1008
f 1008 1033 1034
f 1008 1034 1009
f 1009 1034 1035
f 1009 1035 1010
f 1010 1035 1036
f 1010 1036 1011
f 1011 1036 1037
f 1011 1037 1012
f 1012 1037 1038
f 1012 1038 1013
f 1013 1038 1039
f 1013 1039 1014
f 1014 1039 1040
f 1014 1040 1015
f 1015 1040 1041
f 1015 1041 1016
f 1016 1041 1042
f 1016 1042 1017
f 1017 1042 1043
f 1017 1043 1018
f 1018 1043 1044
f 1018 1044 1019
f 1019 1044 1045
f 1019 1045 1020
f 1020 1045 1046
f 1020 1046 1021
f 1021 1046 1047
f 1021 1047 1022
f 1022 1047 1048
f 1022 1048 1023
f 1024 1049 1050
f 1024 1050 1025
f 1025 1050 1051
f 1025 1051 1026
f 1026 1051 1052
f 1026 1052 1027
f 1027 1052 1053
f 1027 1053 1028
f 1028 1053 1054
f 1028 1054 1029
f 1029 1054 1055
f 1029 1055 1030
f 1030 1055 1056
f 1030 1056 1031
f 1031 1056 1057
f 1031 1057 1032
f 1032 1057 1058
f 1032 1058 1033
f 1033 1058 1059
f 1033 1059 1034
f 1034 1059 1060
f 1034 1060 1035
f 1035 1060 1061
f 1035 1061 1036
f 1036 1061 1062
f 1036 1062 1037
f 1037 1062 1063
f 1037 1063 1038
f 1038 1063 1064
f 1038 1064 1039
f 1039 1064 1065
f 1039 1065 1040
f 1040 1065 1066
f 1040 1066 1041
f 1041 1066 1067
f 1041 1067 1042
f 1042 1067 1068
f 1042 1068 1043
f 1043 1068 1069
f 1043 1069 1044
f 1044 1069 1070
f 1044 1070 1045
f 1045 1070 1071
f 1045 1071 1046
f 1046 1071 1072
f 1046 1072 1047
f 1047 1072 1073
f 1047 1073 1048
f 1049 1074 1075
f 1049 1075 1050
f 1050 1075 1076
f 1050 1076 1051
f 1051 1076 1077
f 1051 1077 1052
f 1052 1077 1078
f 1052 1078 1053
f 1053 1078 1079
f 1053 1079 1054
f 1054 1079 1080
f 1054 1080 1055
f 1055 1080 1081
f 1055 1081 1056
f 1056 1081 1082
f 1056 1082 1057
f 1057 1082 1083
f 1057 1083 1058
f 1058 1083 1084
f 1058 1084 1059
f 1059 1084 1085
f 1059 1085 1060
f 1060 1085 1086
f 1060 1086 1061
f 1061 1086 1087
f 1061 1087 1062
f 1062 1087 1088
f 1062 1088 1063
f 1063 1088 1089
f 1063 1089 1064
f 1064 1089 1090
f 1064 1090 1065
f 1065 1090 1091
f 1065 1091 1066
f 1066 1091 1092
f 1066 1092 1067
f 1067 1092 1093
f 1067 1093 1068
f 1068 1093 1094
f 1068 1094 1069
f 1069 1094 1095
f 1069 1095 1070
f 1070 1095 1096
f 1070 1096 1071
f 1071 1096 1097
f 1071 1097 1072
f 1072 1097 1098
f 1072 1098 1073
f 1074 1099 1100
f 1074 1100 1075
f 1075 1100 1101
f 1075 1101 1076
f 1076 1101 1102
f 1076 1102 1077
f 1077 1102 1103
f 1077 1103 1078
f 1078 1103 1104
f 1078 1104 1079
f 1079 1104 1105
f 1079 1105 1080
f 1080 1105 1106
f 1080 1106 1081
f 1081 1106 1107
f 1081 1107 1082
f 1082 1107 1108
f 1082 1108 1083
f 1083 1108 1109
f 1083 1109 1084
f 1084 1109 1110
f 1084 1110 1085
f 1085 1110 1111
f 1085 1111 1086
f 1086 1111 1112
f 1086 1112 1087
f 1087 1112 1113
f 1087 1113 1088
f 1088 1113 1114
f 1088 1114 1089
f 1089 1114 1115
f 1089 1115 1090
f 1090 1115 1116
f 1090 1116 1091
f 1091 1116 1117
f 1091 1117 1092
f 1092 1117 1118
f 1092 1118 1093
f 1093 1118 1119
f 1093 1119 1094
f 1094 1119 1120
f 1094 1120 1095
f 1095 1120 1121
f 1095 1121 1096
f 1096 1121 1122
f 1096 1122 1097
f 1097 1122 1123
f 1097 1123 1098
f 1099 1124 1125
f 1099 1125 1100
f 1100 1125 1126
f 1100 1126 1101
f 1101 1126 1127
f 1101 1127 1102
f 1102 1127 1128
f 1102 1128 1103
f 1103 1128 1129
f 1103 1129 1104
f 1104 1129 1130
f 1104 1130 1105
f 1105 1130 1131
f 1105 1131 1106
f 1106 1131 1132
f 1106 1132 1107
f 1107 1132 1133
f 1107 1133 1108
f 1108 1133 1134
f 1108 1134 1109
f 1109 1134 1135
f 1109 1135 1110
f 1110 1135 1136
f 1110 1136 1111
f 1111 1136 1137
f 1111 1137 1112
f 1112 1137 1138
f 1112 1138 1113
f 1113 1138 1139
f 1113 1139 1114
f 1114 1139 1140
f 1114 1140 1115
f 1115 1140 1141
f 1115 1141 1116
f 1116 1141 1142
f 1116 1142 1117
f 1117 1142 1143
f 1117 1143 1118
f 1118 1143 1144
f 1118 1144 1119
f 1119 1144 1145
f 1119 1145 1120
f 1120 1145 1146
f 1120 1146 1121
f 1121 1146 1147
f 1121 1147 1122
f 1122 1147 1148
f 1122 1148 1123
f 1124 1149 1150
f 1124 1150 1125
f 1125 1150 1151
f 1125 1151 1126
f 1126 1151 1152
f 1126 1152 1127
f 1127 1152 1153
f 1127 1153 1128
f 1128 1153 1154
f 1128 1154 1129
f 1129 1154 1155
f 1129 1155 1130
f 1130 1155 1156
f 1130 1156 1131
f 1131 1156 1157
f 1131 1157 1132
f 1132 1157 1158
f 1132 1158 1133
f 1133 1158 1159
f 1133 1159 1134
f 1134 1159 1160
f 1134 1160 1135
f 1135 1160 1161
f 1135 1161 1136
f 1136 1161 1162
f 1136 1162 1137
f 1137 1162 1163
f 1137 1163 1138
f 1138 1163 1164
f 1138 1164 1139
f 1139 1164 1165
f 1139 1165 1140
f 1140 1165 1166
f 1140 1166 1141
f 1141 1166 1167
f 1141 1167 1142
f 1142 1167 1168
f 1142 1168 1143
f 1143 1168 1169
f 1143 1169 1144
f 1144 1169 1170
f 1144 1170 1145
f 1145 1170 1171
f 1145 1171 1146
f 1146 1171 1172
f 1146 1172 1147
f 1147 1172 1173
f 1147 1173 1148
f 1149 1174 1175
f 1149 1175 1150
f 1150 1175 1176
f 1150 1176 1151
f 1151 1176 1177
f 1151 1177 1152
f 1152 1177 1178
f 1152 1178 1153
f 1153 1178 1179
f 1153 1179 1154
f 1154 1179 1180
f 1154 1180 1155
f 1155 1180 1181
f 1155 1181 1156
f 1156 1181 1182
f 1156 1182 1157
f 1157 1182 1183
f 1157 1183 1158
f 1158 1183 1184
f 1158 1184 1159
f 1159 1184 1185
f 1159 1185 1160
f 1160 1185 1186
f 1160 1186 1161
f 1161 1186 1187
f 1161 1187 1162
f 1162 1187 1188
f 1162 1188 1163
f 1163 1188 1189
f 1163 1189 1164
f 1164 1189 1190
f 1164 1190 1165
f 1165 1190 1191
f 1165 1191 1166
f 1166 1191 1192
f 1166 1192 1167
f 1167 1192 1193
f 1167 1193 1168
f 1168 1193 1194
f 1168 1194 1169
f 1169 1194 1195
f 1169 1195 1170
f 1170 1195 1196
f 1170 1196 1171
f 1171 1196 1197
f 1171 1197 1172
f 1172 1197 1198
f 1172 1198 1173
f 1174 1199 1200
f 1174 1200 1175
f 1175 1200 1201
f 1175 1201 1176
f 1176 1201 1202
f 1176 1202 1177
f 1177 1202 1203
f 1177 1203 1178
f 1178 1203 1204
f 1178 1204 1179
f 1179 1204 1205
f 1179 1205 1180
f 1180 1205 1206
f 1180 1206 1181
f 1181 1206 1207
f 1181 1207 1182
f 1182 1207 1208
f 1182 1208 1183
f 1183 1208 1209
f 1183 1209 1184
f 1184 1209 1210
f 1184 1210 1185
f 1185 1210 1211
f 1185 1211 1186
f 1186 1211 1212
f 1186 1212 1187
f 1187 1212 1213
f 1187 1213 1188
f 1188 1213 1214
f 1188 1214 1189
f 1189 1214 1215
f 1189 1215 1190
f 1190 1215 1216
f 1190 1216 1191
f 1191 1216 1217
f 1191 1217 1192
f 1192 1217 1218
f 1192 1218 1193
f 1193 1218 1219
f 1193 1219 1194
f 1194 1219 1220
f 1194 1220 1195
f 1195 1220 1221
f 1195 1221 1196
f 1196 1221 1222
f 1196 1222 1197
f 1197 1222 1223
f 1197 1223 1198
o korean_brim
v 0.620000 -0.480000 0.000000
v 0.980000 -0.420000 0.000000
v 0.598874 -0.480000 0.160468
v 0.946607 -0.420000 0.253643
v 0.536936 -0.480000 0.310000
v 0.848705 -0.420000 0.490000
v 0.438406 -0.480000 0.438406
v 0.692965 -0.420000 0.692965
v 0.310000 -0.480000 0.536936
v 0.490000 -0.420000 0.848705
v 0.160468 -0.480000 0.598874
v 0.253643 -0.420000 0.946607
v 0.000000 -0.480000 0.620000
v 0.000000 -0.420000 0.980000
v -0.160468 -0.480000 0.598874
v -0.253643 -0.420000 0.946607
v -0.310000 -0.480000 0.536936
v -0.490000 -0.420000 0.848705
v -0.438406 -0.480000 0.438406
v -0.692965 -0.420000 0.692965
v -0.536936 -0.480000 0.310000
v -0.848705 -0.420000 0.490000
v -0.598874 -0.480000 0.160468
v -0.946607 -0.420000 0.253643
v -0.620000 -0.480000 0.000000
v -0.980000 -0.420000 0.000000
v -0.598874 -0.480000 -0.160468
v -0.946607 -0.420000 -0.253643
v -0.536936 -0.480000 -0.310000
v -0.848705 -0.420000 -0.490000
v -0.438406 -0.480000 -0.438406
v -0.692965 -0.420000 -0.692965
v -0.310000 -0.480000 -0.536936
v -0.490000 -0.420000 -0.848705
v -0.160468 -0.480000 -0.598874
v -0.253643 -0.420000 -0.946607
v -0.000000 -0.480000 -0.620000
v -0.000000 -0.420000 -0.980000
v 0.160468 -0.480000 -0.598874
v 0.253643 -0.420000 -0.946607
v 0.310000 -0.480000 -0.536936
v 0.490000 -0.420000 -0.848705
v 0.438406 -0.480000 -0.438406
v 0.692965 -0.420000 -0.692965
v 0.536936 -0.480000 -0.310000
v 0.848705 -0.420000 -0.490000
v 0.598874 -0.480000 -0.160468
v 0.946607 -0.420000 -0.253643
v 0.620000 -0.480000 -0.000000
v 0.980000 -0.420000 -0.000000
vn 0.164360 -0.986163 0.021638
vn 0.164360 -0.986163 0.021638
vn 0.156926 -0.986368 0.049517
vn 0.160660 -0.986368 0.035580
vn 0.138763 -0.986368 0.088445
vn 0.145977 -0.986368 0.075950
vn 0.111143 -0.986368 0.121346
vn 0.121346 -0.986368 0.111143
vn 0.075950 -0.986368 0.145977
vn 0.088445 -0.986368 0.138763
vn 0.035580 -0.986368 0.160660
vn 0.049517 -0.986368 0.156926
vn -0.007214 -0.986368 0.164395
vn 0.007214 -0.986368 0.164395
vn -0.049517 -0.986368 0.156926
vn -0.035580 -0.986368 0.160660
vn -0.088445 -0.986368 0.138763
vn -0.075950 -0.986368 0.145977
vn -0.121346 -0.986368 0.111143
vn -0.111143 -0.986368 0.121346
vn -0.145977 -0.986368 0.075950
vn -0.138763 -0.986368 0.088445
vn -0.160660 -0.986368 0.035580
vn -0.156926 -0.986368 0.049517
vn -0.164395 -0.986368 -0.007214
vn -0.164395 -0.986368 0.007214
vn -0.156926 -0.986368 -0.049517
vn -0.160660 -0.986368 -0.035580
vn -0.138763 -0.986368 -0.088445
vn -0.145977 -0.986368 -0.075950
vn -0.111143 -0.986368 -0.121346
vn -0.121346 -0.986368 -0.111143
vn -0.075950 -0.986368 -0.145977
vn -0.088445 -0.986368 -0.138763
vn -0.035580 -0.986368 -0.160660
vn -0.049517 -0.986368 -0.156926
vn 0.007214 -0.986368 -0.164395
vn -0.007214 -0.986368 -0.164395
vn 0.049517 -0.986368 -0.156926
vn 0.035580 -0.986368 -0.160660
vn 0.088445 -0.986368 -0.138763
vn 0.075950 -0.986368 -0.145977
vn 0.121346 -0.986368 -0.111143
vn 0.111143 -0.986368 -0.121346
vn 0.145977 -0.986368 -0.075950
vn 0.138763 -0.986368 -0.088445
vn 0.160660 -0.986368 -0.035580
vn 0.156926 -0.986368 -0.049517
vn 0.164360 -0.986163 -0.021638
vn 0.164360 -0.986163 -0.021638
usemtl lacquer_black
f 1224 1225 1227
f 1224 1227 1226
f 1226 1227 1229
f 1226 1229 1228
f 1228 1229 1231
f 1228 1231 1230
f 1230 1231 1233
f 1230 1233 1232
f 1232 1233 1235
f 1232 1235 1234
f 1234 1235 1237
f 1234 1237 1236
f 1236 1237 1239
f 1236 1239 1238
f 1238 1239 1241
f 1238 1241 1240
f 1240 1241 1243
f 1240 1243 1242
f 1242 1243 1245
f 1242 1245 1244
f 1244 1245 1247
f 1244 1247 1246
f 1246 1247 1249
f 1246 1249 1248
f 1248 1249 1251
f 1248 1251 1250
f 1250 1251 1253
f 1250 1253 1252
f 1252 1253 1255
f 1252 1255 1254
f 1254 1255 1257
f 1254 1257 1256
f 1256 1257 1259
f 1256 1259 1258
f 1258 1259 1261
f 1258 1261 1260
f 1260 1261 1263
f 1260 1263 1262
f 1262 1263 1265
f 1262 1265 1264
f 1264 1265 1267
f 1264 1267 1266
f 1266 1267 1269
f 1266 1269 1268
f 1268 1269 1271
f 1268 1271 1270
f 1270 1271 1273
f 1270 1273 1272
o korean_spike
v 0.035000 0.280000 0.000000
v 0.032336 0.280000 0.013394
v 0.024749 0.280000 0.024749
v 0.013394 0.280000 0.032336
v 0.000000 0.280000 0.035000
v -0.013394 0.280000 0.032336
v -0.024749 0.280000 0.024749
v -0.032336 0.280000 0.013394
v -0.035000 0.280000 0.000000
v -0.032336 0.280000 -0.013394
v -0.024749 0.280000 -0.024749
v -0.013394 0.280000 -0.032336
v -0.000000 0.280000 -0.035000
v 0.013394 0.280000 -0.032336
v 0.024749 0.280000 -0.024749
v 0.032336 0.280000 -0.013394
v 0.035000 0.280000 -0.000000
v 0.008000 0.480000 0.000000
v 0.007391 0.480000 0.003061
v 0.005657 0.480000 0.005657
v 0.003061 0.480000 0.007391
v 0.000000 0.480000 0.008000
v -0.003061 0.480000 0.007391
v -0.005657 0.480000 0.005657
v -0.007391 0.480000 0.003061
v -0.008000 0.480000 0.000000
v -0.007391 0.480000 -0.003061
v -0.005657 0.480000 -0.005657
v -0.003061 0.480000 -0.007391
v -0.000000 0.480000 -0.008000
v 0.003061 0.480000 -0.007391
v 0.005657 0.480000 -0.005657
v 0.007391 0.480000 -0.003061
v 0.008000 0.480000 -0.000000
vn 0.972299 0.131260 0.193402
vn 0.888513 0.133498 0.439003
vn 0.652880 0.133498 0.745605
vn 0.317851 0.133498 0.938695
vn -0.065567 0.133498 0.988878
vn -0.439003 0.133498 0.888513
vn -0.745605 0.133498 0.652880
vn -0.938695 0.133498 0.317851
vn -0.988878 0.133498 -0.065567
vn -0.888513 0.133498 -0.439003
vn -0.652880 0.133498 -0.745605
vn -0.317851 0.133498 -0.938695
vn 0.065567 0.133498 -0.988878
vn 0.439003 0.133498 -0.888513
vn 0.745605 0.133498 -0.652880
vn 0.938695 0.133498 -0.317851
vn 0.972299 0.131260 -0.193402
vn 0.972299 0.131260 0.193402
vn 0.938695 0.133498 0.317851
vn 0.745605 0.133498 0.652880
vn 0.439003 0.133498 0.888513
vn 0.065567 0.133498 0.988878
vn -0.317851 0.133498 0.938695
vn -0.652880 0.133498 0.745605
vn -0.888513 0.133498 0.439003
vn -0.988878 0.133498 0.065567
vn -0.938695 0.133498 -0.317851
vn -0.745605 0.133498 -0.652880
vn -0.439003 0.133498 -0.888513
vn -0.065567 0.133498 -0.988878
vn 0.317851 0.133498 -0.938695
vn 0.652880 0.133498 -0.745605
vn 0.888513 0.133498 -0.439003
vn 0.972299 0.131260 -0.193402
usemtl lacquer_gold
f 1274 1291 1292
f 1274 1292 1275
f 1275 1292 1293
f 1275 1293 1276
f 1276 1293 1294
f 1276 1294 1277
f 1277 1294 1295
f 1277 1295 1278
f 1278 1295 1296
f 1278 1296 1279
f 1279 1296 1297
f 1279 1297 1280
f 1280 1297 1298
f 1280 1298 1281
f 1281 1298 1299
f 1281 1299 1282
f 1282 1299 1300
f 1282 1300 1283
f 1283 1300 1301
f 1283 1301 1284
f 1284 1301 1302
f 1284 1302 1285
f 1285 1302 1303
f 1285 1303 1286
f 1286 1303 1304
f 1286 1304 1287
f 1287 1304 1305
f 1287 1305 1288
f 1288 1305 1306
f 1288 1306 1289
f 1289 1306 1307
f 1289 1307 1290
o korean_neck_0
v 0.588897 -0.620000 0.340000
v 0.536936 -0.520000 0.310000
v 0.501349 -0.620000 0.459401
v 0.457112 -0.520000 0.418866
v 0.390032 -0.620000 0.557023
v 0.355617 -0.520000 0.507874
v 0.260225 -0.620000 0.628238
v 0.237264 -0.520000 0.572805
v 0.118081 -0.620000 0.669669
v 0.107662 -0.520000 0.610581
v -0.029661 -0.620000 0.679353
v -0.027044 -0.520000 0.619410
v -0.175997 -0.620000 0.656830
v -0.160468 -0.520000 0.598874
v -0.313989 -0.620000 0.603167
v -0.286284 -0.520000 0.549947
v -0.437096 -0.620000 0.520910
v -0.398528 -0.520000 0.474948
v -0.539480 -0.620000 0.413958
v -0.491879 -0.520000 0.377432
v -0.616289 -0.620000 0.287380
v -0.561911 -0.520000 0.262023
v -0.663881 -0.620000 0.147179
v -0.605304 -0.520000 0.134193
v -0.680000 -0.620000 0.000000
v -0.620000 -0.520000 0.000000
v -0.663881 -0.620000 -0.147179
v -0.605304 -0.520000 -0.134193
v -0.616289 -0.620000 -0.287380
v -0.561911 -0.520000 -0.262023
v -0.539480 -0.620000 -0.413958
v -0.491879 -0.520000 -0.377432
v -0.437096 -0.620000 -0.520910
v -0.398528 -0.520000 -0.474948
v -0.313989 -0.620000 -0.603167
v -0.286284 -0.520000 -0.549947
v -0.175997 -0.620000 -0.656830
v -0.160468 -0.520000 -0.598874
v -0.029661 -0.620000 -0.679353
v -0.027044 -0.520000 -0.619410
v 0.118081 -0.620000 -0.669669
v 0.107662 -0.520000 -0.610581
v 0.260225 -0.620000 -0.628238
v 0.237264 -0.520000 -0.572805
v 0.390032 -0.620000 -0.557023
v 0.355617 -0.520000 -0.507874
v 0.501349 -0.620000 -0.459401
v 0.457112 -0.520000 -0.418866
v 0.588897 -0.620000 -0.340000
v 0.536936 -0.520000 -0.310000
vn 0.692608 0.512242 0.507841
vn 0.692608 0.512242 0.507841
vn 0.610763 0.514244 0.602098
vn 0.653039 0.514244 0.555962
vn 0.465967 0.514244 0.720019
vn 0.517227 0.514244 0.684127
vn 0.299081 0.514244 0.803806
vn 0.356894 0.514244 0.779859
vn 0.118016 0.514244 0.849485
vn 0.179642 0.514244 0.838619
vn -0.068643 0.514244 0.854893
vn -0.006127 0.514244 0.857622
vn -0.252049 0.514244 0.819771
vn -0.191605 0.514244 0.835967
vn -0.423505 0.514244 0.745786
vn -0.367999 0.514244 0.774680
vn -0.574884 0.514244 0.636444
vn -0.526948 0.514244 0.676668
vn -0.699009 0.514244 0.496930
vn -0.660915 0.514244 0.546576
vn -0.789995 0.514244 0.333858
vn -0.763549 0.514244 0.390572
vn -0.843529 0.514244 0.154958
vn -0.829985 0.514244 0.216051
vn -0.857073 0.514244 -0.031288
vn -0.857073 0.514244 0.031288
vn -0.829985 0.514244 -0.216051
vn -0.843529 0.514244 -0.154958
vn -0.763549 0.514244 -0.390572
vn -0.789995 0.514244 -0.333858
vn -0.660915 0.514244 -0.546576
vn -0.699009 0.514244 -0.496930
vn -0.526948 0.514244 -0.676668
vn -0.574884 0.514244 -0.636444
vn -0.367999 0.514244 -0.774680
vn -0.423505 0.514244 -0.745786
vn -0.191605 0.514244 -0.835967
vn -0.252049 0.514244 -0.819771
vn -0.006127 0.514244 -0.857622
vn -0.068643 0.514244 -0.854893
vn 0.179642 0.514244 -0.838619
vn 0.118016 0.514244 -0.849485
vn 0.356894 0.514244 -0.779859
vn 0.299081 0.514244 -0.803806
vn 0.517227 0.514244 -0.684127
vn 0.465967 0.514244 -0.720019
vn 0.653039 0.514244 -0.555962
vn 0.610763 0.514244 -0.602098
vn 0.692608 0.512242 -0.507841
vn 0.692608 0.512242 -0.507841
usemtl steel_dark
f 1308 1309 1311
f 1308 1311 1310
f 1310 1311 1313
f 1310 1313 1312
f 1312 1313 1315
f 1312 1315 1314
f 1314 1315 1317
f 1314 1317 1316
f 1316 1317 1319
f 1316 1319 1318
f 1318 1319 1321
f 1318 1321 1320
f 1320 1321 1323
f 1320 1323 1322
f 1322 1323 1325
f 1322 1325 1324
f 1324 1325 1327
f 1324 1327 1326
f 1326 1327 1329
f 1326 1329 1328
f 1328 1329 1331
f 1328 1331 1330
f 1330 1331 1333
f 1330 1333 1332
f 1332 1333 1335
f 1332 1335 1334
f 1334 1335 1337
f 1334 1337 1336
f 1336 1337 1339
f 1336 1339 1338
f 1338 1339 1341
f 1338 1341 1340
f 1340 1341 1343
f 1340 1343 1342
f 1342 1343 1345
f 1342 1345 1344
f 1344 1345 1347
f 1344 1347 1346
f 1346 1347 1349
f 1346 1349 1348
f 1348 1349 1351
f 1348 1351 1350
f 1350 1351 1353
f 1350 1353 1352
f 1352 1353 1355
f 1352 1355 1354
f 1354 1355 1357
f 1354 1357 1356
o korean_neck_1
v 0.640859 -0.740000 0.370000
v 0.588897 -0.640000 0.340000
v 0.545585 -0.740000 0.499937
v 0.501349 -0.640000 0.459401
v 0.424447 -0.740000 0.606173
v 0.390032 -0.640000 0.557023
v 0.283186 -0.740000 0.683671
v 0.260225 -0.640000 0.628238
v 0.128500 -0.740000 0.728758
v 0.118081 -0.640000 0.669669
v -0.032278 -0.740000 0.739296
v -0.029661 -0.640000 0.679353
v -0.191526 -0.740000 0.714785
v -0.175997 -0.640000 0.656830
v -0.341694 -0.740000 0.656388
v -0.313989 -0.640000 0.603167
v -0.475663 -0.740000 0.566873
v -0.437096 -0.640000 0.520910
v -0.587081 -0.740000 0.450483
v -0.539480 -0.640000 0.413958
v -0.670668 -0.740000 0.312738
v -0.616289 -0.640000 0.287380
v -0.722459 -0.740000 0.160165
v -0.663881 -0.640000 0.147179
v -0.740000 -0.740000 0.000000
v -0.680000 -0.640000 0.000000
v -0.722459 -0.740000 -0.160165
v -0.663881 -0.640000 -0.147179
v -0.670668 -0.740000 -0.312738
v -0.616289 -0.640000 -0.287380
v -0.587081 -0.740000 -0.450483
v -0.539480 -0.640000 -0.413958
v -0.475663 -0.740000 -0.566873
v -0.437096 -0.640000 -0.520910
v -0.341694 -0.740000 -0.656388
v -0.313989 -0.640000 -0.603167
v -0.191526 -0.740000 -0.714785
v -0.175997 -0.640000 -0.656830
v -0.032278 -0.740000 -0.739296
v -0.029661 -0.640000 -0.679353
v 0.128500 -0.740000 -0.728758
v 0.118081 -0.640000 -0.669669
v 0.283186 -0.740000 -0.683671
v 0.260225 -0.640000 -0.628238
v 0.424447 -0.740000 -0.606173
v 0.390032 -0.640000 -0.557023
v 0.545585 -0.740000 -0.499937
v 0.501349 -0.640000 -0.459401
v 0.640859 -0.740000 -0.370000
v 0.588897 -0.640000 -0.340000
vn 0.692608 0.512242 0.507841
vn 0.692608 0.512242 0.507841
vn 0.610763 0.514244 0.602098
vn 0.653039 0.514244 0.555962
vn 0.465967 0.514244 0.720019
vn 0.517227 0.514244 0.684127
vn 0.299081 0.514244 0.803806
vn 0.356894 0.514244 0.779859
vn 0.118016 0.514244 0.849485
vn 0.179642 0.514244 0.838619
vn -0.068643 0.514244 0.854893
vn -0.006127 0.514244 0.857622
vn -0.252049 0.514244 0.819771
vn -0.191605 0.514244 0.835967
vn -0.423505 0.514244 0.745786
vn -0.367999 0.514244 0.774680
vn -0.574884 0.514244 0.636444
vn -0.526948 0.514244 0.676668
vn -0.699009 0.514244 0.496930
vn -0.660915 0.514244 0.546576
vn -0.789995 0.514244 0.333858
vn -0.763549 0.514244 0.390572
vn -0.843529 0.514244 0.154958
vn -0.829985 0.514244 0.216051
vn -0.857073 0.514244 -0.031288
vn -0.857073 0.514244 0.031288
vn -0.829985 0.514244 -0.216051
vn -0.843529 0.514244 -0.154958
vn -0.763549 0.514244 -0.390572
vn -0.789995 0.514244 -0.333858
vn -0.660915 0.514244 -0.546576
vn -0.699009 0.514244 -0.496930
vn -0.526948 0.514244 -0.676668
vn -0.574884 0.514244 -0.636444
vn -0.367999 0.514244 -0.774680
vn -0.423505 0.514244 -0.745786
vn -0.191605 0.514244 -0.835967
vn -0.252049 0.514244 -0.819771
vn -0.006127 0.514244 -0.857622
vn -0.068643 0.514244 -0.854893
vn 0.179642 0.514244 -0.838619
vn 0.118016 0.514244 -0.849485
vn 0.356894 0.514244 -0.779859
vn 0.299081 0.514244 -0.803806
vn 0.517227 0.514244 -0.684127
vn 0.465967 0.514244 -0.720019
vn 0.653039 0.514244 -0.555962
vn 0.610763 0.514244 -0.602098
vn 0.692608 0.512242 -0.507841
vn 0.692608 0.512242 -0.507841
usemtl steel_dark
f 1358 1359 1361
f 1358 1361 1360
f 1360 1361 1363
f 1360 1363 1362
f 1362 1363 1365
f 1362 1365 1364
f 1364 1365 1367
f 1364 1367 1366
f 1366 1367 1369
f 1366 1369 1368
f 1368 1369 1371
f 1368 1371 1370
f 1370 1371 1373
f 1370 1373 1372
f 1372 1373 1375
f 1372 1375 1374
f 1374 1375 1377
f 1374 1377 1376
f 1376 1377 1379
f 1376 1379 1378
f 1378 1379 1381
f 1378 1381 1380
f 1380 1381 1383
f 1380 1383 1382
f 1382 1383 1385
f 1382 1385 1384
f 1384 1385 1387
f 1384 1387 1386
f 1386 1387 1389
f 1386 1389 1388
f 1388 1389 1391
f 1388 1391 1390
f 1390 1391 1393
f 1390 1393 1392
f 1392 1393 1395
f 1392 1395 1394
f 1394 1395 1397
f 1394 1397 1396
f 1396 1397 1399
f 1396 1399 1398
f 1398 1399 1401
f 1398 1401 1400
f 1400 1401 1403
f 1400 1403 1402
f 1402 1403 1405
f 1402 1405 1404
f 1404 1405 1407
f 1404 1407 1406
o shoulder_R
v 1.750000 0.920000 0.000000
v 1.725877 0.920000 0.136808
v 1.656418 0.920000 0.257115
v 1.550000 0.920000 0.346410
v 1.419459 0.920000 0.393923
v 1.280541 0.920000 0.393923
v 1.150000 0.920000 0.346410
v 1.043582 0.920000 0.257115
v 0.974123 0.920000 0.136808
v 0.950000 0.920000 0.000000
v 0.974123 0.920000 -0.136808
v 1.043582 0.920000 -0.257115
v 1.150000 0.920000 -0.346410
v 1.280541 0.920000 -0.393923
v 1.419459 0.920000 -0.393923
v 1.550000 0.920000 -0.346410
v 1.656418 0.920000 -0.257115
v 1.725877 0.920000 -0.136808
v 1.750000 0.920000 -0.000000
v 1.746578 0.948716 0.000000
v 1.722661 0.948716 0.135638
v 1.653796 0.948716 0.254915
v 1.548289 0.948716 0.343447
v 1.418865 0.948716 0.390553
v 1.281135 0.948716 0.390553
v 1.151711 0.948716 0.343447
v 1.046204 0.948716 0.254915
v 0.977339 0.948716 0.135638
v 0.953422 0.948716 0.000000
v 0.977339 0.948716 -0.135638
v 1.046204 0.948716 -0.254915
v 1.151711 0.948716 -0.343447
v 1.281135 0.948716 -0.390553
v 1.418865 0.948716 -0.390553
v 1.548289 0.948716 -0.343447
v 1.653796 0.948716 -0.254915
v 1.722661 0.948716 -0.135638
v 1.746578 0.948716 -0.000000
v 1.736370 0.976940 0.000000
v 1.713069 0.976940 0.132146
v 1.645977 0.976940 0.248354
v 1.543185 0.976940 0.334607
v 1.417093 0.976940 0.380500
v 1.282907 0.976940 0.380500
v 1.156815 0.976940 0.334607
v 1.054023 0.976940 0.248354
v 0.986931 0.976940 0.132146
v 0.963630 0.976940 0.000000
v 0.986931 0.976940 -0.132146
v 1.054023 0.976940 -0.248354
v 1.156815 0.976940 -0.334607
v 1.282907 0.976940 -0.380500
v 1.417093 0.976940 -0.380500
v 1.543185 0.976940 -0.334607
v 1.645977 0.976940 -0.248354
v 1.713069 0.976940 -0.132146
v 1.736370 0.976940 -0.000000
v 1.719552 1.004190 0.000000
v 1.697265 1.004190 0.126394
v 1.633093 1.004190 0.237543
v 1.534776 1.004190 0.320041
v 1.414172 1.004190 0.363937
v 1.285828 1.004190 0.363937
v 1.165224 1.004190 0.320041
v 1.066907 1.004190 0.237543
v 1.002735 1.004190 0.126394
v 0.980448 1.004190 0.000000
v 1.002735 1.004190 -0.126394
v 1.066907 1.004190 -0.237543
v 1.165224 1.004190 -0.320041
v 1.285828 1.004190 -0.363937
v 1.414172 1.004190 -0.363937
v 1.534776 1.004190 -0.320041
v 1.633093 1.004190 -0.237543
v 1.697265 1.004190 -0.126394
v 1.719552 1.004190 -0.000000
v 1.696410 1.030000 0.000000
v 1.675519 1.030000 0.118479
v 1.615366 1.030000 0.222668
v 1.523205 1.030000 0.300000
v 1.410153 1.030000 0.341147
v 1.289847 1.030000 0.341147
v 1.176795 1.030000 0.300000
v 1.084634 1.030000 0.222668
v 1.024481 1.030000 0.118479
v 1.003590 1.030000 0.000000
v 1.024481 1.030000 -0.118479
v 1.084634 1.030000 -0.222668
v 1.176795 1.030000 -0.300000
v 1.289847 1.030000 -0.341147
v 1.410153 1.030000 -0.341147
v 1.523205 1.030000 -0.300000
v 1.615366 1.030000 -0.222668
v 1.675519 1.030000 -0.118479
v 1.696410 1.030000 -0.000000
v 1.667341 1.053928 0.000000
v 1.648203 1.053928 0.108537
v 1.593098 1.053928 0.203983
v 1.508671 1.053928 0.274826
v 1.405106 1.053928 0.312520
v 1.294894 1.053928 0.312520
v 1.191329 1.053928 0.274826
v 1.106902 1.053928 0.203983
v 1.051797 1.053928 0.108537
v 1.032659 1.053928 0.000000
v 1.051797 1.053928 -0.108537
v 1.106902 1.053928 -0.203983
v 1.191329 1.053928 -0.274826
v 1.294894 1.053928 -0.312520
v 1.405106 1.053928 -0.312520
v 1.508671 1.053928 -0.274826
v 1.593098 1.053928 -0.203983
v 1.648203 1.053928 -0.108537
v 1.667341 1.053928 -0.000000
v 1.632843 1.075563 0.000000
v 1.615785 1.075563 0.096738
v 1.566670 1.075563 0.181808
v 1.491421 1.075563 0.244949
v 1.399115 1.075563 0.278546
v 1.300885 1.075563 0.278546
v 1.208579 1.075563 0.244949
v 1.133330 1.075563 0.181808
v 1.084215 1.075563 0.096738
v 1.067157 1.075563 0.000000
v 1.084215 1.075563 -0.096738
v 1.133330 1.075563 -0.181808
v 1.208579 1.075563 -0.244949
v 1.300885 1.075563 -0.278546
v 1.399115 1.075563 -0.278546
v 1.491421 1.075563 -0.244949
v 1.566670 1.075563 -0.181808
v 1.615785 1.075563 -0.096738
v 1.632843 1.075563 -0.000000
v 1.593505 1.094538 0.000000
v 1.578819 1.094538 0.083283
v 1.536535 1.094538 0.156522
v 1.471752 1.094538 0.210881
v 1.392284 1.094538 0.239805
v 1.307716 1.094538 0.239805
v 1.228248 1.094538 0.210881
v 1.163465 1.094538 0.156522
v 1.121181 1.094538 0.083283
v 1.106495 1.094538 0.000000
v 1.121181 1.094538 -0.083283
v 1.163465 1.094538 -0.156522
v 1.228248 1.094538 -0.210881
v 1.307716 1.094538 -0.239805
v 1.392284 1.094538 -0.239805
v 1.471752 1.094538 -0.210881
v 1.536535 1.094538 -0.156522
v 1.578819 1.094538 -0.083283
v 1.593505 1.094538 -0.000000
v 1.550000 1.110526 0.000000
v 1.537939 1.110526 0.068404
v 1.503209 1.110526 0.128558
v 1.450000 1.110526 0.173205
v 1.384730 1.110526 0.196962
v 1.315270 1.110526 0.196962
v 1.250000 1.110526 0.173205
v 1.196791 1.110526 0.128558
v 1.162061 1.110526 0.068404
v 1.150000 1.110526 0.000000
v 1.162061 1.110526 -0.068404
v 1.196791 1.110526 -0.128558
v 1.250000 1.110526 -0.173205
v 1.315270 1.110526 -0.196962
v 1.384730 1.110526 -0.196962
v 1.450000 1.110526 -0.173205
v 1.503209 1.110526 -0.128558
v 1.537939 1.110526 -0.068404
v 1.550000 1.110526 -0.000000
v 1.503073 1.123253 0.000000
v 1.493842 1.123253 0.052354
v 1.467261 1.123253 0.098394
v 1.426537 1.123253 0.132565
v 1.376581 1.123253 0.150748
v 1.323419 1.123253 0.150748
v 1.273463 1.123253 0.132565
v 1.232739 1.123253 0.098394
v 1.206158 1.123253 0.052354
v 1.196927 1.123253 0.000000
v 1.206158 1.123253 -0.052354
v 1.232739 1.123253 -0.098394
v 1.273463 1.123253 -0.132565
v 1.323419 1.123253 -0.150748
v 1.376581 1.123253 -0.150748
v 1.426537 1.123253 -0.132565
v 1.467261 1.123253 -0.098394
v 1.493842 1.123253 -0.052354
v 1.503073 1.123253 -0.000000
v 1.453528 1.132504 0.000000
v 1.447284 1.132504 0.035409
v 1.429307 1.132504 0.066546
v 1.401764 1.132504 0.089658
v 1.367977 1.132504 0.101955
v 1.332023 1.132504 0.101955
v 1.298236 1.132504 0.089658
v 1.270693 1.132504 0.066546
v 1.252716 1.132504 0.035409
v 1.246472 1.132504 0.000000
v 1.252716 1.132504 -0.035409
v 1.270693 1.132504 -0.066546
v 1.298236 1.132504 -0.089658
v 1.332023 1.132504 -0.101955
v 1.367977 1.132504 -0.101955
v 1.401764 1.132504 -0.089658
v 1.429307 1.132504 -0.066546
v 1.447284 1.132504 -0.035409
v 1.453528 1.132504 -0.000000
v 1.402210 1.138118 0.000000
v 1.399062 1.138118 0.017857
v 1.389996 1.138118 0.033560
v 1.376105 1.138118 0.045216
v 1.359066 1.138118 0.051417
v 1.340934 1.138118 0.051417
v 1.323895 1.138118 0.045216
v 1.310004 1.138118 0.033560
v 1.300938 1.138118 0.017857
v 1.297790 1.138118 0.000000
v 1.300938 1.138118 -0.017857
v 1.310004 1.138118 -0.033560
v 1.323895 1.138118 -0.045216
v 1.340934 1.138118 -0.051417
v 1.359066 1.138118 -0.051417
v 1.376105 1.138118 -0.045216
v 1.389996 1.138118 -0.033560
v 1.399062 1.138118 -0.017857
v 1.402210 1.138118 -0.000000
v 1.353200 1.140000 0.000000
v 1.353007 1.140000 0.001094
v 1.352451 1.140000 0.002057
v 1.351600 1.140000 0.002771
v 1.350556 1.140000 0.003151
v 1.349444 1.140000 0.003151
v 1.348400 1.140000 0.002771
v 1.347549 1.140000 0.002057
v 1.346993 1.140000 0.001094
v 1.346800 1.140000 0.000000
v 1.346993 1.140000 -0.001094
v 1.347549 1.140000 -0.002057
v 1.348400 1.140000 -0.002771
v 1.349444 1.140000 -0.003151
v 1.350556 1.140000 -0.003151
v 1.351600 1.140000 -0.002771
v 1.352451 1.140000 -0.002057
v 1.353007 1.140000 -0.001094
v 1.353200 1.140000 -0.000000
vn 0.978095 0.116560 0.172465
vn 0.911578 0.118132 0.393790
vn 0.721919 0.118132 0.681820
vn 0.445186 0.118132 0.887612
vn 0.114757 0.118132 0.986345
vn -0.229514 0.118132 0.966110
vn -0.546101 0.118132 0.829348
vn -0.796821 0.118132 0.592555
vn -0.951433 0.118132 0.284290
vn -0.991287 0.118132 -0.058264
vn -0.911578 0.118132 -0.393790
vn -0.721919 0.118132 -0.681820
vn -0.445186 0.118132 -0.887612
vn -0.114757 0.118132 -0.986345
vn 0.229514 0.118132 -0.966110
vn 0.546101 0.118132 -0.829348
vn 0.796821 0.118132 -0.592555
vn 0.951433 0.118132 -0.284290
vn 0.978095 0.116560 -0.172465
vn 0.949864 0.264020 0.167487
vn 0.914837 0.230805 0.331365
vn 0.746332 0.230805 0.624274
vn 0.487809 0.230805 0.841886
vn 0.170448 0.230805 0.957954
vn -0.167471 0.230805 0.958479
vn -0.485190 0.230805 0.843398
vn -0.744389 0.230805 0.626590
vn -0.913803 0.230805 0.334206
vn -0.972999 0.230805 0.001512
vn -0.914837 0.230805 -0.331365
vn -0.746332 0.230805 -0.624274
vn -0.487809 0.230805 -0.841886
vn -0.170448 0.230805 -0.957954
vn 0.167471 0.230805 -0.958479
vn 0.485190 0.230805 -0.843398
vn 0.744389 0.230805 -0.626590
vn 0.913803 0.230805 -0.334206
vn 0.966750 0.190620 -0.170464
vn 0.874312 0.460229 0.154165
vn 0.846974 0.435071 0.305530
vn 0.691397 0.435071 0.576787
vn 0.452428 0.435071 0.778474
vn 0.158890 0.435071 0.886266
vn -0.153813 0.435071 0.887161
vn -0.447964 0.435071 0.781051
vn -0.688084 0.435071 0.580736
vn -0.845211 0.435071 0.310374
vn -0.900392 0.435071 0.002577
vn -0.846974 0.435071 -0.305530
vn -0.691397 0.435071 -0.576787
vn -0.452428 0.435071 -0.778474
vn -0.158890 0.435071 -0.886266
vn 0.153813 0.435071 -0.887161
vn 0.447964 0.435071 -0.781051
vn 0.688084 0.435071 -0.580736
vn 0.845211 0.435071 -0.310374
vn 0.903169 0.398652 -0.159253
vn 0.775358 0.616546 0.136716
vn 0.753609 0.598853 0.271014
vn 0.615468 0.598853 0.512420
vn 0.403093 0.598853 0.692020
vn 0.142099 0.598853 0.788152
vn -0.136034 0.598853 0.789221
vn -0.397760 0.598853 0.695099
vn -0.611510 0.598853 0.517137
vn -0.751503 0.598853 0.276801
vn -0.800853 0.598853 0.003079
vn -0.753609 0.598853 -0.271014
vn -0.615468 0.598853 -0.512420
vn -0.403093 0.598853 -0.692020
vn -0.142099 0.598853 -0.788152
vn 0.136034 0.598853 -0.789221
vn 0.397760 0.598853 -0.695099
vn 0.611510 0.598853 -0.517137
vn 0.751503 0.598853 -0.276801
vn 0.809926 0.568880 -0.142812
vn 0.668816 0.734015 0.117930
vn 0.651296 0.721946 0.233683
vn 0.532094 0.721946 0.442347
vn 0.348713 0.721946 0.597656
vn 0.123272 0.721946 0.680880
vn -0.117037 0.721946 0.681980
vn -0.343229 0.721946 0.600822
vn -0.528023 0.721946 0.447197
vn -0.649130 0.721946 0.239633
vn -0.691942 0.721946 0.003166
vn -0.651296 0.721946 -0.233683
vn -0.532094 0.721946 -0.442347
vn -0.348713 0.721946 -0.597656
vn -0.123272 0.721946 -0.680880
vn 0.117037 0.721946 -0.681980
vn 0.343229 0.721946 -0.600822
vn 0.528023 0.721946 -0.447197
vn 0.649130 0.721946 -0.239633
vn 0.704451 0.698799 -0.124214
vn 0.564232 0.819600 0.099489
vn 0.550358 0.811335 0.197082
vn 0.449761 0.811335 0.373430
vn 0.294917 0.811335 0.504737
vn 0.104501 0.811335 0.575165
vn -0.098519 0.811335 0.576220
vn -0.289657 0.811335 0.507774
vn -0.445857 0.811335 0.378083
vn -0.548281 0.811335 0.202790
vn -0.584573 0.811335 0.003037
vn -0.550358 0.811335 -0.197082
vn -0.449761 0.811335 -0.373430
vn -0.294917 0.811335 -0.504737
vn -0.104501 0.811335 -0.575165
vn 0.098519 0.811335 -0.576220
vn 0.289657 0.811335 -0.507774
vn 0.445857 0.811335 -0.378083
vn 0.548281 0.811335 -0.202790
vn 0.598488 0.794151 -0.105530
vn 0.465757 0.881093 0.082126
vn 0.455385 0.875296 0.162734
vn 0.372263 0.875296 0.308671
vn 0.244241 0.875296 0.417377
vn 0.086760 0.875296 0.475742
vn -0.081185 0.875296 0.476725
vn -0.239339 0.875296 0.420208
vn -0.368624 0.875296 0.313008
vn -0.453449 0.875296 0.168054
vn -0.483580 0.875296 0.002831
vn -0.455385 0.875296 -0.162734
vn -0.372263 0.875296 -0.308671
vn -0.244241 0.875296 -0.417377
vn -0.086760 0.875296 -0.475742
vn 0.081185 0.875296 -0.476725
vn 0.239339 0.875296 -0.420208
vn 0.368624 0.875296 -0.313008
vn 0.453449 0.875296 -0.168054
vn 0.497743 0.862873 -0.087765
vn 0.374330 0.924944 0.066004
vn 0.367496 0.920757 0.130969
vn 0.300540 0.920757 0.248761
vn 0.197333 0.920757 0.336550
vn 0.070326 0.920757 0.383745
vn -0.065164 0.920757 0.384656
vn -0.192794 0.920757 0.339171
vn -0.297170 0.920757 0.252777
vn -0.365703 0.920757 0.135894
vn -0.390127 0.920757 0.002621
vn -0.367496 0.920757 -0.130969
vn -0.300540 0.920757 -0.248761
vn -0.197333 0.920757 -0.336550
vn -0.070326 0.920757 -0.383745
vn 0.065164 0.920757 -0.384656
vn 0.192794 0.920757 -0.339171
vn 0.297170 0.920757 -0.252777
vn 0.365703 0.920757 -0.135894
vn 0.403984 0.911989 -0.071233
vn 0.289349 0.955863 0.051020
vn 0.286153 0.952787 0.101555
vn 0.234162 0.952787 0.193301
vn 0.153927 0.952787 0.261731
vn 0.055127 0.952787 0.298593
vn -0.050322 0.952787 0.299440
vn -0.149702 0.952787 0.264171
vn -0.231026 0.952787 0.197038
vn -0.284484 0.952787 0.106140
vn -0.303630 0.952787 0.002440
vn -0.286153 0.952787 -0.101555
vn -0.234162 0.952787 -0.193301
vn -0.153927 0.952787 -0.261731
vn -0.055127 0.952787 -0.298593
vn 0.050322 0.952787 -0.299440
vn 0.149702 0.952787 -0.264171
vn 0.231026 0.952787 -0.197038
vn 0.284484 0.952787 -0.106140
vn 0.316977 0.946785 -0.055892
vn 0.209607 0.977087 0.036959
vn 0.210167 0.974857 0.074049
vn 0.172166 0.974857 0.141465
vn 0.113399 0.974857 0.191818
vn 0.040955 0.974857 0.219035
vn -0.036429 0.974857 0.219833
vn -0.109419 0.974857 0.194116
vn -0.169212 0.974857 0.144985
vn -0.208595 0.974857 0.078368
vn -0.222819 0.974857 0.002298
vn -0.210167 0.974857 -0.074049
vn -0.172166 0.974857 -0.141465
vn -0.113399 0.974857 -0.191818
vn -0.040955 0.974857 -0.219035
vn 0.036429 0.974857 -0.219833
vn 0.109419 0.974857 -0.194116
vn 0.169212 0.974857 -0.144985
vn 0.208595 0.974857 -0.078368
vn 0.235647 0.970950 -0.041551
vn 0.133720 0.990739 0.023578
vn 0.138171 0.989247 0.047951
vn 0.113438 0.989247 0.092317
vn 0.075022 0.989247 0.125548
vn 0.027558 0.989247 0.143635
vn -0.023230 0.989247 0.144398
vn -0.071216 0.989247 0.127745
vn -0.110613 0.989247 0.095684
vn -0.136668 0.989247 0.052082
vn -0.146239 0.989247 0.002198
vn -0.138171 0.989247 -0.047951
vn -0.113438 0.989247 -0.092317
vn -0.075022 0.989247 -0.125548
vn -0.027558 0.989247 -0.143635
vn 0.023230 0.989247 -0.144398
vn 0.071216 0.989247 -0.127745
vn 0.110613 0.989247 -0.095684
vn 0.136668 0.989247 -0.052082
vn 0.158636 0.986941 -0.027972
vn 0.061862 0.998025 0.010908
vn 0.069875 0.997285 0.023230
vn 0.057716 0.997285 0.045728
vn 0.038595 0.997285 0.062710
vn 0.014819 0.997285 0.072129
vn -0.010744 0.997285 0.072848
vn -0.035011 0.997285 0.064780
vn -0.055056 0.997285 0.048898
vn -0.068460 0.997285 0.027119
vn -0.073606 0.997285 0.002069
vn -0.069875 0.997285 -0.023230
vn -0.057716 0.997285 -0.045728
vn -0.038595 0.997285 -0.062710
vn -0.014819 0.997285 -0.072129
vn 0.010744 0.997285 -0.072848
vn 0.035011 0.997285 -0.064780
vn 0.055056 0.997285 -0.048898
vn 0.068460 0.997285 -0.027119
vn 0.085328 0.996239 -0.015046
vn 0.038373 0.999241 0.006766
vn 0.036831 0.999261 0.011005
vn 0.030846 0.999261 0.022939
vn 0.021140 0.999261 0.032105
vn 0.008885 0.999261 0.037400
vn -0.004442 0.999261 0.038183
vn -0.017234 0.999261 0.034361
vn -0.027947 0.999261 0.026394
vn -0.035289 0.999261 0.015244
vn -0.038374 0.999261 0.002255
vn -0.036831 0.999261 -0.011005
vn -0.030846 0.999261 -0.022939
vn -0.021140 0.999261 -0.032105
vn -0.008885 0.999261 -0.037400
vn 0.004442 0.999261 -0.038183
vn 0.017234 0.999261 -0.034361
vn 0.027947 0.999261 -0.026394
vn 0.035289 0.999261 -0.015244
vn 0.038373 0.999241 -0.006766
usemtl steel
f 1408 1427 1428
f 1408 1428 1409
f 1409 1428 1429
f 1409 1429 1410
f 1410 1429 1430
f 1410 1430 1411
f 1411 1430 1431
f 1411 1431 1412
f 1412 1431 1432
f 1412 1432 1413
f 1413 1432 1433
f 1413 1433 1414
f 1414 1433 1434
f 1414 1434 1415
f 1415 1434 1435
f 1415 1435 1416
f 1416 1435 1436
f 1416 1436 1417
f 1417 1436 1437
f 1417 1437 1418
f 1418 1437 1438
f 1418 1438 1419
f 1419 1438 1439
f 1419 1439 1420
f 1420 1439 1440
f 1420 1440 1421
f 1421 1440 1441
f 1421 1441 1422
f 1422 1441 1442
f 1422 1442 1423
f 1423 1442 1443
f 1423 1443 1424
f 1424 1443 1444
f 1424 1444 1425
f 1425 1444 1445
f 1425 1445 1426
f 1427 1446 1447
f 1427 1447 1428
f 1428 1447 1448
f 1428 1448 1429
f 1429 1448 1449
f 1429 1449 1430
f 1430 1449 1450
f 1430 1450 1431
f 1431 1450 1451
f 1431 1451 1432
f 1432 1451 1452
f 1432 1452 1433
f 1433 1452 1453
f 1433 1453 1434
f 1434 1453 1454
f 1434 1454 1435
f 1435 1454 1455
f 1435 1455 1436
f 1436 1455 1456
f 1436 1456 1437
f 1437 1456 1457
f 1437 1457 1438
f 1438 1457 1458
f 1438 1458 1439
f 1439 1458 1459
f 1439 1459 1440
f 1440 1459 1460
f 1440 1460 1441
f 1441 1460 1461
f 1441 1461 1442
f 1442 1461 1462
f 1442 1462 1443
f 1443 1462 1463
f 1443 1463 1444
f 1444 1463 1464
f 1444 1464 1445
f 1446 1465 1466
f 1446 1466 1447
f 1447 1466 1467
f 1447 1467 1448
f 1448 1467 1468
f 1448 1468 1449
f 1449 1468 1469
f 1449 1469 1450
f 1450 1469 1470
f 1450 1470 1451
f 1451 1470 1471
f 1451 1471 1452
f 1452 1471 1472
f 1452 1472 1453
f 1453 1472 1473
f 1453 1473 1454
f 1454 1473 1474
f 1454 1474 1455
f 1455 1474 1475
f 1455 1475 1456
f 1456 1475 1476
f 1456 1476 1457
f 1457 1476 1477
f 1457 1477 1458
f 1458 1477 1478
f 1458 1478 1459
f 1459 1478 1479
f 1459 1479 1460
f 1460 1479 1480
f 1460 1480 1461
f 1461 1480 1481
f 1461 1481 1462
f 1462 1481 1482
f 1462 1482 1463
f 1463 1482 1483
f 1463 1483 1464
f 1465 1484 1485
f 1465 1485 1466
f 1466 1485 1486
f 1466 1486 1467
f 1467 1486 1487
f 1467 1487 1468
f 1468 1487 1488
f 1468 1488 1469
f 1469 1488 1489
f 1469 1489 1470
f 1470 1489 1490
f 1470 1490 1471
f 1471 1490 1491
f 1471 1491 1472
f 1472 1491 1492
f 1472 1492 1473
f 1473 1492 1493
f 1473 1493 1474
f 1474 1493 1494
f 1474 1494 1475
f 1475 1494 1495
f 1475 1495 1476
f 1476 1495 1496
f 1476 1496 1477
f 1477 1496 1497
f 1477 1497 1478
f 1478 1497 1498
f 1478 1498 1479
f 1479 1498 1499
f 1479 1499 1480
f 1480 1499 1500
f 1480 1500 1481
f 1481 1500 1501
f 1481 1501 1482
f 1482 1501 1502
f 1482 1502 1483
f 1484 1503 1504
f 1484 1504 1485
f 1485 1504 1505
f 1485 1505 1486
f 1486 1505 1506
f 1486 1506 1487
f 1487 1506 1507
f 1487 1507 1488
f 1488 1507 1508
f 1488 1508 1489
f 1489 1508 1509
f 1489 1509 1490
f 1490 1509 1510
f 1490 1510 1491
f 1491 1510 1511
f 1491 1511 1492
f 1492 1511 1512
f 1492 1512 1493
f 1493 1512 1513
f 1493 1513 1494
f 1494 1513 1514
f 1494 1514 1495
f 1495 1514 1515
f 1495 1515 1496
f 1496 1515 1516
f 1496 1516 1497
f 1497 1516 1517
f 1497 1517 1498
f 1498 1517 1518
f 1498 1518 1499
f 1499 1518 1519
f 1499 1519 1500
f 1500 1519 1520
f 1500 1520 1501
f 1501 1520 1521
f 1501 1521 1502
f 1503 1522 1523
f 1503 1523 1504
f 1504 1523 1524
f 1504 1524 1505
f 1505 1524 1525
f 1505 1525 1506
f 1506 1525 1526
f 1506 1526 1507
f 1507 1526 1527
f 1507 1527 1508
f 1508 1527 1528
f 1508 1528 1509
f 1509 1528 1529
f 1509 1529 1510
f 1510 1529 1530
f 1510 1530 1511
f 1511 1530 1531
f 1511 1531 1512
f 1512 1531 1532
f 1512 1532 1513
f 1513 1532 1533
f 1513 1533 1514
f 1514 1533 1534
f 1514 1534 1515
f 1515 1534 1535
f 1515 1535 1516
f 1516 1535 1536
f 1516 1536 1517
f 1517 1536 1537
f 1517 1537 1518
f 1518 1537 1538
f 1518 1538 1519
f 1519 1538 1539
f 1519 1539 1520
f 1520 1539 1540
f 1520 1540 1521
f 1522 1541 1542
f 1522 1542 1523
f 1523 1542 1543
f 1523 1543 1524
f 1524 1543 1544
f 1524 1544 1525
f 1525 1544 1545
f 1525 1545 1526
f 1526 1545 1546
f 1526 1546 1527
f 1527 1546 1547
f 1527 1547 1528
f 1528 1547 1548
f 1528 1548 1529
f 1529 1548 1549
f 1529 1549 1530
f 1530 1549 1550
f 1530 1550 1531
f 1531 1550 1551
f 1531 1551 1532
f 1532 1551 1552
f 1532 1552 1533
f 1533 1552 1553
f 1533 1553 1534
f 1534 1553 1554
f 1534 1554 1535
f 1535 1554 1555
f 1535 1555 1536
f 1536 1555 1556
f 1536 1556 1537
f 1537 1556 1557
f 1537 1557 1538
f 1538 1557 1558
f 1538 1558 1539
f 1539 1558 1559
f 1539 1559 1540
f 1541 1560 1561
f 1541 1561 1542
f 1542 1561 1562
f 1542 1562 1543
f 1543 1562 1563
f 1543 1563 1544
f 1544 1563 1564
f 1544 1564 1545
f 1545 1564 1565
f 1545 1565 1546
f 1546 1565 1566
f 1546 1566 1547
f 1547 1566 1567
f 1547 1567 1548
f 1548 1567 1568
f 1548 1568 1549
f 1549 1568 1569
f 1549 1569 1550
f 1550 1569 1570
f 1550 1570 1551
f 1551 1570 1571
f 1551 1571 1552
f 1552 1571 1572
f 1552 1572 1553
f 1553 1572 1573
f 1553 1573 1554
f 1554 1573 1574
f 1554 1574 1555
f 1555 1574 1575
f 1555 1575 1556
f 1556 1575 1576
f 1556 1576 1557
f 1557 1576 1577
f 1557 1577 1558
f 1558 1577 1578
f 1558 1578 1559
f 1560 1579 1580
f 1560 1580 1561
f 1561 1580 1581
f 1561 1581 1562
f 1562 1581 1582
f 1562 1582 1563
f 1563 1582 1583
f 1563 1583 1564
f 1564 1583 1584
f 1564 1584 1565
f 1565 1584 1585
f 1565 1585 1566
f 1566 1585 1586
f 1566 1586 1567
f 1567 1586 1587
f 1567 1587 1568
f 1568 1587 1588
f 1568 1588 1569
f 1569 1588 1589
f 1569 1589 1570
f 1570 1589 1590
f 1570 1590 1571
f 1571 1590 1591
f 1571 1591 1572
f 1572 1591 1592
f 1572 1592 1573
f 1573 1592 1593
f 1573 1593 1574
f 1574 1593 1594
f 1574 1594 1575
f 1575 1594 1595
f 1575 1595 1576
f 1576 1595 1596
f 1576 1596 1577
f 1577 1596 1597
f 1577 1597 1578
f 1579 1598 1599
f 1579 1599 1580
f 1580 1599 1600
f 1580 1600 1581
f 1581 1600 1601
f 1581 1601 1582
f 1582 1601 1602
f 1582 1602 1583
f 1583 1602 1603
f 1583 1603 1584
f 1584 1603 1604
f 1584 1604 1585
f 1585 1604 1605
f 1585 1605 1586
f 1586 1605 1606
f 1586 1606 1587
f 1587 1606 1607
f 1587 1607 1588
f 1588 1607 1608
f 1588 1608 1589
f 1589 1608 1609
f 1589 1609 1590
f 1590 1609 1610
f 1590 1610 1591
f 1591 1610 1611
f 1591 1611 1592
f 1592 1611 1612
f 1592 1612 1593
f 1593 1612 1613
f 1593 1613 1594
f 1594 1613 1614
f 1594 1614 1595
f 1595 1614 1615
f 1595 1615 1596
f 1596 1615 1616
f 1596 1616 1597
f 1598 1617 1618
f 1598 1618 1599
f 1599 1618 1619
f 1599 1619 1600
f 1600 1619 1620
f 1600 1620 1601
f 1601 1620 1621
f 1601 1621 1602
f 1602 1621 1622
f 1602 1622 1603
f 1603 1622 1623
f 1603 1623 1604
f 1604 1623 1624
f 1604 1624 1605
f 1605 1624 1625
f 1605 1625 1606
f 1606 1625 1626
f 1606 1626 1607
f 1607 1626 1627
f 1607 1627 1608
f 1608 1627 1628
f 1608 1628 1609
f 1609 1628 1629
f 1609 1629 1610
f 1610 1629 1630
f 1610 1630 1611
f 1611 1630 1631
f 1611 1631 1612
f 1612 1631 1632
f 1612 1632 1613
f 1613 1632 1633
f 1613 1633 1614
f 1614 1633 1634
f 1614 1634 1615
f 1615 1634 1635
f 1615 1635 1616
f 1617 1636 1637
f 1617 1637 1618
f 1618 1637 1638
f 1618 1638 1619
f 1619 1638 1639
f 1619 1639 1620
f 1620 1639 1640
f 1620 1640 1621
f 1621 1640 1641
f 1621 1641 1622
f 1622 1641 1642
f 1622 1642 1623
f 1623 1642 1643
f 1623 1643 1624
f 1624 1643 1644
f 1624 1644 1625
f 1625 1644 1645
f 1625 1645 1626
f 1626 1645 1646
f 1626 1646 1627
f 1627 1646 1647
f 1627 1647 1628
f 1628 1647 1648
f 1628 1648 1629
f 1629 1648 1649
f 1629 1649 1630
f 1630 1649 1650
f 1630 1650 1631
f 1631 1650 1651
f 1631 1651 1632
f 1632 1651 1652
f 1632 1652 1633
f 1633 1652 1653
f 1633 1653 1634
f 1634 1653 1654
f 1634 1654 1635
o vambrace_R
v 0.560000 -0.900000 0.000000
v 0.520000 -0.050000 0.000000
v 0.532592 -0.900000 0.173050
v 0.494549 -0.050000 0.160689
v 0.453050 -0.900000 0.329160
v 0.420689 -0.050000 0.305648
v 0.329160 -0.900000 0.453050
v 0.305648 -0.050000 0.420689
v 0.173050 -0.900000 0.532592
v 0.160689 -0.050000 0.494549
v 0.000000 -0.900000 0.560000
v 0.000000 -0.050000 0.520000
v -0.173050 -0.900000 0.532592
v -0.160689 -0.050000 0.494549
v -0.329160 -0.900000 0.453050
v -0.305648 -0.050000 0.420689
v -0.453050 -0.900000 0.329160
v -0.420689 -0.050000 0.305648
v -0.532592 -0.900000 0.173050
v -0.494549 -0.050000 0.160689
v -0.560000 -0.900000 0.000000
v -0.520000 -0.050000 0.000000
v -0.532592 -0.900000 -0.173050
v -0.494549 -0.050000 -0.160689
v -0.453050 -0.900000 -0.329160
v -0.420689 -0.050000 -0.305648
v -0.329160 -0.900000 -0.453050
v -0.305648 -0.050000 -0.420689
v -0.173050 -0.900000 -0.532592
v -0.160689 -0.050000 -0.494549
v 0.000000 -0.900000 -0.560000
v 0.000000 -0.050000 -0.520000
v 0.173050 -0.900000 -0.532592
v 0.160689 -0.050000 -0.494549
v 0.329160 -0.900000 -0.453050
v 0.305648 -0.050000 -0.420689
v 0.453050 -0.900000 -0.329160
v 0.420689 -0.050000 -0.305648
v 0.532592 -0.900000 -0.173050
v 0.494549 -0.050000 -0.160689
v 0.560000 -0.900000 -0.000000
v 0.520000 -0.050000 -0.000000
vn 0.986623 0.046429 0.156266
vn 0.986623 0.046429 0.156266
vn 0.932413 0.046942 0.358333
vn 0.964961 0.046942 0.258161
vn 0.776047 0.046942 0.628926
vn 0.837956 0.046942 0.543715
vn 0.543715 0.046942 0.837956
vn 0.628926 0.046942 0.776047
vn 0.258161 0.046942 0.964961
vn 0.358333 0.046942 0.932413
vn -0.052663 0.046942 0.997508
vn 0.052663 0.046942 0.997508
vn -0.358333 0.046942 0.932413
vn -0.258161 0.046942 0.964961
vn -0.628926 0.046942 0.776047
vn -0.543715 0.046942 0.837956
vn -0.837956 0.046942 0.543715
vn -0.776047 0.046942 0.628926
vn -0.964961 0.046942 0.258161
vn -0.932413 0.046942 0.358333
vn -0.997508 0.046942 -0.052663
vn -0.997508 0.046942 0.052663
vn -0.932413 0.046942 -0.358333
vn -0.964961 0.046942 -0.258161
vn -0.776047 0.046942 -0.628926
vn -0.837956 0.046942 -0.543715
vn -0.543715 0.046942 -0.837956
vn -0.628926 0.046942 -0.776047
vn -0.258161 0.046942 -0.964961
vn -0.358333 0.046942 -0.932413
vn 0.052663 0.046942 -0.997508
vn -0.052663 0.046942 -0.997508
vn 0.358333 0.046942 -0.932413
vn 0.258161 0.046942 -0.964961
vn 0.628926 0.046942 -0.776047
vn 0.543715 0.046942 -0.837956
vn 0.837956 0.046942 -0.543715
vn 0.776047 0.046942 -0.628926
vn 0.964961 0.046942 -0.258161
vn 0.932413 0.046942 -0.358333
vn 0.986623 0.046429 -0.156266
vn 0.986623 0.046429 -0.156266
usemtl steel
f 1655 1656 1658
f 1655 1658 1657
f 1657 1658 1660
f 1657 1660 1659
f 1659 1660 1662
f 1659 1662 1661
f 1661 1662 1664
f 1661 1664 1663
f 1663 1664 1666
f 1663 1666 1665
f 1665 1666 1668
f 1665 1668 1667
f 1667 1668 1670
f 1667 1670 1669
f 1669 1670 1672
f 1669 1672 1671
f 1671 1672 1674
f 1671 1674 1673
f 1673 1674 1676
f 1673 1676 1675
f 1675 1676 1678
f 1675 1678 1677
f 1677 1678 1680
f 1677 1680 1679
f 1679 1680 1682
f 1679 1682 1681
f 1681 1682 1684
f 1681 1684 1683
f 1683 1684 1686
f 1683 1686 1685
f 1685 1686 1688
f 1685 1688 1687
f 1687 1688 1690
f 1687 1690 1689
f 1689 1690 1692
f 1689 1692 1691
f 1691 1692 1694
f 1691 1694 1693
f 1693 1694 1696
f 1693 1696 1695
o gauntlet_R
v 0.560000 -0.820000 0.000000
v 0.532592 -0.820000 0.173050
v 0.453050 -0.820000 0.329160
v 0.329160 -0.820000 0.453050
v 0.173050 -0.820000 0.532592
v 0.000000 -0.820000 0.560000
v -0.173050 -0.820000 0.532592
v -0.329160 -0.820000 0.453050
v -0.453050 -0.820000 0.329160
v -0.532592 -0.820000 0.173050
v -0.560000 -0.820000 0.000000
v -0.532592 -0.820000 -0.173050
v -0.453050 -0.820000 -0.329160
v -0.329160 -0.820000 -0.453050
v -0.173050 -0.820000 -0.532592
v 0.000000 -0.820000 -0.560000
v 0.173050 -0.820000 -0.532592
v 0.329160 -0.820000 -0.453050
v 0.453050 -0.820000 -0.329160
v 0.532592 -0.820000 -0.173050
v 0.560000 -0.820000 -0.000000
v 0.550000 -0.920000 0.000000
v 0.523081 -0.920000 0.169959
v 0.444959 -0.920000 0.323282
v 0.323282 -0.920000 0.444959
v 0.169959 -0.920000 0.523081
v 0.000000 -0.920000 0.550000
v -0.169959 -0.920000 0.523081
v -0.323282 -0.920000 0.444959
v -0.444959 -0.920000 0.323282
v -0.523081 -0.920000 0.169959
v -0.550000 -0.920000 0.000000
v -0.523081 -0.920000 -0.169959
v -0.444959 -0.920000 -0.323282
v -0.323282 -0.920000 -0.444959
v -0.169959 -0.920000 -0.523081
v 0.000000 -0.920000 -0.550000
v 0.169959 -0.920000 -0.523081
v 0.323282 -0.920000 -0.444959
v 0.444959 -0.920000 -0.323282
v 0.523081 -0.920000 -0.169959
v 0.550000 -0.920000 -0.000000
v 0.500000 -1.000000 0.000000
v 0.475528 -1.000000 0.154508
v 0.404508 -1.000000 0.293893
v 0.293893 -1.000000 0.404508
v 0.154508 -1.000000 0.475528
v 0.000000 -1.000000 0.500000
v -0.154508 -1.000000 0.475528
v -0.293893 -1.000000 0.404508
v -0.404508 -1.000000 0.293893
v -0.475528 -1.000000 0.154508
v -0.500000 -1.000000 0.000000
v -0.475528 -1.000000 -0.154508
v -0.404508 -1.000000 -0.293893
v -0.293893 -1.000000 -0.404508
v -0.154508 -1.000000 -0.475528
v 0.000000 -1.000000 -0.500000
v 0.154508 -1.000000 -0.475528
v 0.293893 -1.000000 -0.404508
v 0.404508 -1.000000 -0.293893
v 0.475528 -1.000000 -0.154508
v 0.500000 -1.000000 -0.000000
v 0.420000 -1.050000 0.000000
v 0.399444 -1.050000 0.129787
v 0.339787 -1.050000 0.246870
v 0.246870 -1.050000 0.339787
v 0.129787 -1.050000 0.399444
v 0.000000 -1.050000 0.420000
v -0.129787 -1.050000 0.399444
v -0.246870 -1.050000 0.339787
v -0.339787 -1.050000 0.246870
v -0.399444 -1.050000 0.129787
v -0.420000 -1.050000 0.000000
v -0.399444 -1.050000 -0.129787
v -0.339787 -1.050000 -0.246870
v -0.246870 -1.050000 -0.339787
v -0.129787 -1.050000 -0.399444
v 0.000000 -1.050000 -0.420000
v 0.129787 -1.050000 -0.399444
v 0.246870 -1.050000 -0.339787
v 0.339787 -1.050000 -0.246870
v 0.399444 -1.050000 -0.129787
v 0.420000 -1.050000 -0.000000
v 0.300000 -1.080000 0.000000
v 0.285317 -1.080000 0.092705
v 0.242705 -1.080000 0.176336
v 0.176336 -1.080000 0.242705
v 0.092705 -1.080000 0.285317
v 0.000000 -1.080000 0.300000
v -0.092705 -1.080000 0.285317
v -0.176336 -1.080000 0.242705
v -0.242705 -1.080000 0.176336
v -0.285317 -1.080000 0.092705
v -0.300000 -1.080000 0.000000
v -0.285317 -1.080000 -0.092705
v -0.242705 -1.080000 -0.176336
v -0.176336 -1.080000 -0.242705
v -0.092705 -1.080000 -0.285317
v 0.000000 -1.080000 -0.300000
v 0.092705 -1.080000 -0.285317
v 0.176336 -1.080000 -0.242705
v 0.242705 -1.080000 -0.176336
v 0.285317 -1.080000 -0.092705
v 0.300000 -1.080000 -0.000000
v 0.180000 -1.095000 0.000000
v 0.171190 -1.095000 0.055623
v 0.145623 -1.095000 0.105801
v 0.105801 -1.095000 0.145623
v 0.055623 -1.095000 0.171190
v 0.000000 -1.095000 0.180000
v -0.055623 -1.095000 0.171190
v -0.105801 -1.095000 0.145623
v -0.145623 -1.095000 0.105801
v -0.171190 -1.095000 0.055623
v -0.180000 -1.095000 0.000000
v -0.171190 -1.095000 -0.055623
v -0.145623 -1.095000 -0.105801
v -0.105801 -1.095000 -0.145623
v -0.055623 -1.095000 -0.171190
v 0.000000 -1.095000 -0.180000
v 0.055623 -1.095000 -0.171190
v 0.105801 -1.095000 -0.145623
v 0.145623 -1.095000 -0.105801
v 0.171190 -1.095000 -0.055623
v 0.180000 -1.095000 -0.000000
v 0.008000 -1.100000 0.000000
v 0.007608 -1.100000 0.002472
v 0.006472 -1.100000 0.004702
v 0.004702 -1.100000 0.006472
v 0.002472 -1.100000 0.007608
v 0.000000 -1.100000 0.008000
v -0.002472 -1.100000 0.007608
v -0.004702 -1.100000 0.006472
v -0.006472 -1.100000 0.004702
v -0.007608 -1.100000 0.002472
v -0.008000 -1.100000 0.000000
v -0.007608 -1.100000 -0.002472
v -0.006472 -1.100000 -0.004702
v -0.004702 -1.100000 -0.006472
v -0.002472 -1.100000 -0.007608
v 0.000000 -1.100000 -0.008000
v 0.002472 -1.100000 -0.007608
v 0.004702 -1.100000 -0.006472
v 0.006472 -1.100000 -0.004702
v 0.007608 -1.100000 -0.002472
v 0.008000 -1.100000 -0.000000
vn 0.982906 -0.098291 0.155677
vn 0.961245 -0.099367 0.257167
vn 0.834729 -0.099367 0.541621
vn 0.626504 -0.099367 0.773058
vn 0.356953 -0.099367 0.928822
vn 0.052460 -0.099367 0.993667
vn -0.257167 -0.099367 0.961245
vn -0.541621 -0.099367 0.834729
vn -0.773058 -0.099367 0.626504
vn -0.928822 -0.099367 0.356953
vn -0.993667 -0.099367 0.052460
vn -0.961245 -0.099367 -0.257167
vn -0.834729 -0.099367 -0.541621
vn -0.626504 -0.099367 -0.773058
vn -0.356953 -0.099367 -0.928822
vn -0.052460 -0.099367 -0.993667
vn 0.257167 -0.099367 -0.961245
vn 0.541621 -0.099367 -0.834729
vn 0.773058 -0.099367 -0.626504
vn 0.928822 -0.099367 -0.356953
vn 0.982906 -0.098291 -0.155677
vn 0.957276 -0.246243 0.151618
vn 0.898674 -0.323589 0.296100
vn 0.763190 -0.323589 0.559314
vn 0.552999 -0.323589 0.767778
vn 0.288677 -0.323589 0.901086
vn -0.003903 -0.323589 0.946190
vn -0.296100 -0.323589 0.898674
vn -0.559314 -0.323589 0.763190
vn -0.767778 -0.323589 0.552999
vn -0.901086 -0.323589 0.288677
vn -0.946190 -0.323589 -0.003903
vn -0.898674 -0.323589 -0.296100
vn -0.763190 -0.323589 -0.559314
vn -0.552999 -0.323589 -0.767778
vn -0.288677 -0.323589 -0.901086
vn 0.003903 -0.323589 -0.946190
vn 0.296100 -0.323589 -0.898674
vn 0.559314 -0.323589 -0.763190
vn 0.767778 -0.323589 -0.552999
vn 0.901086 -0.323589 -0.288677
vn 0.908682 -0.391899 -0.143921
vn 0.753473 -0.646558 0.119338
vn 0.669422 -0.707524 0.226460
vn 0.566678 -0.707524 0.422239
vn 0.408464 -0.707524 0.576686
vn 0.210267 -0.707524 0.674684
vn -0.008513 -0.707524 0.706638
vn -0.226460 -0.707524 0.669422
vn -0.422239 -0.707524 0.566678
vn -0.576686 -0.707524 0.408464
vn -0.674684 -0.707524 0.210267
vn -0.706638 -0.707524 -0.008513
vn -0.669422 -0.707524 -0.226460
vn -0.566678 -0.707524 -0.422239
vn -0.408464 -0.707524 -0.576686
vn -0.210267 -0.707524 -0.674684
vn 0.008513 -0.707524 -0.706638
vn 0.226460 -0.707524 -0.669422
vn 0.422239 -0.707524 -0.566678
vn 0.576686 -0.707524 -0.408464
vn 0.674684 -0.707524 -0.210267
vn 0.646948 -0.755618 -0.102467
vn 0.437731 -0.896429 0.069330
vn 0.369357 -0.920422 0.128059
vn 0.311707 -0.920422 0.235929
vn 0.223545 -0.920422 0.320705
vn 0.113501 -0.920422 0.374088
vn -0.007654 -0.920422 0.390852
vn -0.128059 -0.920422 0.369357
vn -0.235929 -0.920422 0.311707
vn -0.320705 -0.920422 0.223545
vn -0.374088 -0.920422 0.113501
vn -0.390852 -0.920422 -0.007654
vn -0.369357 -0.920422 -0.128059
vn -0.311707 -0.920422 -0.235929
vn -0.223545 -0.920422 -0.320705
vn -0.113501 -0.920422 -0.374088
vn 0.007654 -0.920422 -0.390852
vn 0.128059 -0.920422 -0.369357
vn 0.235929 -0.920422 -0.311707
vn 0.320705 -0.920422 -0.223545
vn 0.374088 -0.920422 -0.113501
vn 0.341402 -0.938361 -0.054073
vn 0.203244 -0.978599 0.032191
vn 0.173648 -0.982996 0.059714
vn 0.146697 -0.982996 0.110452
vn 0.105385 -0.982996 0.150378
vn 0.053758 -0.982996 0.175583
vn -0.003131 -0.982996 0.183602
vn -0.059714 -0.982996 0.173648
vn -0.110452 -0.982996 0.146697
vn -0.150378 -0.982996 0.105385
vn -0.175583 -0.982996 0.053758
vn -0.183602 -0.982996 -0.003131
vn -0.173648 -0.982996 -0.059714
vn -0.146697 -0.982996 -0.110452
vn -0.105385 -0.982996 -0.150378
vn -0.053758 -0.982996 -0.175583
vn 0.003131 -0.982996 -0.183602
vn 0.059714 -0.982996 -0.173648
vn 0.110452 -0.982996 -0.146697
vn 0.150378 -0.982996 -0.105385
vn 0.175583 -0.982996 -0.053758
vn 0.163730 -0.986164 -0.025932
vn 0.092455 -0.995609 0.014643
vn 0.072103 -0.997057 0.026066
vn 0.060519 -0.997057 0.047071
vn 0.043011 -0.997057 0.063469
vn 0.021293 -0.997057 0.073654
vn -0.002510 -0.997057 0.076629
vn -0.026066 -0.997057 0.072103
vn -0.047071 -0.997057 0.060519
vn -0.063469 -0.997057 0.043011
vn -0.073654 -0.997057 0.021293
vn -0.076629 -0.997057 -0.002510
vn -0.072103 -0.997057 -0.026066
vn -0.060519 -0.997057 -0.047071
vn -0.043011 -0.997057 -0.063469
vn -0.021293 -0.997057 -0.073654
vn 0.002510 -0.997057 -0.076629
vn 0.026066 -0.997057 -0.072103
vn 0.047071 -0.997057 -0.060519
vn 0.063469 -0.997057 -0.043011
vn 0.073654 -0.997057 -0.021293
vn 0.060771 -0.998105 -0.009625
vn 0.029057 -0.999567 0.004602
vn 0.027161 -0.999577 0.010438
vn 0.022606 -0.999577 0.018321
vn 0.015838 -0.999577 0.024410
vn 0.007520 -0.999577 0.028109
vn -0.001534 -0.999577 0.029057
vn -0.010438 -0.999577 0.027161
vn -0.018321 -0.999577 0.022606
vn -0.024410 -0.999577 0.015838
vn -0.028109 -0.999577 0.007520
vn -0.029057 -0.999577 -0.001534
vn -0.027161 -0.999577 -0.010438
vn -0.022606 -0.999577 -0.018321
vn -0.015838 -0.999577 -0.024410
vn -0.007520 -0.999577 -0.028109
vn 0.001534 -0.999577 -0.029057
vn 0.010438 -0.999577 -0.027161
vn 0.018321 -0.999577 -0.022606
vn 0.024410 -0.999577 -0.015838
vn 0.028109 -0.999577 -0.007520
vn 0.029057 -0.999567 -0.004602
usemtl steel_light
f 1698 1719 1718
f 1698 1718 1697
f 1699 1720 1719
f 1699 1719 1698
f 1700 1721 1720
f 1700 1720 1699
f 1701 1722 1721
f 1701 1721 1700
f 1702 1723 1722
f 1702 1722 1701
f 1703 1724 1723
f 1703 1723 1702
f 1704 1725 1724
f 1704 1724 1703
f 1705 1726 1725
f 1705 1725 1704
f 1706 1727 1726
f 1706 1726 1705
f 1707 1728 1727
f 1707 1727 1706
f 1708 1729 1728
f 1708 1728 1707
f 1709 1730 1729
f 1709 1729 1708
f 1710 1731 1730
f 1710 1730 1709
f 1711 1732 1731
f 1711 1731 1710
f 1712 1733 1732
f 1712 1732 1711
f 1713 1734 1733
f 1713 1733 1712
f 1714 1735 1734
f 1714 1734 1713
f 1715 1736 1735
f 1715 1735 1714
f 1716 1737 1736
f 1716 1736 1715
f 1717 1738 1737
f 1717 1737 1716
f 1719 1740 1739
f 1719 1739 1718
f 1720 1741 1740
f 1720 1740 1719
f 1721 1742 1741
f 1721 1741 1720
f 1722 1743 1742
f 1722 1742 1721
f 1723 1744 1743
f 1723 1743 1722
f 1724 1745 1744
f 1724 1744 1723
f 1725 1746 1745
f 1725 1745 1724
f 1726 1747 1746
f 1726 1746 1725
f 1727 1748 1747
f 1727 1747 1726
f 1728 1749 1748
f 1728 1748 1727
f 1729 1750 1749
f 1729 1749 1728
f 1730 1751 1750
f 1730 1750 1729
f 1731 1752 1751
f 1731 1751 1730
f 1732 1753 1752
f 1732 1752 1731
f 1733 1754 1753
f 1733 1753 1732
f 1734 1755 1754
f 1734 1754 1733
f 1735 1756 1755
f 1735 1755 1734
f 1736 1757 1756
f 1736 1756 1735
f 1737 1758 1757
f 1737 1757 1736
f 1738 1759 1758
f 1738 1758 1737
f 1740 1761 1760
f 1740 1760 1739
f 1741 1762 1761
f 1741 1761 1740
f 1742 1763 1762
f 1742 1762 1741
f 1743 1764 1763
f 1743 1763 1742
f 1744 1765 1764
f 1744 1764 1743
f 1745 1766 1765
f 1745 1765 1744
f 1746 1767 1766
f 1746 1766 1745
f 1747 1768 1767
f 1747 1767 1746
f 1748 1769 1768
f 1748 1768 1747
f 1749 1770 1769
f 1749 1769 1748
f 1750 1771 1770
f 1750 1770 1749
f 1751 1772 1771
f 1751 1771 1750
f 1752 1773 1772
f 1752 1772 1751
f 1753 1774 1773
f 1753 1773 1752
f 1754 1775 1774
f 1754 1774 1753
f 1755 1776 1775
f 1755 1775 1754
f 1756 1777 1776
f 1756 1776 1755
f 1757 1778 1777
f 1757 1777 1756
f 1758 1779 1778
f 1758 1778 1757
f 1759 1780 1779
f 1759 1779 1758
f 1761 1782 1781
f 1761 1781 1760
f 1762 1783 1782
f 1762 1782 1761
f 1763 1784 1783
f 1763 1783 1762
f 1764 1785 1784
f 1764 1784 1763
f 1765 1786 1785
f 1765 1785 1764
f 1766 1787 1786
f 1766 1786 1765
f 1767 1788 1787
f 1767 1787 1766
f 1768 1789 1788
f 1768 1788 1767
f 1769 1790 1789
f 1769 1789 1768
f 1770 1791 1790
f 1770 1790 1769
f 1771 1792 1791
f 1771 1791 1770
f 1772 1793 1792
f 1772 1792 1771
f 1773 1794 1793
f 1773 1793 1772
f 1774 1795 1794
f 1774 1794 1773
f 1775 1796 1795
f 1775 1795 1774
f 1776 1797 1796
f 1776 1796 1775
f 1777 1798 1797
f 1777 1797 1776
f 1778 1799 1798
f 1778 1798 1777
f 1779 1800 1799
f 1779 1799 1778
f 1780 1801 1800
f 1780 1800 1779
f 1782 1803 1802
f 1782 1802 1781
f 1783 1804 1803
f 1783 1803 1782
f 1784 1805 1804
f 1784 1804 1783
f 1785 1806 1805
f 1785 1805 1784
f 1786 1807 1806
f 1786 1806 1785
f 1787 1808 1807
f 1787 1807 1786
f 1788 1809 1808
f 1788 1808 1787
f 1789 1810 1809
f 1789 1809 1788
f 1790 1811 1810
f 1790 1810 1789
f 1791 1812 1811
f 1791 1811 1790
f 1792 1813 1812
f 1792 1812 1791
f 1793 1814 1813
f 1793 1813 1792
f 1794 1815 1814
f 1794 1814 1793
f 1795 1816 1815
f 1795 1815 1794
f 1796 1817 1816
f 1796 1816 1795
f 1797 1818 1817
f 1797 1817 1796
f 1798 1819 1818
f 1798 1818 1797
f 1799 1820 1819
f 1799 1819 1798
f 1800 1821 1820
f 1800 1820 1799
f 1801 1822 1821
f 1801 1821 1800
f 1803 1824 1823
f 1803 1823 1802
f 1804 1825 1824
f 1804 1824 1803
f 1805 1826 1825
f 1805 1825 1804
f 1806 1827 1826
f 1806 1826 1805
f 1807 1828 1827
f 1807 1827 1806
f 1808 1829 1828
f 1808 1828 1807
f 1809 1830 1829
f 1809 1829 1808
f 1810 1831 1830
f 1810 1830 1809
f 1811 1832 1831
f 1811 1831 1810
f 1812 1833 1832
f 1812 1832 1811
f 1813 1834 1833
f 1813 1833 1812
f 1814 1835 1834
f 1814 1834 1813
f 1815 1836 1835
f 1815 1835 1814
f 1816 1837 1836
f 1816 1836 1815
f 1817 1838 1837
f 1817 1837 1816
f 1818 1839 1838
f 1818 1838 1817
f 1819 1840 1839
f 1819 1839 1818
f 1820 1841 1840
f 1820 1840 1819
f 1821 1842 1841
f 1821 1841 1820
f 1822 1843 1842
f 1822 1842 1821
o cuisse_R
v 0.620000 0.050000 0.000000
v 0.560000 0.950000 0.000000
v 0.589655 0.050000 0.191591
v 0.532592 0.950000 0.173050
v 0.501591 0.050000 0.364427
v 0.453050 0.950000 0.329160
v 0.364427 0.050000 0.501591
v 0.329160 0.950000 0.453050
v 0.191591 0.050000 0.589655
v 0.173050 0.950000 0.532592
v 0.000000 0.050000 0.620000
v 0.000000 0.950000 0.560000
v -0.191591 0.050000 0.589655
v -0.173050 0.950000 0.532592
v -0.364427 0.050000 0.501591
v -0.329160 0.950000 0.453050
v -0.501591 0.050000 0.364427
v -0.453050 0.950000 0.329160
v -0.589655 0.050000 0.191591
v -0.532592 0.950000 0.173050
v -0.620000 0.050000 0.000000
v -0.560000 0.950000 0.000000
v -0.589655 0.050000 -0.191591
v -0.532592 0.950000 -0.173050
v -0.501591 0.050000 -0.364427
v -0.453050 0.950000 -0.329160
v -0.364427 0.050000 -0.501591
v -0.329160 0.950000 -0.453050
v -0.191591 0.050000 -0.589655
v -0.173050 0.950000 -0.532592
v -0.000000 0.050000 -0.620000
v -0.000000 0.950000 -0.560000
v 0.191591 0.050000 -0.589655
v 0.173050 0.950000 -0.532592
v 0.364427 0.050000 -0.501591
v 0.329160 0.950000 -0.453050
v 0.501591 0.050000 -0.364427
v 0.453050 0.950000 -0.329160
v 0.589655 0.050000 -0.191591
v 0.532592 0.950000 -0.173050
v 0.620000 0.050000 -0.000000
v 0.560000 0.950000 -0.000000
vn 0.985554 0.065704 0.156096
vn 0.985554 0.065704 0.156096
vn 0.931380 0.066427 0.357936
vn 0.963892 0.066427 0.257875
vn 0.775187 0.066427 0.628230
vn 0.837028 0.066427 0.543113
vn 0.543113 0.066427 0.837028
vn 0.628230 0.066427 0.775187
vn 0.257875 0.066427 0.963892
vn 0.357936 0.066427 0.931380
vn -0.052605 0.066427 0.996404
vn 0.052605 0.066427 0.996404
vn -0.357936 0.066427 0.931380
vn -0.257875 0.066427 0.963892
vn -0.628230 0.066427 0.775187
vn -0.543113 0.066427 0.837028
vn -0.837028 0.066427 0.543113
vn -0.775187 0.066427 0.628230
vn -0.963892 0.066427 0.257875
vn -0.931380 0.066427 0.357936
vn -0.996404 0.066427 -0.052605
vn -0.996404 0.066427 0.052605
vn -0.931380 0.066427 -0.357936
vn -0.963892 0.066427 -0.257875
vn -0.775187 0.066427 -0.628230
vn -0.837028 0.066427 -0.543113
vn -0.543113 0.066427 -0.837028
vn -0.628230 0.066427 -0.775187
vn -0.257875 0.066427 -0.963892
vn -0.357936 0.066427 -0.931380
vn 0.052605 0.066427 -0.996404
vn -0.052605 0.066427 -0.996404
vn 0.357936 0.066427 -0.931380
vn 0.257875 0.066427 -0.963892
vn 0.628230 0.066427 -0.775187
vn 0.543113 0.066427 -0.837028
vn 0.837028 0.066427 -0.543113
vn 0.775187 0.066427 -0.628230
vn 0.963892 0.066427 -0.257875
vn 0.931380 0.066427 -0.357936
vn 0.985554 0.065704 -0.156096
vn 0.985554 0.065704 -0.156096
usemtl steel
f 1844 1845 1847
f 1844 1847 1846
f 1846 1847 1849
f 1846 1849 1848
f 1848 1849 1851
f 1848 1851 1850
f 1850 1851 1853
f 1850 1853 1852
f 1852 1853 1855
f 1852 1855 1854
f 1854 1855 1857
f 1854 1857 1856
f 1856 1857 1859
f 1856 1859 1858
f 1858 1859 1861
f 1858 1861 1860
f 1860 1861 1863
f 1860 1863 1862
f 1862 1863 1865
f 1862 1865 1864
f 1864 1865 1867
f 1864 1867 1866
f 1866 1867 1869
f 1866 1869 1868
f 1868 1869 1871
f 1868 1871 1870
f 1870 1871 1873
f 1870 1873 1872
f 1872 1873 1875
f 1872 1875 1874
f 1874 1875 1877
f 1874 1877 1876
f 1876 1877 1879
f 1876 1879 1878
f 1878 1879 1881
f 1878 1881 1880
f 1880 1881 1883
f 1880 1883 1882
f 1882 1883 1885
f 1882 1885 1884
o greave_R
v 0.560000 -0.950000 0.000000
v 0.500000 -0.050000 0.000000
v 0.532592 -0.950000 0.173050
v 0.475528 -0.050000 0.154508
v 0.453050 -0.950000 0.329160
v 0.404508 -0.050000 0.293893
v 0.329160 -0.950000 0.453050
v 0.293893 -0.050000 0.404508
v 0.173050 -0.950000 0.532592
v 0.154508 -0.050000 0.475528
v 0.000000 -0.950000 0.560000
v 0.000000 -0.050000 0.500000
v -0.173050 -0.950000 0.532592
v -0.154508 -0.050000 0.475528
v -0.329160 -0.950000 0.453050
v -0.293893 -0.050000 0.404508
v -0.453050 -0.950000 0.329160
v -0.404508 -0.050000 0.293893
v -0.532592 -0.950000 0.173050
v -0.475528 -0.050000 0.154508
v -0.560000 -0.950000 0.000000
v -0.500000 -0.050000 0.000000
v -0.532592 -0.950000 -0.173050
v -0.475528 -0.050000 -0.154508
v -0.453050 -0.950000 -0.329160
v -0.404508 -0.050000 -0.293893
v -0.329160 -0.950000 -0.453050
v -0.293893 -0.050000 -0.404508
v -0.173050 -0.950000 -0.532592
v -0.154508 -0.050000 -0.475528
v -0.000000 -0.950000 -0.560000
v -0.000000 -0.050000 -0.500000
v 0.173050 -0.950000 -0.532592
v 0.154508 -0.050000 -0.475528
v 0.329160 -0.950000 -0.453050
v 0.293893 -0.050000 -0.404508
v 0.453050 -0.950000 -0.329160
v 0.404508 -0.050000 -0.293893
v 0.532592 -0.950000 -0.173050
v 0.475528 -0.050000 -0.154508
v 0.560000 -0.950000 -0.000000
v 0.500000 -0.050000 -0.000000
vn 0.985554 0.065704 0.156096
vn 0.985554 0.065704 0.156096
vn 0.931380 0.066427 0.357936
vn 0.963892 0.066427 0.257875
vn 0.775187 0.066427 0.628230
vn 0.837028 0.066427 0.543113
vn 0.543113 0.066427 0.837028
vn 0.628230 0.066427 0.775187
vn 0.257875 0.066427 0.963892
vn 0.357936 0.066427 0.931380
vn -0.052605 0.066427 0.996404
vn 0.052605 0.066427 0.996404
vn -0.357936 0.066427 0.931380
vn -0.257875 0.066427 0.963892
vn -0.628230 0.066427 0.775187
vn -0.543113 0.066427 0.837028
vn -0.837028 0.066427 0.543113
vn -0.775187 0.066427 0.628230
vn -0.963892 0.066427 0.257875
vn -0.931380 0.066427 0.357936
vn -0.996404 0.066427 -0.052605
vn -0.996404 0.066427 0.052605
vn -0.931380 0.066427 -0.357936
vn -0.963892 0.066427 -0.257875
vn -0.775187 0.066427 -0.628230
vn -0.837028 0.066427 -0.543113
vn -0.543113 0.066427 -0.837028
vn -0.628230 0.066427 -0.775187
vn -0.257875 0.066427 -0.963892
vn -0.357936 0.066427 -0.931380
vn 0.052605 0.066427 -0.996404
vn -0.052605 0.066427 -0.996404
vn 0.357936 0.066427 -0.931380
vn 0.257875 0.066427 -0.963892
vn 0.628230 0.066427 -0.775187
vn 0.543113 0.066427 -0.837028
vn 0.837028 0.066427 -0.543113
vn 0.775187 0.066427 -0.628230
vn 0.963892 0.066427 -0.257875
vn 0.931380 0.066427 -0.357936
vn 0.985554 0.065704 -0.156096
vn 0.985554 0.065704 -0.156096
usemtl lacquer_red
f 1886 1887 1889
f 1886 1889 1888
f 1888 1889 1891
f 1888 1891 1890
f 1890 1891 1893
f 1890 1893 1892
f 1892 1893 1895
f 1892 1895 1894
f 1894 1895 1897
f 1894 1897 1896
f 1896 1897 1899
f 1896 1899 1898
f 1898 1899 1901
f 1898 1901 1900
f 1900 1901 1903
f 1900 1903 1902
f 1902 1903 1905
f 1902 1905 1904
f 1904 1905 1907
f 1904 1907 1906
f 1906 1907 1909
f 1906 1909 1908
f 1908 1909 1911
f 1908 1911 1910
f 1910 1911 1913
f 1910 1913 1912
f 1912 1913 1915
f 1912 1915 1914
f 1914 1915 1917
f 1914 1917 1916
f 1916 1917 1919
f 1916 1919 1918
f 1918 1919 1921
f 1918 1921 1920
f 1920 1921 1923
f 1920 1923 1922
f 1922 1923 1925
f 1922 1925 1924
f 1924 1925 1927
f 1924 1927 1926
o sabaton_R
v 0.175500 -0.840000 -0.200000
v 0.175500 -0.840000 0.400000
v 0.162141 -0.896828 -0.200000
v 0.162141 -0.896828 0.400000
v 0.124097 -0.945005 -0.200000
v 0.124097 -0.945005 0.400000
v 0.067161 -0.977196 -0.200000
v 0.067161 -0.977196 0.400000
v 0.000000 -0.988500 -0.200000
v 0.000000 -0.988500 0.400000
v -0.067161 -0.977196 -0.200000
v -0.067161 -0.977196 0.400000
v -0.124097 -0.945005 -0.200000
v -0.124097 -0.945005 0.400000
v -0.162141 -0.896828 -0.200000
v -0.162141 -0.896828 0.400000
v -0.175500 -0.840000 -0.200000
v -0.175500 -0.840000 0.400000
v -0.162141 -0.783172 -0.200000
v -0.162141 -0.783172 0.400000
v -0.124097 -0.734995 -0.200000
v -0.124097 -0.734995 0.400000
v -0.067161 -0.702804 -0.200000
v -0.067161 -0.702804 0.400000
v -0.000000 -0.691500 -0.200000
v -0.000000 -0.691500 0.400000
v 0.067161 -0.702804 -0.200000
v 0.067161 -0.702804 0.400000
v 0.124097 -0.734995 -0.200000
v 0.124097 -0.734995 0.400000
v 0.162141 -0.783172 -0.200000
v 0.162141 -0.783172 0.400000
v 0.175500 -0.840000 -0.200000
v 0.175500 -0.840000 0.400000
v 0.000000 -0.840000 -0.200000
v 0.000000 -0.840000 0.400000
vn 0.870693 -0.204681 -0.447214
vn 0.688343 -0.161814 0.707107
vn 0.715773 -0.413270 -0.562918
vn 0.768872 -0.303249 0.562918
vn 0.496375 -0.662363 -0.561148
vn 0.578483 -0.592005 0.561148
vn 0.230705 -0.795806 -0.559882
vn 0.322018 -0.763437 0.559882
vn -0.046429 -0.827554 -0.559463
vn 0.046429 -0.827554 0.559463
vn -0.322018 -0.763437 -0.559882
vn -0.230705 -0.795806 0.559882
vn -0.578483 -0.592005 -0.561148
vn -0.496375 -0.662363 0.561148
vn -0.768872 -0.303249 -0.562918
vn -0.715773 -0.413270 0.562918
vn -0.823346 0.064517 -0.563860
vn -0.823346 -0.064517 0.563860
vn -0.715773 0.413270 -0.562918
vn -0.768872 0.303249 0.562918
vn -0.496375 0.662363 -0.561148
vn -0.578483 0.592005 0.561148
vn -0.230705 0.795806 -0.559882
vn -0.322018 0.763437 0.559882
vn 0.046429 0.827554 -0.559463
vn -0.046429 0.827554 0.559463
vn 0.322018 0.763437 -0.559882
vn 0.230705 0.795806 0.559882
vn 0.578483 0.592005 -0.561148
vn 0.496375 0.662363 0.561148
vn 0.768872 0.303249 -0.562918
vn 0.715773 0.413270 0.562918
vn 0.688343 0.161814 -0.707107
vn 0.870693 0.204681 0.447214
vn 0.000000 -0.000000 -1.000000
vn -0.000000 0.000000 1.000000
usemtl steel
f 1928 1929 1931
f 1928 1931 1930
f 1930 1931 1933
f 1930 1933 1932
f 1932 1933 1935
f 1932 1935 1934
f 1934 1935 1937
f 1934 1937 1936
f 1936 1937 1939
f 1936 1939 1938
f 1938 1939 1941
f 1938 1941 1940
f 1940 1941 1943
f 1940 1943 1942
f 1942 1943 1945
f 1942 1945 1944
f 1944 1945 1947
f 1944 1947 1946
f 1946 1947 1949
f 1946 1949 1948
f 1948 1949 1951
f 1948 1951 1950
f 1950 1951 1953
f 1950 1953 1952
f 1952 1953 1955
f 1952 1955 1954
f 1954 1955 1957
f 1954 1957 1956
f 1956 1957 1959
f 1956 1959 1958
f 1958 1959 1961
f 1958 1961 1960
f 1962 1928 1930
f 1962 1930 1932
f 1962 1932 1934
f 1962 1934 1936
f 1962 1936 1938
f 1962 1938 1940
f 1962 1940 1942
f 1962 1942 1944
f 1962 1944 1946
f 1962 1946 1948
f 1962 1948 1950
f 1962 1950 1952
f 1962 1952 1954
f 1962 1954 1956
f 1962 1956 1958
f 1962 1958 1960
f 1963 1931 1929
f 1963 1933 1931
f 1963 1935 1933
f 1963 1937 1935
f 1963 1939 1937
f 1963 1941 1939
f 1963 1943 1941
f 1963 1945 1943
f 1963 1947 1945
f 1963 1949 1947
f 1963 1951 1949
f 1963 1953 1951
f 1963 1955 1953
f 1963 1957 1955
f 1963 1959 1957
f 1963 1961 1959
o shoulder_L
v -0.950000 0.920000 0.000000
v -0.974123 0.920000 0.136808
v -1.043582 0.920000 0.257115
v -1.150000 0.920000 0.346410
v -1.280541 0.920000 0.393923
v -1.419459 0.920000 0.393923
v -1.550000 0.920000 0.346410
v -1.656418 0.920000 0.257115
v -1.725877 0.920000 0.136808
v -1.750000 0.920000 0.000000
v -1.725877 0.920000 -0.136808
v -1.656418 0.920000 -0.257115
v -1.550000 0.920000 -0.346410
v -1.419459 0.920000 -0.393923
v -1.280541 0.920000 -0.393923
v -1.150000 0.920000 -0.346410
v -1.043582 0.920000 -0.257115
v -0.974123 0.920000 -0.136808
v -0.950000 0.920000 -0.000000
v -0.953422 0.948716 0.000000
v -0.977339 0.948716 0.135638
v -1.046204 0.948716 0.254915
v -1.151711 0.948716 0.343447
v -1.281135 0.948716 0.390553
v -1.418865 0.948716 0.390553
v -1.548289 0.948716 0.343447
v -1.653796 0.948716 0.254915
v -1.722661 0.948716 0.135638
v -1.746578 0.948716 0.000000
v -1.722661 0.948716 -0.135638
v -1.653796 0.948716 -0.254915
v -1.548289 0.948716 -0.343447
v -1.418865 0.948716 -0.390553
v -1.281135 0.948716 -0.390553
v -1.151711 0.948716 -0.343447
v -1.046204 0.948716 -0.254915
v -0.977339 0.948716 -0.135638
v -0.953422 0.948716 -0.000000
v -0.963630 0.976940 0.000000
v -0.986931 0.976940 0.132146
v -1.054023 0.976940 0.248354
v -1.156815 0.976940 0.334607
v -1.282907 0.976940 0.380500
v -1.417093 0.976940 0.380500
v -1.543185 0.976940 0.334607
v -1.645977 0.976940 0.248354
v -1.713069 0.976940 0.132146
v -1.736370 0.976940 0.000000
v -1.713069 0.976940 -0.132146
v -1.645977 0.976940 -0.248354
v -1.543185 0.976940 -0.334607
v -1.417093 0.976940 -0.380500
v -1.282907 0.976940 -0.380500
v -1.156815 0.976940 -0.334607
v -1.054023 0.976940 -0.248354
v -0.986931 0.976940 -0.132146
v -0.963630 0.976940 -0.000000
v -0.980448 1.004190 0.000000
v -1.002735 1.004190 0.126394
v -1.066907 1.004190 0.237543
v -1.165224 1.004190 0.320041
v -1.285828 1.004190 0.363937
v -1.414172 1.004190 0.363937
v -1.534776 1.004190 0.320041
v -1.633093 1.004190 0.237543
v -1.697265 1.004190 0.126394
v -1.719552 1.004190 0.000000
v -1.697265 1.004190 -0.126394
v -1.633093 1.004190 -0.237543
v -1.534776 1.004190 -0.320041
v -1.414172 1.004190 -0.363937
v -1.285828 1.004190 -0.363937
v -1.165224 1.004190 -0.320041
v -1.066907 1.004190 -0.237543
v -1.002735 1.004190 -0.126394
v -0.980448 1.004190 -0.000000
v -1.003590 1.030000 0.000000
v -1.024481 1.030000 0.118479
v -1.084634 1.030000 0.222668
v -1.176795 1.030000 0.300000
v -1.289847 1.030000 0.341147
v -1.410153 1.030000 0.341147
v -1.523205 1.030000 0.300000
v -1.615366 1.030000 0.222668
v -1.675519 1.030000 0.118479
v -1.696410 1.030000 0.000000
v -1.675519 1.030000 -0.118479
v -1.615366 1.030000 -0.222668
v -1.523205 1.030000 -0.300000
v -1.410153 1.030000 -0.341147
v -1.289847 1.030000 -0.341147
v -1.176795 1.030000 -0.300000
v -1.084634 1.030000 -0.222668
v -1.024481 1.030000 -0.118479
v -1.003590 1.030000 -0.000000
v -1.032659 1.053928 0.000000
v -1.051797 1.053928 0.108537
v -1.106902 1.053928 0.203983
v -1.191329 1.053928 0.274826
v -1.294894 1.053928 0.312520
v -1.405106 1.053928 0.312520
v -1.508671 1.053928 0.274826
v -1.593098 1.053928 0.203983
v -1.648203 1.053928 0.108537
v -1.667341 1.053928 0.000000
v -1.648203 1.053928 -0.108537
v -1.593098 1.053928 -0.203983
v -1.508671 1.053928 -0.274826
v -1.405106 1.053928 -0.312520
v -1.294894 1.053928 -0.312520
v -1.191329 1.053928 -0.274826
v -1.106902 1.053928 -0.203983
v -1.051797 1.053928 -0.108537
v -1.032659 1.053928 -0.000000
v -1.067157 1.075563 0.000000
v -1.084215 1.075563 0.096738
v -1.133330 1.075563 0.181808
v -1.208579 1.075563 0.244949
v -1.300885 1.075563 0.278546
v -1.399115 1.075563 0.278546
v -1.491421 1.075563 0.244949
v -1.566670 1.075563 0.181808
v -1.615785 1.075563 0.096738
v -1.632843 1.075563 0.000000
v -1.615785 1.075563 -0.096738
v -1.566670 1.075563 -0.181808
v -1.491421 1.075563 -0.244949
v -1.399115 1.075563 -0.278546
v -1.300885 1.075563 -0.278546
v -1.208579 1.075563 -0.244949
v -1.133330 1.075563 -0.181808
v -1.084215 1.075563 -0.096738
v -1.067157 1.075563 -0.000000
v -1.106495 1.094538 0.000000
v -1.121181 1.094538 0.083283
v -1.163465 1.094538 0.156522
v -1.228248 1.094538 0.210881
v -1.307716 1.094538 0.239805
v -1.392284 1.094538 0.239805
v -1.471752 1.094538 0.210881
v -1.536535 1.094538 0.156522
v -1.578819 1.094538 0.083283
v -1.593505 1.094538 0.000000
v -1.578819 1.094538 -0.083283
v -1.536535 1.094538 -0.156522
v -1.471752 1.094538 -0.210881
v -1.392284 1.094538 -0.239805
v -1.307716 1.094538 -0.239805
v -1.228248 1.094538 -0.210881
v -1.163465 1.094538 -0.156522
v -1.121181 1.094538 -0.083283
v -1.106495 1.094538 -0.000000
v -1.150000 1.110526 0.000000
v -1.162061 1.110526 0.068404
v -1.196791 1.110526 0.128558
v -1.250000 1.110526 0.173205
v -1.315270 1.110526 0.196962
v -1.384730 1.110526 0.196962
v -1.450000 1.110526 0.173205
v -1.503209 1.110526 0.128558
v -1.537939 1.110526 0.068404
v -1.550000 1.110526 0.000000
v -1.537939 1.110526 -0.068404
v -1.503209 1.110526 -0.128558
v -1.450000 1.110526 -0.173205
v -1.384730 1.110526 -0.196962
v -1.315270 1.110526 -0.196962
v -1.250000 1.110526 -0.173205
v -1.196791 1.110526 -0.128558
v -1.162061 1.110526 -0.068404
v -1.150000 1.110526 -0.000000
v -1.196927 1.123253 0.000000
v -1.206158 1.123253 0.052354
v -1.232739 1.123253 0.098394
v -1.273463 1.123253 0.132565
v -1.323419 1.123253 0.150748
v -1.376581 1.123253 0.150748
v -1.426537 1.123253 0.132565
v -1.467261 1.123253 0.098394
v -1.493842 1.123253 0.052354
v -1.503073 1.123253 0.000000
v -1.493842 1.123253 -0.052354
v -1.467261 1.123253 -0.098394
v -1.426537 1.123253 -0.132565
v -1.376581 1.123253 -0.150748
v -1.323419 1.123253 -0.150748
v -1.273463 1.123253 -0.132565
v -1.232739 1.123253 -0.098394
v -1.206158 1.123253 -0.052354
v -1.196927 1.123253 -0.000000
v -1.246472 1.132504 0.000000
v -1.252716 1.132504 0.035409
v -1.270693 1.132504 0.066546
v -1.298236 1.132504 0.089658
v -1.332023 1.132504 0.101955
v -1.367977 1.132504 0.101955
v -1.401764 1.132504 0.089658
v -1.429307 1.132504 0.066546
v -1.447284 1.132504 0.035409
v -1.453528 1.132504 0.000000
v -1.447284 1.132504 -0.035409
v -1.429307 1.132504 -0.066546
v -1.401764 1.132504 -0.089658
v -1.367977 1.132504 -0.101955
v -1.332023 1.132504 -0.101955
v -1.298236 1.132504 -0.089658
v -1.270693 1.132504 -0.066546
v -1.252716 1.132504 -0.035409
v -1.246472 1.132504 -0.000000
v -1.297790 1.138118 0.000000
v -1.300938 1.138118 0.017857
v -1.310004 1.138118 0.033560
v -1.323895 1.138118 0.045216
v -1.340934 1.138118 0.051417
v -1.359066 1.138118 0.051417
v -1.376105 1.138118 0.045216
v -1.389996 1.138118 0.033560
v -1.399062 1.138118 0.017857
v -1.402210 1.138118 0.000000
v -1.399062 1.138118 -0.017857
v -1.389996 1.138118 -0.033560
v -1.376105 1.138118 -0.045216
v -1.359066 1.138118 -0.051417
v -1.340934 1.138118 -0.051417
v -1.323895 1.138118 -0.045216
v -1.310004 1.138118 -0.033560
v -1.300938 1.138118 -0.017857
v -1.297790 1.138118 -0.000000
v -1.346800 1.140000 0.000000
v -1.346993 1.140000 0.001094
v -1.347549 1.140000 0.002057
v -1.348400 1.140000 0.002771
v -1.349444 1.140000 0.003151
v -1.350556 1.140000 0.003151
v -1.351600 1.140000 0.002771
v -1.352451 1.140000 0.002057
v -1.353007 1.140000 0.001094
v -1.353200 1.140000 0.000000
v -1.353007 1.140000 -0.001094
v -1.352451 1.140000 -0.002057
v -1.351600 1.140000 -0.002771
v -1.350556 1.140000 -0.003151
v -1.349444 1.140000 -0.003151
v -1.348400 1.140000 -0.002771
v -1.347549 1.140000 -0.002057
v -1.346993 1.140000 -0.001094
v -1.346800 1.140000 -0.000000
vn 0.978095 0.116560 0.172465
vn 0.911578 0.118132 0.393790
vn 0.721919 0.118132 0.681820
vn 0.445186 0.118132 0.887612
vn 0.114757 0.118132 0.986345
vn -0.229514 0.118132 0.966110
vn -0.546101 0.118132 0.829348
vn -0.796821 0.118132 0.592555
vn -0.951433 0.118132 0.284290
vn -0.991287 0.118132 -0.058264
vn -0.911578 0.118132 -0.393790
vn -0.721919 0.118132 -0.681820
vn -0.445186 0.118132 -0.887612
vn -0.114757 0.118132 -0.986345
vn 0.229514 0.118132 -0.966110
vn 0.546101 0.118132 -0.829348
vn 0.796821 0.118132 -0.592555
vn 0.951433 0.118132 -0.284290
vn 0.978095 0.116560 -0.172465
vn 0.949864 0.264020 0.167487
vn 0.914837 0.230805 0.331365
vn 0.746332 0.230805 0.624274
vn 0.487809 0.230805 0.841886
vn 0.170448 0.230805 0.957954
vn -0.167471 0.230805 0.958479
vn -0.485190 0.230805 0.843398
vn -0.744389 0.230805 0.626590
vn -0.913803 0.230805 0.334206
vn -0.972999 0.230805 0.001512
vn -0.914837 0.230805 -0.331365
vn -0.746332 0.230805 -0.624274
vn -0.487809 0.230805 -0.841886
vn -0.170448 0.230805 -0.957954
vn 0.167471 0.230805 -0.958479
vn 0.485190 0.230805 -0.843398
vn 0.744389 0.230805 -0.626590
vn 0.913803 0.230805 -0.334206
vn 0.966750 0.190620 -0.170464
vn 0.874312 0.460229 0.154165
vn 0.846974 0.435071 0.305530
vn 0.691397 0.435071 0.576787
vn 0.452428 0.435071 0.778474
vn 0.158890 0.435071 0.886266
vn -0.153813 0.435071 0.887161
vn -0.447964 0.435071 0.781051
vn -0.688084 0.435071 0.580736
vn -0.845211 0.435071 0.310374
vn -0.900392 0.435071 0.002577
vn -0.846974 0.435071 -0.305530
vn -0.691397 0.435071 -0.576787
vn -0.452428 0.435071 -0.778474
vn -0.158890 0.435071 -0.886266
vn 0.153813 0.435071 -0.887161
vn 0.447964 0.435071 -0.781051
vn 0.688084 0.435071 -0.580736
vn 0.845211 0.435071 -0.310374
vn 0.903169 0.398652 -0.159253
vn 0.775358 0.616546 0.136716
vn 0.753609 0.598853 0.271014
vn 0.615468 0.598853 0.512420
vn 0.403093 0.598853 0.692020
vn 0.142099 0.598853 0.788152
vn -0.136034 0.598853 0.789221
vn -0.397760 0.598853 0.695099
vn -0.611510 0.598853 0.517137
vn -0.751503 0.598853 0.276801
vn -0.800853 0.598853 0.003079
vn -0.753609 0.598853 -0.271014
vn -0.615468 0.598853 -0.512420
vn -0.403093 0.598853 -0.692020
vn -0.142099 0.598853 -0.788152
vn 0.136034 0.598853 -0.789221
vn 0.397760 0.598853 -0.695099
vn 0.611510 0.598853 -0.517137
vn 0.751503 0.598853 -0.276801
vn 0.809926 0.568880 -0.142812
vn 0.668816 0.734015 0.117930
vn 0.651296 0.721946 0.233683
vn 0.532094 0.721946 0.442347
vn 0.348713 0.721946 0.597656
vn 0.123272 0.721946 0.680880
vn -0.117037 0.721946 0.681980
vn -0.343229 0.721946 0.600822
vn -0.528023 0.721946 0.447197
vn -0.649130 0.721946 0.239633
vn -0.691942 0.721946 0.003166
vn -0.651296 0.721946 -0.233683
vn -0.532094 0.721946 -0.442347
vn -0.348713 0.721946 -0.597656
vn -0.123272 0.721946 -0.680880
vn 0.117037 0.721946 -0.681980
vn 0.343229 0.721946 -0.600822
vn 0.528023 0.721946 -0.447197
vn 0.649130 0.721946 -0.239633
vn 0.704451 0.698799 -0.124214
vn 0.564232 0.819600 0.099489
vn 0.550358 0.811335 0.197082
vn 0.449761 0.811335 0.373430
vn 0.294917 0.811335 0.504737
vn 0.104501 0.811335 0.575165
vn -0.098519 0.811335 0.576220
vn -0.289657 0.811335 0.507774
vn -0.445857 0.811335 0.378083
vn -0.548281 0.811335 0.202790
vn -0.584573 0.811335 0.003037
vn -0.550358 0.811335 -0.197082
vn -0.449761 0.811335 -0.373430
vn -0.294917 0.811335 -0.504737
vn -0.104501 0.811335 -0.575165
vn 0.098519 0.811335 -0.576220
vn 0.289657 0.811335 -0.507774
vn 0.445857 0.811335 -0.378083
vn 0.548281 0.811335 -0.202790
vn 0.598488 0.794151 -0.105530
vn 0.465757 0.881093 0.082126
vn 0.455385 0.875296 0.162734
vn 0.372263 0.875296 0.308671
vn 0.244241 0.875296 0.417377
vn 0.086760 0.875296 0.475742
vn -0.081185 0.875296 0.476725
vn -0.239339 0.875296 0.420208
vn -0.368624 0.875296 0.313008
vn -0.453449 0.875296 0.168054
vn -0.483580 0.875296 0.002831
vn -0.455385 0.875296 -0.162734
vn -0.372263 0.875296 -0.308671
vn -0.244241 0.875296 -0.417377
vn -0.086760 0.875296 -0.475742
vn 0.081185 0.875296 -0.476725
vn 0.239339 0.875296 -0.420208
vn 0.368624 0.875296 -0.313008
vn 0.453449 0.875296 -0.168054
vn 0.497743 0.862873 -0.087765
vn 0.374330 0.924944 0.066004
vn 0.367496 0.920757 0.130969
vn 0.300540 0.920757 0.248761
vn 0.197333 0.920757 0.336550
vn 0.070326 0.920757 0.383745
vn -0.065164 0.920757 0.384656
vn -0.192794 0.920757 0.339171
vn -0.297170 0.920757 0.252777
vn -0.365703 0.920757 0.135894
vn -0.390127 0.920757 0.002621
vn -0.367496 0.920757 -0.130969
vn -0.300540 0.920757 -0.248761
vn -0.197333 0.920757 -0.336550
vn -0.070326 0.920757 -0.383745
vn 0.065164 0.920757 -0.384656
vn 0.192794 0.920757 -0.339171
vn 0.297170 0.920757 -0.252777
vn 0.365703 0.920757 -0.135894
vn 0.403984 0.911989 -0.071233
vn 0.289349 0.955863 0.051020
vn 0.286153 0.952787 0.101555
vn 0.234162 0.952787 0.193301
vn 0.153927 0.952787 0.261731
vn 0.055127 0.952787 0.298593
vn -0.050322 0.952787 0.299440
vn -0.149702 0.952787 0.264171
vn -0.231026 0.952787 0.197038
vn -0.284484 0.952787 0.106140
vn -0.303630 0.952787 0.002440
vn -0.286153 0.952787 -0.101555
vn -0.234162 0.952787 -0.193301
vn -0.153927 0.952787 -0.261731
vn -0.055127 0.952787 -0.298593
vn 0.050322 0.952787 -0.299440
vn 0.149702 0.952787 -0.264171
vn 0.231026 0.952787 -0.197038
vn 0.284484 0.952787 -0.106140
vn 0.316977 0.946785 -0.055892
vn 0.209607 0.977087 0.036959
vn 0.210167 0.974857 0.074049
vn 0.172166 0.974857 0.141465
vn 0.113399 0.974857 0.191818
vn 0.040955 0.974857 0.219035
vn -0.036429 0.974857 0.219833
vn -0.109419 0.974857 0.194116
vn -0.169212 0.974857 0.144985
vn -0.208595 0.974857 0.078368
vn -0.222819 0.974857 0.002298
vn -0.210167 0.974857 -0.074049
vn -0.172166 0.974857 -0.141465
vn -0.113399 0.974857 -0.191818
vn -0.040955 0.974857 -0.219035
vn 0.036429 0.974857 -0.219833
vn 0.109419 0.974857 -0.194116
vn 0.169212 0.974857 -0.144985
vn 0.208595 0.974857 -0.078368
vn 0.235647 0.970950 -0.041551
vn 0.133720 0.990739 0.023578
vn 0.138171 0.989247 0.047951
vn 0.113438 0.989247 0.092317
vn 0.075022 0.989247 0.125548
vn 0.027558 0.989247 0.143635
vn -0.023230 0.989247 0.144398
vn -0.071216 0.989247 0.127745
vn -0.110613 0.989247 0.095684
vn -0.136668 0.989247 0.052082
vn -0.146239 0.989247 0.002198
vn -0.138171 0.989247 -0.047951
vn -0.113438 0.989247 -0.092317
vn -0.075022 0.989247 -0.125548
vn -0.027558 0.989247 -0.143635
vn 0.023230 0.989247 -0.144398
vn 0.071216 0.989247 -0.127745
vn 0.110613 0.989247 -0.095684
vn 0.136668 0.989247 -0.052082
vn 0.158636 0.986941 -0.027972
vn 0.061862 0.998025 0.010908
vn 0.069875 0.997285 0.023230
vn 0.057716 0.997285 0.045728
vn 0.038595 0.997285 0.062710
vn 0.014819 0.997285 0.072129
vn -0.010744 0.997285 0.072848
vn -0.035011 0.997285 0.064780
vn -0.055056 0.997285 0.048898
vn -0.068460 0.997285 0.027119
vn -0.073606 0.997285 0.002069
vn -0.069875 0.997285 -0.023230
vn -0.057716 0.997285 -0.045728
vn -0.038595 0.997285 -0.062710
vn -0.014819 0.997285 -0.072129
vn 0.010744 0.997285 -0.072848
vn 0.035011 0.997285 -0.064780
vn 0.055056 0.997285 -0.048898
vn 0.068460 0.997285 -0.027119
vn 0.085328 0.996239 -0.015046
vn 0.038373 0.999241 0.006766
vn 0.036831 0.999261 0.011005
vn 0.030846 0.999261 0.022939
vn 0.021140 0.999261 0.032105
vn 0.008885 0.999261 0.037400
vn -0.004442 0.999261 0.038183
vn -0.017234 0.999261 0.034361
vn -0.027947 0.999261 0.026394
vn -0.035289 0.999261 0.015244
vn -0.038374 0.999261 0.002255
vn -0.036831 0.999261 -0.011005
vn -0.030846 0.999261 -0.022939
vn -0.021140 0.999261 -0.032105
vn -0.008885 0.999261 -0.037400
vn 0.004442 0.999261 -0.038183
vn 0.017234 0.999261 -0.034361
vn 0.027947 0.999261 -0.026394
vn 0.035289 0.999261 -0.015244
vn 0.038373 0.999241 -0.006766
usemtl steel
f 1964 1983 1984
f 1964 1984 1965
f 1965 1984 1985
f 1965 1985 1966
f 1966 1985 1986
f 1966 1986 1967
f 1967 1986 1987
f 1967 1987 1968
f 1968 1987 1988
f 1968 1988 1969
f 1969 1988 1989
f 1969 1989 1970
f 1970 1989 1990
f 1970 1990 1971
f 1971 1990 1991
f 1971 1991 1972
f 1972 1991 1992
f 1972 1992 1973
f 1973 1992 1993
f 1973 1993 1974
f 1974 1993 1994
f 1974 1994 1975
f 1975 1994 1995
f 1975 1995 1976
f 1976 1995 1996
f 1976 1996 1977
f 1977 1996 1997
f 1977 1997 1978
f 1978 1997 1998
f 1978 1998 1979
f 1979 1998 1999
f 1979 1999 1980
f 1980 1999 2000
f 1980 2000 1981
f 1981 2000 2001
f 1981 2001 1982
f 1983 2002 2003
f 1983 2003 1984
f 1984 2003 2004
f 1984 2004 1985
f 1985 2004 2005
f 1985 2005 1986
f 1986 2005 2006
f 1986 2006 1987
f 1987 2006 2007
f 1987 2007 1988
f 1988 2007 2008
f 1988 2008 1989
f 1989 2008 2009
f 1989 2009 1990
f 1990 2009 2010
f 1990 2010 1991
f 1991 2010 2011
f 1991 2011 1992
f 1992 2011 2012
f 1992 2012 1993
f 1993 2012 2013
f 1993 2013 1994
f 1994 2013 2014
f 1994 2014 1995
f 1995 2014 2015
f 1995 2015 1996
f 1996 2015 2016
f 1996 2016 1997
f 1997 2016 2017
f 1997 2017 1998
f 1998 2017 2018
f 1998 2018 1999
f 1999 2018 2019
f 1999 2019 2000
f 2000 2019 2020
f 2000 2020 2001
f 2002 2021 2022
f 2002 2022 2003
f 2003 2022 2023
f 2003 2023 2004
f 2004 2023 2024
f 2004 2024 2005
f 2005 2024 2025
f 2005 2025 2006
f 2006 2025 2026
f 2006 2026 2007
f 2007 2026 2027
f 2007 2027 2008
f 2008 2027 2028
f 2008 2028 2009
f 2009 2028 2029
f 2009 2029 2010
f 2010 2029 2030
f 2010 2030 2011
f 2011 2030 2031
f 2011 2031 2012
f 2012 2031 2032
f 2012 2032 2013
f 2013 2032 2033
f 2013 2033 2014
f 2014 2033 2034
f 2014 2034 2015
f 2015 2034 2035
f 2015 2035 2016
f 2016 2035 2036
f 2016 2036 2017
f 2017 2036 2037
f 2017 2037 2018
f 2018 2037 2038
f 2018 2038 2019
f 2019 2038 2039
f 2019 2039 2020
f 2021 2040 2041
f 2021 2041 2022
f 2022 2041 2042
f 2022 2042 2023
f 2023 2042 2043
f 2023 2043 2024
f 2024 2043 2044
f 2024 2044 2025
f 2025 2044 2045
f 2025 2045 2026
f 2026 2045 2046
f 2026 2046 2027
f 2027 2046 2047
f 2027 2047 2028
f 2028 2047 2048
f 2028 2048 2029
f 2029 2048 2049
f 2029 2049 2030
f 2030 2049 2050
f 2030 2050 2031
f 2031 2050 2051
f 2031 2051 2032
f 2032 2051 2052
f 2032 2052 2033
f 2033 2052 2053
f 2033 2053 2034
f 2034 2053 2054
f 2034 2054 2035
f 2035 2054 2055
f 2035 2055 2036
f 2036 2055 2056
f 2036 2056 2037
f 2037 2056 2057
f 2037 2057 2038
f 2038 2057 2058
f 2038 2058 2039
f 2040 2059 2060
f 2040 2060 2041
f 2041 2060 2061
f 2041 2061 2042
f 2042 2061 2062
f 2042 2062 2043
f 2043 2062 2063
f 2043 2063 2044
f 2044 2063 2064
f 2044 2064 2045
f 2045 2064 2065
f 2045 2065 2046
f 2046 2065 2066
f 2046 2066 2047
f 2047 2066 2067
f 2047 2067 2048
f 2048 2067 2068
f 2048 2068 2049
f 2049 2068 2069
f 2049 2069 2050
f 2050 2069 2070
f 2050 2070 2051
f 2051 2070 2071
f 2051 2071 2052
f 2052 2071 2072
f 2052 2072 2053
f 2053 2072 2073
f 2053 2073 2054
f 2054 2073 2074
f 2054 2074 2055
f 2055 2074 2075
f 2055 2075 2056
f 2056 2075 2076
f 2056 2076 2057
f 2057 2076 2077
f 2057 2077 2058
f 2059 2078 2079
f 2059 2079 2060
f 2060 2079 2080
f 2060 2080 2061
f 2061 2080 2081
f 2061 2081 2062
f 2062 2081 2082
f 2062 2082 2063
f 2063 2082 2083
f 2063 2083 2064
f 2064 2083 2084
f 2064 2084 2065
f 2065 2084 2085
f 2065 2085 2066
f 2066 2085 2086
f 2066 2086 2067
f 2067 2086 2087
f 2067 2087 2068
f 2068 2087 2088
f 2068 2088 2069
f 2069 2088 2089
f 2069 2089 2070
f 2070 2089 2090
f 2070 2090 2071
f 2071 2090 2091
f 2071 2091 2072
f 2072 2091 2092
f 2072 2092 2073
f 2073 2092 2093
f 2073 2093 2074
f 2074 2093 2094
f 2074 2094 2075
f 2075 2094 2095
f 2075 2095 2076
f 2076 2095 2096
f 2076 2096 2077
f 2078 2097 2098
f 2078 2098 2079
f 2079 2098 2099
f 2079 2099 2080
f 2080 2099 2100
f 2080 2100 2081
f 2081 2100 2101
f 2081 2101 2082
f 2082 2101 2102
f 2082 2102 2083
f 2083 2102 2103
f 2083 2103 2084
f 2084 2103 2104
f 2084 2104 2085
f 2085 2104 2105
f 2085 2105 2086
f 2086 2105 2106
f 2086 2106 2087
f 2087 2106 2107
f 2087 2107 2088
f 2088 2107 2108
f 2088 2108 2089
f 2089 2108 2109
f 2089 2109 2090
f 2090 2109 2110
f 2090 2110 2091
f 2091 2110 2111
f 2091 2111 2092
f 2092 2111 2112
f 2092 2112 2093
f 2093 2112 2113
f 2093 2113 2094
f 2094 2113 2114
f 2094 2114 2095
f 2095 2114 2115
f 2095 2115 2096
f 2097 2116 2117
f 2097 2117 2098
f 2098 2117 2118
f 2098 2118 2099
f 2099 2118 2119
f 2099 2119 2100
f 2100 2119 2120
f 2100 2120 2101
f 2101 2120 2121
f 2101 2121 2102
f 2102 2121 2122
f 2102 2122 2103
f 2103 2122 2123
f 2103 2123 2104
f 2104 2123 2124
f 2104 2124 2105
f 2105 2124 2125
f 2105 2125 2106
f 2106 2125 2126
f 2106 2126 2107
f 2107 2126 2127
f 2107 2127 2108
f 2108 2127 2128
f 2108 2128 2109
f 2109 2128 2129
f 2109 2129 2110
f 2110 2129 2130
f 2110 2130 2111
f 2111 2130 2131
f 2111 2131 2112
f 2112 2131 2132
f 2112 2132 2113
f 2113 2132 2133
f 2113 2133 2114
f 2114 2133 2134
f 2114 2134 2115
f 2116 2135 2136
f 2116 2136 2117
f 2117 2136 2137
f 2117 2137 2118
f 2118 2137 2138
f 2118 2138 2119
f 2119 2138 2139
f 2119 2139 2120
f 2120 2139 2140
f 2120 2140 2121
f 2121 2140 2141
f 2121 2141 2122
f 2122 2141 2142
f 2122 2142 2123
f 2123 2142 2143
f 2123 2143 2124
f 2124 2143 2144
f 2124 2144 2125
f 2125 2144 2145
f 2125 2145 2126
f 2126 2145 2146
f 2126 2146 2127
f 2127 2146 2147
f 2127 2147 2128
f 2128 2147 2148
f 2128 2148 2129
f 2129 2148 2149
f 2129 2149 2130
f 2130 2149 2150
f 2130 2150 2131
f 2131 2150 2151
f 2131 2151 2132
f 2132 2151 2152
f 2132 2152 2133
f 2133 2152 2153
f 2133 2153 2134
f 2135 2154 2155
f 2135 2155 2136
f 2136 2155 2156
f 2136 2156 2137
f 2137 2156 2157
f 2137 2157 2138
f 2138 2157 2158
f 2138 2158 2139
f 2139 2158 2159
f 2139 2159 2140
f 2140 2159 2160
f 2140 2160 2141
f 2141 2160 2161
f 2141 2161 2142
f 2142 2161 2162
f 2142 2162 2143
f 2143 2162 2163
f 2143 2163 2144
f 2144 2163 2164
f 2144 2164 2145
f 2145 2164 2165
f 2145 2165 2146
f 2146 2165 2166
f 2146 2166 2147
f 2147 2166 2167
f 2147 2167 2148
f 2148 2167 2168
f 2148 2168 2149
f 2149 2168 2169
f 2149 2169 2150
f 2150 2169 2170
f 2150 2170 2151
f 2151 2170 2171
f 2151 2171 2152
f 2152 2171 2172
f 2152 2172 2153
f 2154 2173 2174
f 2154 2174 2155
f 2155 2174 2175
f 2155 2175 2156
f 2156 2175 2176
f 2156 2176 2157
f 2157 2176 2177
f 2157 2177 2158
f 2158 2177 2178
f 2158 2178 2159
f 2159 2178 2179
f 2159 2179 2160
f 2160 2179 2180
f 2160 2180 2161
f 2161 2180 2181
f 2161 2181 2162
f 2162 2181 2182
f 2162 2182 2163
f 2163 2182 2183
f 2163 2183 2164
f 2164 2183 2184
f 2164 2184 2165
f 2165 2184 2185
f 2165 2185 2166
f 2166 2185 2186
f 2166 2186 2167
f 2167 2186 2187
f 2167 2187 2168
f 2168 2187 2188
f 2168 2188 2169
f 2169 2188 2189
f 2169 2189 2170
f 2170 2189 2190
f 2170 2190 2171
f 2171 2190 2191
f 2171 2191 2172
f 2173 2192 2193
f 2173 2193 2174
f 2174 2193 2194
f 2174 2194 2175
f 2175 2194 2195
f 2175 2195 2176
f 2176 2195 2196
f 2176 2196 2177
f 2177 2196 2197
f 2177 2197 2178
f 2178 2197 2198
f 2178 2198 2179
f 2179 2198 2199
f 2179 2199 2180
f 2180 2199 2200
f 2180 2200 2181
f 2181 2200 2201
f 2181 2201 2182
f 2182 2201 2202
f 2182 2202 2183
f 2183 2202 2203
f 2183 2203 2184
f 2184 2203 2204
f 2184 2204 2185
f 2185 2204 2205
f 2185 2205 2186
f 2186 2205 2206
f 2186 2206 2187
f 2187 2206 2207
f 2187 2207 2188
f 2188 2207 2208
f 2188 2208 2189
f 2189 2208 2209
f 2189 2209 2190
f 2190 2209 2210
f 2190 2210 2191
o vambrace_L
v 0.560000 -0.900000 0.000000
v 0.520000 -0.050000 0.000000
v 0.532592 -0.900000 0.173050
v 0.494549 -0.050000 0.160689
v 0.453050 -0.900000 0.329160
v 0.420689 -0.050000 0.305648
v 0.329160 -0.900000 0.453050
v 0.305648 -0.050000 0.420689
v 0.173050 -0.900000 0.532592
v 0.160689 -0.050000 0.494549
v 0.000000 -0.900000 0.560000
v 0.000000 -0.050000 0.520000
v -0.173050 -0.900000 0.532592
v -0.160689 -0.050000 0.494549
v -0.329160 -0.900000 0.453050
v -0.305648 -0.050000 0.420689
v -0.453050 -0.900000 0.329160
v -0.420689 -0.050000 0.305648
v -0.532592 -0.900000 0.173050
v -0.494549 -0.050000 0.160689
v -0.560000 -0.900000 0.000000
v -0.520000 -0.050000 0.000000
v -0.532592 -0.900000 -0.173050
v -0.494549 -0.050000 -0.160689
v -0.453050 -0.900000 -0.329160
v -0.420689 -0.050000 -0.305648
v -0.329160 -0.900000 -0.453050
v -0.305648 -0.050000 -0.420689
v -0.173050 -0.900000 -0.532592
v -0.160689 -0.050000 -0.494549
v 0.000000 -0.900000 -0.560000
v 0.000000 -0.050000 -0.520000
v 0.173050 -0.900000 -0.532592
v 0.160689 -0.050000 -0.494549
v 0.329160 -0.900000 -0.453050
v 0.305648 -0.050000 -0.420689
v 0.453050 -0.900000 -0.329160
v 0.420689 -0.050000 -0.305648
v 0.532592 -0.900000 -0.173050
v 0.494549 -0.050000 -0.160689
v 0.560000 -0.900000 -0.000000
v 0.520000 -0.050000 -0.000000
vn 0.986623 0.046429 0.156266
vn 0.986623 0.046429 0.156266
vn 0.932413 0.046942 0.358333
vn 0.964961 0.046942 0.258161
vn 0.776047 0.046942 0.628926
vn 0.837956 0.046942 0.543715
vn 0.543715 0.046942 0.837956
vn 0.628926 0.046942 0.776047
vn 0.258161 0.046942 0.964961
vn 0.358333 0.046942 0.932413
vn -0.052663 0.046942 0.997508
vn 0.052663 0.046942 0.997508
vn -0.358333 0.046942 0.932413
vn -0.258161 0.046942 0.964961
vn -0.628926 0.046942 0.776047
vn -0.543715 0.046942 0.837956
vn -0.837956 0.046942 0.543715
vn -0.776047 0.046942 0.628926
vn -0.964961 0.046942 0.258161
vn -0.932413 0.046942 0.358333
vn -0.997508 0.046942 -0.052663
vn -0.997508 0.046942 0.052663
vn -0.932413 0.046942 -0.358333
vn -0.964961 0.046942 -0.258161
vn -0.776047 0.046942 -0.628926
vn -0.837956 0.046942 -0.543715
vn -0.543715 0.046942 -0.837956
vn -0.628926 0.046942 -0.776047
vn -0.258161 0.046942 -0.964961
vn -0.358333 0.046942 -0.932413
vn 0.052663 0.046942 -0.997508
vn -0.052663 0.046942 -0.997508
vn 0.358333 0.046942 -0.932413
vn 0.258161 0.046942 -0.964961
vn 0.628926 0.046942 -0.776047
vn 0.543715 0.046942 -0.837956
vn 0.837956 0.046942 -0.543715
vn 0.776047 0.046942 -0.628926
vn 0.964961 0.046942 -0.258161
vn 0.932413 0.046942 -0.358333
vn 0.986623 0.046429 -0.156266
vn 0.986623 0.046429 -0.156266
usemtl steel
f 2211 2212 2214
f 2211 2214 2213
f 2213 2214 2216
f 2213 2216 2215
f 2215 2216 2218
f 2215 2218 2217
f 2217 2218 2220
f 2217 2220 2219
f 2219 2220 2222
f 2219 2222 2221
f 2221 2222 2224
f 2221 2224 2223
f 2223 2224 2226
f 2223 2226 2225
f 2225 2226 2228
f 2225 2228 2227
f 2227 2228 2230
f 2227 2230 2229
f 2229 2230 2232
f 2229 2232 2231
f 2231 2232 2234
f 2231 2234 2233
f 2233 2234 2236
f 2233 2236 2235
f 2235 2236 2238
f 2235 2238 2237
f 2237 2238 2240
f 2237 2240 2239
f 2239 2240 2242
f 2239 2242 2241
f 2241 2242 2244
f 2241 2244 2243
f 2243 2244 2246
f 2243 2246 2245
f 2245 2246 2248
f 2245 2248 2247
f 2247 2248 2250
f 2247 2250 2249
f 2249 2250 2252
f 2249 2252 2251
o gauntlet_L
v 0.560000 -0.820000 0.000000
v 0.532592 -0.820000 0.173050
v 0.453050 -0.820000 0.329160
v 0.329160 -0.820000 0.453050
v 0.173050 -0.820000 0.532592
v 0.000000 -0.820000 0.560000
v -0.173050 -0.820000 0.532592
v -0.329160 -0.820000 0.453050
v -0.453050 -0.820000 0.329160
v -0.532592 -0.820000 0.173050
v -0.560000 -0.820000 0.000000
v -0.532592 -0.820000 -0.173050
v -0.453050 -0.820000 -0.329160
v -0.329160 -0.820000 -0.453050
v -0.173050 -0.820000 -0.532592
v 0.000000 -0.820000 -0.560000
v 0.173050 -0.820000 -0.532592
v 0.329160 -0.820000 -0.453050
v 0.453050 -0.820000 -0.329160
v 0.532592 -0.820000 -0.173050
v 0.560000 -0.820000 -0.000000
v 0.550000 -0.920000 0.000000
v 0.523081 -0.920000 0.169959
v 0.444959 -0.920000 0.323282
v 0.323282 -0.920000 0.444959
v 0.169959 -0.920000 0.523081
v 0.000000 -0.920000 0.550000
v -0.169959 -0.920000 0.523081
v -0.323282 -0.920000 0.444959
v -0.444959 -0.920000 0.323282
v -0.523081 -0.920000 0.169959
v -0.550000 -0.920000 0.000000
v -0.523081 -0.920000 -0.169959
v -0.444959 -0.920000 -0.323282
v -0.323282 -0.920000 -0.444959
v -0.169959 -0.920000 -0.523081
v 0.000000 -0.920000 -0.550000
v 0.169959 -0.920000 -0.523081
v 0.323282 -0.920000 -0.444959
v 0.444959 -0.920000 -0.323282
v 0.523081 -0.920000 -0.169959
v 0.550000 -0.920000 -0.000000
v 0.500000 -1.000000 0.000000
v 0.475528 -1.000000 0.154508
v 0.404508 -1.000000 0.293893
v 0.293893 -1.000000 0.404508
v 0.154508 -1.000000 0.475528
v 0.000000 -1.000000 0.500000
v -0.154508 -1.000000 0.475528
v -0.293893 -1.000000 0.404508
v -0.404508 -1.000000 0.293893
v -0.475528 -1.000000 0.154508
v -0.500000 -1.000000 0.000000
v -0.475528 -1.000000 -0.154508
v -0.404508 -1.000000 -0.293893
v -0.293893 -1.000000 -0.404508
v -0.154508 -1.000000 -0.475528
v 0.000000 -1.000000 -0.500000
v 0.154508 -1.000000 -0.475528
v 0.293893 -1.000000 -0.404508
v 0.404508 -1.000000 -0.293893
v 0.475528 -1.000000 -0.154508
v 0.500000 -1.000000 -0.000000
v 0.420000 -1.050000 0.000000
v 0.399444 -1.050000 0.129787
v 0.339787 -1.050000 0.246870
v 0.246870 -1.050000 0.339787
v 0.129787 -1.050000 0.399444
v 0.000000 -1.050000 0.420000
v -0.129787 -1.050000 0.399444
v -0.246870 -1.050000 0.339787
v -0.339787 -1.050000 0.246870
v -0.399444 -1.050000 0.129787
v -0.420000 -1.050000 0.000000
v -0.399444 -1.050000 -0.129787
v -0.339787 -1.050000 -0.246870
v -0.246870 -1.050000 -0.339787
v -0.129787 -1.050000 -0.399444
v 0.000000 -1.050000 -0.420000
v 0.129787 -1.050000 -0.399444
v 0.246870 -1.050000 -0.339787
v 0.339787 -1.050000 -0.246870
v 0.399444 -1.050000 -0.129787
v 0.420000 -1.050000 -0.000000
v 0.300000 -1.080000 0.000000
v 0.285317 -1.080000 0.092705
v 0.242705 -1.080000 0.176336
v 0.176336 -1.080000 0.242705
v 0.092705 -1.080000 0.285317
v 0.000000 -1.080000 0.300000
v -0.092705 -1.080000 0.285317
v -0.176336 -1.080000 0.242705
v -0.242705 -1.080000 0.176336
v -0.285317 -1.080000 0.092705
v -0.300000 -1.080000 0.000000
v -0.285317 -1.080000 -0.092705
v -0.242705 -1.080000 -0.176336
v -0.176336 -1.080000 -0.242705
v -0.092705 -1.080000 -0.285317
v 0.000000 -1.080000 -0.300000
v 0.092705 -1.080000 -0.285317
v 0.176336 -1.080000 -0.242705
v 0.242705 -1.080000 -0.176336
v 0.285317 -1.080000 -0.092705
v 0.300000 -1.080000 -0.000000
v 0.180000 -1.095000 0.000000
v 0.171190 -1.095000 0.055623
v 0.145623 -1.095000 0.105801
v 0.105801 -1.095000 0.145623
v 0.055623 -1.095000 0.171190
v 0.000000 -1.095000 0.180000
v -0.055623 -1.095000 0.171190
v -0.105801 -1.095000 0.145623
v -0.145623 -1.095000 0.105801
v -0.171190 -1.095000 0.055623
v -0.180000 -1.095000 0.000000
v -0.171190 -1.095000 -0.055623
v -0.145623 -1.095000 -0.105801
v -0.105801 -1.095000 -0.145623
v -0.055623 -1.095000 -0.171190
v 0.000000 -1.095000 -0.180000
v 0.055623 -1.095000 -0.171190
v 0.105801 -1.095000 -0.145623
v 0.145623 -1.095000 -0.105801
v 0.171190 -1.095000 -0.055623
v 0.180000 -1.095000 -0.000000
v 0.008000 -1.100000 0.000000
v 0.007608 -1.100000 0.002472
v 0.006472 -1.100000 0.004702
v 0.004702 -1.100000 0.006472
v 0.002472 -1.100000 0.007608
v 0.000000 -1.100000 0.008000
v -0.002472 -1.100000 0.007608
v -0.004702 -1.100000 0.006472
v -0.006472 -1.100000 0.004702
v -0.007608 -1.100000 0.002472
v -0.008000 -1.100000 0.000000
v -0.007608 -1.100000 -0.002472
v -0.006472 -1.100000 -0.004702
v -0.004702 -1.100000 -0.006472
v -0.002472 -1.100000 -0.007608
v 0.000000 -1.100000 -0.008000
v 0.002472 -1.100000 -0.007608
v 0.004702 -1.100000 -0.006472
v 0.006472 -1.100000 -0.004702
v 0.007608 -1.100000 -0.002472
v 0.008000 -1.100000 -0.000000
vn 0.982906 -0.098291 0.155677
vn 0.961245 -0.099367 0.257167
vn 0.834729 -0.099367 0.541621
vn 0.626504 -0.099367 0.773058
vn 0.356953 -0.099367 0.928822
vn 0.052460 -0.099367 0.993667
vn -0.257167 -0.099367 0.961245
vn -0.541621 -0.099367 0.834729
vn -0.773058 -0.099367 0.626504
vn -0.928822 -0.099367 0.356953
vn -0.993667 -0.099367 0.052460
vn -0.961245 -0.099367 -0.257167
vn -0.834729 -0.099367 -0.541621
vn -0.626504 -0.099367 -0.773058
vn -0.356953 -0.099367 -0.928822
vn -0.052460 -0.099367 -0.993667
vn 0.257167 -0.099367 -0.961245
vn 0.541621 -0.099367 -0.834729
vn 0.773058 -0.099367 -0.626504
vn 0.928822 -0.099367 -0.356953
vn 0.982906 -0.098291 -0.155677
vn 0.957276 -0.246243 0.151618
vn 0.898674 -0.323589 0.296100
vn 0.763190 -0.323589 0.559314
vn 0.552999 -0.323589 0.767778
vn 0.288677 -0.323589 0.901086
vn -0.003903 -0.323589 0.946190
vn -0.296100 -0.323589 0.898674
vn -0.559314 -0.323589 0.763190
vn -0.767778 -0.323589 0.552999
vn -0.901086 -0.323589 0.288677
vn -0.946190 -0.323589 -0.003903
vn -0.898674 -0.323589 -0.296100
vn -0.763190 -0.323589 -0.559314
vn -0.552999 -0.323589 -0.767778
vn -0.288677 -0.323589 -0.901086
vn 0.003903 -0.323589 -0.946190
vn 0.296100 -0.323589 -0.898674
vn 0.559314 -0.323589 -0.763190
vn 0.767778 -0.323589 -0.552999
vn 0.901086 -0.323589 -0.288677
vn 0.908682 -0.391899 -0.143921
vn 0.753473 -0.646558 0.119338
vn 0.669422 -0.707524 0.226460
vn 0.566678 -0.707524 0.422239
vn 0.408464 -0.707524 0.576686
vn 0.210267 -0.707524 0.674684
vn -0.008513 -0.707524 0.706638
vn -0.226460 -0.707524 0.669422
vn -0.422239 -0.707524 0.566678
vn -0.576686 -0.707524 0.408464
vn -0.674684 -0.707524 0.210267
vn -0.706638 -0.707524 -0.008513
vn -0.669422 -0.707524 -0.226460
vn -0.566678 -0.707524 -0.422239
vn -0.408464 -0.707524 -0.576686
vn -0.210267 -0.707524 -0.674684
vn 0.008513 -0.707524 -0.706638
vn 0.226460 -0.707524 -0.669422
vn 0.422239 -0.707524 -0.566678
vn 0.576686 -0.707524 -0.408464
vn 0.674684 -0.707524 -0.210267
vn 0.646948 -0.755618 -0.102467
vn 0.437731 -0.896429 0.069330
vn 0.369357 -0.920422 0.128059
vn 0.311707 -0.920422 0.235929
vn 0.223545 -0.920422 0.320705
vn 0.113501 -0.920422 0.374088
vn -0.007654 -0.920422 0.390852
vn -0.128059 -0.920422 0.369357
vn -0.235929 -0.920422 0.311707
vn -0.320705 -0.920422 0.223545
vn -0.374088 -0.920422 0.113501
vn -0.390852 -0.920422 -0.007654
vn -0.369357 -0.920422 -0.128059
vn -0.311707 -0.920422 -0.235929
vn -0.223545 -0.920422 -0.320705
vn -0.113501 -0.920422 -0.374088
vn 0.007654 -0.920422 -0.390852
vn 0.128059 -0.920422 -0.369357
vn 0.235929 -0.920422 -0.311707
vn 0.320705 -0.920422 -0.223545
vn 0.374088 -0.920422 -0.113501
vn 0.341402 -0.938361 -0.054073
vn 0.203244 -0.978599 0.032191
vn 0.173648 -0.982996 0.059714
vn 0.146697 -0.982996 0.110452
vn 0.105385 -0.982996 0.150378
vn 0.053758 -0.982996 0.175583
vn -0.003131 -0.982996 0.183602
vn -0.059714 -0.982996 0.173648
vn -0.110452 -0.982996 0.146697
vn -0.150378 -0.982996 0.105385
vn -0.175583 -0.982996 0.053758
vn -0.183602 -0.982996 -0.003131
vn -0.173648 -0.982996 -0.059714
vn -0.146697 -0.982996 -0.110452
vn -0.105385 -0.982996 -0.150378
vn -0.053758 -0.982996 -0.175583
vn 0.003131 -0.982996 -0.183602
vn 0.059714 -0.982996 -0.173648
vn 0.110452 -0.982996 -0.146697
vn 0.150378 -0.982996 -0.105385
vn 0.175583 -0.982996 -0.053758
vn 0.163730 -0.986164 -0.025932
vn 0.092455 -0.995609 0.014643
vn 0.072103 -0.997057 0.026066
vn 0.060519 -0.997057 0.047071
vn 0.043011 -0.997057 0.063469
vn 0.021293 -0.997057 0.073654
vn -0.002510 -0.997057 0.076629
vn -0.026066 -0.997057 0.072103
vn -0.047071 -0.997057 0.060519
vn -0.063469 -0.997057 0.043011
vn -0.073654 -0.997057 0.021293
vn -0.076629 -0.997057 -0.002510
vn -0.072103 -0.997057 -0.026066
vn -0.060519 -0.997057 -0.047071
vn -0.043011 -0.997057 -0.063469
vn -0.021293 -0.997057 -0.073654
vn 0.002510 -0.997057 -0.076629
vn 0.026066 -0.997057 -0.072103
vn 0.047071 -0.997057 -0.060519
vn 0.063469 -0.997057 -0.043011
vn 0.073654 -0.997057 -0.021293
vn 0.060771 -0.998105 -0.009625
vn 0.029057 -0.999567 0.004602
vn 0.027161 -0.999577 0.010438
vn 0.022606 -0.999577 0.018321
vn 0.015838 -0.999577 0.024410
vn 0.007520 -0.999577 0.028109
vn -0.001534 -0.999577 0.029057
vn -0.010438 -0.999577 0.027161
vn -0.018321 -0.999577 0.022606
vn -0.024410 -0.999577 0.015838
vn -0.028109 -0.999577 0.007520
vn -0.029057 -0.999577 -0.001534
vn -0.027161 -0.999577 -0.010438
vn -0.022606 -0.999577 -0.018321
vn -0.015838 -0.999577 -0.024410
vn -0.007520 -0.999577 -0.028109
vn 0.001534 -0.999577 -0.029057
vn 0.010438 -0.999577 -0.027161
vn 0.018321 -0.999577 -0.022606
vn 0.024410 -0.999577 -0.015838
vn 0.028109 -0.999577 -0.007520
vn 0.029057 -0.999567 -0.004602
usemtl steel_light
f 2254 2275 2274
f 2254 2274 2253
f 2255 2276 2275
f 2255 2275 2254
f 2256 2277 2276
f 2256 2276 2255
f 2257 2278 2277
f 2257 2277 2256
f 2258 2279 2278
f 2258 2278 2257
f 2259 2280 2279
f 2259 2279 2258
f 2260 2281 2280
f 2260 2280 2259
f 2261 2282 2281
f 2261 2281 2260
f 2262 2283 2282
f 2262 2282 2261
f 2263 2284 2283
f 2263 2283 2262
f 2264 2285 2284
f 2264 2284 2263
f 2265 2286 2285
f 2265 2285 2264
f 2266 2287 2286
f 2266 2286 2265
f 2267 2288 2287
f 2267 2287 2266
f 2268 2289 2288
f 2268 2288 2267
f 2269 2290 2289
f 2269 2289 2268
f 2270 2291 2290
f 2270 2290 2269
f 2271 2292 2291
f 2271 2291 2270
f 2272 2293 2292
f 2272 2292 2271
f 2273 2294 2293
f 2273 2293 2272
f 2275 2296 2295
f 2275 2295 2274
f 2276 2297 2296
f 2276 2296 2275
f 2277 2298 2297
f 2277 2297 2276
f 2278 2299 2298
f 2278 2298 2277
f 2279 2300 2299
f 2279 2299 2278
f 2280 2301 2300
f 2280 2300 2279
f 2281 2302 2301
f 2281 2301 2280
f 2282 2303 2302
f 2282 2302 2281
f 2283 2304 2303
f 2283 2303 2282
f 2284 2305 2304
f 2284 2304 2283
f 2285 2306 2305
f 2285 2305 2284
f 2286 2307 2306
f 2286 2306 2285
f 2287 2308 2307
f 2287 2307 2286
f 2288 2309 2308
f 2288 2308 2287
f 2289 2310 2309
f 2289 2309 2288
f 2290 2311 2310
f 2290 2310 2289
f 2291 2312 2311
f 2291 2311 2290
f 2292 2313 2312
f 2292 2312 2291
f 2293 2314 2313
f 2293 2313 2292
f 2294 2315 2314
f 2294 2314 2293
f 2296 2317 2316
f 2296 2316 2295
f 2297 2318 2317
f 2297 2317 2296
f 2298 2319 2318
f 2298 2318 2297
f 2299 2320 2319
f 2299 2319 2298
f 2300 2321 2320
f 2300 2320 2299
f 2301 2322 2321
f 2301 2321 2300
f 2302 2323 2322
f 2302 2322 2301
f 2303 2324 2323
f 2303 2323 2302
f 2304 2325 2324
f 2304 2324 2303
f 2305 2326 2325
f 2305 2325 2304
f 2306 2327 2326
f 2306 2326 2305
f 2307 2328 2327
f 2307 2327 2306
f 2308 2329 2328
f 2308 2328 2307
f 2309 2330 2329
f 2309 2329 2308
f 2310 2331 2330
f 2310 2330 2309
f 2311 2332 2331
f 2311 2331 2310
f 2312 2333 2332
f 2312 2332 2311
f 2313 2334 2333
f 2313 2333 2312
f 2314 2335 2334
f 2314 2334 2313
f 2315 2336 2335
f 2315 2335 2314
f 2317 2338 2337
f 2317 2337 2316
f 2318 2339 2338
f 2318 2338 2317
f 2319 2340 2339
f 2319 2339 2318
f 2320 2341 2340
f 2320 2340 2319
f 2321 2342 2341
f 2321 2341 2320
f 2322 2343 2342
f 2322 2342 2321
f 2323 2344 2343
f 2323 2343 2322
f 2324 2345 2344
f 2324 2344 2323
f 2325 2346 2345
f 2325 2345 2324
f 2326 2347 2346
f 2326 2346 2325
f 2327 2348 2347
f 2327 2347 2326
f 2328 2349 2348
f 2328 2348 2327
f 2329 2350 2349
f 2329 2349 2328
f 2330 2351 2350
f 2330 2350 2329
f 2331 2352 2351
f 2331 2351 2330
f 2332 2353 2352
f 2332 2352 2331
f 2333 2354 2353
f 2333 2353 2332
f 2334 2355 2354
f 2334 2354 2333
f 2335 2356 2355
f 2335 2355 2334
f 2336 2357 2356
f 2336 2356 2335
f 2338 2359 2358
f 2338 2358 2337
f 2339 2360 2359
f 2339 2359 2338
f 2340 2361 2360
f 2340 2360 2339
f 2341 2362 2361
f 2341 2361 2340
f 2342 2363 2362
f 2342 2362 2341
f 2343 2364 2363
f 2343 2363 2342
f 2344 2365 2364
f 2344 2364 2343
f 2345 2366 2365
f 2345 2365 2344
f 2346 2367 2366
f 2346 2366 2345
f 2347 2368 2367
f 2347 2367 2346
f 2348 2369 2368
f 2348 2368 2347
f 2349 2370 2369
f 2349 2369 2348
f 2350 2371 2370
f 2350 2370 2349
f 2351 2372 2371
f 2351 2371 2350
f 2352 2373 2372
f 2352 2372 2351
f 2353 2374 2373
f 2353 2373 2352
f 2354 2375 2374
f 2354 2374 2353
f 2355 2376 2375
f 2355 2375 2354
f 2356 2377 2376
f 2356 2376 2355
f 2357 2378 2377
f 2357 2377 2356
f 2359 2380 2379
f 2359 2379 2358
f 2360 2381 2380
f 2360 2380 2359
f 2361 2382 2381
f 2361 2381 2360
f 2362 2383 2382
f 2362 2382 2361
f 2363 2384 2383
f 2363 2383 2362
f 2364 2385 2384
f 2364 2384 2363
f 2365 2386 2385
f 2365 2385 2364
f 2366 2387 2386
f 2366 2386 2365
f 2367 2388 2387
f 2367 2387 2366
f 2368 2389 2388
f 2368 2388 2367
f 2369 2390 2389
f 2369 2389 2368
f 2370 2391 2390
f 2370 2390 2369
f 2371 2392 2391
f 2371 2391 2370
f 2372 2393 2392
f 2372 2392 2371
f 2373 2394 2393
f 2373 2393 2372
f 2374 2395 2394
f 2374 2394 2373
f 2375 2396 2395
f 2375 2395 2374
f 2376 2397 2396
f 2376 2396 2375
f 2377 2398 2397
f 2377 2397 2376
f 2378 2399 2398
f 2378 2398 2377
o cuisse_L
v 0.620000 0.050000 0.000000
v 0.560000 0.950000 0.000000
v 0.589655 0.050000 0.191591
v 0.532592 0.950000 0.173050
v 0.501591 0.050000 0.364427
v 0.453050 0.950000 0.329160
v 0.364427 0.050000 0.501591
v 0.329160 0.950000 0.453050
v 0.191591 0.050000 0.589655
v 0.173050 0.950000 0.532592
v 0.000000 0.050000 0.620000
v 0.000000 0.950000 0.560000
v -0.191591 0.050000 0.589655
v -0.173050 0.950000 0.532592
v -0.364427 0.050000 0.501591
v -0.329160 0.950000 0.453050
v -0.501591 0.050000 0.364427
v -0.453050 0.950000 0.329160
v -0.589655 0.050000 0.191591
v -0.532592 0.950000 0.173050
v -0.620000 0.050000 0.000000
v -0.560000 0.950000 0.000000
v -0.589655 0.050000 -0.191591
v -0.532592 0.950000 -0.173050
v -0.501591 0.050000 -0.364427
v -0.453050 0.950000 -0.329160
v -0.364427 0.050000 -0.501591
v -0.329160 0.950000 -0.453050
v -0.191591 0.050000 -0.589655
v -0.173050 0.950000 -0.532592
v -0.000000 0.050000 -0.620000
v -0.000000 0.950000 -0.560000
v 0.191591 0.050000 -0.589655
v 0.173050 0.950000 -0.532592
v 0.364427 0.050000 -0.501591
v 0.329160 0.950000 -0.453050
v 0.501591 0.050000 -0.364427
v 0.453050 0.950000 -0.329160
v 0.589655 0.050000 -0.191591
v 0.532592 0.950000 -0.173050
v 0.620000 0.050000 -0.000000
v 0.560000 0.950000 -0.000000
vn 0.985554 0.065704 0.156096
vn 0.985554 0.065704 0.156096
vn 0.931380 0.066427 0.357936
vn 0.963892 0.066427 0.257875
vn 0.775187 0.066427 0.628230
vn 0.837028 0.066427 0.543113
vn 0.543113 0.066427 0.837028
vn 0.628230 0.066427 0.775187
vn 0.257875 0.066427 0.963892
vn 0.357936 0.066427 0.931380
vn -0.052605 0.066427 0.996404
vn 0.052605 0.066427 0.996404
vn -0.357936 0.066427 0.931380
vn -0.257875 0.066427 0.963892
vn -0.628230 0.066427 0.775187
vn -0.543113 0.066427 0.837028
vn -0.837028 0.066427 0.543113
vn -0.775187 0.066427 0.628230
vn -0.963892 0.066427 0.257875
vn -0.931380 0.066427 0.357936
vn -0.996404 0.066427 -0.052605
vn -0.996404 0.066427 0.052605
vn -0.931380 0.066427 -0.357936
vn -0.963892 0.066427 -0.257875
vn -0.775187 0.066427 -0.628230
vn -0.837028 0.066427 -0.543113
vn -0.543113 0.066427 -0.837028
vn -0.628230 0.066427 -0.775187
vn -0.257875 0.066427 -0.963892
vn -0.357936 0.066427 -0.931380
vn 0.052605 0.066427 -0.996404
vn -0.052605 0.066427 -0.996404
vn 0.357936 0.066427 -0.931380
vn 0.257875 0.066427 -0.963892
vn 0.628230 0.066427 -0.775187
vn 0.543113 0.066427 -0.837028
vn 0.837028 0.066427 -0.543113
vn 0.775187 0.066427 -0.628230
vn 0.963892 0.066427 -0.257875
vn 0.931380 0.066427 -0.357936
vn 0.985554 0.065704 -0.156096
vn 0.985554 0.065704 -0.156096
usemtl steel
f 2400 2401 2403
f 2400 2403 2402
f 2402 2403 2405
f 2402 2405 2404
f 2404 2405 2407
f 2404 2407 2406
f 2406 2407 2409
f 2406 2409 2408
f 2408 2409 2411
f 2408 2411 2410
f 2410 2411 2413
f 2410 2413 2412
f 2412 2413 2415
f 2412 2415 2414
f 2414 2415 2417
f 2414 2417 2416
f 2416 2417 2419
f 2416 2419 2418
f 2418 2419 2421
f 2418 2421 2420
f 2420 2421 2423
f 2420 2423 2422
f 2422 2423 2425
f 2422 2425 2424
f 2424 2425 2427
f 2424 2427 2426
f 2426 2427 2429
f 2426 2429 2428
f 2428 2429 2431
f 2428 2431 2430
f 2430 2431 2433
f 2430 2433 2432
f 2432 2433 2435
f 2432 2435 2434
f 2434 2435 2437
f 2434 2437 2436
f 2436 2437 2439
f 2436 2439 2438
f 2438 2439 2441
f 2438 2441 2440
o greave_L
v 0.560000 -0.950000 0.000000
v 0.500000 -0.050000 0.000000
v 0.532592 -0.950000 0.173050
v 0.475528 -0.050000 0.154508
v 0.453050 -0.950000 0.329160
v 0.404508 -0.050000 0.293893
v 0.329160 -0.950000 0.453050
v 0.293893 -0.050000 0.404508
v 0.173050 -0.950000 0.532592
v 0.154508 -0.050000 0.475528
v 0.000000 -0.950000 0.560000
v 0.000000 -0.050000 0.500000
v -0.173050 -0.950000 0.532592
v -0.154508 -0.050000 0.475528
v -0.329160 -0.950000 0.453050
v -0.293893 -0.050000 0.404508
v -0.453050 -0.950000 0.329160
v -0.404508 -0.050000 0.293893
v -0.532592 -0.950000 0.173050
v -0.475528 -0.050000 0.154508
v -0.560000 -0.950000 0.000000
v -0.500000 -0.050000 0.000000
v -0.532592 -0.950000 -0.173050
v -0.475528 -0.050000 -0.154508
v -0.453050 -0.950000 -0.329160
v -0.404508 -0.050000 -0.293893
v -0.329160 -0.950000 -0.453050
v -0.293893 -0.050000 -0.404508
v -0.173050 -0.950000 -0.532592
v -0.154508 -0.050000 -0.475528
v -0.000000 -0.950000 -0.560000
v -0.000000 -0.050000 -0.500000
v 0.173050 -0.950000 -0.532592
v 0.154508 -0.050000 -0.475528
v 0.329160 -0.950000 -0.453050
v 0.293893 -0.050000 -0.404508
v 0.453050 -0.950000 -0.329160
v 0.404508 -0.050000 -0.293893
v 0.532592 -0.950000 -0.173050
v 0.475528 -0.050000 -0.154508
v 0.560000 -0.950000 -0.000000
v 0.500000 -0.050000 -0.000000
vn 0.985554 0.065704 0.156096
vn 0.985554 0.065704 0.156096
vn 0.931380 0.066427 0.357936
vn 0.963892 0.066427 0.257875
vn 0.775187 0.066427 0.628230
vn 0.837028 0.066427 0.543113
vn 0.543113 0.066427 0.837028
vn 0.628230 0.066427 0.775187
vn 0.257875 0.066427 0.963892
vn 0.357936 0.066427 0.931380
vn -0.052605 0.066427 0.996404
vn 0.052605 0.066427 0.996404
vn -0.357936 0.066427 0.931380
vn -0.257875 0.066427 0.963892
vn -0.628230 0.066427 0.775187
vn -0.543113 0.066427 0.837028
vn -0.837028 0.066427 0.543113
vn -0.775187 0.066427 0.628230
vn -0.963892 0.066427 0.257875
vn -0.931380 0.066427 0.357936
vn -0.996404 0.066427 -0.052605
vn -0.996404 0.066427 0.052605
vn -0.931380 0.066427 -0.357936
vn -0.963892 0.066427 -0.257875
vn -0.775187 0.066427 -0.628230
vn -0.837028 0.066427 -0.543113
vn -0.543113 0.066427 -0.837028
vn -0.628230 0.066427 -0.775187
vn -0.257875 0.066427 -0.963892
vn -0.357936 0.066427 -0.931380
vn 0.052605 0.066427 -0.996404
vn -0.052605 0.066427 -0.996404
vn 0.357936 0.066427 -0.931380
vn 0.257875 0.066427 -0.963892
vn 0.628230 0.066427 -0.775187
vn 0.543113 0.066427 -0.837028
vn 0.837028 0.066427 -0.543113
vn 0.775187 0.066427 -0.628230
vn 0.963892 0.066427 -0.257875
vn 0.931380 0.066427 -0.357936
vn 0.985554 0.065704 -0.156096
vn 0.985554 0.065704 -0.156096
usemtl lacquer_red
f 2442 2443 2445
f 2442 2445 2444
f 2444 2445 2447
f 2444 2447 2446
f 2446 2447 2449
f 2446 2449 2448
f 2448 2449 2451
f 2448 2451 2450
f 2450 2451 2453
f 2450 2453 2452
f 2452 2453 2455
f 2452 2455 2454
f 2454 2455 2457
f 2454 2457 2456
f 2456 2457 2459
f 2456 2459 2458
f 2458 2459 2461
f 2458 2461 2460
f 2460 2461 2463
f 2460 2463 2462
f 2462 2463 2465
f 2462 2465 2464
f 2464 2465 2467
f 2464 2467 2466
f 2466 2467 2469
f 2466 2469 2468
f 2468 2469 2471
f 2468 2471 2470
f 2470 2471 2473
f 2470 2473 2472
f 2472 2473 2475
f 2472 2475 2474
f 2474 2475 2477
f 2474 2477 2476
f 2476 2477 2479
f 2476 2479 2478
f 2478 2479 2481
f 2478 2481 2480
f 2480 2481 2483
f 2480 2483 2482
o sabaton_L
v 0.175500 -0.840000 -0.200000
v 0.175500 -0.840000 0.400000
v 0.162141 -0.896828 -0.200000
v 0.162141 -0.896828 0.400000
v 0.124097 -0.945005 -0.200000
v 0.124097 -0.945005 0.400000
v 0.067161 -0.977196 -0.200000
v 0.067161 -0.977196 0.400000
v 0.000000 -0.988500 -0.200000
v 0.000000 -0.988500 0.400000
v -0.067161 -0.977196 -0.200000
v -0.067161 -0.977196 0.400000
v -0.124097 -0.945005 -0.200000
v -0.124097 -0.945005 0.400000
v -0.162141 -0.896828 -0.200000
v -0.162141 -0.896828 0.400000
v -0.175500 -0.840000 -0.200000
v -0.175500 -0.840000 0.400000
v -0.162141 -0.783172 -0.200000
v -0.162141 -0.783172 0.400000
v -0.124097 -0.734995 -0.200000
v -0.124097 -0.734995 0.400000
v -0.067161 -0.702804 -0.200000
v -0.067161 -0.702804 0.400000
v 0.000000 -0.691500 -0.200000
v 0.000000 -0.691500 0.400000
v 0.067161 -0.702804 -0.200000
v 0.067161 -0.702804 0.400000
v 0.124097 -0.734995 -0.200000
v 0.124097 -0.734995 0.400000
v 0.162141 -0.783172 -0.200000
v 0.162141 -0.783172 0.400000
v 0.175500 -0.840000 -0.200000
v 0.175500 -0.840000 0.400000
v 0.000000 -0.840000 -0.200000
v 0.000000 -0.840000 0.400000
vn 0.870693 -0.204681 -0.447214
vn 0.688343 -0.161814 0.707107
vn 0.715773 -0.413270 -0.562918
vn 0.768872 -0.303249 0.562918
vn 0.496375 -0.662363 -0.561148
vn 0.578483 -0.592005 0.561148
vn 0.230705 -0.795806 -0.559882
vn 0.322018 -0.763437 0.559882
vn -0.046429 -0.827554 -0.559463
vn 0.046429 -0.827554 0.559463
vn -0.322018 -0.763437 -0.559882
vn -0.230705 -0.795806 0.559882
vn -0.578483 -0.592005 -0.561148
vn -0.496375 -0.662363 0.561148
vn -0.768872 -0.303249 -0.562918
vn -0.715773 -0.413270 0.562918
vn -0.823346 0.064517 -0.563860
vn -0.823346 -0.064517 0.563860
vn -0.715773 0.413270 -0.562918
vn -0.768872 0.303249 0.562918
vn -0.496375 0.662363 -0.561148
vn -0.578483 0.592005 0.561148
vn -0.230705 0.795806 -0.559882
vn -0.322018 0.763437 0.559882
vn 0.046429 0.827554 -0.559463
vn -0.046429 0.827554 0.559463
vn 0.322018 0.763437 -0.559882
vn 0.230705 0.795806 0.559882
vn 0.578483 0.592005 -0.561148
vn 0.496375 0.662363 0.561148
vn 0.768872 0.303249 -0.562918
vn 0.715773 0.413270 0.562918
vn 0.688343 0.161814 -0.707107
vn 0.870693 0.204681 0.447214
vn 0.000000 -0.000000 -1.000000
vn -0.000000 0.000000 1.000000
usemtl steel
f 2484 2485 2487
f 2484 2487 2486
f 2486 2487 2489
f 2486 2489 2488
f 2488 2489 2491
f 2488 2491 2490
f 2490 2491 2493
f 2490 2493 2492
f 2492 2493 2495
f 2492 2495 2494
f 2494 2495 2497
f 2494 2497 2496
f 2496 2497 2499
f 2496 2499 2498
f 2498 2499 2501
f 2498 2501 2500
f 2500 2501 2503
f 2500 2503 2502
f 2502 2503 2505
f 2502 2505 2504
f 2504 2505 2507
f 2504 2507 2506
f 2506 2507 2509
f 2506 2509 2508
f 2508 2509 2511
f 2508 2511 2510
f 2510 2511 2513
f 2510 2513 2512
f 2512 2513 2515
f 2512 2515 2514
f 2514 2515 2517
f 2514 2517 2516
f 2518 2484 2486
f 2518 2486 2488
f 2518 2488 2490
f 2518 2490 2492
f 2518 2492 2494
f 2518 2494 2496
f 2518 2496 2498
f 2518 2498 2500
f 2518 2500 2502
f 2518 2502 2504
f 2518 2504 2506
f 2518 2506 2508
f 2518 2508 2510
f 2518 2510 2512
f 2518 2512 2514
f 2518 2514 2516
f 2519 2487 2485
f 2519 2489 2487
f 2519 2491 2489
f 2519 2493 2491
f 2519 2495 2493
f 2519 2497 2495
f 2519 2499 2497
f 2519 2501 2499
f 2519 2503 2501
f 2519 2505 2503
f 2519 2507 2505
f 2519 2509 2507
f 2519 2511 2509
f 2519 2513 2511
f 2519 2515 2513
f 2519 2517 2515
