# Armadura R6 - motor de modelagem proprio (Python)
mtllib armor.mtl
o under_torso
v 1.120000 -0.980000 0.000000
v 1.120000 1.020000 0.000000
v 1.081837 -0.980000 0.173926
v 1.081837 1.020000 0.173926
v 0.969948 -0.980000 0.336000
v 0.969948 1.020000 0.336000
v 0.791960 -0.980000 0.475176
v 0.791960 1.020000 0.475176
v 0.560000 -0.980000 0.581969
v 0.560000 1.020000 0.581969
v 0.289877 -0.980000 0.649102
v 0.289877 1.020000 0.649102
v 0.000000 -0.980000 0.672000
v 0.000000 1.020000 0.672000
v -0.289877 -0.980000 0.649102
v -0.289877 1.020000 0.649102
v -0.560000 -0.980000 0.581969
v -0.560000 1.020000 0.581969
v -0.791960 -0.980000 0.475176
v -0.791960 1.020000 0.475176
v -0.969948 -0.980000 0.336000
v -0.969948 1.020000 0.336000
v -1.081837 -0.980000 0.173926
v -1.081837 1.020000 0.173926
v -1.120000 -0.980000 0.000000
v -1.120000 1.020000 0.000000
v -1.081837 -0.980000 -0.173926
v -1.081837 1.020000 -0.173926
v -0.969948 -0.980000 -0.336000
v -0.969948 1.020000 -0.336000
v -0.791960 -0.980000 -0.475176
v -0.791960 1.020000 -0.475176
v -0.560000 -0.980000 -0.581969
v -0.560000 1.020000 -0.581969
v -0.289877 -0.980000 -0.649102
v -0.289877 1.020000 -0.649102
v -0.000000 -0.980000 -0.672000
v -0.000000 1.020000 -0.672000
v 0.289877 -0.980000 -0.649102
v 0.289877 1.020000 -0.649102
v 0.560000 -0.980000 -0.581969
v 0.560000 1.020000 -0.581969
v 0.791960 -0.980000 -0.475176
v 0.791960 1.020000 -0.475176
v 0.969948 -0.980000 -0.336000
v 0.969948 1.020000 -0.336000
v 1.081837 -0.980000 -0.173926
v 1.081837 1.020000 -0.173926
v 1.120000 -0.980000 -0.000000
v 1.120000 1.020000 -0.000000
vn 0.976763 0.000000 0.214322
vn 0.976763 0.000000 0.214322
vn 0.889042 0.000000 0.457825
vn 0.941185 0.000000 0.337891
vn 0.692006 0.000000 0.721892
vn 0.761703 0.000000 0.647927
vn 0.487041 0.000000 0.873379
vn 0.553363 0.000000 0.832940
vn 0.301376 0.000000 0.953505
vn 0.360612 0.000000 0.932716
vn 0.133296 0.000000 0.991076
vn 0.187608 0.000000 0.982244
vn -0.026321 0.000000 0.999654
vn 0.026321 0.000000 0.999654
vn -0.187608 0.000000 0.982244
vn -0.133296 0.000000 0.991076
vn -0.360612 0.000000 0.932716
vn -0.301376 0.000000 0.953505
vn -0.553363 0.000000 0.832940
vn -0.487041 0.000000 0.873379
vn -0.761703 0.000000 0.647927
vn -0.692006 0.000000 0.721892
vn -0.941185 0.000000 0.337891
vn -0.889042 0.000000 0.457825
vn -0.997336 0.000000 -0.072945
vn -0.997336 0.000000 0.072945
vn -0.889042 0.000000 -0.457825
vn -0.941185 0.000000 -0.337891
vn -0.692006 0.000000 -0.721892
vn -0.761703 0.000000 -0.647927
vn -0.487041 0.000000 -0.873379
vn -0.553363 0.000000 -0.832940
vn -0.301376 0.000000 -0.953505
vn -0.360612 0.000000 -0.932716
vn -0.133296 0.000000 -0.991076
vn -0.187608 0.000000 -0.982244
vn 0.026321 0.000000 -0.999654
vn -0.026321 0.000000 -0.999654
vn 0.187608 0.000000 -0.982244
vn 0.133296 0.000000 -0.991076
vn 0.360612 0.000000 -0.932716
vn 0.301376 0.000000 -0.953505
vn 0.553363 0.000000 -0.832940
vn 0.487041 0.000000 -0.873379
vn 0.761703 0.000000 -0.647927
vn 0.692006 0.000000 -0.721892
vn 0.941185 0.000000 -0.337891
vn 0.889042 0.000000 -0.457825
vn 0.976763 0.000000 -0.214322
vn 0.976763 0.000000 -0.214322
usemtl fabric
f 1 2 4
f 1 4 3
f 3 4 6
f 3 6 5
f 5 6 8
f 5 8 7
f 7 8 10
f 7 10 9
f 9 10 12
f 9 12 11
f 11 12 14
f 11 14 13
f 13 14 16
f 13 16 15
f 15 16 18
f 15 18 17
f 17 18 20
f 17 20 19
f 19 20 22
f 19 22 21
f 21 22 24
f 21 24 23
f 23 24 26
f 23 26 25
f 25 26 28
f 25 28 27
f 27 28 30
f 27 30 29
f 29 30 32
f 29 32 31
f 31 32 34
f 31 34 33
f 33 34 36
f 33 36 35
f 35 36 38
f 35 38 37
f 37 38 40
f 37 40 39
f 39 40 42
f 39 42 41
f 41 42 44
f 41 44 43
f 43 44 46
f 43 46 45
f 45 46 48
f 45 48 47
f 47 48 50
f 47 50 49
o under_arm_R
v 0.620000 -0.950000 0.000000
v 0.620000 0.950000 0.000000
v 0.589655 -0.950000 0.191591
v 0.589655 0.950000 0.191591
v 0.501591 -0.950000 0.364427
v 0.501591 0.950000 0.364427
v 0.364427 -0.950000 0.501591
v 0.364427 0.950000 0.501591
v 0.191591 -0.950000 0.589655
v 0.191591 0.950000 0.589655
v 0.000000 -0.950000 0.620000
v 0.000000 0.950000 0.620000
v -0.191591 -0.950000 0.589655
v -0.191591 0.950000 0.589655
v -0.364427 -0.950000 0.501591
v -0.364427 0.950000 0.501591
v -0.501591 -0.950000 0.364427
v -0.501591 0.950000 0.364427
v -0.589655 -0.950000 0.191591
v -0.589655 0.950000 0.191591
v -0.620000 -0.950000 0.000000
v -0.620000 0.950000 0.000000
v -0.589655 -0.950000 -0.191591
v -0.589655 0.950000 -0.191591
v -0.501591 -0.950000 -0.364427
v -0.501591 0.950000 -0.364427
v -0.364427 -0.950000 -0.501591
v -0.364427 0.950000 -0.501591
v -0.191591 -0.950000 -0.589655
v -0.191591 0.950000 -0.589655
v -0.000000 -0.950000 -0.620000
v -0.000000 0.950000 -0.620000
v 0.191591 -0.950000 -0.589655
v 0.191591 0.950000 -0.589655
v 0.364427 -0.950000 -0.501591
v 0.364427 0.950000 -0.501591
v 0.501591 -0.950000 -0.364427
v 0.501591 0.950000 -0.364427
v 0.589655 -0.950000 -0.191591
v 0.589655 0.950000 -0.191591
v 0.620000 -0.950000 -0.000000
v 0.620000 0.950000 -0.000000
vn 0.987688 0.000000 0.156434
vn 0.987688 0.000000 0.156434
vn 0.933442 0.000000 0.358728
vn 0.966026 0.000000 0.258446
vn 0.776903 0.000000 0.629620
vn 0.838881 0.000000 0.544315
vn 0.544315 0.000000 0.838881
vn 0.629620 0.000000 0.776903
vn 0.258446 0.000000 0.966026
vn 0.358728 0.000000 0.933442
vn -0.052721 0.000000 0.998609
vn 0.052721 0.000000 0.998609
vn -0.358728 0.000000 0.933442
vn -0.258446 0.000000 0.966026
vn -0.629620 0.000000 0.776903
vn -0.544315 0.000000 0.838881
vn -0.838881 0.000000 0.544315
vn -0.776903 0.000000 0.629620
vn -0.966026 0.000000 0.258446
vn -0.933442 0.000000 0.358728
vn -0.998609 0.000000 -0.052721
vn -0.998609 0.000000 0.052721
vn -0.933442 0.000000 -0.358728
vn -0.966026 0.000000 -0.258446
vn -0.776903 0.000000 -0.629620
vn -0.838881 0.000000 -0.544315
vn -0.544315 0.000000 -0.838881
vn -0.629620 0.000000 -0.776903
vn -0.258446 0.000000 -0.966026
vn -0.358728 0.000000 -0.933442
vn 0.052721 0.000000 -0.998609
vn -0.052721 0.000000 -0.998609
vn 0.358728 0.000000 -0.933442
vn 0.258446 0.000000 -0.966026
vn 0.629620 0.000000 -0.776903
vn 0.544315 0.000000 -0.838881
vn 0.838881 0.000000 -0.544315
vn 0.776903 0.000000 -0.629620
vn 0.966026 0.000000 -0.258446
vn 0.933442 0.000000 -0.358728
vn 0.987688 0.000000 -0.156434
vn 0.987688 0.000000 -0.156434
usemtl fabric
f 51 52 54
f 51 54 53
f 53 54 56
f 53 56 55
f 55 56 58
f 55 58 57
f 57 58 60
f 57 60 59
f 59 60 62
f 59 62 61
f 61 62 64
f 61 64 63
f 63 64 66
f 63 66 65
f 65 66 68
f 65 68 67
f 67 68 70
f 67 70 69
f 69 70 72
f 69 72 71
f 71 72 74
f 71 74 73
f 73 74 76
f 73 76 75
f 75 76 78
f 75 78 77
f 77 78 80
f 77 80 79
f 79 80 82
f 79 82 81
f 81 82 84
f 81 84 83
f 83 84 86
f 83 86 85
f 85 86 88
f 85 88 87
f 87 88 90
f 87 90 89
f 89 90 92
f 89 92 91
o under_leg_R
v 0.620000 -0.980000 0.000000
v 0.620000 0.980000 0.000000
v 0.589655 -0.980000 0.191591
v 0.589655 0.980000 0.191591
v 0.501591 -0.980000 0.364427
v 0.501591 0.980000 0.364427
v 0.364427 -0.980000 0.501591
v 0.364427 0.980000 0.501591
v 0.191591 -0.980000 0.589655
v 0.191591 0.980000 0.589655
v 0.000000 -0.980000 0.620000
v 0.000000 0.980000 0.620000
v -0.191591 -0.980000 0.589655
v -0.191591 0.980000 0.589655
v -0.364427 -0.980000 0.501591
v -0.364427 0.980000 0.501591
v -0.501591 -0.980000 0.364427
v -0.501591 0.980000 0.364427
v -0.589655 -0.980000 0.191591
v -0.589655 0.980000 0.191591
v -0.620000 -0.980000 0.000000
v -0.620000 0.980000 0.000000
v -0.589655 -0.980000 -0.191591
v -0.589655 0.980000 -0.191591
v -0.501591 -0.980000 -0.364427
v -0.501591 0.980000 -0.364427
v -0.364427 -0.980000 -0.501591
v -0.364427 0.980000 -0.501591
v -0.191591 -0.980000 -0.589655
v -0.191591 0.980000 -0.589655
v -0.000000 -0.980000 -0.620000
v -0.000000 0.980000 -0.620000
v 0.191591 -0.980000 -0.589655
v 0.191591 0.980000 -0.589655
v 0.364427 -0.980000 -0.501591
v 0.364427 0.980000 -0.501591
v 0.501591 -0.980000 -0.364427
v 0.501591 0.980000 -0.364427
v 0.589655 -0.980000 -0.191591
v 0.589655 0.980000 -0.191591
v 0.620000 -0.980000 -0.000000
v 0.620000 0.980000 -0.000000
vn 0.987688 0.000000 0.156434
vn 0.987688 0.000000 0.156434
vn 0.933442 0.000000 0.358728
vn 0.966026 0.000000 0.258446
vn 0.776903 0.000000 0.629620
vn 0.838881 0.000000 0.544315
vn 0.544315 0.000000 0.838881
vn 0.629620 0.000000 0.776903
vn 0.258446 0.000000 0.966026
vn 0.358728 0.000000 0.933442
vn -0.052721 0.000000 0.998609
vn 0.052721 0.000000 0.998609
vn -0.358728 0.000000 0.933442
vn -0.258446 0.000000 0.966026
vn -0.629620 0.000000 0.776903
vn -0.544315 0.000000 0.838881
vn -0.838881 0.000000 0.544315
vn -0.776903 0.000000 0.629620
vn -0.966026 0.000000 0.258446
vn -0.933442 0.000000 0.358728
vn -0.998609 0.000000 -0.052721
vn -0.998609 0.000000 0.052721
vn -0.933442 0.000000 -0.358728
vn -0.966026 0.000000 -0.258446
vn -0.776903 0.000000 -0.629620
vn -0.838881 0.000000 -0.544315
vn -0.544315 0.000000 -0.838881
vn -0.629620 0.000000 -0.776903
vn -0.258446 0.000000 -0.966026
vn -0.358728 0.000000 -0.933442
vn 0.052721 0.000000 -0.998609
vn -0.052721 0.000000 -0.998609
vn 0.358728 0.000000 -0.933442
vn 0.258446 0.000000 -0.966026
vn 0.629620 0.000000 -0.776903
vn 0.544315 0.000000 -0.838881
vn 0.838881 0.000000 -0.544315
vn 0.776903 0.000000 -0.629620
vn 0.966026 0.000000 -0.258446
vn 0.933442 0.000000 -0.358728
vn 0.987688 0.000000 -0.156434
vn 0.987688 0.000000 -0.156434
usemtl fabric
f 93 94 96
f 93 96 95
f 95 96 98
f 95 98 97
f 97 98 100
f 97 100 99
f 99 100 102
f 99 102 101
f 101 102 104
f 101 104 103
f 103 104 106
f 103 106 105
f 105 106 108
f 105 108 107
f 107 108 110
f 107 110 109
f 109 110 112
f 109 112 111
f 111 112 114
f 111 114 113
f 113 114 116
f 113 116 115
f 115 116 118
f 115 118 117
f 117 118 120
f 117 120 119
f 119 120 122
f 119 122 121
f 121 122 124
f 121 124 123
f 123 124 126
f 123 126 125
f 125 126 128
f 125 128 127
f 127 128 130
f 127 130 129
f 129 130 132
f 129 132 131
f 131 132 134
f 131 134 133
o under_arm_L
v 0.620000 -0.950000 0.000000
v 0.620000 0.950000 0.000000
v 0.589655 -0.950000 0.191591
v 0.589655 0.950000 0.191591
v 0.501591 -0.950000 0.364427
v 0.501591 0.950000 0.364427
v 0.364427 -0.950000 0.501591
v 0.364427 0.950000 0.501591
v 0.191591 -0.950000 0.589655
v 0.191591 0.950000 0.589655
v 0.000000 -0.950000 0.620000
v 0.000000 0.950000 0.620000
v -0.191591 -0.950000 0.589655
v -0.191591 0.950000 0.589655
v -0.364427 -0.950000 0.501591
v -0.364427 0.950000 0.501591
v -0.501591 -0.950000 0.364427
v -0.501591 0.950000 0.364427
v -0.589655 -0.950000 0.191591
v -0.589655 0.950000 0.191591
v -0.620000 -0.950000 0.000000
v -0.620000 0.950000 0.000000
v -0.589655 -0.950000 -0.191591
v -0.589655 0.950000 -0.191591
v -0.501591 -0.950000 -0.364427
v -0.501591 0.950000 -0.364427
v -0.364427 -0.950000 -0.501591
v -0.364427 0.950000 -0.501591
v -0.191591 -0.950000 -0.589655
v -0.191591 0.950000 -0.589655
v -0.000000 -0.950000 -0.620000
v -0.000000 0.950000 -0.620000
v 0.191591 -0.950000 -0.589655
v 0.191591 0.950000 -0.589655
v 0.364427 -0.950000 -0.501591
v 0.364427 0.950000 -0.501591
v 0.501591 -0.950000 -0.364427
v 0.501591 0.950000 -0.364427
v 0.589655 -0.950000 -0.191591
v 0.589655 0.950000 -0.191591
v 0.620000 -0.950000 -0.000000
v 0.620000 0.950000 -0.000000
vn 0.987688 0.000000 0.156434
vn 0.987688 0.000000 0.156434
vn 0.933442 0.000000 0.358728
vn 0.966026 0.000000 0.258446
vn 0.776903 0.000000 0.629620
vn 0.838881 0.000000 0.544315
vn 0.544315 0.000000 0.838881
vn 0.629620 0.000000 0.776903
vn 0.258446 0.000000 0.966026
vn 0.358728 0.000000 0.933442
vn -0.052721 0.000000 0.998609
vn 0.052721 0.000000 0.998609
vn -0.358728 0.000000 0.933442
vn -0.258446 0.000000 0.966026
vn -0.629620 0.000000 0.776903
vn -0.544315 0.000000 0.838881
vn -0.838881 0.000000 0.544315
vn -0.776903 0.000000 0.629620
vn -0.966026 0.000000 0.258446
vn -0.933442 0.000000 0.358728
vn -0.998609 0.000000 -0.052721
vn -0.998609 0.000000 0.052721
vn -0.933442 0.000000 -0.358728
vn -0.966026 0.000000 -0.258446
vn -0.776903 0.000000 -0.629620
vn -0.838881 0.000000 -0.544315
vn -0.544315 0.000000 -0.838881
vn -0.629620 0.000000 -0.776903
vn -0.258446 0.000000 -0.966026
vn -0.358728 0.000000 -0.933442
vn 0.052721 0.000000 -0.998609
vn -0.052721 0.000000 -0.998609
vn 0.358728 0.000000 -0.933442
vn 0.258446 0.000000 -0.966026
vn 0.629620 0.000000 -0.776903
vn 0.544315 0.000000 -0.838881
vn 0.838881 0.000000 -0.544315
vn 0.776903 0.000000 -0.629620
vn 0.966026 0.000000 -0.258446
vn 0.933442 0.000000 -0.358728
vn 0.987688 0.000000 -0.156434
vn 0.987688 0.000000 -0.156434
usemtl fabric
f 135 136 138
f 135 138 137
f 137 138 140
f 137 140 139
f 139 140 142
f 139 142 141
f 141 142 144
f 141 144 143
f 143 144 146
f 143 146 145
f 145 146 148
f 145 148 147
f 147 148 150
f 147 150 149
f 149 150 152
f 149 152 151
f 151 152 154
f 151 154 153
f 153 154 156
f 153 156 155
f 155 156 158
f 155 158 157
f 157 158 160
f 157 160 159
f 159 160 162
f 159 162 161
f 161 162 164
f 161 164 163
f 163 164 166
f 163 166 165
f 165 166 168
f 165 168 167
f 167 168 170
f 167 170 169
f 169 170 172
f 169 172 171
f 171 172 174
f 171 174 173
f 173 174 176
f 173 176 175
o under_leg_L
v 0.620000 -0.980000 0.000000
v 0.620000 0.980000 0.000000
v 0.589655 -0.980000 0.191591
v 0.589655 0.980000 0.191591
v 0.501591 -0.980000 0.364427
v 0.501591 0.980000 0.364427
v 0.364427 -0.980000 0.501591
v 0.364427 0.980000 0.501591
v 0.191591 -0.980000 0.589655
v 0.191591 0.980000 0.589655
v 0.000000 -0.980000 0.620000
v 0.000000 0.980000 0.620000
v -0.191591 -0.980000 0.589655
v -0.191591 0.980000 0.589655
v -0.364427 -0.980000 0.501591
v -0.364427 0.980000 0.501591
v -0.501591 -0.980000 0.364427
v -0.501591 0.980000 0.364427
v -0.589655 -0.980000 0.191591
v -0.589655 0.980000 0.191591
v -0.620000 -0.980000 0.000000
v -0.620000 0.980000 0.000000
v -0.589655 -0.980000 -0.191591
v -0.589655 0.980000 -0.191591
v -0.501591 -0.980000 -0.364427
v -0.501591 0.980000 -0.364427
v -0.364427 -0.980000 -0.501591
v -0.364427 0.980000 -0.501591
v -0.191591 -0.980000 -0.589655
v -0.191591 0.980000 -0.589655
v -0.000000 -0.980000 -0.620000
v -0.000000 0.980000 -0.620000
v 0.191591 -0.980000 -0.589655
v 0.191591 0.980000 -0.589655
v 0.364427 -0.980000 -0.501591
v 0.364427 0.980000 -0.501591
v 0.501591 -0.980000 -0.364427
v 0.501591 0.980000 -0.364427
v 0.589655 -0.980000 -0.191591
v 0.589655 0.980000 -0.191591
v 0.620000 -0.980000 -0.000000
v 0.620000 0.980000 -0.000000
vn 0.987688 0.000000 0.156434
vn 0.987688 0.000000 0.156434
vn 0.933442 0.000000 0.358728
vn 0.966026 0.000000 0.258446
vn 0.776903 0.000000 0.629620
vn 0.838881 0.000000 0.544315
vn 0.544315 0.000000 0.838881
vn 0.629620 0.000000 0.776903
vn 0.258446 0.000000 0.966026
vn 0.358728 0.000000 0.933442
vn -0.052721 0.000000 0.998609
vn 0.052721 0.000000 0.998609
vn -0.358728 0.000000 0.933442
vn -0.258446 0.000000 0.966026
vn -0.629620 0.000000 0.776903
vn -0.544315 0.000000 0.838881
vn -0.838881 0.000000 0.544315
vn -0.776903 0.000000 0.629620
vn -0.966026 0.000000 0.258446
vn -0.933442 0.000000 0.358728
vn -0.998609 0.000000 -0.052721
vn -0.998609 0.000000 0.052721
vn -0.933442 0.000000 -0.358728
vn -0.966026 0.000000 -0.258446
vn -0.776903 0.000000 -0.629620
vn -0.838881 0.000000 -0.544315
vn -0.544315 0.000000 -0.838881
vn -0.629620 0.000000 -0.776903
vn -0.258446 0.000000 -0.966026
vn -0.358728 0.000000 -0.933442
vn 0.052721 0.000000 -0.998609
vn -0.052721 0.000000 -0.998609
vn 0.358728 0.000000 -0.933442
vn 0.258446 0.000000 -0.966026
vn 0.629620 0.000000 -0.776903
vn 0.544315 0.000000 -0.838881
vn 0.838881 0.000000 -0.544315
vn 0.776903 0.000000 -0.629620
vn 0.966026 0.000000 -0.258446
vn 0.933442 0.000000 -0.358728
vn 0.987688 0.000000 -0.156434
vn 0.987688 0.000000 -0.156434
usemtl fabric
f 177 178 180
f 177 180 179
f 179 180 182
f 179 182 181
f 181 182 184
f 181 184 183
f 183 184 186
f 183 186 185
f 185 186 188
f 185 188 187
f 187 188 190
f 187 190 189
f 189 190 192
f 189 192 191
f 191 192 194
f 191 194 193
f 193 194 196
f 193 196 195
f 195 196 198
f 195 198 197
f 197 198 200
f 197 200 199
f 199 200 202
f 199 202 201
f 201 202 204
f 201 204 203
f 203 204 206
f 203 206 205
f 205 206 208
f 205 208 207
f 207 208 210
f 207 210 209
f 209 210 212
f 209 212 211
f 211 212 214
f 211 214 213
f 213 214 216
f 213 216 215
f 215 216 218
f 215 218 217
o brigandine
v -1.000000 -0.850000 0.520000
v -0.916667 -0.850000 0.517083
v -0.833333 -0.850000 0.514167
v -0.750000 -0.850000 0.511250
v -0.666667 -0.850000 0.508333
v -0.583333 -0.850000 0.505417
v -0.500000 -0.850000 0.502500
v -0.416667 -0.850000 0.499583
v -0.333333 -0.850000 0.496667
v -0.250000 -0.850000 0.493750
v -0.166667 -0.850000 0.490833
v -0.083333 -0.850000 0.487917
v 0.000000 -0.850000 0.485000
v 0.083333 -0.850000 0.487917
v 0.166667 -0.850000 0.490833
v 0.250000 -0.850000 0.493750
v 0.333333 -0.850000 0.496667
v 0.416667 -0.850000 0.499583
v 0.500000 -0.850000 0.502500
v 0.583333 -0.850000 0.505417
v 0.666667 -0.850000 0.508333
v 0.750000 -0.850000 0.511250
v 0.833333 -0.850000 0.514167
v 0.916667 -0.850000 0.517083
v 1.000000 -0.850000 0.520000
v -1.000000 -0.768421 0.520000
v -0.916667 -0.768421 0.517449
v -0.833333 -0.768421 0.514898
v -0.750000 -0.768421 0.512346
v -0.666667 -0.768421 0.509795
v -0.583333 -0.768421 0.507244
v -0.500000 -0.768421 0.504693
v -0.416667 -0.768421 0.502142
v -0.333333 -0.768421 0.499591
v -0.250000 -0.768421 0.497039
v -0.166667 -0.768421 0.494488
v -0.083333 -0.768421 0.491937
v 0.000000 -0.768421 0.489386
v 0.083333 -0.768421 0.491937
v 0.166667 -0.768421 0.494488
v 0.250000 -0.768421 0.497039
v 0.333333 -0.768421 0.499591
v 0.416667 -0.768421 0.502142
v 0.500000 -0.768421 0.504693
v 0.583333 -0.768421 0.507244
v 0.666667 -0.768421 0.509795
v 0.750000 -0.768421 0.512346
v 0.833333 -0.768421 0.514898
v 0.916667 -0.768421 0.517449
v 1.000000 -0.768421 0.520000
v -1.000000 -0.686842 0.520375
v -0.916667 -0.686842 0.519174
v -0.833333 -0.686842 0.517887
v -0.750000 -0.686842 0.516514
v -0.666667 -0.686842 0.515056
v -0.583333 -0.686842 0.513512
v -0.500000 -0.686842 0.511883
v -0.416667 -0.686842 0.510168
v -0.333333 -0.686842 0.508367
v -0.250000 -0.686842 0.506481
v -0.166667 -0.686842 0.504509
v -0.083333 -0.686842 0.502452
v 0.000000 -0.686842 0.500309
v 0.083333 -0.686842 0.502452
v 0.166667 -0.686842 0.504509
v 0.250000 -0.686842 0.506481
v 0.333333 -0.686842 0.508367
v 0.416667 -0.686842 0.510168
v 0.500000 -0.686842 0.511883
v 0.583333 -0.686842 0.513512
v 0.666667 -0.686842 0.515056
v 0.750000 -0.686842 0.516514
v 0.833333 -0.686842 0.517887
v 0.916667 -0.686842 0.519174
v 1.000000 -0.686842 0.520375
v -1.000000 -0.605263 0.520924
v -0.916667 -0.605263 0.521525
v -0.833333 -0.605263 0.521917
v -0.750000 -0.605263 0.522097
v -0.666667 -0.605263 0.522068
v -0.583333 -0.605263 0.521827
v -0.500000 -0.605263 0.521376
v -0.416667 -0.605263 0.520714
v -0.333333 -0.605263 0.519842
v -0.250000 -0.605263 0.518759
v -0.166667 -0.605263 0.517465
v -0.083333 -0.605263 0.515961
v 0.000000 -0.605263 0.514246
v 0.083333 -0.605263 0.515961
v 0.166667 -0.605263 0.517465
v 0.250000 -0.605263 0.518759
v 0.333333 -0.605263 0.519842
v 0.416667 -0.605263 0.520714
v 0.500000 -0.605263 0.521376
v 0.583333 -0.605263 0.521827
v 0.666667 -0.605263 0.522068
v 0.750000 -0.605263 0.522097
v 0.833333 -0.605263 0.521917
v 0.916667 -0.605263 0.521525
v 1.000000 -0.605263 0.520924
v -1.000000 -0.523684 0.521555
v -0.916667 -0.523684 0.524178
v -0.833333 -0.523684 0.526447
v -0.750000 -0.523684 0.528361
v -0.666667 -0.523684 0.529921
v -0.583333 -0.523684 0.531126
v -0.500000 -0.523684 0.531976
v -0.416667 -0.523684 0.532472
v -0.333333 -0.523684 0.532613
v -0.250000 -0.523684 0.532399
v -0.166667 -0.523684 0.531831
v -0.083333 -0.523684 0.530908
v 0.000000 -0.523684 0.529631
v 0.083333 -0.523684 0.530908
v 0.166667 -0.523684 0.531831
v 0.250000 -0.523684 0.532399
v 0.333333 -0.523684 0.532613
v 0.416667 -0.523684 0.532472
v 0.500000 -0.523684 0.531976
v 0.583333 -0.523684 0.531126
v 0.666667 -0.523684 0.529921
v 0.750000 -0.523684 0.528361
v 0.833333 -0.523684 0.526447
v 0.916667 -0.523684 0.524178
v 1.000000 -0.523684 0.521555
v -1.000000 -0.442105 0.522217
v -0.916667 -0.442105 0.526942
v -0.833333 -0.442105 0.531161
v -0.750000 -0.442105 0.534875
v -0.666667 -0.442105 0.538083
v -0.583333 -0.442105 0.540785
v -0.500000 -0.442105 0.542982
v -0.416667 -0.442105 0.544674
v -0.333333 -0.442105 0.545860
v -0.250000 -0.442105 0.546540
v -0.166667 -0.442105 0.546715
v -0.083333 -0.442105 0.546384
v 0.000000 -0.442105 0.545547
v 0.083333 -0.442105 0.546384
v 0.166667 -0.442105 0.546715
v 0.250000 -0.442105 0.546540
v 0.333333 -0.442105 0.545860
v 0.416667 -0.442105 0.544674
v 0.500000 -0.442105 0.542982
v 0.583333 -0.442105 0.540785
v 0.666667 -0.442105 0.538083
v 0.750000 -0.442105 0.534875
v 0.833333 -0.442105 0.531161
v 0.916667 -0.442105 0.526942
v 1.000000 -0.442105 0.522217
v -1.000000 -0.360526 0.522849
v -0.916667 -0.360526 0.529596
v -0.833333 -0.360526 0.535694
v -0.750000 -0.360526 0.541142
v -0.666667 -0.360526 0.545940
v -0.583333 -0.360526 0.550089
v -0.500000 -0.360526 0.553588
v -0.416667 -0.360526 0.556437
v -0.333333 -0.360526 0.558637
v -0.250000 -0.360526 0.560187
v -0.166667 -0.360526 0.561088
v -0.083333 -0.360526 0.561339
v 0.000000 -0.360526 0.560940
v 0.083333 -0.360526 0.561339
v 0.166667 -0.360526 0.561088
v 0.250000 -0.360526 0.560187
v 0.333333 -0.360526 0.558637
v 0.416667 -0.360526 0.556437
v 0.500000 -0.360526 0.553588
v 0.583333 -0.360526 0.550089
v 0.666667 -0.360526 0.545940
v 0.750000 -0.360526 0.541142
v 0.833333 -0.360526 0.535694
v 0.916667 -0.360526 0.529596
v 1.000000 -0.360526 0.522849
v -1.000000 -0.278947 0.523389
v -0.916667 -0.278947 0.531919
v -0.833333 -0.278947 0.539676
v -0.750000 -0.278947 0.546661
v -0.666667 -0.278947 0.552872
v -0.583333 -0.278947 0.558311
v -0.500000 -0.278947 0.562977
v -0.416667 -0.278947 0.566869
v -0.333333 -0.278947 0.569989
v -0.250000 -0.278947 0.572336
v -0.166667 -0.278947 0.573910
v -0.083333 -0.278947 0.574711
v 0.000000 -0.278947 0.574740
v 0.083333 -0.278947 0.574711
v 0.166667 -0.278947 0.573910
v 0.250000 -0.278947 0.572336
v 0.333333 -0.278947 0.569989
v 0.416667 -0.278947 0.566869
v 0.500000 -0.278947 0.562977
v 0.583333 -0.278947 0.558311
v 0.666667 -0.278947 0.552872
v 0.750000 -0.278947 0.546661
v 0.833333 -0.278947 0.539676
v 0.916667 -0.278947 0.531919
v 1.000000 -0.278947 0.523389
v -1.000000 -0.197368 0.523784
v -0.916667 -0.197368 0.533707
v -0.833333 -0.197368 0.542767
v -0.750000 -0.197368 0.550965
v -0.666667 -0.197368 0.558299
v -0.583333 -0.197368 0.564771
v -0.500000 -0.197368 0.570380
v -0.416667 -0.197368 0.575126
v -0.333333 -0.197368 0.579009
v -0.250000 -0.197368 0.582029
v -0.166667 -0.197368 0.584186
v -0.083333 -0.197368 0.585480
v 0.000000 -0.197368 0.585912
v 0.083333 -0.197368 0.585480
v 0.166667 -0.197368 0.584186
v 0.250000 -0.197368 0.582029
v 0.333333 -0.197368 0.579009
v 0.416667 -0.197368 0.575126
v 0.500000 -0.197368 0.570380
v 0.583333 -0.197368 0.564771
v 0.666667 -0.197368 0.558299
v 0.750000 -0.197368 0.550965
v 0.833333 -0.197368 0.542767
v 0.916667 -0.197368 0.533707
v 1.000000 -0.197368 0.523784
v -1.000000 -0.115789 0.523992
v -0.916667 -0.115789 0.534461
v -0.833333 -0.115789 0.544020
v -0.750000 -0.115789 0.552668
v -0.666667 -0.115789 0.560406
v -0.583333 -0.115789 0.567234
v -0.500000 -0.115789 0.573151
v -0.416667 -0.115789 0.578158
v -0.333333 -0.115789 0.582255
v -0.250000 -0.115789 0.585441
v -0.166667 -0.115789 0.587717
v -0.083333 -0.115789 0.589082
v 0.000000 -0.115789 0.589538
v 0.083333 -0.115789 0.589082
v 0.166667 -0.115789 0.587717
v 0.250000 -0.115789 0.585441
v 0.333333 -0.115789 0.582255
v 0.416667 -0.115789 0.578158
v 0.500000 -0.115789 0.573151
v 0.583333 -0.115789 0.567234
v 0.666667 -0.115789 0.560406
v 0.750000 -0.115789 0.552668
v 0.833333 -0.115789 0.544020
v 0.916667 -0.115789 0.534461
v 1.000000 -0.115789 0.523992
v -1.000000 -0.034211 0.523992
v -0.916667 -0.034211 0.534461
v -0.833333 -0.034211 0.544020
v -0.750000 -0.034211 0.552668
v -0.666667 -0.034211 0.560406
v -0.583333 -0.034211 0.567234
v -0.500000 -0.034211 0.573151
v -0.416667 -0.034211 0.578158
v -0.333333 -0.034211 0.582255
v -0.250000 -0.034211 0.585441
v -0.166667 -0.034211 0.587717
v -0.083333 -0.034211 0.589082
v 0.000000 -0.034211 0.589538
v 0.083333 -0.034211 0.589082
v 0.166667 -0.034211 0.587717
v 0.250000 -0.034211 0.585441
v 0.333333 -0.034211 0.582255
v 0.416667 -0.034211 0.578158
v 0.500000 -0.034211 0.573151
v 0.583333 -0.034211 0.567234
v 0.666667 -0.034211 0.560406
v 0.750000 -0.034211 0.552668
v 0.833333 -0.034211 0.544020
v 0.916667 -0.034211 0.534461
v 1.000000 -0.034211 0.523992
v -1.000000 0.047368 0.523784
v -0.916667 0.047368 0.533707
v -0.833333 0.047368 0.542767
v -0.750000 0.047368 0.550965
v -0.666667 0.047368 0.558299
v -0.583333 0.047368 0.564771
v -0.500000 0.047368 0.570380
v -0.416667 0.047368 0.575126
v -0.333333 0.047368 0.579009
v -0.250000 0.047368 0.582029
v -0.166667 0.047368 0.584186
v -0.083333 0.047368 0.585480
v 0.000000 0.047368 0.585912
v 0.083333 0.047368 0.585480
v 0.166667 0.047368 0.584186
v 0.250000 0.047368 0.582029
v 0.333333 0.047368 0.579009
v 0.416667 0.047368 0.575126
v 0.500000 0.047368 0.570380
v 0.583333 0.047368 0.564771
v 0.666667 0.047368 0.558299
v 0.750000 0.047368 0.550965
v 0.833333 0.047368 0.542767
v 0.916667 0.047368 0.533707
v 1.000000 0.047368 0.523784
v -1.000000 0.128947 0.523389
v -0.916667 0.128947 0.532277
v -0.833333 0.128947 0.540393
v -0.750000 0.128947 0.547735
v -0.666667 0.128947 0.554305
v -0.583333 0.128947 0.560102
v -0.500000 0.128947 0.565126
v -0.416667 0.128947 0.569377
v -0.333333 0.128947 0.572855
v -0.250000 0.128947 0.575560
v -0.166667 0.128947 0.577492
v -0.083333 0.128947 0.578651
v 0.000000 0.128947 0.579038
v 0.083333 0.128947 0.578651
v 0.166667 0.128947 0.577492
v 0.250000 0.128947 0.575560
v 0.333333 0.128947 0.572855
v 0.416667 0.128947 0.569377
v 0.500000 0.128947 0.565126
v 0.583333 0.128947 0.560102
v 0.666667 0.128947 0.554305
v 0.750000 0.128947 0.547735
v 0.833333 0.128947 0.540393
v 0.916667 0.128947 0.532277
v 1.000000 0.128947 0.523389
v -1.000000 0.210526 0.522849
v -0.916667 0.210526 0.530320
v -0.833333 0.210526 0.537141
v -0.750000 0.210526 0.543313
v -0.666667 0.210526 0.548835
v -0.583333 0.210526 0.553707
v -0.500000 0.210526 0.557930
v -0.416667 0.210526 0.561503
v -0.333333 0.210526 0.564427
v -0.250000 0.210526 0.566700
v -0.166667 0.210526 0.568325
v -0.083333 0.210526 0.569299
v 0.000000 0.210526 0.569624
v 0.083333 0.210526 0.569299
v 0.166667 0.210526 0.568325
v 0.250000 0.210526 0.566700
v 0.333333 0.210526 0.564427
v 0.416667 0.210526 0.561503
v 0.500000 0.210526 0.557930
v 0.583333 0.210526 0.553707
v 0.666667 0.210526 0.548835
v 0.750000 0.210526 0.543313
v 0.833333 0.210526 0.537141
v 0.916667 0.210526 0.530320
v 1.000000 0.210526 0.522849
v -1.000000 0.292105 0.522217
v -0.916667 0.292105 0.528031
v -0.833333 0.292105 0.533339
v -0.750000 0.292105 0.538142
v -0.666667 0.292105 0.542439
v -0.583333 0.292105 0.546231
v -0.500000 0.292105 0.549517
v -0.416667 0.292105 0.552298
v -0.333333 0.292105 0.554573
v -0.250000 0.292105 0.556342
v -0.166667 0.292105 0.557606
v -0.083333 0.292105 0.558365
v 0.000000 0.292105 0.558618
v 0.083333 0.292105 0.558365
v 0.166667 0.292105 0.557606
v 0.250000 0.292105 0.556342
v 0.333333 0.292105 0.554573
v 0.416667 0.292105 0.552298
v 0.500000 0.292105 0.549517
v 0.583333 0.292105 0.546231
v 0.666667 0.292105 0.542439
v 0.750000 0.292105 0.538142
v 0.833333 0.292105 0.533339
v 0.916667 0.292105 0.528031
v 1.000000 0.292105 0.522217
v -1.000000 0.373684 0.521555
v -0.916667 0.373684 0.525633
v -0.833333 0.373684 0.529356
v -0.750000 0.373684 0.532725
v -0.666667 0.373684 0.535739
v -0.583333 0.373684 0.538399
v -0.500000 0.373684 0.540704
v -0.416667 0.373684 0.542654
v -0.333333 0.373684 0.544250
v -0.250000 0.373684 0.545491
v -0.166667 0.373684 0.546378
v -0.083333 0.373684 0.546910
v 0.000000 0.373684 0.547087
v 0.083333 0.373684 0.546910
v 0.166667 0.373684 0.546378
v 0.250000 0.373684 0.545491
v 0.333333 0.373684 0.544250
v 0.416667 0.373684 0.542654
v 0.500000 0.373684 0.540704
v 0.583333 0.373684 0.538399
v 0.666667 0.373684 0.535739
v 0.750000 0.373684 0.532725
v 0.833333 0.373684 0.529356
v 0.916667 0.373684 0.525633
v 1.000000 0.373684 0.521555
v -1.000000 0.455263 0.520924
v -0.916667 0.455263 0.523346
v -0.833333 0.455263 0.525557
v -0.750000 0.455263 0.527558
v -0.666667 0.455263 0.529348
v -0.583333 0.455263 0.530928
v -0.500000 0.455263 0.532297
v -0.416667 0.455263 0.533455
v -0.333333 0.455263 0.534403
v -0.250000 0.455263 0.535140
v -0.166667 0.455263 0.535667
v -0.083333 0.455263 0.535983
v 0.000000 0.455263 0.536088
v 0.083333 0.455263 0.535983
v 0.166667 0.455263 0.535667
v 0.250000 0.455263 0.535140
v 0.333333 0.455263 0.534403
v 0.416667 0.455263 0.533455
v 0.500000 0.455263 0.532297
v 0.583333 0.455263 0.530928
v 0.666667 0.455263 0.529348
v 0.750000 0.455263 0.527558
v 0.833333 0.455263 0.525557
v 0.916667 0.455263 0.523346
v 1.000000 0.455263 0.520924
v -1.000000 0.536842 0.520375
v -0.916667 0.536842 0.521359
v -0.833333 0.536842 0.522258
v -0.750000 0.536842 0.523071
v -0.666667 0.536842 0.523798
v -0.583333 0.536842 0.524440
v -0.500000 0.536842 0.524997
v -0.416667 0.536842 0.525467
v -0.333333 0.536842 0.525852
v -0.250000 0.536842 0.526152
v -0.166667 0.536842 0.526366
v -0.083333 0.536842 0.526494
v 0.000000 0.536842 0.526537
v 0.083333 0.536842 0.526494
v 0.166667 0.536842 0.526366
v 0.250000 0.536842 0.526152
v 0.333333 0.536842 0.525852
v 0.416667 0.536842 0.525467
v 0.500000 0.536842 0.524997
v 0.583333 0.536842 0.524440
v 0.666667 0.536842 0.523798
v 0.750000 0.536842 0.523071
v 0.833333 0.536842 0.522258
v 0.916667 0.536842 0.521359
v 1.000000 0.536842 0.520375
v -1.000000 0.618421 0.520000
v -0.916667 0.618421 0.520000
v -0.833333 0.618421 0.520000
v -0.750000 0.618421 0.520000
v -0.666667 0.618421 0.520000
v -0.583333 0.618421 0.520000
v -0.500000 0.618421 0.520000
v -0.416667 0.618421 0.520000
v -0.333333 0.618421 0.520000
v -0.250000 0.618421 0.520000
v -0.166667 0.618421 0.520000
v -0.083333 0.618421 0.520000
v 0.000000 0.618421 0.520000
v 0.083333 0.618421 0.520000
v 0.166667 0.618421 0.520000
v 0.250000 0.618421 0.520000
v 0.333333 0.618421 0.520000
v 0.416667 0.618421 0.520000
v 0.500000 0.618421 0.520000
v 0.583333 0.618421 0.520000
v 0.666667 0.618421 0.520000
v 0.750000 0.618421 0.520000
v 0.833333 0.618421 0.520000
v 0.916667 0.618421 0.520000
v 1.000000 0.618421 0.520000
v -1.000000 0.700000 0.520000
v -0.916667 0.700000 0.520000
v -0.833333 0.700000 0.520000
v -0.750000 0.700000 0.520000
v -0.666667 0.700000 0.520000
v -0.583333 0.700000 0.520000
v -0.500000 0.700000 0.520000
v -0.416667 0.700000 0.520000
v -0.333333 0.700000 0.520000
v -0.250000 0.700000 0.520000
v -0.166667 0.700000 0.520000
v -0.083333 0.700000 0.520000
v 0.000000 0.700000 0.520000
v 0.083333 0.700000 0.520000
v 0.166667 0.700000 0.520000
v 0.250000 0.700000 0.520000
v 0.333333 0.700000 0.520000
v 0.416667 0.700000 0.520000
v 0.500000 0.700000 0.520000
v 0.583333 0.700000 0.520000
v 0.666667 0.700000 0.520000
v 0.750000 0.700000 0.520000
v 0.833333 0.700000 0.520000
v 0.916667 0.700000 0.520000
v 1.000000 0.700000 0.520000
v -1.002099 -0.850000 0.460037
v -0.918765 -0.849731 0.457121
v -0.835432 -0.849463 0.454206
v -0.752099 -0.849194 0.451292
v -0.668765 -0.848926 0.448380
v -0.585432 -0.848657 0.445468
v -0.502098 -0.848389 0.442558
v -0.418764 -0.848120 0.439649
v -0.335431 -0.847852 0.436742
v -0.252097 -0.847584 0.433835
v -0.168763 -0.847316 0.430930
v -0.085430 -0.847048 0.428026
v 0.000000 -0.846779 0.425087
v 0.085430 -0.847048 0.428026
v 0.168763 -0.847316 0.430930
v 0.252097 -0.847584 0.433835
v 0.335431 -0.847852 0.436742
v 0.418764 -0.848120 0.439649
v 0.502098 -0.848389 0.442558
v 0.585432 -0.848657 0.445468
v 0.668765 -0.848926 0.448380
v 0.752099 -0.849194 0.451292
v 0.835432 -0.849463 0.454206
v 0.918765 -0.849731 0.457121
v 1.002099 -0.850000 0.460037
v -1.001836 -0.768283 0.460028
v -0.918502 -0.767653 0.457482
v -0.835169 -0.767054 0.454941
v -0.751835 -0.766487 0.452406
v -0.668501 -0.765952 0.449874
v -0.585167 -0.765449 0.447346
v -0.501833 -0.764978 0.444820
v -0.418499 -0.764539 0.442296
v -0.335165 -0.764131 0.439772
v -0.251830 -0.763756 0.437249
v -0.168496 -0.763412 0.434726
v -0.085162 -0.763099 0.432202
v 0.000000 -0.762816 0.429648
v 0.085162 -0.763099 0.432202
v 0.168496 -0.763412 0.434726
v 0.251830 -0.763756 0.437249
v 0.335165 -0.764131 0.439772
v 0.418499 -0.764539 0.442296
v 0.501833 -0.764978 0.444820
v 0.585167 -0.765449 0.447346
v 0.668501 -0.765952 0.449874
v 0.751835 -0.766487 0.452406
v 0.835169 -0.767054 0.454941
v 0.918502 -0.767653 0.457482
v 1.001836 -0.768283 0.460028
v -1.000865 -0.686503 0.460382
v -0.917562 -0.685344 0.459199
v -0.834290 -0.684264 0.457950
v -0.751017 -0.683263 0.456629
v -0.667744 -0.682343 0.455234
v -0.584471 -0.681502 0.453761
v -0.501197 -0.680740 0.452206
v -0.417924 -0.680058 0.450566
v -0.334650 -0.679453 0.448838
v -0.251376 -0.678927 0.447021
v -0.168103 -0.678478 0.445112
v -0.084829 -0.678105 0.443110
v 0.000000 -0.677804 0.440994
v 0.084829 -0.678105 0.443110
v 0.168103 -0.678478 0.445112
v 0.251376 -0.678927 0.447021
v 0.334650 -0.679453 0.448838
v 0.417924 -0.680058 0.450566
v 0.501197 -0.680740 0.452206
v 0.584471 -0.681502 0.453761
v 0.667744 -0.682343 0.455234
v 0.751017 -0.683263 0.456629
v 0.834290 -0.684264 0.457950
v 0.917562 -0.685344 0.459199
v 1.000865 -0.686503 0.460382
v -0.999567 -0.604829 0.460927
v -0.916309 -0.603424 0.461555
v -0.833128 -0.602120 0.462000
v -0.749946 -0.600918 0.462255
v -0.666764 -0.599819 0.462315
v -0.583581 -0.598823 0.462174
v -0.500398 -0.597930 0.461827
v -0.417214 -0.597137 0.461269
v -0.334030 -0.596444 0.460497
v -0.250845 -0.595851 0.459508
v -0.167660 -0.595355 0.458297
v -0.084475 -0.594956 0.456864
v 0.000000 -0.594650 0.455192
v 0.084475 -0.594956 0.456864
v 0.167660 -0.595355 0.458297
v 0.250845 -0.595851 0.459508
v 0.334030 -0.596444 0.460497
v 0.417214 -0.597137 0.461269
v 0.500398 -0.597930 0.461827
v 0.583581 -0.598823 0.462174
v 0.666764 -0.599819 0.462315
v 0.749946 -0.600918 0.462255
v 0.833128 -0.602120 0.462000
v 0.916309 -0.603424 0.461555
v 0.999567 -0.604829 0.460927
v -0.998112 -0.523209 0.461586
v -0.914907 -0.521694 0.464237
v -0.831830 -0.520291 0.466562
v -0.748754 -0.519001 0.468557
v -0.665676 -0.517824 0.470216
v -0.582598 -0.516760 0.471531
v -0.499520 -0.515808 0.472497
v -0.416440 -0.514967 0.473109
v -0.333359 -0.514236 0.473361
v -0.250277 -0.513613 0.473251
v -0.167195 -0.513097 0.472775
v -0.084112 -0.512687 0.471930
v 0.000000 -0.512380 0.470705
v 0.084112 -0.512687 0.471930
v 0.167195 -0.513097 0.472775
v 0.250277 -0.513613 0.473251
v 0.333359 -0.514236 0.473361
v 0.416440 -0.514967 0.473109
v 0.499520 -0.515808 0.472497
v 0.582598 -0.516760 0.471531
v 0.665676 -0.517824 0.470216
v 0.748754 -0.519001 0.468557
v 0.831830 -0.520291 0.466562
v 0.914907 -0.521694 0.464237
v 0.998112 -0.523209 0.461586
v -0.996604 -0.441630 0.462315
v -0.913453 -0.440117 0.467061
v -0.830485 -0.438714 0.471325
v -0.747518 -0.437424 0.475109
v -0.664550 -0.436246 0.478407
v -0.581582 -0.435181 0.481212
v -0.498613 -0.434229 0.483518
v -0.415642 -0.433387 0.485319
v -0.332670 -0.432655 0.486612
v -0.249697 -0.432032 0.487392
v -0.166722 -0.431515 0.487657
v -0.083746 -0.431105 0.487402
v 0.000000 -0.430798 0.486622
v 0.083746 -0.431105 0.487402
v 0.166722 -0.431515 0.487657
v 0.249697 -0.432032 0.487392
v 0.332670 -0.432655 0.486612
v 0.415642 -0.433387 0.485319
v 0.498613 -0.434229 0.483518
v 0.581582 -0.435181 0.481212
v 0.664550 -0.436246 0.478407
v 0.747518 -0.437424 0.475109
v 0.830485 -0.438714 0.471325
v 0.913453 -0.440117 0.467061
v 0.996604 -0.441630 0.462315
v -0.995158 -0.360097 0.463046
v -0.912058 -0.358702 0.469801
v -0.829192 -0.357406 0.475918
v -0.746328 -0.356211 0.481410
v -0.663463 -0.355117 0.486270
v -0.580599 -0.354125 0.490494
v -0.497733 -0.353233 0.494076
v -0.414866 -0.352442 0.497012
v -0.331998 -0.351751 0.499297
v -0.249129 -0.351157 0.500930
v -0.166258 -0.350662 0.501906
v -0.083386 -0.350263 0.502223
v 0.000000 -0.349959 0.501878
v 0.083386 -0.350263 0.502223
v 0.166258 -0.350662 0.501906
v 0.249129 -0.351157 0.500930
v 0.331998 -0.351751 0.499297
v 0.414866 -0.352442 0.497012
v 0.497733 -0.353233 0.494076
v 0.580599 -0.354125 0.490494
v 0.663463 -0.355117 0.486270
v 0.746328 -0.356211 0.481410
v 0.829192 -0.357406 0.475918
v 0.912058 -0.358702 0.469801
v 0.995158 -0.360097 0.463046
v -0.993890 -0.278605 0.463702
v -0.910833 -0.277443 0.472222
v -0.828052 -0.276359 0.479965
v -0.745273 -0.275353 0.486955
v -0.662495 -0.274426 0.493188
v -0.579717 -0.273580 0.498661
v -0.496939 -0.272813 0.503369
v -0.414161 -0.272126 0.507311
v -0.331381 -0.271518 0.510483
v -0.248601 -0.270989 0.512883
v -0.165820 -0.270538 0.514508
v -0.083038 -0.270165 0.515358
v 0.000000 -0.269870 0.515430
v 0.083038 -0.270165 0.515358
v 0.165820 -0.270538 0.514508
v 0.248601 -0.270989 0.512883
v 0.331381 -0.271518 0.510483
v 0.414161 -0.272126 0.507311
v 0.496939 -0.272813 0.503369
v 0.579717 -0.273580 0.498661
v 0.662495 -0.274426 0.493188
v 0.745273 -0.275353 0.486955
v 0.828052 -0.276359 0.479965
v 0.910833 -0.277443 0.472222
v 0.993890 -0.278605 0.463702
v -0.992905 -0.197148 0.464205
v -0.909877 -0.196440 0.474099
v -0.827156 -0.195780 0.483107
v -0.744436 -0.195170 0.491264
v -0.661719 -0.194610 0.498567
v -0.579002 -0.194101 0.505017
v -0.496287 -0.193641 0.510611
v -0.413572 -0.193232 0.515348
v -0.330857 -0.192874 0.519228
v -0.248143 -0.192567 0.522250
v -0.165429 -0.192310 0.524412
v -0.082714 -0.192104 0.525715
v 0.000000 -0.191949 0.526157
v 0.082714 -0.192104 0.525715
v 0.165429 -0.192310 0.524412
v 0.248143 -0.192567 0.522250
v 0.330857 -0.192874 0.519228
v 0.413572 -0.193232 0.515348
v 0.496287 -0.193641 0.510611
v 0.579002 -0.194101 0.505017
v 0.661719 -0.194610 0.498567
v 0.744436 -0.195170 0.491264
v 0.827156 -0.195780 0.483107
v 0.909877 -0.196440 0.474099
v 0.992905 -0.197148 0.464205
v -0.992521 -0.115714 0.464460
v -0.909508 -0.115514 0.474890
v -0.826818 -0.115332 0.484376
v -0.744129 -0.115166 0.492959
v -0.661443 -0.115018 0.500639
v -0.578759 -0.114886 0.507415
v -0.496076 -0.114773 0.513288
v -0.413395 -0.114676 0.518258
v -0.330715 -0.114597 0.522324
v -0.248035 -0.114536 0.525486
v -0.165356 -0.114492 0.527745
v -0.082678 -0.114465 0.529101
v 0.000000 -0.114456 0.529552
v 0.082678 -0.114465 0.529101
v 0.165356 -0.114492 0.527745
v 0.248035 -0.114536 0.525486
v 0.330715 -0.114597 0.522324
v 0.413395 -0.114676 0.518258
v 0.496076 -0.114773 0.513288
v 0.578759 -0.114886 0.507415
v 0.661443 -0.115018 0.500639
v 0.744129 -0.115166 0.492959
v 0.826818 -0.115332 0.484376
v 0.909508 -0.115514 0.474890
v 0.992521 -0.115714 0.464460
v -0.992521 -0.034286 0.464460
v -0.909508 -0.034486 0.474890
v -0.826818 -0.034668 0.484376
v -0.744129 -0.034834 0.492959
v -0.661443 -0.034982 0.500639
v -0.578759 -0.035114 0.507415
v -0.496076 -0.035227 0.513288
v -0.413395 -0.035324 0.518258
v -0.330715 -0.035403 0.522324
v -0.248035 -0.035464 0.525486
v -0.165356 -0.035508 0.527745
v -0.082678 -0.035535 0.529101
v 0.000000 -0.035544 0.529552
v 0.082678 -0.035535 0.529101
v 0.165356 -0.035508 0.527745
v 0.248035 -0.035464 0.525486
v 0.330715 -0.035403 0.522324
v 0.413395 -0.035324 0.518258
v 0.496076 -0.035227 0.513288
v 0.578759 -0.035114 0.507415
v 0.661443 -0.034982 0.500639
v 0.744129 -0.034834 0.492959
v 0.826818 -0.034668 0.484376
v 0.909508 -0.034486 0.474890
v 0.992521 -0.034286 0.464460
v -0.992905 0.047148 0.464205
v -0.909877 0.046571 0.474098
v -0.827155 0.046042 0.483101
v -0.744435 0.045563 0.491251
v -0.661717 0.045134 0.498545
v -0.579000 0.044755 0.504985
v -0.496284 0.044426 0.510567
v -0.413569 0.044148 0.515292
v -0.330854 0.043920 0.519159
v -0.248140 0.043743 0.522167
v -0.165427 0.043616 0.524316
v -0.082713 0.043540 0.525606
v 0.000000 0.043515 0.526036
v 0.082713 0.043540 0.525606
v 0.165427 0.043616 0.524316
v 0.248140 0.043743 0.522167
v 0.330854 0.043920 0.519159
v 0.413569 0.044148 0.515292
v 0.496284 0.044426 0.510567
v 0.579000 0.044755 0.504985
v 0.661717 0.045134 0.498545
v 0.744435 0.045563 0.491251
v 0.827155 0.046042 0.483101
v 0.909877 0.046571 0.474098
v 0.992905 0.047148 0.464205
v -0.993637 0.128605 0.463728
v -0.910578 0.127708 0.472600
v -0.827795 0.126888 0.480684
v -0.745014 0.126146 0.488009
v -0.662234 0.125482 0.494569
v -0.579455 0.124897 0.500364
v -0.496676 0.124389 0.505391
v -0.413897 0.123961 0.509648
v -0.331118 0.123610 0.513134
v -0.248338 0.123337 0.515846
v -0.165559 0.123143 0.517784
v -0.082780 0.123026 0.518947
v 0.000000 0.122987 0.519335
v 0.082780 0.123026 0.518947
v 0.165559 0.123143 0.517784
v 0.248338 0.123337 0.515846
v 0.331118 0.123610 0.513134
v 0.413897 0.123961 0.509648
v 0.496676 0.124389 0.505391
v 0.579455 0.124897 0.500364
v 0.662234 0.125482 0.494569
v 0.745014 0.126146 0.488009
v 0.827795 0.126888 0.480684
v 0.910578 0.127708 0.472600
v 0.993637 0.128605 0.463728
v -0.994642 0.210097 0.463090
v -0.911542 0.208971 0.470559
v -0.828674 0.207943 0.477378
v -0.745808 0.207013 0.483563
v -0.662942 0.206183 0.489108
v -0.580076 0.205451 0.494011
v -0.497209 0.204819 0.498267
v -0.414342 0.204285 0.501874
v -0.331475 0.203848 0.504828
v -0.248607 0.203510 0.507128
v -0.165738 0.203268 0.508772
v -0.082869 0.203123 0.509759
v 0.000000 0.203075 0.510088
v 0.082869 0.203123 0.509759
v 0.165738 0.203268 0.508772
v 0.248607 0.203510 0.507128
v 0.331475 0.203848 0.504828
v 0.414342 0.204285 0.501874
v 0.497209 0.204819 0.498267
v 0.580076 0.205451 0.494011
v 0.662942 0.206183 0.489108
v 0.745808 0.207013 0.483563
v 0.828674 0.207943 0.477378
v 0.911542 0.208971 0.470559
v 0.994642 0.210097 0.463090
v -0.995824 0.291631 0.462364
v -0.912673 0.290386 0.468189
v -0.829704 0.289251 0.473517
v -0.746736 0.288226 0.478357
v -0.663767 0.287311 0.482702
v -0.580799 0.286505 0.486547
v -0.497829 0.285810 0.489888
v -0.414859 0.285223 0.492721
v -0.331889 0.284744 0.495044
v -0.248917 0.284372 0.496853
v -0.165945 0.284107 0.498146
v -0.082973 0.283948 0.498923
v 0.000000 0.283895 0.499182
v 0.082973 0.283948 0.498923
v 0.165945 0.284107 0.498146
v 0.248917 0.284372 0.496853
v 0.331889 0.284744 0.495044
v 0.414859 0.285223 0.492721
v 0.497829 0.285810 0.489888
v 0.580799 0.286505 0.486547
v 0.663767 0.287311 0.482702
v 0.746736 0.288226 0.478357
v 0.829704 0.289251 0.473517
v 0.912673 0.290386 0.468189
v 0.995824 0.291631 0.462364
v -0.997067 0.373209 0.461628
v -0.913862 0.371964 0.465723
v -0.830785 0.370828 0.469479
v -0.747709 0.369803 0.472895
v -0.664632 0.368888 0.475966
v -0.581555 0.368084 0.478687
v -0.498477 0.367389 0.481055
v -0.415399 0.366802 0.483064
v -0.332320 0.366324 0.484712
v -0.249240 0.365953 0.485996
v -0.166161 0.365688 0.486915
v -0.083080 0.365530 0.487467
v 0.000000 0.365477 0.487651
v 0.083080 0.365530 0.487467
v 0.166161 0.365688 0.486915
v 0.249240 0.365953 0.485996
v 0.332320 0.366324 0.484712
v 0.415399 0.366802 0.483064
v 0.498477 0.367389 0.481055
v 0.581555 0.368084 0.478687
v 0.664632 0.368888 0.475966
v 0.747709 0.369803 0.472895
v 0.830785 0.370828 0.469479
v 0.913862 0.371964 0.465723
v 0.997067 0.373209 0.461628
v -0.998257 0.454830 0.460950
v -0.915000 0.453693 0.463389
v -0.831819 0.452656 0.465633
v -0.748638 0.451720 0.467678
v -0.665457 0.450885 0.469520
v -0.582276 0.450149 0.471156
v -0.499094 0.449514 0.472580
v -0.415913 0.448978 0.473790
v -0.332731 0.448541 0.474784
v -0.249548 0.448201 0.475559
v -0.166366 0.447959 0.476114
v -0.083183 0.447814 0.476447
v 0.000000 0.447765 0.476558
v 0.083183 0.447814 0.476447
v 0.166366 0.447959 0.476114
v 0.249548 0.448201 0.475559
v 0.332731 0.448541 0.474784
v 0.415913 0.448978 0.473790
v 0.499094 0.449514 0.472580
v 0.582276 0.450149 0.471156
v 0.665457 0.450885 0.469520
v 0.748638 0.451720 0.467678
v 0.831819 0.452656 0.465633
v 0.915000 0.453693 0.463389
v 0.998257 0.454830 0.460950
v -0.999291 0.536503 0.460380
v -0.915989 0.535612 0.461376
v -0.832718 0.534800 0.462296
v -0.749446 0.534066 0.463138
v -0.666175 0.533410 0.463899
v -0.582903 0.532833 0.464576
v -0.499631 0.532333 0.465167
v -0.416360 0.531911 0.465671
v -0.333088 0.531566 0.466085
v -0.249816 0.531298 0.466409
v -0.166544 0.531107 0.466641
v -0.083272 0.530993 0.466780
v 0.000000 0.530954 0.466827
v 0.083272 0.530993 0.466780
v 0.166544 0.531107 0.466641
v 0.249816 0.531298 0.466409
v 0.333088 0.531566 0.466085
v 0.416360 0.531911 0.465671
v 0.499631 0.532333 0.465167
v 0.582903 0.532833 0.464576
v 0.666175 0.533410 0.463899
v 0.749446 0.534066 0.463138
v 0.832718 0.534800 0.462296
v 0.915989 0.535612 0.461376
v 0.999291 0.536503 0.460380
v -1.000000 0.618283 0.460000
v -0.916667 0.617921 0.460002
v -0.833333 0.617591 0.460006
v -0.750000 0.617292 0.460011
v -0.666667 0.617025 0.460016
v -0.583333 0.616789 0.460022
v -0.500000 0.616584 0.460028
v -0.416667 0.616412 0.460034
v -0.333333 0.616270 0.460039
v -0.250000 0.616160 0.460043
v -0.166667 0.616082 0.460046
v -0.083333 0.616035 0.460047
v 0.000000 0.616019 0.460048
v 0.083333 0.616035 0.460047
v 0.166667 0.616082 0.460046
v 0.250000 0.616160 0.460043
v 0.333333 0.616270 0.460039
v 0.416667 0.616412 0.460034
v 0.500000 0.616584 0.460028
v 0.583333 0.616789 0.460022
v 0.666667 0.617025 0.460016
v 0.750000 0.617292 0.460011
v 0.833333 0.617591 0.460006
v 0.916667 0.617921 0.460002
v 1.000000 0.618283 0.460000
v -1.000000 0.700000 0.460000
v -0.916667 0.700000 0.460000
v -0.833333 0.700000 0.460000
v -0.750000 0.700000 0.460000
v -0.666667 0.700000 0.460000
v -0.583333 0.700000 0.460000
v -0.500000 0.700000 0.460000
v -0.416667 0.700000 0.460000
v -0.333333 0.700000 0.460000
v -0.250000 0.700000 0.460000
v -0.166667 0.700000 0.460000
v -0.083333 0.700000 0.460000
v 0.000000 0.700000 0.460000
v 0.083333 0.700000 0.460000
v 0.166667 0.700000 0.460000
v 0.250000 0.700000 0.460000
v 0.333333 0.700000 0.460000
v 0.416667 0.700000 0.460000
v 0.500000 0.700000 0.460000
v 0.583333 0.700000 0.460000
v 0.666667 0.700000 0.460000
v 0.750000 0.700000 0.460000
v 0.833333 0.700000 0.460000
v 0.916667 0.700000 0.460000
v 1.000000 0.700000 0.460000
vn -0.677247 -0.665887 -0.312939
vn -0.023056 -0.703933 -0.709892
vn -0.023166 -0.700746 -0.713035
vn -0.023275 -0.697545 -0.716163
vn -0.023385 -0.694330 -0.719277
vn -0.023493 -0.691102 -0.722375
vn 0.000078 -0.999598 -0.028362
vn 0.023635 -0.729932 0.683111
vn 0.023521 -0.732982 0.679841
vn 0.023406 -0.736016 0.676560
vn 0.023290 -0.739034 0.673266
vn 0.023166 -0.742043 0.669952
vn -0.007550 -0.743213 0.669013
vn -0.023252 -0.740036 0.672165
vn -0.023367 -0.737023 0.675463
vn -0.023483 -0.733995 0.678749
vn -0.023597 -0.730951 0.682022
vn -0.000029 -0.999554 -0.029856
vn 0.023596 -0.687861 -0.725459
vn 0.023488 -0.691102 -0.722375
vn 0.023379 -0.694330 -0.719277
vn 0.023270 -0.697545 -0.716163
vn 0.023160 -0.700746 -0.713035
vn 0.023050 -0.703933 -0.709892
vn 0.688755 -0.331052 -0.644997
vn -0.727043 0.004873 -0.686575
vn -0.031717 -0.004695 -0.999486
vn -0.196104 -0.980357 -0.021049
vn -0.143210 -0.989191 -0.031513
vn -0.112295 -0.992831 -0.040950
vn -0.092044 -0.994518 -0.049611
vn 0.027144 -0.091129 0.995469
vn 0.029771 -0.065406 0.997415
vn 0.029928 -0.072001 0.996955
vn 0.030085 -0.078069 0.996494
vn 0.030242 -0.083612 0.996039
vn 0.030399 -0.088632 0.995600
vn 0.001575 -0.091715 0.995784
vn -0.030231 -0.088311 0.995634
vn -0.030074 -0.082945 0.996100
vn -0.029918 -0.077055 0.996578
vn -0.029761 -0.070638 0.997058
vn -0.027130 -0.097464 0.994869
vn 0.088631 -0.994690 -0.052316
vn 0.106786 -0.993313 -0.043886
vn 0.133736 -0.990408 -0.034725
vn 0.177862 -0.983747 -0.024647
vn 0.032058 0.007463 -0.999458
vn 0.028801 0.014638 -0.999478
vn 0.724699 0.008815 -0.689009
vn -0.999972 0.001969 0.007222
vn 0.008723 -0.035658 0.999326
vn 0.015364 -0.043556 0.998933
vn 0.016455 -0.060142 0.998054
vn 0.017541 -0.075398 0.996999
vn 0.018623 -0.089325 0.995828
vn 0.019701 -0.101929 0.994597
vn 0.020775 -0.113218 0.993353
vn 0.021847 -0.123202 0.992141
vn 0.022918 -0.131893 0.990999
vn 0.023988 -0.139301 0.989959
vn 0.025059 -0.145438 0.989050
vn 0.001675 -0.148929 0.988846
vn -0.024645 -0.145303 0.989080
vn -0.023573 -0.139012 0.990010
vn -0.022503 -0.131447 0.991068
vn -0.021432 -0.122598 0.992225
vn -0.020359 -0.112453 0.993448
vn -0.019284 -0.101000 0.994699
vn -0.018206 -0.088231 0.995934
vn -0.017123 -0.074136 0.997101
vn -0.016036 -0.058711 0.998146
vn -0.009401 -0.052453 0.998579
vn 0.907709 -0.419599 0.001114
vn 0.999964 0.004553 0.007229
vn -0.717863 -0.006787 0.696151
vn -0.006103 -0.030802 0.999507
vn -0.003536 -0.052496 0.998615
vn -0.000973 -0.072480 0.997369
vn 0.001584 -0.090749 0.995873
vn 0.004132 -0.107307 0.994217
vn 0.006671 -0.122164 0.992488
vn 0.009201 -0.135335 0.990757
vn 0.011723 -0.146839 0.989091
vn 0.014238 -0.156695 0.987544
vn 0.016748 -0.164923 0.986164
vn 0.019254 -0.171538 0.984989
vn 0.001713 -0.175180 0.984535
vn -0.018726 -0.171478 0.985010
vn -0.016219 -0.164789 0.986195
vn -0.013708 -0.156488 0.987585
vn -0.011192 -0.146557 0.989139
vn -0.008669 -0.134975 0.990811
vn -0.006138 -0.121725 0.992545
vn -0.003598 -0.106787 0.994275
vn -0.001048 -0.090148 0.995928
vn 0.001509 -0.071796 0.997418
vn 0.004073 -0.051729 0.998653
vn 0.006641 -0.029954 0.999529
vn 0.712504 -0.005965 0.701643
vn -0.734738 -0.007122 0.678313
vn -0.029178 -0.033012 0.999029
vn -0.024891 -0.056381 0.998099
vn -0.020603 -0.077871 0.996751
vn -0.016321 -0.097476 0.995104
vn -0.012051 -0.115199 0.993269
vn -0.007796 -0.131052 0.991345
vn -0.003557 -0.145054 0.989417
vn 0.000666 -0.157228 0.987562
vn 0.004873 -0.167596 0.985844
vn 0.009068 -0.176183 0.984316
vn 0.013253 -0.183009 0.983022
vn 0.001728 -0.186707 0.982414
vn -0.012674 -0.182988 0.983034
vn -0.008488 -0.176135 0.984329
vn -0.004293 -0.167521 0.985859
vn -0.000084 -0.157125 0.987579
vn 0.004140 -0.144923 0.989434
vn 0.008380 -0.130891 0.991361
vn 0.012636 -0.115008 0.993284
vn 0.016907 -0.097255 0.995116
vn 0.021190 -0.077620 0.996758
vn 0.025478 -0.056099 0.998100
vn 0.029765 -0.032700 0.999022
vn 0.729122 -0.006863 0.684350
vn -0.751350 -0.006835 0.659868
vn -0.053108 -0.032682 0.998054
vn -0.047035 -0.056074 0.997318
vn -0.040952 -0.077597 0.996143
vn -0.034872 -0.097239 0.994650
vn -0.028803 -0.115003 0.992948
vn -0.022752 -0.130898 0.991135
vn -0.016722 -0.144942 0.989299
vn -0.010714 -0.157156 0.987516
vn -0.004729 -0.167563 0.985850
vn 0.001237 -0.176184 0.984356
vn 0.007187 -0.183041 0.983079
vn 0.001723 -0.186751 0.982406
vn -0.006605 -0.183064 0.983079
vn -0.000655 -0.176232 0.984348
vn 0.005311 -0.167637 0.985835
vn 0.011297 -0.157257 0.987493
vn 0.017305 -0.145070 0.989270
vn 0.023335 -0.131054 0.991101
vn 0.029386 -0.115187 0.992909
vn 0.035455 -0.097454 0.994608
vn 0.041534 -0.077841 0.996100
vn 0.047617 -0.056349 0.997275
vn 0.053689 -0.032987 0.998013
vn 0.745906 -0.007214 0.666013
vn -0.766436 -0.005948 0.642293
vn -0.076082 -0.029666 0.996660
vn -0.068335 -0.051302 0.996343
vn -0.060568 -0.071265 0.995617
vn -0.052795 -0.089541 0.994583
vn -0.045028 -0.106127 0.993333
vn -0.037275 -0.121030 0.991949
vn -0.029541 -0.134259 0.990506
vn -0.021828 -0.145829 0.989069
vn -0.014139 -0.155756 0.987694
vn -0.006471 -0.164058 0.986430
vn 0.001177 -0.170749 0.985314
vn 0.001700 -0.174421 0.984670
vn -0.000646 -0.170818 0.985302
vn 0.007002 -0.164206 0.986401
vn 0.014669 -0.155985 0.987651
vn 0.022358 -0.146140 0.989011
vn 0.030069 -0.134654 0.990436
vn 0.037802 -0.121511 0.991870
vn 0.045553 -0.106696 0.993248
vn 0.053319 -0.090199 0.994495
vn 0.061090 -0.072014 0.995531
vn 0.068855 -0.052143 0.996263
vn 0.076601 -0.030596 0.996592
vn 0.761571 -0.006959 0.648044
vn -0.778904 -0.004546 0.627127
vn -0.096281 -0.024098 0.995062
vn -0.087142 -0.042244 0.995300
vn -0.077972 -0.059076 0.995204
vn -0.068784 -0.074585 0.994840
vn -0.059591 -0.088762 0.994269
vn -0.050400 -0.101609 0.993547
vn -0.041217 -0.113127 0.992725
vn -0.032048 -0.123323 0.991849
vn -0.022894 -0.132203 0.990958
vn -0.013756 -0.139776 0.990088
vn -0.004634 -0.146051 0.989266
vn 0.001642 -0.149616 0.988743
vn 0.005062 -0.146194 0.989243
vn 0.014183 -0.140049 0.990043
vn 0.023319 -0.132607 0.990894
vn 0.032471 -0.123860 0.991768
vn 0.041639 -0.113800 0.992631
vn 0.050818 -0.102420 0.993442
vn 0.060006 -0.089713 0.994158
vn 0.069197 -0.075675 0.994729
vn 0.078382 -0.060309 0.995098
vn 0.087550 -0.043617 0.995205
vn 0.096688 -0.025612 0.994985
vn 0.774962 -0.006128 0.631978
vn -0.787086 -0.002490 0.616839
vn -0.111400 -0.013667 0.993682
vn -0.101285 -0.024745 0.994550
vn -0.091135 -0.034994 0.995224
vn -0.080956 -0.044406 0.995728
vn -0.070756 -0.052977 0.996086
vn -0.060541 -0.060703 0.996318
vn -0.050316 -0.067582 0.996444
vn -0.040084 -0.073614 0.996481
vn -0.029849 -0.078799 0.996444
vn -0.019613 -0.083138 0.996345
vn -0.009378 -0.086632 0.996196
vn 0.000854 -0.089283 0.996006
vn 0.009663 -0.088233 0.996053
vn 0.019894 -0.084911 0.996190
vn 0.030127 -0.080745 0.996279
vn 0.040358 -0.075735 0.996311
vn 0.050586 -0.069878 0.996272
vn 0.060808 -0.063176 0.996148
vn 0.071019 -0.055627 0.995923
vn 0.081216 -0.047233 0.995577
vn 0.091392 -0.037997 0.995090
vn 0.101542 -0.027924 0.994439
vn 0.111657 -0.017019 0.993601
vn 0.784738 -0.005478 0.619804
vn -0.789733 -0.000522 0.613451
vn -0.118237 -0.003482 0.992979
vn -0.107613 -0.006619 0.994171
vn -0.096951 -0.009473 0.995244
vn -0.086256 -0.012041 0.996200
vn -0.075532 -0.014322 0.997041
vn -0.064782 -0.016314 0.997766
vn -0.054010 -0.018017 0.998378
vn -0.043220 -0.019429 0.998877
vn -0.032415 -0.020550 0.999263
vn -0.021600 -0.021379 0.999538
vn -0.010778 -0.021915 0.999702
vn 0.000048 -0.022159 0.999754
vn 0.010874 -0.022110 0.999696
vn 0.021696 -0.021767 0.999528
vn 0.032511 -0.021133 0.999248
vn 0.043315 -0.020206 0.998857
vn 0.054104 -0.018987 0.998355
vn 0.064875 -0.017478 0.997740
vn 0.075624 -0.015678 0.997013
vn 0.086348 -0.013589 0.996172
vn 0.097042 -0.011212 0.995217
vn 0.107703 -0.008549 0.994146
vn 0.118326 -0.005602 0.992959
vn 0.789075 -0.002687 0.614290
vn -0.788413 0.001492 0.615145
vn -0.118326 0.005602 0.992959
vn -0.107703 0.008549 0.994146
vn -0.097042 0.011212 0.995217
vn -0.086348 0.013589 0.996172
vn -0.075624 0.015678 0.997013
vn -0.064875 0.017478 0.997740
vn -0.054104 0.018987 0.998355
vn -0.043315 0.020206 0.998857
vn -0.032511 0.021133 0.999248
vn -0.021696 0.021767 0.999528
vn -0.010874 0.022110 0.999696
vn -0.000048 0.022159 0.999754
vn 0.010778 0.021915 0.999702
vn 0.021600 0.021379 0.999538
vn 0.032415 0.020550 0.999263
vn 0.043220 0.019429 0.998877
vn 0.054010 0.018017 0.998378
vn 0.064782 0.016314 0.997766
vn 0.075532 0.014322 0.997041
vn 0.086256 0.012041 0.996200
vn 0.096951 0.009473 0.995244
vn 0.107613 0.006619 0.994171
vn 0.118237 0.003482 0.992979
vn 0.789069 -0.000670 0.614304
vn -0.783226 0.003376 0.621728
vn -0.112367 0.014109 0.993567
vn -0.102261 0.022833 0.994496
vn -0.092122 0.030728 0.995273
vn -0.081956 0.037791 0.995919
vn -0.071768 0.044017 0.996450
vn -0.061562 0.049404 0.996880
vn -0.051343 0.053951 0.997223
vn -0.041114 0.057657 0.997489
vn -0.030877 0.060521 0.997689
vn -0.020634 0.062542 0.997829
vn -0.010388 0.063721 0.997914
vn -0.000139 0.064056 0.997946
vn 0.010109 0.063549 0.997928
vn 0.020357 0.062199 0.997856
vn 0.030601 0.060005 0.997729
vn 0.040839 0.056969 0.997540
vn 0.051071 0.053091 0.997283
vn 0.061292 0.048370 0.996947
vn 0.071500 0.042810 0.996522
vn 0.081690 0.036410 0.995992
vn 0.091858 0.029174 0.995345
vn 0.101999 0.021106 0.994561
vn 0.112106 0.012211 0.993621
vn 0.785150 0.001432 0.619304
vn -0.774580 0.004963 0.632456
vn -0.100951 0.021178 0.994666
vn -0.091841 0.034775 0.995166
vn -0.082705 0.047075 0.995462
vn -0.073552 0.058070 0.995599
vn -0.064388 0.067759 0.995622
vn -0.055218 0.076141 0.995567
vn -0.046047 0.083218 0.995467
vn -0.036877 0.088991 0.995350
vn -0.027709 0.093464 0.995237
vn -0.018543 0.096638 0.995147
vn -0.009378 0.098515 0.995091
vn -0.000214 0.099097 0.995078
vn 0.008949 0.098384 0.995108
vn 0.018115 0.096374 0.995180
vn 0.027282 0.093068 0.995286
vn 0.036452 0.088463 0.995412
vn 0.045625 0.082555 0.995542
vn 0.054798 0.075343 0.995651
vn 0.063970 0.066825 0.995712
vn 0.073137 0.056998 0.995692
vn 0.082293 0.045865 0.995552
vn 0.091431 0.033428 0.995250
vn 0.100542 0.019693 0.994738
vn 0.777626 0.003426 0.628718
vn -0.763192 0.006105 0.646143
vn -0.085210 0.026118 0.996021
vn -0.077493 0.043211 0.996056
vn -0.069758 0.058658 0.995838
vn -0.062014 0.072454 0.995442
vn -0.054270 0.084599 0.994936
vn -0.046531 0.095098 0.994380
vn -0.038799 0.103957 0.993825
vn -0.031078 0.111185 0.993314
vn -0.023365 0.116788 0.992882
vn -0.015661 0.120773 0.992557
vn -0.007962 0.123146 0.992357
vn -0.000267 0.123910 0.992293
vn 0.007429 0.123065 0.992371
vn 0.015128 0.120612 0.992584
vn 0.022833 0.116545 0.992923
vn 0.030547 0.110860 0.993367
vn 0.038270 0.103549 0.993888
vn 0.046003 0.094605 0.994451
vn 0.053744 0.084020 0.995014
vn 0.061490 0.071787 0.995523
vn 0.069235 0.057903 0.995919
vn 0.076973 0.042368 0.996133
vn 0.084691 0.025188 0.996089
vn 0.767109 0.005116 0.641497
vn -0.750056 0.006689 0.661340
vn -0.066692 0.028500 0.997367
vn -0.060637 0.047406 0.997033
vn -0.054572 0.064480 0.996426
vn -0.048504 0.079718 0.995637
vn -0.042441 0.093125 0.994749
vn -0.036388 0.104707 0.993837
vn -0.030346 0.114478 0.992962
vn -0.024317 0.122448 0.992177
vn -0.018299 0.128630 0.991524
vn -0.012291 0.133034 0.991035
vn -0.006290 0.135668 0.990734
vn -0.000293 0.136536 0.990635
vn 0.005705 0.135642 0.990742
vn 0.011706 0.132982 0.991049
vn 0.017714 0.128552 0.991545
vn 0.023732 0.122343 0.992204
vn 0.029761 0.114346 0.992995
vn 0.035804 0.104548 0.993875
vn 0.041858 0.092937 0.994792
vn 0.047921 0.079501 0.995682
vn 0.053990 0.064234 0.996473
vn 0.060056 0.047130 0.997082
vn 0.066112 0.028195 0.997414
vn 0.754501 0.006327 0.656268
vn -0.736373 0.006660 0.676543
vn -0.047178 0.028212 0.998488
vn -0.042894 0.047153 0.997966
vn -0.038605 0.064255 0.997187
vn -0.034316 0.079517 0.996243
vn -0.030033 0.092943 0.995218
vn -0.025758 0.104544 0.994187
vn -0.021493 0.114331 0.993210
vn -0.017238 0.122318 0.992341
vn -0.012992 0.128518 0.991622
vn -0.008754 0.132942 0.991085
vn -0.004522 0.135598 0.990754
vn -0.000292 0.136492 0.990641
vn 0.003938 0.135625 0.990752
vn 0.008170 0.132996 0.991083
vn 0.012408 0.128600 0.991619
vn 0.016653 0.122427 0.992338
vn 0.020908 0.114468 0.993207
vn 0.025173 0.104709 0.994184
vn 0.029447 0.093138 0.995218
vn 0.033730 0.079741 0.996245
vn 0.038019 0.064509 0.997193
vn 0.042309 0.047436 0.997978
vn 0.046593 0.028525 0.998507
vn 0.740938 0.006928 0.671537
vn -0.723401 0.006039 0.690402
vn -0.028463 0.025471 0.999270
vn -0.025887 0.042787 0.998749
vn -0.023308 0.058428 0.998020
vn -0.020730 0.072392 0.997161
vn -0.018155 0.084684 0.996242
vn -0.015585 0.095312 0.995325
vn -0.013021 0.104286 0.994462
vn -0.010462 0.111617 0.993696
vn -0.007908 0.117314 0.993063
vn -0.005358 0.121388 0.992591
vn -0.002812 0.123843 0.992298
vn -0.000266 0.124686 0.992196
vn 0.002279 0.123917 0.992290
vn 0.004825 0.121535 0.992575
vn 0.007374 0.117536 0.993041
vn 0.009928 0.111914 0.993668
vn 0.012486 0.104660 0.994430
vn 0.015050 0.095763 0.995290
vn 0.017619 0.085214 0.996207
vn 0.020193 0.073001 0.997127
vn 0.022771 0.059117 0.997991
vn 0.025350 0.043557 0.998729
vn 0.027926 0.026321 0.999263
vn 0.727665 0.006863 0.685898
vn -0.712654 0.004522 0.701501
vn -0.012371 0.019397 0.999735
vn -0.011261 0.033017 0.999391
vn -0.010150 0.045331 0.998920
vn -0.009040 0.056339 0.998371
vn -0.007931 0.066044 0.997785
vn -0.006824 0.074449 0.997201
vn -0.005718 0.081560 0.996652
vn -0.004614 0.087383 0.996164
vn -0.003511 0.091923 0.995760
vn -0.002410 0.095184 0.995457
vn -0.001309 0.097170 0.995267
vn -0.000209 0.097884 0.995198
vn 0.000891 0.097326 0.995252
vn 0.001991 0.095496 0.995428
vn 0.003092 0.092392 0.995718
vn 0.004194 0.088011 0.996111
vn 0.005298 0.082348 0.996590
vn 0.006404 0.075398 0.997133
vn 0.007511 0.067155 0.997714
vn 0.008620 0.057614 0.998302
vn 0.009729 0.046771 0.998858
vn 0.010840 0.034622 0.999342
vn 0.011949 0.021168 0.999705
vn 0.716061 0.006301 0.698010
vn -0.707108 0.001084 0.707105
vn -0.001968 0.006321 0.999978
vn -0.001797 0.012000 0.999926
vn -0.001625 0.017153 0.999852
vn -0.001454 0.021778 0.999762
vn -0.001282 0.025877 0.999664
vn -0.001111 0.029449 0.999566
vn -0.000940 0.032495 0.999471
vn -0.000769 0.035018 0.999386
vn -0.000598 0.037017 0.999314
vn -0.000427 0.038493 0.999259
vn -0.000256 0.039449 0.999222
vn -0.000085 0.039883 0.999204
vn 0.000085 0.039796 0.999208
vn 0.000256 0.039188 0.999232
vn 0.000427 0.038059 0.999275
vn 0.000598 0.036408 0.999337
vn 0.000769 0.034235 0.999414
vn 0.000940 0.031538 0.999502
vn 0.001111 0.028317 0.999598
vn 0.001283 0.024569 0.999697
vn 0.001454 0.020295 0.999793
vn 0.001626 0.015494 0.999879
vn 0.001797 0.010166 0.999947
vn 0.708511 0.005002 0.705682
vn -0.408248 0.816497 0.408248
vn 0.000000 0.707107 0.707107
vn 0.000000 0.707107 0.707107
vn 0.000000 0.707107 0.707107
vn 0.000000 0.707107 0.707107
vn 0.000000 0.707107 0.707107
vn 0.000000 0.707107 0.707107
vn 0.000000 0.707107 0.707107
vn 0.000000 0.707107 0.707107
vn 0.000000 0.707107 0.707107
vn 0.000000 0.707107 0.707107
vn 0.000000 0.707107 0.707107
vn 0.000000 0.707107 0.707107
vn 0.000000 0.707107 0.707107
vn 0.000000 0.707107 0.707107
vn 0.000000 0.707107 0.707107
vn 0.000000 0.707107 0.707107
vn 0.000000 0.707107 0.707107
vn 0.000000 0.707107 0.707107
vn 0.000000 0.707107 0.707107
vn 0.000000 0.707107 0.707107
vn 0.000000 0.707107 0.707107
vn 0.000000 0.707107 0.707107
vn 0.000000 0.707107 0.707107
vn 0.408248 0.408248 0.816497
vn -0.434548 -0.406135 -0.803879
vn -0.022272 -0.703916 -0.709934
vn -0.022375 -0.700711 -0.713094
vn -0.022480 -0.697488 -0.716243
vn -0.022587 -0.694249 -0.719381
vn -0.022694 -0.690995 -0.722503
vn -0.022802 -0.687729 -0.725609
vn -0.022911 -0.684451 -0.728698
vn -0.023020 -0.681164 -0.731769
vn -0.023130 -0.677868 -0.734819
vn -0.023239 -0.674565 -0.737850
vn -0.023179 -0.671255 -0.740864
vn 0.006691 -0.669205 -0.743048
vn 0.023257 -0.671263 -0.740854
vn 0.023242 -0.674571 -0.737844
vn 0.023133 -0.677878 -0.734810
vn 0.023025 -0.681177 -0.731757
vn 0.022917 -0.684466 -0.728684
vn 0.022810 -0.687745 -0.725594
vn 0.022703 -0.691012 -0.722487
vn 0.022598 -0.694265 -0.719364
vn 0.022493 -0.697503 -0.716228
vn 0.022391 -0.700724 -0.713081
vn 0.022289 -0.703924 -0.709925
vn 0.421389 -0.815883 -0.395936
vn -0.727049 0.009614 -0.686518
vn -0.028789 0.014644 -0.999478
vn -0.028951 0.024440 -0.999282
vn -0.029112 0.033705 -0.999008
vn -0.029273 0.042437 -0.998670
vn -0.029433 0.050636 -0.998283
vn -0.029592 0.058303 -0.997860
vn -0.029751 0.065437 -0.997413
vn -0.029910 0.072041 -0.996953
vn -0.031938 0.039266 -0.998718
vn -0.049866 -0.995543 -0.080049
vn -0.044694 -0.995331 -0.085544
vn -0.039625 -0.995104 -0.090546
vn 0.039209 -0.995260 -0.088993
vn 0.044725 -0.995477 -0.083814
vn 0.050208 -0.995678 -0.078135
vn 0.031602 0.032093 -0.998985
vn 0.029585 0.063760 -0.997527
vn 0.029427 0.056276 -0.997981
vn 0.029269 0.048258 -0.998406
vn 0.029111 0.039703 -0.998787
vn 0.028951 0.030612 -0.999112
vn 0.028791 0.020985 -0.999365
vn 0.028630 0.010824 -0.999531
vn 0.729392 0.005692 -0.684072
vn -0.716534 0.016006 -0.697368
vn -0.014263 0.025640 -0.999569
vn -0.015364 0.043534 -0.998934
vn -0.016460 0.060093 -0.998057
vn -0.017550 0.075318 -0.997005
vn -0.022480 0.072295 -0.997130
vn -0.292619 -0.952160 -0.088119
vn -0.242786 -0.964765 -0.101408
vn -0.202917 -0.972641 -0.113113
vn 0.019920 -0.150496 0.988410
vn 0.023591 -0.138766 0.990044
vn 0.024530 -0.145051 0.989120
vn -0.001672 -0.148673 0.988885
vn -0.024979 -0.145184 0.989089
vn -0.024008 -0.139058 0.989993
vn -0.022937 -0.131666 0.991029
vn -0.019269 -0.142380 0.989625
vn 0.207202 -0.972133 -0.109661
vn 0.249826 -0.963375 -0.097448
vn 0.303748 -0.949076 -0.083617
vn 0.021005 0.057194 -0.998142
vn 0.016057 0.058655 -0.998149
vn 0.014964 0.041929 -0.999009
vn 0.013866 0.023868 -0.999619
vn 0.720918 0.014159 -0.692875
vn -0.701584 0.019113 -0.712330
vn 0.006100 0.030801 -0.999507
vn -0.002056 0.042436 -0.999097
vn -0.862156 -0.505327 -0.036499
vn -0.777470 -0.626596 -0.054010
vn -0.000843 -0.117444 0.993079
vn 0.006157 -0.121696 0.992548
vn 0.008687 -0.134939 0.990816
vn 0.011208 -0.146515 0.989145
vn 0.013722 -0.156441 0.987592
vn 0.016230 -0.164739 0.986204
vn 0.018649 -0.171427 0.985020
vn -0.001701 -0.175127 0.984544
vn -0.019205 -0.171483 0.985000
vn -0.016762 -0.164870 0.986173
vn -0.014254 -0.156646 0.987552
vn -0.011740 -0.146795 0.989097
vn -0.009218 -0.135296 0.990762
vn -0.006688 -0.122131 0.992491
vn -0.004148 -0.107281 0.994220
vn 0.002880 -0.101665 0.994815
vn 0.799067 -0.599297 -0.048324
vn 0.883590 -0.467211 -0.031338
vn -0.001007 0.019692 -0.999806
vn 0.707013 0.018196 -0.706966
vn -0.999656 0.012019 -0.023293
vn -0.997003 -0.069725 -0.033511
vn -0.031291 -0.064487 0.997428
vn -0.021171 -0.077625 0.996758
vn -0.016888 -0.097258 0.995116
vn -0.012617 -0.115009 0.993284
vn -0.008361 -0.130889 0.991362
vn -0.004122 -0.144919 0.989435
vn 0.000100 -0.157119 0.987580
vn 0.004307 -0.167514 0.985860
vn 0.008500 -0.176127 0.984331
vn 0.012632 -0.182981 0.983035
vn -0.001712 -0.186699 0.982416
vn -0.013231 -0.182997 0.983024
vn -0.009080 -0.176171 0.984318
vn -0.004888 -0.167585 0.985845
vn -0.000682 -0.157218 0.987564
vn 0.003539 -0.145045 0.989419
vn 0.007778 -0.131044 0.991346
vn 0.012033 -0.115192 0.993270
vn 0.016304 -0.097471 0.995105
vn 0.020587 -0.077867 0.996751
vn 0.024878 -0.056378 0.998100
vn 0.035023 -0.041857 0.998510
vn 0.999658 0.011543 -0.023454
vn -0.740407 -0.002921 0.672152
vn -0.053682 -0.032980 0.998013
vn -0.047603 -0.056355 0.997275
vn -0.041518 -0.077849 0.996100
vn -0.035436 -0.097462 0.994608
vn -0.029366 -0.115198 0.992908
vn -0.023315 -0.131066 0.991099
vn -0.017286 -0.145084 0.989268
vn -0.011279 -0.157272 0.987491
vn -0.005295 -0.167652 0.985832
vn 0.000669 -0.176248 0.984345
vn 0.006592 -0.183083 0.983075
vn -0.001707 -0.186769 0.982402
vn -0.007185 -0.183056 0.983076
vn -0.001250 -0.176197 0.984354
vn 0.004714 -0.167575 0.985848
vn 0.010697 -0.157167 0.987514
vn 0.016703 -0.144951 0.989298
vn 0.022731 -0.130905 0.991134
vn 0.028782 -0.115007 0.992948
vn 0.034851 -0.097241 0.994650
vn 0.040932 -0.077596 0.996144
vn 0.047017 -0.056071 0.997319
vn 0.053095 -0.032670 0.998055
vn 0.745902 -0.002469 0.666051
vn -0.756648 -0.002800 0.653816
vn -0.076602 -0.030582 0.996593
vn -0.068848 -0.052146 0.996263
vn -0.061080 -0.072023 0.995531
vn -0.053306 -0.090214 0.994495
vn -0.045539 -0.106717 0.993246
vn -0.037787 -0.121537 0.991867
vn -0.030054 -0.134686 0.990433
vn -0.022343 -0.146176 0.989006
vn -0.014655 -0.156025 0.987644
vn -0.006989 -0.164248 0.986394
vn 0.000651 -0.170865 0.985294
vn -0.001682 -0.174469 0.984661
vn -0.001186 -0.170792 0.985306
vn 0.006461 -0.164098 0.986423
vn 0.014127 -0.155794 0.987689
vn 0.021814 -0.145863 0.989064
vn 0.029525 -0.134288 0.990502
vn 0.037257 -0.121053 0.991947
vn 0.045010 -0.106144 0.993332
vn 0.052777 -0.089551 0.994583
vn 0.060550 -0.071269 0.995618
vn 0.068317 -0.051301 0.996344
vn 0.076068 -0.029650 0.996662
vn 0.761551 -0.001735 0.648103
vn -0.770972 -0.002427 0.636865
vn -0.096698 -0.025598 0.994985
vn -0.087551 -0.043629 0.995204
vn -0.078378 -0.060341 0.995096
vn -0.069190 -0.075736 0.994725
vn -0.059996 -0.089805 0.994151
vn -0.050806 -0.102548 0.993430
vn -0.041624 -0.113966 0.992612
vn -0.032456 -0.124066 0.991743
vn -0.023304 -0.132854 0.990862
vn -0.014169 -0.140336 0.990003
vn -0.005047 -0.146524 0.989194
vn -0.001622 -0.149984 0.988687
vn 0.004622 -0.146401 0.989214
vn 0.013743 -0.140086 0.990044
vn 0.022879 -0.132472 0.990923
vn 0.032031 -0.123550 0.991821
vn 0.041199 -0.113314 0.992705
vn 0.050381 -0.101756 0.993533
vn 0.059572 -0.088871 0.994260
vn 0.068765 -0.074659 0.994835
vn 0.077953 -0.059121 0.995203
vn 0.087123 -0.042263 0.995301
vn 0.096267 -0.024090 0.995064
vn 0.774931 -0.000818 0.632045
vn -0.782357 -0.002542 0.622825
vn -0.111672 -0.017004 0.993600
vn -0.101554 -0.027923 0.994438
vn -0.091406 -0.038006 0.995088
vn -0.081230 -0.047252 0.995575
vn -0.071033 -0.055655 0.995920
vn -0.060821 -0.063213 0.996145
vn -0.050599 -0.069923 0.996268
vn -0.040370 -0.075785 0.996307
vn -0.030137 -0.080800 0.996275
vn -0.019904 -0.084969 0.996185
vn -0.009669 -0.088296 0.996047
vn -0.000846 -0.089321 0.996003
vn 0.009389 -0.086645 0.996195
vn 0.019624 -0.083150 0.996344
vn 0.029861 -0.078810 0.996442
vn 0.040097 -0.073623 0.996480
vn 0.050328 -0.067588 0.996443
vn 0.060553 -0.060706 0.996317
vn 0.070767 -0.052976 0.996085
vn 0.080965 -0.044402 0.995727
vn 0.091140 -0.034986 0.995223
vn 0.101288 -0.024735 0.994550
vn 0.111403 -0.013647 0.993682
vn 0.784705 0.000447 0.619869
vn -0.788420 -0.001484 0.615136
vn -0.118346 -0.005589 0.992957
vn -0.107723 -0.008527 0.994144
vn -0.097066 -0.011174 0.995215
vn -0.086375 -0.013531 0.996171
vn -0.075653 -0.015596 0.997012
vn -0.064905 -0.017367 0.997740
vn -0.054133 -0.018846 0.998356
vn -0.043341 -0.020030 0.998860
vn -0.032535 -0.020921 0.999252
vn -0.021716 -0.021518 0.999533
vn -0.010890 -0.021821 0.999703
vn -0.000034 -0.021858 0.999761
vn 0.010796 -0.021654 0.999707
vn 0.021622 -0.021156 0.999542
vn 0.032440 -0.020365 0.999266
vn 0.043246 -0.019280 0.998878
vn 0.054037 -0.017901 0.998378
vn 0.064809 -0.016228 0.997766
vn 0.075558 -0.014262 0.997039
vn 0.086279 -0.012003 0.996199
vn 0.096970 -0.009452 0.995242
vn 0.107625 -0.006611 0.994170
vn 0.118247 -0.003477 0.992978
vn 0.789073 0.000673 0.614300
vn -0.789736 -0.000603 0.613447
vn -0.118246 0.003480 0.992978
vn -0.107620 0.006623 0.994170
vn -0.096961 0.009478 0.995243
vn -0.086268 0.012048 0.996199
vn -0.075544 0.014331 0.997039
vn -0.064794 0.016326 0.997765
vn -0.054021 0.018031 0.998377
vn -0.043230 0.019445 0.998876
vn -0.032424 0.020567 0.999263
vn -0.021606 0.021397 0.999538
vn -0.010781 0.021934 0.999701
vn 0.000048 0.022178 0.999754
vn 0.010876 0.022128 0.999696
vn 0.021701 0.021785 0.999527
vn 0.032518 0.021149 0.999247
vn 0.043324 0.020220 0.998856
vn 0.054116 0.018999 0.998354
vn 0.064888 0.017487 0.997739
vn 0.075638 0.015684 0.997012
vn 0.086361 0.013592 0.996171
vn 0.097054 0.011212 0.995216
vn 0.107713 0.008547 0.994145
vn 0.118339 0.005597 0.992957
vn 0.789082 0.001559 0.614286
vn -0.787086 0.000343 0.616843
vn -0.112108 0.012203 0.993621
vn -0.102000 0.021110 0.994560
vn -0.091861 0.029183 0.995344
vn -0.081695 0.036425 0.995992
vn -0.071506 0.042831 0.996520
vn -0.061298 0.048398 0.996945
vn -0.051077 0.053124 0.997281
vn -0.040845 0.057008 0.997538
vn -0.030606 0.060048 0.997726
vn -0.020361 0.062245 0.997853
vn -0.010112 0.063597 0.997924
vn 0.000138 0.064105 0.997943
vn 0.010388 0.063768 0.997911
vn 0.020636 0.062588 0.997826
vn 0.030880 0.060563 0.997687
vn 0.041119 0.057695 0.997487
vn 0.051349 0.053983 0.997221
vn 0.061570 0.049430 0.996878
vn 0.071776 0.044036 0.996448
vn 0.081964 0.037802 0.995918
vn 0.092131 0.030733 0.995273
vn 0.102270 0.022832 0.994495
vn 0.112380 0.014100 0.993565
vn 0.785176 0.002303 0.619269
vn -0.780675 0.001283 0.624935
vn -0.100537 0.019682 0.994739
vn -0.091424 0.033430 0.995251
vn -0.082287 0.045874 0.995552
vn -0.073132 0.057015 0.995691
vn -0.063967 0.066849 0.995711
vn -0.054796 0.075375 0.995649
vn -0.045623 0.082594 0.995538
vn -0.036452 0.088508 0.995408
vn -0.027282 0.093118 0.995281
vn -0.018116 0.096428 0.995175
vn -0.008951 0.098439 0.995103
vn 0.000213 0.099153 0.995072
vn 0.009376 0.098571 0.995086
vn 0.018540 0.096691 0.995142
vn 0.027706 0.093513 0.995232
vn 0.036875 0.089036 0.995346
vn 0.046045 0.083256 0.995464
vn 0.055217 0.076173 0.995565
vn 0.064387 0.067783 0.995620
vn 0.073552 0.058086 0.995598
vn 0.082706 0.047083 0.995461
vn 0.091844 0.034777 0.995166
vn 0.100959 0.021166 0.994665
vn 0.777656 0.002855 0.628684
vn -0.771015 0.002139 0.636813
vn -0.084681 0.025176 0.996090
vn -0.076960 0.042369 0.996134
vn -0.069222 0.057909 0.995919
vn -0.061477 0.071799 0.995523
vn -0.053732 0.084038 0.995013
vn -0.045992 0.094628 0.994450
vn -0.038261 0.103578 0.993885
vn -0.030540 0.110893 0.993363
vn -0.022828 0.116583 0.992919
vn -0.015125 0.120652 0.992580
vn -0.007428 0.123108 0.992366
vn 0.000265 0.123953 0.992288
vn 0.007959 0.123188 0.992351
vn 0.015656 0.120814 0.992552
vn 0.023358 0.116826 0.992878
vn 0.031069 0.111219 0.993310
vn 0.038790 0.103988 0.993822
vn 0.046521 0.095123 0.994378
vn 0.054260 0.084619 0.994935
vn 0.062005 0.072468 0.995442
vn 0.069750 0.058666 0.995838
vn 0.077488 0.043214 0.996056
vn 0.085211 0.026108 0.996021
vn 0.767133 0.003177 0.641481
vn -0.758921 0.002823 0.651176
vn -0.066101 0.028185 0.997415
vn -0.060042 0.047129 0.997083
vn -0.053974 0.064235 0.996474
vn -0.047905 0.079505 0.995683
vn -0.041842 0.092942 0.994792
vn -0.035789 0.104556 0.993875
vn -0.029749 0.114356 0.992994
vn -0.023721 0.122355 0.992203
vn -0.017706 0.128565 0.991543
vn -0.011701 0.132997 0.991047
vn -0.005702 0.135657 0.990739
vn 0.000292 0.136552 0.990633
vn 0.006287 0.135684 0.990732
vn 0.012285 0.133050 0.991033
vn 0.018290 0.128645 0.991522
vn 0.024306 0.122462 0.992176
vn 0.030333 0.114491 0.992961
vn 0.036374 0.104719 0.993836
vn 0.042427 0.093134 0.994749
vn 0.048490 0.079726 0.995637
vn 0.054558 0.064486 0.996426
vn 0.060626 0.047411 0.997034
vn 0.066686 0.028494 0.997367
vn 0.754512 0.003241 0.656279
vn -0.998404 -0.009703 -0.055635
vn -0.989195 0.137840 -0.049927
vn -0.046061 0.054586 0.997446
vn -0.038007 0.064505 0.997193
vn -0.033717 0.079736 0.996246
vn -0.029434 0.093132 0.995219
vn -0.025160 0.104702 0.994185
vn -0.020896 0.114460 0.993208
vn -0.016643 0.122418 0.992339
vn -0.012400 0.128589 0.991620
vn -0.008164 0.132985 0.991084
vn -0.003935 0.135614 0.990754
vn 0.000292 0.136481 0.990643
vn 0.004519 0.135587 0.990755
vn 0.008749 0.132932 0.991087
vn 0.012985 0.128510 0.991623
vn 0.017228 0.122311 0.992342
vn 0.021481 0.114326 0.993211
vn 0.025745 0.104540 0.994187
vn 0.030019 0.092942 0.995219
vn 0.034302 0.079518 0.996243
vn 0.038591 0.064258 0.997187
vn 0.042881 0.047158 0.997967
vn 0.052115 0.035236 0.998019
vn 0.998396 -0.010169 -0.055704
vn -0.685896 -0.015688 -0.727530
vn 0.028450 -0.025472 -0.999271
vn 0.022300 -0.033472 -0.999191
vn -0.709582 0.701955 -0.061257
vn -0.023181 0.082463 0.996325
vn -0.017609 0.085188 0.996209
vn -0.015039 0.095731 0.995294
vn -0.012476 0.104620 0.994434
vn -0.009918 0.111869 0.993673
vn -0.007367 0.117486 0.993047
vn -0.004819 0.121481 0.992582
vn -0.002275 0.123861 0.992297
vn 0.000268 0.124629 0.992203
vn 0.002811 0.123787 0.992305
vn 0.005355 0.121334 0.992597
vn 0.007902 0.117265 0.993069
vn 0.010454 0.111572 0.993701
vn 0.013011 0.104248 0.994466
vn 0.015573 0.095281 0.995329
vn 0.018142 0.084661 0.996245
vn 0.020715 0.072377 0.997162
vn 0.027368 0.066808 0.997390
vn 0.901521 0.430709 -0.041814
vn -0.023273 -0.018416 -0.999560
vn 0.681385 -0.016587 -0.731737
vn -0.698024 -0.011665 -0.715979
vn 0.012359 -0.019389 -0.999736
vn 0.011250 -0.032987 -0.999392
vn 0.010141 -0.045271 -0.998923
vn 0.006660 -0.040830 -0.999144
vn -0.201216 0.977049 -0.069907
vn -0.153749 0.985058 -0.077604
vn -0.116153 0.989668 -0.084064
vn -0.005283 0.105929 0.994360
vn -0.003089 0.092161 0.995739
vn -0.001988 0.095248 0.995452
vn -0.000888 0.097066 0.995278
vn 0.000211 0.097619 0.995224
vn 0.001310 0.096908 0.995293
vn 0.002410 0.094930 0.995481
vn 0.003510 0.091685 0.995782
vn 0.004612 0.087166 0.996183
vn 0.007642 0.098058 0.995151
vn 0.193564 0.978395 -0.072642
vn 0.251177 0.965814 -0.064138
vn 0.330433 0.942257 -0.054460
vn -0.006514 -0.034202 -0.999394
vn -0.010842 -0.034599 -0.999342
vn -0.011954 -0.021164 -0.999705
vn 0.694549 -0.013493 -0.719319
vn -0.705704 -0.003151 -0.708499
vn 0.001970 -0.006342 -0.999978
vn 0.001803 -0.012031 -0.999926
vn 0.001634 -0.017192 -0.999851
vn 0.001465 -0.021825 -0.999761
vn 0.001295 -0.025931 -0.999663
vn 0.001123 -0.029509 -0.999564
vn 0.000952 -0.032561 -0.999469
vn 0.000374 0.002272 -0.999997
vn -0.010788 0.999214 -0.038141
vn -0.006225 0.999210 -0.039259
vn -0.001957 0.999203 -0.039861
vn 0.002203 0.999199 -0.039949
vn 0.006425 0.999198 -0.039520
vn 0.010890 0.999196 -0.038577
vn 0.015810 0.999186 -0.037119
vn 0.021469 0.999152 -0.035148
vn -0.000035 -0.000381 -1.000000
vn -0.000953 -0.031558 -0.999501
vn -0.001125 -0.028328 -0.999598
vn -0.001297 -0.024574 -0.999697
vn -0.001467 -0.020296 -0.999793
vn -0.001637 -0.015493 -0.999879
vn -0.001806 -0.010166 -0.999947
vn 0.704312 -0.007061 -0.709856
vn -0.816497 0.408248 -0.408248
vn 0.000005 0.707101 -0.707113
vn 0.000010 0.707087 -0.707126
vn 0.000014 0.707068 -0.707145
vn 0.000016 0.707045 -0.707168
vn 0.000017 0.707021 -0.707193
vn 0.000017 0.706996 -0.707218
vn 0.000015 0.706972 -0.707241
vn 0.000014 0.706951 -0.707263
vn 0.000011 0.706933 -0.707281
vn 0.000008 0.706919 -0.707295
vn 0.000005 0.706909 -0.707304
vn 0.000002 0.706905 -0.707308
vn -0.000002 0.706906 -0.707308
vn -0.000005 0.706912 -0.707302
vn -0.000008 0.706923 -0.707291
vn -0.000011 0.706938 -0.707275
vn -0.000014 0.706958 -0.707256
vn -0.000016 0.706980 -0.707234
vn -0.000017 0.707004 -0.707209
vn -0.000017 0.707029 -0.707184
vn -0.000016 0.707053 -0.707160
vn -0.000014 0.707075 -0.707138
vn -0.000010 0.707093 -0.707121
vn 0.577348 0.577347 -0.577355
usemtl fabric
f 244 245 220
f 244 220 219
f 245 246 221
f 245 221 220
f 246 247 222
f 246 222 221
f 247 248 223
f 247 223 222
f 248 249 224
f 248 224 223
f 249 250 225
f 249 225 224
f 225 226 251
f 225 251 250
f 226 227 252
f 226 252 251
f 227 228 253
f 227 253 252
f 228 229 254
f 228 254 253
f 229 230 255
f 229 255 254
f 230 231 256
f 230 256 255
f 231 232 257
f 231 257 256
f 232 233 258
f 232 258 257
f 233 234 259
f 233 259 258
f 234 235 260
f 234 260 259
f 235 236 261
f 235 261 260
f 261 262 237
f 261 237 236
f 262 263 238
f 262 238 237
f 263 264 239
f 263 239 238
f 264 265 240
f 264 240 239
f 265 266 241
f 265 241 240
f 266 267 242
f 266 242 241
f 267 268 243
f 267 243 242
f 269 270 245
f 269 245 244
f 245 246 271
f 245 271 270
f 246 247 272
f 246 272 271
f 247 248 273
f 247 273 272
f 248 249 274
f 248 274 273
f 249 250 275
f 249 275 274
f 250 251 276
f 250 276 275
f 251 252 277
f 251 277 276
f 252 253 278
f 252 278 277
f 253 254 279
f 253 279 278
f 254 255 280
f 254 280 279
f 255 256 281
f 255 281 280
f 256 257 282
f 256 282 281
f 257 258 283
f 257 283 282
f 258 259 284
f 258 284 283
f 259 260 285
f 259 285 284
f 260 261 286
f 260 286 285
f 261 262 287
f 261 287 286
f 262 263 288
f 262 288 287
f 263 264 289
f 263 289 288
f 264 265 290
f 264 290 289
f 265 266 291
f 265 291 290
f 291 292 267
f 291 267 266
f 292 293 268
f 292 268 267
f 269 270 295
f 269 295 294
f 270 271 296
f 270 296 295
f 271 272 297
f 271 297 296
f 272 273 298
f 272 298 297
f 273 274 299
f 273 299 298
f 274 275 300
f 274 300 299
f 275 276 301
f 275 301 300
f 276 277 302
f 276 302 301
f 277 278 303
f 277 303 302
f 278 279 304
f 278 304 303
f 279 280 305
f 279 305 304
f 280 281 306
f 280 306 305
f 281 282 307
f 281 307 306
f 282 283 308
f 282 308 307
f 283 284 309
f 283 309 308
f 284 285 310
f 284 310 309
f 285 286 311
f 285 311 310
f 286 287 312
f 286 312 311
f 287 288 313
f 287 313 312
f 288 289 314
f 288 314 313
f 289 290 315
f 289 315 314
f 290 291 316
f 290 316 315
f 291 292 317
f 291 317 316
f 292 293 318
f 292 318 317
f 294 295 320
f 294 320 319
f 295 296 321
f 295 321 320
f 296 297 322
f 296 322 321
f 297 298 323
f 297 323 322
f 298 299 324
f 298 324 323
f 299 300 325
f 299 325 324
f 300 301 326
f 300 326 325
f 301 302 327
f 301 327 326
f 302 303 328
f 302 328 327
f 303 304 329
f 303 329 328
f 304 305 330
f 304 330 329
f 305 306 331
f 305 331 330
f 306 307 332
f 306 332 331
f 307 308 333
f 307 333 332
f 308 309 334
f 308 334 333
f 309 310 335
f 309 335 334
f 310 311 336
f 310 336 335
f 311 312 337
f 311 337 336
f 312 313 338
f 312 338 337
f 313 314 339
f 313 339 338
f 314 315 340
f 314 340 339
f 315 316 341
f 315 341 340
f 316 317 342
f 316 342 341
f 317 318 343
f 317 343 342
f 319 320 345
f 319 345 344
f 320 321 346
f 320 346 345
f 321 322 347
f 321 347 346
f 322 323 348
f 322 348 347
f 323 324 349
f 323 349 348
f 324 325 350
f 324 350 349
f 325 326 351
f 325 351 350
f 326 327 352
f 326 352 351
f 327 328 353
f 327 353 352
f 328 329 354
f 328 354 353
f 329 330 355
f 329 355 354
f 330 331 356
f 330 356 355
f 331 332 357
f 331 357 356
f 332 333 358
f 332 358 357
f 333 334 359
f 333 359 358
f 334 335 360
f 334 360 359
f 335 336 361
f 335 361 360
f 336 337 362
f 336 362 361
f 337 338 363
f 337 363 362
f 338 339 364
f 338 364 363
f 339 340 365
f 339 365 364
f 340 341 366
f 340 366 365
f 341 342 367
f 341 367 366
f 342 343 368
f 342 368 367
f 344 345 370
f 344 370 369
f 345 346 371
f 345 371 370
f 346 347 372
f 346 372 371
f 347 348 373
f 347 373 372
f 348 349 374
f 348 374 373
f 349 350 375
f 349 375 374
f 350 351 376
f 350 376 375
f 351 352 377
f 351 377 376
f 352 353 378
f 352 378 377
f 353 354 379
f 353 379 378
f 354 355 380
f 354 380 379
f 355 356 381
f 355 381 380
f 356 357 382
f 356 382 381
f 357 358 383
f 357 383 382
f 358 359 384
f 358 384 383
f 359 360 385
f 359 385 384
f 360 361 386
f 360 386 385
f 361 362 387
f 361 387 386
f 362 363 388
f 362 388 387
f 363 364 389
f 363 389 388
f 364 365 390
f 364 390 389
f 365 366 391
f 365 391 390
f 366 367 392
f 366 392 391
f 367 368 393
f 367 393 392
f 369 370 395
f 369 395 394
f 370 371 396
f 370 396 395
f 371 372 397
f 371 397 396
f 372 373 398
f 372 398 397
f 373 374 399
f 373 399 398
f 374 375 400
f 374 400 399
f 375 376 401
f 375 401 400
f 376 377 402
f 376 402 401
f 377 378 403
f 377 403 402
f 378 379 404
f 378 404 403
f 379 380 405
f 379 405 404
f 380 381 406
f 380 406 405
f 381 382 407
f 381 407 406
f 382 383 408
f 382 408 407
f 383 384 409
f 383 409 408
f 384 385 410
f 384 410 409
f 385 386 411
f 385 411 410
f 386 387 412
f 386 412 411
f 387 388 413
f 387 413 412
f 388 389 414
f 388 414 413
f 389 390 415
f 389 415 414
f 390 391 416
f 390 416 415
f 391 392 417
f 391 417 416
f 392 393 418
f 392 418 417
f 394 395 420
f 394 420 419
f 395 396 421
f 395 421 420
f 396 397 422
f 396 422 421
f 397 398 423
f 397 423 422
f 398 399 424
f 398 424 423
f 399 400 425
f 399 425 424
f 400 401 426
f 400 426 425
f 401 402 427
f 401 427 426
f 402 403 428
f 402 428 427
f 403 404 429
f 403 429 428
f 404 405 430
f 404 430 429
f 405 406 431
f 405 431 430
f 406 407 432
f 406 432 431
f 407 408 433
f 407 433 432
f 408 409 434
f 408 434 433
f 409 410 435
f 409 435 434
f 410 411 436
f 410 436 435
f 411 412 437
f 411 437 436
f 412 413 438
f 412 438 437
f 413 414 439
f 413 439 438
f 414 415 440
f 414 440 439
f 415 416 441
f 415 441 440
f 416 417 442
f 416 442 441
f 417 418 443
f 417 443 442
f 419 420 445
f 419 445 444
f 420 421 446
f 420 446 445
f 421 422 447
f 421 447 446
f 422 423 448
f 422 448 447
f 423 424 449
f 423 449 448
f 424 425 450
f 424 450 449
f 425 426 451
f 425 451 450
f 426 427 452
f 426 452 451
f 427 428 453
f 427 453 452
f 428 429 454
f 428 454 453
f 429 430 455
f 429 455 454
f 430 431 456
f 430 456 455
f 431 432 457
f 431 457 456
f 432 433 458
f 432 458 457
f 433 434 459
f 433 459 458
f 434 435 460
f 434 460 459
f 435 436 461
f 435 461 460
f 436 437 462
f 436 462 461
f 437 438 463
f 437 463 462
f 438 439 464
f 438 464 463
f 439 440 465
f 439 465 464
f 440 441 466
f 440 466 465
f 441 442 467
f 441 467 466
f 442 443 468
f 442 468 467
f 444 445 470
f 444 470 469
f 445 446 471
f 445 471 470
f 446 447 472
f 446 472 471
f 447 448 473
f 447 473 472
f 448 449 474
f 448 474 473
f 449 450 475
f 449 475 474
f 450 451 476
f 450 476 475
f 451 452 477
f 451 477 476
f 452 453 478
f 452 478 477
f 453 454 479
f 453 479 478
f 454 455 480
f 454 480 479
f 455 456 481
f 455 481 480
f 456 457 482
f 456 482 481
f 457 458 483
f 457 483 482
f 458 459 484
f 458 484 483
f 459 460 485
f 459 485 484
f 460 461 486
f 460 486 485
f 461 462 487
f 461 487 486
f 462 463 488
f 462 488 487
f 463 464 489
f 463 489 488
f 464 465 490
f 464 490 489
f 465 466 491
f 465 491 490
f 466 467 492
f 466 492 491
f 467 468 493
f 467 493 492
f 469 470 495
f 469 495 494
f 470 471 496
f 470 496 495
f 471 472 497
f 471 497 496
f 472 473 498
f 472 498 497
f 473 474 499
f 473 499 498
f 474 475 500
f 474 500 499
f 475 476 501
f 475 501 500
f 476 477 502
f 476 502 501
f 477 478 503
f 477 503 502
f 478 479 504
f 478 504 503
f 479 480 505
f 479 505 504
f 480 481 506
f 480 506 505
f 481 482 507
f 481 507 506
f 482 483 508
f 482 508 507
f 483 484 509
f 483 509 508
f 484 485 510
f 484 510 509
f 485 486 511
f 485 511 510
f 486 487 512
f 486 512 511
f 487 488 513
f 487 513 512
f 488 489 514
f 488 514 513
f 489 490 515
f 489 515 514
f 490 491 516
f 490 516 515
f 491 492 517
f 491 517 516
f 492 493 518
f 492 518 517
f 494 495 520
f 494 520 519
f 495 496 521
f 495 521 520
f 496 497 522
f 496 522 521
f 497 498 523
f 497 523 522
f 498 499 524
f 498 524 523
f 499 500 525
f 499 525 524
f 500 501 526
f 500 526 525
f 501 502 527
f 501 527 526
f 502 503 528
f 502 528 527
f 503 504 529
f 503 529 528
f 504 505 530
f 504 530 529
f 505 506 531
f 505 531 530
f 506 507 532
f 506 532 531
f 507 508 533
f 507 533 532
f 508 509 534
f 508 534 533
f 509 510 535
f 509 535 534
f 510 511 536
f 510 536 535
f 511 512 537
f 511 537 536
f 512 513 538
f 512 538 537
f 513 514 539
f 513 539 538
f 514 515 540
f 514 540 539
f 515 516 541
f 515 541 540
f 516 517 542
f 516 542 541
f 517 518 543
f 517 543 542
f 519 520 545
f 519 545 544
f 520 521 546
f 520 546 545
f 521 522 547
f 521 547 546
f 522 523 548
f 522 548 547
f 523 524 549
f 523 549 548
f 524 525 550
f 524 550 549
f 525 526 551
f 525 551 550
f 526 527 552
f 526 552 551
f 527 528 553
f 527 553 552
f 528 529 554
f 528 554 553
f 529 530 555
f 529 555 554
f 530 531 556
f 530 556 555
f 531 532 557
f 531 557 556
f 532 533 558
f 532 558 557
f 533 534 559
f 533 559 558
f 534 535 560
f 534 560 559
f 535 536 561
f 535 561 560
f 536 537 562
f 536 562 561
f 537 538 563
f 537 563 562
f 538 539 564
f 538 564 563
f 539 540 565
f 539 565 564
f 540 541 566
f 540 566 565
f 541 542 567
f 541 567 566
f 542 543 568
f 542 568 567
f 544 545 570
f 544 570 569
f 545 546 571
f 545 571 570
f 546 547 572
f 546 572 571
f 547 548 573
f 547 573 572
f 548 549 574
f 548 574 573
f 549 550 575
f 549 575 574
f 550 551 576
f 550 576 575
f 551 552 577
f 551 577 576
f 552 553 578
f 552 578 577
f 553 554 579
f 553 579 578
f 554 555 580
f 554 580 579
f 555 556 581
f 555 581 580
f 556 557 582
f 556 582 581
f 557 558 583
f 557 583 582
f 558 559 584
f 558 584 583
f 559 560 585
f 559 585 584
f 560 561 586
f 560 586 585
f 561 562 587
f 561 587 586
f 562 563 588
f 562 588 587
f 563 564 589
f 563 589 588
f 564 565 590
f 564 590 589
f 565 566 591
f 565 591 590
f 566 567 592
f 566 592 591
f 567 568 593
f 567 593 592
f 569 570 595
f 569 595 594
f 570 571 596
f 570 596 595
f 571 572 597
f 571 597 596
f 572 573 598
f 572 598 597
f 573 574 599
f 573 599 598
f 574 575 600
f 574 600 599
f 575 576 601
f 575 601 600
f 576 577 602
f 576 602 601
f 577 578 603
f 577 603 602
f 578 579 604
f 578 604 603
f 579 580 605
f 579 605 604
f 580 581 606
f 580 606 605
f 581 582 607
f 581 607 606
f 582 583 608
f 582 608 607
f 583 584 609
f 583 609 608
f 584 585 610
f 584 610 609
f 585 586 611
f 585 611 610
f 586 587 612
f 586 612 611
f 587 588 613
f 587 613 612
f 588 589 614
f 588 614 613
f 589 590 615
f 589 615 614
f 590 591 616
f 590 616 615
f 591 592 617
f 591 617 616
f 592 593 618
f 592 618 617
f 594 595 620
f 594 620 619
f 595 596 621
f 595 621 620
f 596 597 622
f 596 622 621
f 597 598 623
f 597 623 622
f 598 599 624
f 598 624 623
f 599 600 625
f 599 625 624
f 600 601 626
f 600 626 625
f 601 602 627
f 601 627 626
f 602 603 628
f 602 628 627
f 603 604 629
f 603 629 628
f 604 605 630
f 604 630 629
f 605 606 631
f 605 631 630
f 606 607 632
f 606 632 631
f 607 608 633
f 607 633 632
f 608 609 634
f 608 634 633
f 609 610 635
f 609 635 634
f 610 611 636
f 610 636 635
f 611 612 637
f 611 637 636
f 612 613 638
f 612 638 637
f 613 614 639
f 613 639 638
f 614 615 640
f 614 640 639
f 615 616 641
f 615 641 640
f 616 617 642
f 616 642 641
f 617 618 643
f 617 643 642
f 619 620 645
f 619 645 644
f 620 621 646
f 620 646 645
f 621 622 647
f 621 647 646
f 622 623 648
f 622 648 647
f 623 624 649
f 623 649 648
f 624 625 650
f 624 650 649
f 625 626 651
f 625 651 650
f 626 627 652
f 626 652 651
f 627 628 653
f 627 653 652
f 628 629 654
f 628 654 653
f 629 630 655
f 629 655 654
f 630 631 656
f 630 656 655
f 631 632 657
f 631 657 656
f 632 633 658
f 632 658 657
f 633 634 659
f 633 659 658
f 634 635 660
f 634 660 659
f 635 636 661
f 635 661 660
f 636 637 662
f 636 662 661
f 637 638 663
f 637 663 662
f 638 639 664
f 638 664 663
f 639 640 665
f 639 665 664
f 640 641 666
f 640 666 665
f 641 642 667
f 641 667 666
f 642 643 668
f 642 668 667
f 644 645 670
f 644 670 669
f 645 646 671
f 645 671 670
f 646 647 672
f 646 672 671
f 647 648 673
f 647 673 672
f 648 649 674
f 648 674 673
f 649 650 675
f 649 675 674
f 650 651 676
f 650 676 675
f 651 652 677
f 651 677 676
f 652 653 678
f 652 678 677
f 653 654 679
f 653 679 678
f 654 655 680
f 654 680 679
f 655 656 681
f 655 681 680
f 656 657 682
f 656 682 681
f 657 658 683
f 657 683 682
f 658 659 684
f 658 684 683
f 659 660 685
f 659 685 684
f 660 661 686
f 660 686 685
f 661 662 687
f 661 687 686
f 662 663 688
f 662 688 687
f 663 664 689
f 663 689 688
f 664 665 690
f 664 690 689
f 665 666 691
f 665 691 690
f 666 667 692
f 666 692 691
f 667 668 693
f 667 693 692
f 669 670 695
f 669 695 694
f 670 671 696
f 670 696 695
f 671 672 697
f 671 697 696
f 672 673 698
f 672 698 697
f 673 674 699
f 673 699 698
f 674 675 700
f 674 700 699
f 675 676 701
f 675 701 700
f 676 677 702
f 676 702 701
f 677 678 703
f 677 703 702
f 678 679 704
f 678 704 703
f 679 680 705
f 679 705 704
f 680 681 706
f 680 706 705
f 681 682 707
f 681 707 706
f 682 683 708
f 682 708 707
f 683 684 709
f 683 709 708
f 684 685 710
f 684 710 709
f 685 686 711
f 685 711 710
f 686 687 712
f 686 712 711
f 687 688 713
f 687 713 712
f 688 689 714
f 688 714 713
f 689 690 715
f 689 715 714
f 690 691 716
f 690 716 715
f 691 692 717
f 691 717 716
f 692 693 718
f 692 718 717
f 719 744 745
f 719 745 720
f 720 745 746
f 720 746 721
f 721 746 747
f 721 747 722
f 722 747 748
f 722 748 723
f 723 748 749
f 723 749 724
f 724 749 750
f 724 750 725
f 725 750 751
f 725 751 726
f 726 751 752
f 726 752 727
f 727 752 753
f 727 753 728
f 728 753 754
f 728 754 729
f 729 754 755
f 729 755 730
f 730 755 756
f 730 756 731
f 731 756 757
f 731 757 732
f 732 757 758
f 732 758 733
f 733 758 759
f 733 759 734
f 734 759 760
f 734 760 735
f 735 760 761
f 735 761 736
f 736 761 762
f 736 762 737
f 737 762 763
f 737 763 738
f 738 763 764
f 738 764 739
f 739 764 765
f 739 765 740
f 740 765 766
f 740 766 741
f 741 766 767
f 741 767 742
f 742 767 768
f 742 768 743
f 744 769 770
f 744 770 745
f 745 770 771
f 745 771 746
f 746 771 772
f 746 772 747
f 747 772 773
f 747 773 748
f 748 773 774
f 748 774 749
f 749 774 775
f 749 775 750
f 750 775 776
f 750 776 751
f 751 776 777
f 751 777 752
f 752 777 778
f 752 778 753
f 754 779 778
f 754 778 753
f 755 780 779
f 755 779 754
f 756 781 780
f 756 780 755
f 757 782 781
f 757 781 756
f 758 783 782
f 758 782 757
f 759 784 783
f 759 783 758
f 760 785 784
f 760 784 759
f 760 785 786
f 760 786 761
f 761 786 787
f 761 787 762
f 762 787 788
f 762 788 763
f 763 788 789
f 763 789 764
f 764 789 790
f 764 790 765
f 765 790 791
f 765 791 766
f 766 791 792
f 766 792 767
f 767 792 793
f 767 793 768
f 769 794 795
f 769 795 770
f 770 795 796
f 770 796 771
f 771 796 797
f 771 797 772
f 772 797 798
f 772 798 773
f 773 798 799
f 773 799 774
f 775 800 799
f 775 799 774
f 776 801 800
f 776 800 775
f 777 802 801
f 777 801 776
f 778 803 802
f 778 802 777
f 779 804 803
f 779 803 778
f 780 805 804
f 780 804 779
f 781 806 805
f 781 805 780
f 782 807 806
f 782 806 781
f 783 808 807
f 783 807 782
f 784 809 808
f 784 808 783
f 785 810 809
f 785 809 784
f 786 811 810
f 786 810 785
f 787 812 811
f 787 811 786
f 788 813 812
f 788 812 787
f 789 814 813
f 789 813 788
f 789 814 815
f 789 815 790
f 790 815 816
f 790 816 791
f 791 816 817
f 791 817 792
f 792 817 818
f 792 818 793
f 794 819 820
f 794 820 795
f 795 820 821
f 795 821 796
f 797 822 821
f 797 821 796
f 798 823 822
f 798 822 797
f 799 824 823
f 799 823 798
f 800 825 824
f 800 824 799
f 801 826 825
f 801 825 800
f 802 827 826
f 802 826 801
f 803 828 827
f 803 827 802
f 804 829 828
f 804 828 803
f 805 830 829
f 805 829 804
f 806 831 830
f 806 830 805
f 807 832 831
f 807 831 806
f 808 833 832
f 808 832 807
f 809 834 833
f 809 833 808
f 810 835 834
f 810 834 809
f 811 836 835
f 811 835 810
f 812 837 836
f 812 836 811
f 813 838 837
f 813 837 812
f 814 839 838
f 814 838 813
f 815 840 839
f 815 839 814
f 816 841 840
f 816 840 815
f 817 842 841
f 817 841 816
f 817 842 843
f 817 843 818
f 820 845 844
f 820 844 819
f 821 846 845
f 821 845 820
f 822 847 846
f 822 846 821
f 823 848 847
f 823 847 822
f 824 849 848
f 824 848 823
f 825 850 849
f 825 849 824
f 826 851 850
f 826 850 825
f 827 852 851
f 827 851 826
f 828 853 852
f 828 852 827
f 829 854 853
f 829 853 828
f 830 855 854
f 830 854 829
f 831 856 855
f 831 855 830
f 832 857 856
f 832 856 831
f 833 858 857
f 833 857 832
f 834 859 858
f 834 858 833
f 835 860 859
f 835 859 834
f 836 861 860
f 836 860 835
f 837 862 861
f 837 861 836
f 838 863 862
f 838 862 837
f 839 864 863
f 839 863 838
f 840 865 864
f 840 864 839
f 841 866 865
f 841 865 840
f 842 867 866
f 842 866 841
f 843 868 867
f 843 867 842
f 845 870 869
f 845 869 844
f 846 871 870
f 846 870 845
f 847 872 871
f 847 871 846
f 848 873 872
f 848 872 847
f 849 874 873
f 849 873 848
f 850 875 874
f 850 874 849
f 851 876 875
f 851 875 850
f 852 877 876
f 852 876 851
f 853 878 877
f 853 877 852
f 854 879 878
f 854 878 853
f 855 880 879
f 855 879 854
f 856 881 880
f 856 880 855
f 857 882 881
f 857 881 856
f 858 883 882
f 858 882 857
f 859 884 883
f 859 883 858
f 860 885 884
f 860 884 859
f 861 886 885
f 861 885 860
f 862 887 886
f 862 886 861
f 863 888 887
f 863 887 862
f 864 889 888
f 864 888 863
f 865 890 889
f 865 889 864
f 866 891 890
f 866 890 865
f 867 892 891
f 867 891 866
f 868 893 892
f 868 892 867
f 870 895 894
f 870 894 869
f 871 896 895
f 871 895 870
f 872 897 896
f 872 896 871
f 873 898 897
f 873 897 872
f 874 899 898
f 874 898 873
f 875 900 899
f 875 899 874
f 876 901 900
f 876 900 875
f 877 902 901
f 877 901 876
f 878 903 902
f 878 902 877
f 879 904 903
f 879 903 878
f 880 905 904
f 880 904 879
f 881 906 905
f 881 905 880
f 882 907 906
f 882 906 881
f 883 908 907
f 883 907 882
f 884 909 908
f 884 908 883
f 885 910 909
f 885 909 884
f 886 911 910
f 886 910 885
f 887 912 911
f 887 911 886
f 888 913 912
f 888 912 887
f 889 914 913
f 889 913 888
f 890 915 914
f 890 914 889
f 891 916 915
f 891 915 890
f 892 917 916
f 892 916 891
f 893 918 917
f 893 917 892
f 895 920 919
f 895 919 894
f 896 921 920
f 896 920 895
f 897 922 921
f 897 921 896
f 898 923 922
f 898 922 897
f 899 924 923
f 899 923 898
f 900 925 924
f 900 924 899
f 901 926 925
f 901 925 900
f 902 927 926
f 902 926 901
f 903 928 927
f 903 927 902
f 904 929 928
f 904 928 903
f 905 930 929
f 905 929 904
f 906 931 930
f 906 930 905
f 907 932 931
f 907 931 906
f 908 933 932
f 908 932 907
f 909 934 933
f 909 933 908
f 910 935 934
f 910 934 909
f 911 936 935
f 911 935 910
f 912 937 936
f 912 936 911
f 913 938 937
f 913 937 912
f 914 939 938
f 914 938 913
f 915 940 939
f 915 939 914
f 916 941 940
f 916 940 915
f 917 942 941
f 917 941 916
f 918 943 942
f 918 942 917
f 920 945 944
f 920 944 919
f 921 946 945
f 921 945 920
f 922 947 946
f 922 946 921
f 923 948 947
f 923 947 922
f 924 949 948
f 924 948 923
f 925 950 949
f 925 949 924
f 926 951 950
f 926 950 925
f 927 952 951
f 927 951 926
f 928 953 952
f 928 952 927
f 929 954 953
f 929 953 928
f 930 955 954
f 930 954 929
f 931 956 955
f 931 955 930
f 932 957 956
f 932 956 931
f 933 958 957
f 933 957 932
f 934 959 958
f 934 958 933
f 935 960 959
f 935 959 934
f 936 961 960
f 936 960 935
f 937 962 961
f 937 961 936
f 938 963 962
f 938 962 937
f 939 964 963
f 939 963 938
f 940 965 964
f 940 964 939
f 941 966 965
f 941 965 940
f 942 967 966
f 942 966 941
f 943 968 967
f 943 967 942
f 945 970 969
f 945 969 944
f 946 971 970
f 946 970 945
f 947 972 971
f 947 971 946
f 948 973 972
f 948 972 947
f 949 974 973
f 949 973 948
f 950 975 974
f 950 974 949
f 951 976 975
f 951 975 950
f 952 977 976
f 952 976 951
f 953 978 977
f 953 977 952
f 954 979 978
f 954 978 953
f 955 980 979
f 955 979 954
f 956 981 980
f 956 980 955
f 957 982 981
f 957 981 956
f 958 983 982
f 958 982 957
f 959 984 983
f 959 983 958
f 960 985 984
f 960 984 959
f 961 986 985
f 961 985 960
f 962 987 986
f 962 986 961
f 963 988 987
f 963 987 962
f 964 989 988
f 964 988 963
f 965 990 989
f 965 989 964
f 966 991 990
f 966 990 965
f 967 992 991
f 967 991 966
f 968 993 992
f 968 992 967
f 970 995 994
f 970 994 969
f 971 996 995
f 971 995 970
f 972 997 996
f 972 996 971
f 973 998 997
f 973 997 972
f 974 999 998
f 974 998 973
f 975 1000 999
f 975 999 974
f 976 1001 1000
f 976 1000 975
f 977 1002 1001
f 977 1001 976
f 978 1003 1002
f 978 1002 977
f 979 1004 1003
f 979 1003 978
f 980 1005 1004
f 980 1004 979
f 981 1006 1005
f 981 1005 980
f 982 1007 1006
f 982 1006 981
f 983 1008 1007
f 983 1007 982
f 984 1009 1008
f 984 1008 983
f 985 1010 1009
f 985 1009 984
f 986 1011 1010
f 986 1010 985
f 987 1012 1011
f 987 1011 986
f 988 1013 1012
f 988 1012 987
f 989 1014 1013
f 989 1013 988
f 990 1015 1014
f 990 1014 989
f 991 1016 1015
f 991 1015 990
f 992 1017 1016
f 992 1016 991
f 993 1018 1017
f 993 1017 992
f 995 1020 1019
f 995 1019 994
f 996 1021 1020
f 996 1020 995
f 997 1022 1021
f 997 1021 996
f 998 1023 1022
f 998 1022 997
f 999 1024 1023
f 999 1023 998
f 1000 1025 1024
f 1000 1024 999
f 1001 1026 1025
f 1001 1025 1000
f 1002 1027 1026
f 1002 1026 1001
f 1003 1028 1027
f 1003 1027 1002
f 1004 1029 1028
f 1004 1028 1003
f 1005 1030 1029
f 1005 1029 1004
f 1006 1031 1030
f 1006 1030 1005
f 1007 1032 1031
f 1007 1031 1006
f 1008 1033 1032
f 1008 1032 1007
f 1009 1034 1033
f 1009 1033 1008
f 1010 1035 1034
f 1010 1034 1009
f 1011 1036 1035
f 1011 1035 1010
f 1012 1037 1036
f 1012 1036 1011
f 1013 1038 1037
f 1013 1037 1012
f 1014 1039 1038
f 1014 1038 1013
f 1015 1040 1039
f 1015 1039 1014
f 1016 1041 1040
f 1016 1040 1015
f 1017 1042 1041
f 1017 1041 1016
f 1018 1043 1042
f 1018 1042 1017
f 1020 1045 1044
f 1020 1044 1019
f 1021 1046 1045
f 1021 1045 1020
f 1022 1047 1046
f 1022 1046 1021
f 1023 1048 1047
f 1023 1047 1022
f 1024 1049 1048
f 1024 1048 1023
f 1025 1050 1049
f 1025 1049 1024
f 1026 1051 1050
f 1026 1050 1025
f 1027 1052 1051
f 1027 1051 1026
f 1028 1053 1052
f 1028 1052 1027
f 1029 1054 1053
f 1029 1053 1028
f 1030 1055 1054
f 1030 1054 1029
f 1031 1056 1055
f 1031 1055 1030
f 1032 1057 1056
f 1032 1056 1031
f 1033 1058 1057
f 1033 1057 1032
f 1034 1059 1058
f 1034 1058 1033
f 1035 1060 1059
f 1035 1059 1034
f 1036 1061 1060
f 1036 1060 1035
f 1037 1062 1061
f 1037 1061 1036
f 1038 1063 1062
f 1038 1062 1037
f 1039 1064 1063
f 1039 1063 1038
f 1040 1065 1064
f 1040 1064 1039
f 1041 1066 1065
f 1041 1065 1040
f 1042 1067 1066
f 1042 1066 1041
f 1043 1068 1067
f 1043 1067 1042
f 1045 1070 1069
f 1045 1069 1044
f 1046 1071 1070
f 1046 1070 1045
f 1047 1072 1071
f 1047 1071 1046
f 1048 1073 1072
f 1048 1072 1047
f 1049 1074 1073
f 1049 1073 1048
f 1050 1075 1074
f 1050 1074 1049
f 1051 1076 1075
f 1051 1075 1050
f 1052 1077 1076
f 1052 1076 1051
f 1053 1078 1077
f 1053 1077 1052
f 1054 1079 1078
f 1054 1078 1053
f 1055 1080 1079
f 1055 1079 1054
f 1056 1081 1080
f 1056 1080 1055
f 1057 1082 1081
f 1057 1081 1056
f 1058 1083 1082
f 1058 1082 1057
f 1059 1084 1083
f 1059 1083 1058
f 1060 1085 1084
f 1060 1084 1059
f 1061 1086 1085
f 1061 1085 1060
f 1062 1087 1086
f 1062 1086 1061
f 1063 1088 1087
f 1063 1087 1062
f 1064 1089 1088
f 1064 1088 1063
f 1065 1090 1089
f 1065 1089 1064
f 1066 1091 1090
f 1066 1090 1065
f 1067 1092 1091
f 1067 1091 1066
f 1068 1093 1092
f 1068 1092 1067
f 1070 1095 1094
f 1070 1094 1069
f 1071 1096 1095
f 1071 1095 1070
f 1072 1097 1096
f 1072 1096 1071
f 1073 1098 1097
f 1073 1097 1072
f 1074 1099 1098
f 1074 1098 1073
f 1075 1100 1099
f 1075 1099 1074
f 1076 1101 1100
f 1076 1100 1075
f 1077 1102 1101
f 1077 1101 1076
f 1078 1103 1102
f 1078 1102 1077
f 1079 1104 1103
f 1079 1103 1078
f 1080 1105 1104
f 1080 1104 1079
f 1081 1106 1105
f 1081 1105 1080
f 1082 1107 1106
f 1082 1106 1081
f 1083 1108 1107
f 1083 1107 1082
f 1084 1109 1108
f 1084 1108 1083
f 1085 1110 1109
f 1085 1109 1084
f 1086 1111 1110
f 1086 1110 1085
f 1087 1112 1111
f 1087 1111 1086
f 1088 1113 1112
f 1088 1112 1087
f 1089 1114 1113
f 1089 1113 1088
f 1090 1115 1114
f 1090 1114 1089
f 1091 1116 1115
f 1091 1115 1090
f 1092 1117 1116
f 1092 1116 1091
f 1093 1118 1117
f 1093 1117 1092
f 1094 1119 1120
f 1094 1120 1095
f 1095 1120 1121
f 1095 1121 1096
f 1097 1122 1121
f 1097 1121 1096
f 1098 1123 1122
f 1098 1122 1097
f 1099 1124 1123
f 1099 1123 1098
f 1100 1125 1124
f 1100 1124 1099
f 1101 1126 1125
f 1101 1125 1100
f 1102 1127 1126
f 1102 1126 1101
f 1103 1128 1127
f 1103 1127 1102
f 1104 1129 1128
f 1104 1128 1103
f 1105 1130 1129
f 1105 1129 1104
f 1106 1131 1130
f 1106 1130 1105
f 1107 1132 1131
f 1107 1131 1106
f 1108 1133 1132
f 1108 1132 1107
f 1109 1134 1133
f 1109 1133 1108
f 1110 1135 1134
f 1110 1134 1109
f 1111 1136 1135
f 1111 1135 1110
f 1112 1137 1136
f 1112 1136 1111
f 1113 1138 1137
f 1113 1137 1112
f 1114 1139 1138
f 1114 1138 1113
f 1115 1140 1139
f 1115 1139 1114
f 1116 1141 1140
f 1116 1140 1115
f 1117 1142 1141
f 1117 1141 1116
f 1117 1142 1143
f 1117 1143 1118
f 1119 1144 1145
f 1119 1145 1120
f 1120 1145 1146
f 1120 1146 1121
f 1121 1146 1147
f 1121 1147 1122
f 1122 1147 1148
f 1122 1148 1123
f 1124 1149 1148
f 1124 1148 1123
f 1125 1150 1149
f 1125 1149 1124
f 1126 1151 1150
f 1126 1150 1125
f 1127 1152 1151
f 1127 1151 1126
f 1128 1153 1152
f 1128 1152 1127
f 1129 1154 1153
f 1129 1153 1128
f 1130 1155 1154
f 1130 1154 1129
f 1131 1156 1155
f 1131 1155 1130
f 1132 1157 1156
f 1132 1156 1131
f 1133 1158 1157
f 1133 1157 1132
f 1134 1159 1158
f 1134 1158 1133
f 1135 1160 1159
f 1135 1159 1134
f 1136 1161 1160
f 1136 1160 1135
f 1137 1162 1161
f 1137 1161 1136
f 1138 1163 1162
f 1138 1162 1137
f 1139 1164 1163
f 1139 1163 1138
f 1140 1165 1164
f 1140 1164 1139
f 1140 1165 1166
f 1140 1166 1141
f 1141 1166 1167
f 1141 1167 1142
f 1142 1167 1168
f 1142 1168 1143
f 1144 1169 1170
f 1144 1170 1145
f 1145 1170 1171
f 1145 1171 1146
f 1146 1171 1172
f 1146 1172 1147
f 1147 1172 1173
f 1147 1173 1148
f 1148 1173 1174
f 1148 1174 1149
f 1149 1174 1175
f 1149 1175 1150
f 1150 1175 1176
f 1150 1176 1151
f 1151 1176 1177
f 1151 1177 1152
f 1153 1178 1177
f 1153 1177 1152
f 1154 1179 1178
f 1154 1178 1153
f 1155 1180 1179
f 1155 1179 1154
f 1156 1181 1180
f 1156 1180 1155
f 1157 1182 1181
f 1157 1181 1156
f 1158 1183 1182
f 1158 1182 1157
f 1159 1184 1183
f 1159 1183 1158
f 1160 1185 1184
f 1160 1184 1159
f 1161 1186 1185
f 1161 1185 1160
f 1161 1186 1187
f 1161 1187 1162
f 1162 1187 1188
f 1162 1188 1163
f 1163 1188 1189
f 1163 1189 1164
f 1164 1189 1190
f 1164 1190 1165
f 1165 1190 1191
f 1165 1191 1166
f 1166 1191 1192
f 1166 1192 1167
f 1167 1192 1193
f 1167 1193 1168
f 1169 1194 1195
f 1169 1195 1170
f 1170 1195 1196
f 1170 1196 1171
f 1171 1196 1197
f 1171 1197 1172
f 1172 1197 1198
f 1172 1198 1173
f 1173 1198 1199
f 1173 1199 1174
f 1174 1199 1200
f 1174 1200 1175
f 1175 1200 1201
f 1175 1201 1176
f 1176 1201 1202
f 1176 1202 1177
f 1177 1202 1203
f 1177 1203 1178
f 1178 1203 1204
f 1178 1204 1179
f 1179 1204 1205
f 1179 1205 1180
f 1180 1205 1206
f 1180 1206 1181
f 1181 1206 1207
f 1181 1207 1182
f 1182 1207 1208
f 1182 1208 1183
f 1183 1208 1209
f 1183 1209 1184
f 1184 1209 1210
f 1184 1210 1185
f 1185 1210 1211
f 1185 1211 1186
f 1186 1211 1212
f 1186 1212 1187
f 1187 1212 1213
f 1187 1213 1188
f 1188 1213 1214
f 1188 1214 1189
f 1189 1214 1215
f 1189 1215 1190
f 1190 1215 1216
f 1190 1216 1191
f 1191 1216 1217
f 1191 1217 1192
f 1192 1217 1218
f 1192 1218 1193
f 219 244 744
f 219 744 719
f 243 743 768
f 243 768 268
f 244 269 769
f 244 769 744
f 268 768 793
f 268 793 293
f 269 294 794
f 269 794 769
f 293 793 818
f 293 818 318
f 294 319 819
f 294 819 794
f 318 818 843
f 318 843 343
f 319 344 844
f 319 844 819
f 343 843 868
f 343 868 368
f 344 369 869
f 344 869 844
f 368 868 893
f 368 893 393
f 369 394 894
f 369 894 869
f 393 893 918
f 393 918 418
f 394 419 919
f 394 919 894
f 418 918 943
f 418 943 443
f 419 444 944
f 419 944 919
f 443 943 968
f 443 968 468
f 444 469 969
f 444 969 944
f 468 968 993
f 468 993 493
f 469 494 994
f 469 994 969
f 493 993 1018
f 493 1018 518
f 494 519 1019
f 494 1019 994
f 518 1018 1043
f 518 1043 543
f 519 544 1044
f 519 1044 1019
f 543 1043 1068
f 543 1068 568
f 544 569 1069
f 544 1069 1044
f 568 1068 1093
f 568 1093 593
f 569 594 1094
f 569 1094 1069
f 593 1093 1118
f 593 1118 618
f 594 619 1119
f 594 1119 1094
f 618 1118 1143
f 618 1143 643
f 619 644 1144
f 619 1144 1119
f 643 1143 1168
f 643 1168 668
f 644 669 1169
f 644 1169 1144
f 668 1168 1193
f 668 1193 693
f 669 694 1194
f 669 1194 1169
f 693 1193 1218
f 693 1218 718
f 219 719 720
f 219 720 220
f 694 695 1195
f 694 1195 1194
f 220 720 721
f 220 721 221
f 695 696 1196
f 695 1196 1195
f 221 721 722
f 221 722 222
f 696 697 1197
f 696 1197 1196
f 222 722 723
f 222 723 223
f 697 698 1198
f 697 1198 1197
f 223 723 724
f 223 724 224
f 698 699 1199
f 698 1199 1198
f 224 724 725
f 224 725 225
f 699 700 1200
f 699 1200 1199
f 225 725 726
f 225 726 226
f 700 701 1201
f 700 1201 1200
f 226 726 727
f 226 727 227
f 701 702 1202
f 701 1202 1201
f 227 727 728
f 227 728 228
f 702 703 1203
f 702 1203 1202
f 228 728 729
f 228 729 229
f 703 704 1204
f 703 1204 1203
f 229 729 730
f 229 730 230
f 704 705 1205
f 704 1205 1204
f 230 730 731
f 230 731 231
f 705 706 1206
f 705 1206 1205
f 231 731 732
f 231 732 232
f 706 707 1207
f 706 1207 1206
f 232 732 733
f 232 733 233
f 707 708 1208
f 707 1208 1207
f 233 733 734
f 233 734 234
f 708 709 1209
f 708 1209 1208
f 234 734 735
f 234 735 235
f 709 710 1210
f 709 1210 1209
f 235 735 736
f 235 736 236
f 710 711 1211
f 710 1211 1210
f 236 736 737
f 236 737 237
f 711 712 1212
f 711 1212 1211
f 237 737 738
f 237 738 238
f 712 713 1213
f 712 1213 1212
f 238 738 739
f 238 739 239
f 713 714 1214
f 713 1214 1213
f 239 739 740
f 239 740 240
f 714 715 1215
f 714 1215 1214
f 240 740 741
f 240 741 241
f 715 716 1216
f 715 1216 1215
f 241 741 742
f 241 742 242
f 716 717 1217
f 716 1217 1216
f 242 742 743
f 242 743 243
f 717 718 1218
f 717 1218 1217
o brigandine_rivets
v -0.954167 -0.805921 0.552449
v -0.879167 -0.805921 0.552449
v -0.879167 -0.730921 0.552449
v -0.954167 -0.730921 0.552449
v -0.954167 -0.805921 0.602449
v -0.879167 -0.805921 0.602449
v -0.879167 -0.730921 0.602449
v -0.954167 -0.730921 0.602449
v -0.704167 -0.805921 0.544795
v -0.629167 -0.805921 0.544795
v -0.629167 -0.730921 0.544795
v -0.704167 -0.730921 0.544795
v -0.704167 -0.805921 0.594795
v -0.629167 -0.805921 0.594795
v -0.629167 -0.730921 0.594795
v -0.704167 -0.730921 0.594795
v -0.454167 -0.805921 0.537142
v -0.379167 -0.805921 0.537142
v -0.379167 -0.730921 0.537142
v -0.454167 -0.730921 0.537142
v -0.454167 -0.805921 0.587142
v -0.379167 -0.805921 0.587142
v -0.379167 -0.730921 0.587142
v -0.454167 -0.730921 0.587142
v -0.204167 -0.805921 0.529488
v -0.129167 -0.805921 0.529488
v -0.129167 -0.730921 0.529488
v -0.204167 -0.730921 0.529488
v -0.204167 -0.805921 0.579488
v -0.129167 -0.805921 0.579488
v -0.129167 -0.730921 0.579488
v -0.204167 -0.730921 0.579488
v 0.045833 -0.805921 0.526937
v 0.120833 -0.805921 0.526937
v 0.120833 -0.730921 0.526937
v 0.045833 -0.730921 0.526937
v 0.045833 -0.805921 0.576937
v 0.120833 -0.805921 0.576937
v 0.120833 -0.730921 0.576937
v 0.045833 -0.730921 0.576937
v 0.295833 -0.805921 0.534591
v 0.370833 -0.805921 0.534591
v 0.370833 -0.730921 0.534591
v 0.295833 -0.730921 0.534591
v 0.295833 -0.805921 0.584591
v 0.370833 -0.805921 0.584591
v 0.370833 -0.730921 0.584591
v 0.295833 -0.730921 0.584591
v 0.545833 -0.805921 0.542244
v 0.620833 -0.805921 0.542244
v 0.620833 -0.730921 0.542244
v 0.545833 -0.730921 0.542244
v 0.545833 -0.805921 0.592244
v 0.620833 -0.805921 0.592244
v 0.620833 -0.730921 0.592244
v 0.545833 -0.730921 0.592244
v 0.795833 -0.805921 0.549898
v 0.870833 -0.805921 0.549898
v 0.870833 -0.730921 0.549898
v 0.795833 -0.730921 0.549898
v 0.795833 -0.805921 0.599898
v 0.870833 -0.805921 0.599898
v 0.870833 -0.730921 0.599898
v 0.795833 -0.730921 0.599898
v -0.954167 -0.561184 0.559178
v -0.879167 -0.561184 0.559178
v -0.879167 -0.486184 0.559178
v -0.954167 -0.486184 0.559178
v -0.954167 -0.561184 0.609178
v -0.879167 -0.561184 0.609178
v -0.879167 -0.486184 0.609178
v -0.954167 -0.486184 0.609178
v -0.704167 -0.561184 0.564921
v -0.629167 -0.561184 0.564921
v -0.629167 -0.486184 0.564921
v -0.704167 -0.486184 0.564921
v -0.704167 -0.561184 0.614921
v -0.629167 -0.561184 0.614921
v -0.629167 -0.486184 0.614921
v -0.704167 -0.486184 0.614921
v -0.454167 -0.561184 0.567472
v -0.379167 -0.561184 0.567472
v -0.379167 -0.486184 0.567472
v -0.454167 -0.486184 0.567472
v -0.454167 -0.561184 0.617472
v -0.379167 -0.561184 0.617472
v -0.379167 -0.486184 0.617472
v -0.454167 -0.486184 0.617472
v -0.204167 -0.561184 0.566831
v -0.129167 -0.561184 0.566831
v -0.129167 -0.486184 0.566831
v -0.204167 -0.486184 0.566831
v -0.204167 -0.561184 0.616831
v -0.129167 -0.561184 0.616831
v -0.129167 -0.486184 0.616831
v -0.204167 -0.486184 0.616831
v 0.045833 -0.561184 0.565908
v 0.120833 -0.561184 0.565908
v 0.120833 -0.486184 0.565908
v 0.045833 -0.486184 0.565908
v 0.045833 -0.561184 0.615908
v 0.120833 -0.561184 0.615908
v 0.120833 -0.486184 0.615908
v 0.045833 -0.486184 0.615908
v 0.295833 -0.561184 0.567613
v 0.370833 -0.561184 0.567613
v 0.370833 -0.486184 0.567613
v 0.295833 -0.486184 0.567613
v 0.295833 -0.561184 0.617613
v 0.370833 -0.561184 0.617613
v 0.370833 -0.486184 0.617613
v 0.295833 -0.486184 0.617613
v 0.545833 -0.561184 0.566126
v 0.620833 -0.561184 0.566126
v 0.620833 -0.486184 0.566126
v 0.545833 -0.486184 0.566126
v 0.545833 -0.561184 0.616126
v 0.620833 -0.561184 0.616126
v 0.620833 -0.486184 0.616126
v 0.545833 -0.486184 0.616126
v 0.795833 -0.561184 0.561447
v 0.870833 -0.561184 0.561447
v 0.870833 -0.486184 0.561447
v 0.795833 -0.486184 0.561447
v 0.795833 -0.561184 0.611447
v 0.870833 -0.561184 0.611447
v 0.870833 -0.486184 0.611447
v 0.795833 -0.486184 0.611447
v -0.954167 -0.316447 0.566919
v -0.879167 -0.316447 0.566919
v -0.879167 -0.241447 0.566919
v -0.954167 -0.241447 0.566919
v -0.954167 -0.316447 0.616919
v -0.879167 -0.316447 0.616919
v -0.879167 -0.241447 0.616919
v -0.954167 -0.241447 0.616919
v -0.704167 -0.316447 0.587872
v -0.629167 -0.316447 0.587872
v -0.629167 -0.241447 0.587872
v -0.704167 -0.241447 0.587872
v -0.704167 -0.316447 0.637872
v -0.629167 -0.316447 0.637872
v -0.629167 -0.241447 0.637872
v -0.704167 -0.241447 0.637872
v -0.454167 -0.316447 0.601869
v -0.379167 -0.316447 0.601869
v -0.379167 -0.241447 0.601869
v -0.454167 -0.241447 0.601869
v -0.454167 -0.316447 0.651869
v -0.379167 -0.316447 0.651869
v -0.379167 -0.241447 0.651869
v -0.454167 -0.241447 0.651869
v -0.204167 -0.316447 0.608910
v -0.129167 -0.316447 0.608910
v -0.129167 -0.241447 0.608910
v -0.204167 -0.241447 0.608910
v -0.204167 -0.316447 0.658910
v -0.129167 -0.316447 0.658910
v -0.129167 -0.241447 0.658910
v -0.204167 -0.241447 0.658910
v 0.045833 -0.316447 0.609711
v 0.120833 -0.316447 0.609711
v 0.120833 -0.241447 0.609711
v 0.045833 -0.241447 0.609711
v 0.045833 -0.316447 0.659711
v 0.120833 -0.316447 0.659711
v 0.120833 -0.241447 0.659711
v 0.045833 -0.241447 0.659711
v 0.295833 -0.316447 0.604989
v 0.370833 -0.316447 0.604989
v 0.370833 -0.241447 0.604989
v 0.295833 -0.241447 0.604989
v 0.295833 -0.316447 0.654989
v 0.370833 -0.316447 0.654989
v 0.370833 -0.241447 0.654989
v 0.295833 -0.241447 0.654989
v 0.545833 -0.316447 0.593311
v 0.620833 -0.316447 0.593311
v 0.620833 -0.241447 0.593311
v 0.545833 -0.241447 0.593311
v 0.545833 -0.316447 0.643311
v 0.620833 -0.316447 0.643311
v 0.620833 -0.241447 0.643311
v 0.545833 -0.241447 0.643311
v 0.795833 -0.316447 0.574676
v 0.870833 -0.316447 0.574676
v 0.870833 -0.241447 0.574676
v 0.795833 -0.241447 0.574676
v 0.795833 -0.316447 0.624676
v 0.870833 -0.316447 0.624676
v 0.870833 -0.241447 0.624676
v 0.795833 -0.241447 0.624676
v -0.954167 -0.071711 0.569461
v -0.879167 -0.071711 0.569461
v -0.879167 0.003289 0.569461
v -0.954167 0.003289 0.569461
v -0.954167 -0.071711 0.619461
v -0.879167 -0.071711 0.619461
v -0.879167 0.003289 0.619461
v -0.954167 0.003289 0.619461
v -0.704167 -0.071711 0.595406
v -0.629167 -0.071711 0.595406
v -0.629167 0.003289 0.595406
v -0.704167 0.003289 0.595406
v -0.704167 -0.071711 0.645406
v -0.629167 -0.071711 0.645406
v -0.629167 0.003289 0.645406
v -0.704167 0.003289 0.645406
v -0.454167 -0.071711 0.613158
v -0.379167 -0.071711 0.613158
v -0.379167 0.003289 0.613158
v -0.454167 0.003289 0.613158
v -0.454167 -0.071711 0.663158
v -0.379167 -0.071711 0.663158
v -0.379167 0.003289 0.663158
v -0.454167 0.003289 0.663158
v -0.204167 -0.071711 0.622717
v -0.129167 -0.071711 0.622717
v -0.129167 0.003289 0.622717
v -0.204167 0.003289 0.622717
v -0.204167 -0.071711 0.672717
v -0.129167 -0.071711 0.672717
v -0.129167 0.003289 0.672717
v -0.204167 0.003289 0.672717
v 0.045833 -0.071711 0.624082
v 0.120833 -0.071711 0.624082
v 0.120833 0.003289 0.624082
v 0.045833 0.003289 0.624082
v 0.045833 -0.071711 0.674082
v 0.120833 -0.071711 0.674082
v 0.120833 0.003289 0.674082
v 0.045833 0.003289 0.674082
v 0.295833 -0.071711 0.617255
v 0.370833 -0.071711 0.617255
v 0.370833 0.003289 0.617255
v 0.295833 0.003289 0.617255
v 0.295833 -0.071711 0.667255
v 0.370833 -0.071711 0.667255
v 0.370833 0.003289 0.667255
v 0.295833 0.003289 0.667255
v 0.545833 -0.071711 0.602234
v 0.620833 -0.071711 0.602234
v 0.620833 0.003289 0.602234
v 0.545833 0.003289 0.602234
v 0.545833 -0.071711 0.652234
v 0.620833 -0.071711 0.652234
v 0.620833 0.003289 0.652234
v 0.545833 0.003289 0.652234
v 0.795833 -0.071711 0.579020
v 0.870833 -0.071711 0.579020
v 0.870833 0.003289 0.579020
v 0.795833 0.003289 0.579020
v 0.795833 -0.071711 0.629020
v 0.870833 -0.071711 0.629020
v 0.870833 0.003289 0.629020
v 0.795833 0.003289 0.629020
v -0.954167 0.173026 0.565320
v -0.879167 0.173026 0.565320
v -0.879167 0.248026 0.565320
v -0.954167 0.248026 0.565320
v -0.954167 0.173026 0.615320
v -0.879167 0.173026 0.615320
v -0.879167 0.248026 0.615320
v -0.954167 0.248026 0.615320
v -0.704167 0.173026 0.583835
v -0.629167 0.173026 0.583835
v -0.629167 0.248026 0.583835
v -0.704167 0.248026 0.583835
v -0.704167 0.173026 0.633835
v -0.629167 0.173026 0.633835
v -0.629167 0.248026 0.633835
v -0.704167 0.248026 0.633835
v -0.454167 0.173026 0.596503
v -0.379167 0.173026 0.596503
v -0.379167 0.248026 0.596503
v -0.454167 0.248026 0.596503
v -0.454167 0.173026 0.646503
v -0.379167 0.173026 0.646503
v -0.379167 0.248026 0.646503
v -0.454167 0.248026 0.646503
v -0.204167 0.173026 0.603325
v -0.129167 0.173026 0.603325
v -0.129167 0.248026 0.603325
v -0.204167 0.248026 0.603325
v -0.204167 0.173026 0.653325
v -0.129167 0.173026 0.653325
v -0.129167 0.248026 0.653325
v -0.204167 0.248026 0.653325
v 0.045833 0.173026 0.604299
v 0.120833 0.173026 0.604299
v 0.120833 0.248026 0.604299
v 0.045833 0.248026 0.604299
v 0.045833 0.173026 0.654299
v 0.120833 0.173026 0.654299
v 0.120833 0.248026 0.654299
v 0.045833 0.248026 0.654299
v 0.295833 0.173026 0.599427
v 0.370833 0.173026 0.599427
v 0.370833 0.248026 0.599427
v 0.295833 0.248026 0.599427
v 0.295833 0.173026 0.649427
v 0.370833 0.173026 0.649427
v 0.370833 0.248026 0.649427
v 0.295833 0.248026 0.649427
v 0.545833 0.173026 0.588707
v 0.620833 0.173026 0.588707
v 0.620833 0.248026 0.588707
v 0.545833 0.248026 0.588707
v 0.545833 0.173026 0.638707
v 0.620833 0.173026 0.638707
v 0.620833 0.248026 0.638707
v 0.545833 0.248026 0.638707
v 0.795833 0.173026 0.572141
v 0.870833 0.173026 0.572141
v 0.870833 0.248026 0.572141
v 0.795833 0.248026 0.572141
v 0.795833 0.173026 0.622141
v 0.870833 0.173026 0.622141
v 0.870833 0.248026 0.622141
v 0.795833 0.248026 0.622141
v -0.954167 0.417763 0.558346
v -0.879167 0.417763 0.558346
v -0.879167 0.492763 0.558346
v -0.954167 0.492763 0.558346
v -0.954167 0.417763 0.608346
v -0.879167 0.417763 0.608346
v -0.879167 0.492763 0.608346
v -0.954167 0.492763 0.608346
v -0.704167 0.417763 0.564348
v -0.629167 0.417763 0.564348
v -0.629167 0.492763 0.564348
v -0.704167 0.492763 0.564348
v -0.704167 0.417763 0.614348
v -0.629167 0.417763 0.614348
v -0.629167 0.492763 0.614348
v -0.704167 0.492763 0.614348
v -0.454167 0.417763 0.568455
v -0.379167 0.417763 0.568455
v -0.379167 0.492763 0.568455
v -0.454167 0.492763 0.568455
v -0.454167 0.417763 0.618455
v -0.379167 0.417763 0.618455
v -0.379167 0.492763 0.618455
v -0.454167 0.492763 0.618455
v -0.204167 0.417763 0.570667
v -0.129167 0.417763 0.570667
v -0.129167 0.492763 0.570667
v -0.204167 0.492763 0.570667
v -0.204167 0.417763 0.620667
v -0.129167 0.417763 0.620667
v -0.129167 0.492763 0.620667
v -0.204167 0.492763 0.620667
v 0.045833 0.417763 0.570983
v 0.120833 0.417763 0.570983
v 0.120833 0.492763 0.570983
v 0.045833 0.492763 0.570983
v 0.045833 0.417763 0.620983
v 0.120833 0.417763 0.620983
v 0.120833 0.492763 0.620983
v 0.045833 0.492763 0.620983
v 0.295833 0.417763 0.569403
v 0.370833 0.417763 0.569403
v 0.370833 0.492763 0.569403
v 0.295833 0.492763 0.569403
v 0.295833 0.417763 0.619403
v 0.370833 0.417763 0.619403
v 0.370833 0.492763 0.619403
v 0.295833 0.492763 0.619403
v 0.545833 0.417763 0.565928
v 0.620833 0.417763 0.565928
v 0.620833 0.492763 0.565928
v 0.545833 0.492763 0.565928
v 0.545833 0.417763 0.615928
v 0.620833 0.417763 0.615928
v 0.620833 0.492763 0.615928
v 0.545833 0.492763 0.615928
v 0.795833 0.417763 0.560557
v 0.870833 0.417763 0.560557
v 0.870833 0.492763 0.560557
v 0.795833 0.492763 0.560557
v 0.795833 0.417763 0.610557
v 0.870833 0.417763 0.610557
v 0.870833 0.492763 0.610557
v 0.795833 0.492763 0.610557
vn -0.666667 -0.666667 -0.333333
vn 0.408248 -0.408248 -0.816497
vn 0.816497 0.408248 -0.408248
vn -0.333333 0.666667 -0.666667
vn -0.408248 -0.408248 0.816497
vn 0.666667 -0.666667 0.333333
vn 0.333333 0.666667 0.666667
vn -0.816497 0.408248 0.408248
vn -0.666667 -0.666667 -0.333333
vn 0.408248 -0.408248 -0.816497
vn 0.816497 0.408248 -0.408248
vn -0.333333 0.666667 -0.666667
vn -0.408248 -0.408248 0.816497
vn 0.666667 -0.666667 0.333333
vn 0.333333 0.666667 0.666667
vn -0.816497 0.408248 0.408248
vn -0.666667 -0.666667 -0.333333
vn 0.408248 -0.408248 -0.816497
vn 0.816497 0.408248 -0.408248
vn -0.333333 0.666667 -0.666667
vn -0.408248 -0.408248 0.816497
vn 0.666667 -0.666667 0.333333
vn 0.333333 0.666667 0.666667
vn -0.816497 0.408248 0.408248
vn -0.666667 -0.666667 -0.333333
vn 0.408248 -0.408248 -0.816497
vn 0.816497 0.408248 -0.408248
vn -0.333333 0.666667 -0.666667
vn -0.408248 -0.408248 0.816497
vn 0.666667 -0.666667 0.333333
vn 0.333333 0.666667 0.666667
vn -0.816497 0.408248 0.408248
vn -0.666667 -0.666667 -0.333333
vn 0.408248 -0.408248 -0.816497
vn 0.816497 0.408248 -0.408248
vn -0.333333 0.666667 -0.666667
vn -0.408248 -0.408248 0.816497
vn 0.666667 -0.666667 0.333333
vn 0.333333 0.666667 0.666667
vn -0.816497 0.408248 0.408248
vn -0.666667 -0.666667 -0.333333
vn 0.408248 -0.408248 -0.816497
vn 0.816497 0.408248 -0.408248
vn -0.333333 0.666667 -0.666667
vn -0.408248 -0.408248 0.816497
vn 0.666667 -0.666667 0.333333
vn 0.333333 0.666667 0.666667
vn -0.816497 0.408248 0.408248
vn -0.666667 -0.666667 -0.333333
vn 0.408248 -0.408248 -0.816497
vn 0.816497 0.408248 -0.408248
vn -0.333333 0.666667 -0.666667
vn -0.408248 -0.408248 0.816497
vn 0.666667 -0.666667 0.333333
vn 0.333333 0.666667 0.666667
vn -0.816497 0.408248 0.408248
vn -0.666667 -0.666667 -0.333333
vn 0.408248 -0.408248 -0.816497
vn 0.816497 0.408248 -0.408248
vn -0.333333 0.666667 -0.666667
vn -0.408248 -0.408248 0.816497
vn 0.666667 -0.666667 0.333333
vn 0.333333 0.666667 0.666667
vn -0.816497 0.408248 0.408248
vn -0.666667 -0.666667 -0.333333
vn 0.408248 -0.408248 -0.816497
vn 0.816497 0.408248 -0.408248
vn -0.333333 0.666667 -0.666667
vn -0.408248 -0.408248 0.816497
vn 0.666667 -0.666667 0.333333
vn 0.333333 0.666667 0.666667
vn -0.816497 0.408248 0.408248
vn -0.666667 -0.666667 -0.333333
vn 0.408248 -0.408248 -0.816497
vn 0.816497 0.408248 -0.408248
vn -0.333333 0.666667 -0.666667
vn -0.408248 -0.408248 0.816497
vn 0.666667 -0.666667 0.333333
vn 0.333333 0.666667 0.666667
vn -0.816497 0.408248 0.408248
vn -0.666667 -0.666667 -0.333333
vn 0.408248 -0.408248 -0.816497
vn 0.816497 0.408248 -0.408248
vn -0.333333 0.666667 -0.666667
vn -0.408248 -0.408248 0.816497
vn 0.666667 -0.666667 0.333333
vn 0.333333 0.666667 0.666667
vn -0.816497 0.408248 0.408248
vn -0.666667 -0.666667 -0.333333
vn 0.408248 -0.408248 -0.816497
vn 0.816497 0.408248 -0.408248
vn -0.333333 0.666667 -0.666667
vn -0.408248 -0.408248 0.816497
vn 0.666667 -0.666667 0.333333
vn 0.333333 0.666667 0.666667
vn -0.816497 0.408248 0.408248
vn -0.666667 -0.666667 -0.333333
vn 0.408248 -0.408248 -0.816497
vn 0.816497 0.408248 -0.408248
vn -0.333333 0.666667 -0.666667
vn -0.408248 -0.408248 0.816497
vn 0.666667 -0.666667 0.333333
vn 0.333333 0.666667 0.666667
vn -0.816497 0.408248 0.408248
vn -0.666667 -0.666667 -0.333333
vn 0.408248 -0.408248 -0.816497
vn 0.816497 0.408248 -0.408248
vn -0.333333 0.666667 -0.666667
vn -0.408248 -0.408248 0.816497
vn 0.666667 -0.666667 0.333333
vn 0.333333 0.666667 0.666667
vn -0.816497 0.408248 0.408248
vn -0.666667 -0.666667 -0.333333
vn 0.408248 -0.408248 -0.816497
vn 0.816497 0.408248 -0.408248
vn -0.333333 0.666667 -0.666667
vn -0.408248 -0.408248 0.816497
vn 0.666667 -0.666667 0.333333
vn 0.333333 0.666667 0.666667
vn -0.816497 0.408248 0.408248
vn -0.666667 -0.666667 -0.333333
vn 0.408248 -0.408248 -0.816497
vn 0.816497 0.408248 -0.408248
vn -0.333333 0.666667 -0.666667
vn -0.408248 -0.408248 0.816497
vn 0.666667 -0.666667 0.333333
vn 0.333333 0.666667 0.666667
vn -0.816497 0.408248 0.408248
vn -0.666667 -0.666667 -0.333333
vn 0.408248 -0.408248 -0.816497
vn 0.816497 0.408248 -0.408248
vn -0.333333 0.666667 -0.666667
vn -0.408248 -0.408248 0.816497
vn 0.666667 -0.666667 0.333333
vn 0.333333 0.666667 0.666667
vn -0.816497 0.408248 0.408248
vn -0.666667 -0.666667 -0.333333
vn 0.408248 -0.408248 -0.816497
vn 0.816497 0.408248 -0.408248
vn -0.333333 0.666667 -0.666667
vn -0.408248 -0.408248 0.816497
vn 0.666667 -0.666667 0.333333
vn 0.333333 0.666667 0.666667
vn -0.816497 0.408248 0.408248
vn -0.666667 -0.666667 -0.333333
vn 0.408248 -0.408248 -0.816497
vn 0.816497 0.408248 -0.408248
vn -0.333333 0.666667 -0.666667
vn -0.408248 -0.408248 0.816497
vn 0.666667 -0.666667 0.333333
vn 0.333333 0.666667 0.666667
vn -0.816497 0.408248 0.408248
vn -0.666667 -0.666667 -0.333333
vn 0.408248 -0.408248 -0.816497
vn 0.816497 0.408248 -0.408248
vn -0.333333 0.666667 -0.666667
vn -0.408248 -0.408248 0.816497
vn 0.666667 -0.666667 0.333333
vn 0.333333 0.666667 0.666667
vn -0.816497 0.408248 0.408248
vn -0.666667 -0.666667 -0.333333
vn 0.408248 -0.408248 -0.816497
vn 0.816497 0.408248 -0.408248
vn -0.333333 0.666667 -0.666667
vn -0.408248 -0.408248 0.816497
vn 0.666667 -0.666667 0.333333
vn 0.333333 0.666667 0.666667
vn -0.816497 0.408248 0.408248
vn -0.666667 -0.666667 -0.333333
vn 0.408248 -0.408248 -0.816497
vn 0.816497 0.408248 -0.408248
vn -0.333333 0.666667 -0.666667
vn -0.408248 -0.408248 0.816497
vn 0.666667 -0.666667 0.333333
vn 0.333333 0.666667 0.666667
vn -0.816497 0.408248 0.408248
vn -0.666667 -0.666667 -0.333333
vn 0.408248 -0.408248 -0.816497
vn 0.816497 0.408248 -0.408248
vn -0.333333 0.666667 -0.666667
vn -0.408248 -0.408248 0.816497
vn 0.666667 -0.666667 0.333333
vn 0.333333 0.666667 0.666667
vn -0.816497 0.408248 0.408248
vn -0.666667 -0.666667 -0.333333
vn 0.408248 -0.408248 -0.816497
vn 0.816497 0.408248 -0.408248
vn -0.333333 0.666667 -0.666667
vn -0.408248 -0.408248 0.816497
vn 0.666667 -0.666667 0.333333
vn 0.333333 0.666667 0.666667
vn -0.816497 0.408248 0.408248
vn -0.666667 -0.666667 -0.333333
vn 0.408248 -0.408248 -0.816497
vn 0.816497 0.408248 -0.408248
vn -0.333333 0.666667 -0.666667
vn -0.408248 -0.408248 0.816497
vn 0.666667 -0.666667 0.333333
vn 0.333333 0.666667 0.666667
vn -0.816497 0.408248 0.408248
vn -0.666667 -0.666667 -0.333333
vn 0.408248 -0.408248 -0.816497
vn 0.816497 0.408248 -0.408248
vn -0.333333 0.666667 -0.666667
vn -0.408248 -0.408248 0.816497
vn 0.666667 -0.666667 0.333333
vn 0.333333 0.666667 0.666667
vn -0.816497 0.408248 0.408248
vn -0.666667 -0.666667 -0.333333
vn 0.408248 -0.408248 -0.816497
vn 0.816497 0.408248 -0.408248
vn -0.333333 0.666667 -0.666667
vn -0.408248 -0.408248 0.816497
vn 0.666667 -0.666667 0.333333
vn 0.333333 0.666667 0.666667
vn -0.816497 0.408248 0.408248
vn -0.666667 -0.666667 -0.333333
vn 0.408248 -0.408248 -0.816497
vn 0.816497 0.408248 -0.408248
vn -0.333333 0.666667 -0.666667
vn -0.408248 -0.408248 0.816497
vn 0.666667 -0.666667 0.333333
vn 0.333333 0.666667 0.666667
vn -0.816497 0.408248 0.408248
vn -0.666667 -0.666667 -0.333333
vn 0.408248 -0.408248 -0.816497
vn 0.816497 0.408248 -0.408248
vn -0.333333 0.666667 -0.666667
vn -0.408248 -0.408248 0.816497
vn 0.666667 -0.666667 0.333333
vn 0.333333 0.666667 0.666667
vn -0.816497 0.408248 0.408248
vn -0.666667 -0.666667 -0.333333
vn 0.408248 -0.408248 -0.816497
vn 0.816497 0.408248 -0.408248
vn -0.333333 0.666667 -0.666667
vn -0.408248 -0.408248 0.816497
vn 0.666667 -0.666667 0.333333
vn 0.333333 0.666667 0.666667
vn -0.816497 0.408248 0.408248
vn -0.666667 -0.666667 -0.333333
vn 0.408248 -0.408248 -0.816497
vn 0.816497 0.408248 -0.408248
vn -0.333333 0.666667 -0.666667
vn -0.408248 -0.408248 0.816497
vn 0.666667 -0.666667 0.333333
vn 0.333333 0.666667 0.666667
vn -0.816497 0.408248 0.408248
vn -0.666667 -0.666667 -0.333333
vn 0.408248 -0.408248 -0.816497
vn 0.816497 0.408248 -0.408248
vn -0.333333 0.666667 -0.666667
vn -0.408248 -0.408248 0.816497
vn 0.666667 -0.666667 0.333333
vn 0.333333 0.666667 0.666667
vn -0.816497 0.408248 0.408248
vn -0.666667 -0.666667 -0.333333
vn 0.408248 -0.408248 -0.816497
vn 0.816497 0.408248 -0.408248
vn -0.333333 0.666667 -0.666667
vn -0.408248 -0.408248 0.816497
vn 0.666667 -0.666667 0.333333
vn 0.333333 0.666667 0.666667
vn -0.816497 0.408248 0.408248
vn -0.666667 -0.666667 -0.333333
vn 0.408248 -0.408248 -0.816497
vn 0.816497 0.408248 -0.408248
vn -0.333333 0.666667 -0.666667
vn -0.408248 -0.408248 0.816497
vn 0.666667 -0.666667 0.333333
vn 0.333333 0.666667 0.666667
vn -0.816497 0.408248 0.408248
vn -0.666667 -0.666667 -0.333333
vn 0.408248 -0.408248 -0.816497
vn 0.816497 0.408248 -0.408248
vn -0.333333 0.666667 -0.666667
vn -0.408248 -0.408248 0.816497
vn 0.666667 -0.666667 0.333333
vn 0.333333 0.666667 0.666667
vn -0.816497 0.408248 0.408248
vn -0.666667 -0.666667 -0.333333
vn 0.408248 -0.408248 -0.816497
vn 0.816497 0.408248 -0.408248
vn -0.333333 0.666667 -0.666667
vn -0.408248 -0.408248 0.816497
vn 0.666667 -0.666667 0.333333
vn 0.333333 0.666667 0.666667
vn -0.816497 0.408248 0.408248
vn -0.666667 -0.666667 -0.333333
vn 0.408248 -0.408248 -0.816497
vn 0.816497 0.408248 -0.408248
vn -0.333333 0.666667 -0.666667
vn -0.408248 -0.408248 0.816497
vn 0.666667 -0.666667 0.333333
vn 0.333333 0.666667 0.666667
vn -0.816497 0.408248 0.408248
vn -0.666667 -0.666667 -0.333333
vn 0.408248 -0.408248 -0.816497
vn 0.816497 0.408248 -0.408248
vn -0.333333 0.666667 -0.666667
vn -0.408248 -0.408248 0.816497
vn 0.666667 -0.666667 0.333333
vn 0.333333 0.666667 0.666667
vn -0.816497 0.408248 0.408248
vn -0.666667 -0.666667 -0.333333
vn 0.408248 -0.408248 -0.816497
vn 0.816497 0.408248 -0.408248
vn -0.333333 0.666667 -0.666667
vn -0.408248 -0.408248 0.816497
vn 0.666667 -0.666667 0.333333
vn 0.333333 0.666667 0.666667
vn -0.816497 0.408248 0.408248
vn -0.666667 -0.666667 -0.333333
vn 0.408248 -0.408248 -0.816497
vn 0.816497 0.408248 -0.408248
vn -0.333333 0.666667 -0.666667
vn -0.408248 -0.408248 0.816497
vn 0.666667 -0.666667 0.333333
vn 0.333333 0.666667 0.666667
vn -0.816497 0.408248 0.408248
vn -0.666667 -0.666667 -0.333333
vn 0.408248 -0.408248 -0.816497
vn 0.816497 0.408248 -0.408248
vn -0.333333 0.666667 -0.666667
vn -0.408248 -0.408248 0.816497
vn 0.666667 -0.666667 0.333333
vn 0.333333 0.666667 0.666667
vn -0.816497 0.408248 0.408248
vn -0.666667 -0.666667 -0.333333
vn 0.408248 -0.408248 -0.816497
vn 0.816497 0.408248 -0.408248
vn -0.333333 0.666667 -0.666667
vn -0.408248 -0.408248 0.816497
vn 0.666667 -0.666667 0.333333
vn 0.333333 0.666667 0.666667
vn -0.816497 0.408248 0.408248
vn -0.666667 -0.666667 -0.333333
vn 0.408248 -0.408248 -0.816497
vn 0.816497 0.408248 -0.408248
vn -0.333333 0.666667 -0.666667
vn -0.408248 -0.408248 0.816497
vn 0.666667 -0.666667 0.333333
vn 0.333333 0.666667 0.666667
vn -0.816497 0.408248 0.408248
vn -0.666667 -0.666667 -0.333333
vn 0.408248 -0.408248 -0.816497
vn 0.816497 0.408248 -0.408248
vn -0.333333 0.666667 -0.666667
vn -0.408248 -0.408248 0.816497
vn 0.666667 -0.666667 0.333333
vn 0.333333 0.666667 0.666667
vn -0.816497 0.408248 0.408248
vn -0.666667 -0.666667 -0.333333
vn 0.408248 -0.408248 -0.816497
vn 0.816497 0.408248 -0.408248
vn -0.333333 0.666667 -0.666667
vn -0.408248 -0.408248 0.816497
vn 0.666667 -0.666667 0.333333
vn 0.333333 0.666667 0.666667
vn -0.816497 0.408248 0.408248
vn -0.666667 -0.666667 -0.333333
vn 0.408248 -0.408248 -0.816497
vn 0.816497 0.408248 -0.408248
vn -0.333333 0.666667 -0.666667
vn -0.408248 -0.408248 0.816497
vn 0.666667 -0.666667 0.333333
vn 0.333333 0.666667 0.666667
vn -0.816497 0.408248 0.408248
vn -0.666667 -0.666667 -0.333333
vn 0.408248 -0.408248 -0.816497
vn 0.816497 0.408248 -0.408248
vn -0.333333 0.666667 -0.666667
vn -0.408248 -0.408248 0.816497
vn 0.666667 -0.666667 0.333333
vn 0.333333 0.666667 0.666667
vn -0.816497 0.408248 0.408248
vn -0.666667 -0.666667 -0.333333
vn 0.408248 -0.408248 -0.816497
vn 0.816497 0.408248 -0.408248
vn -0.333333 0.666667 -0.666667
vn -0.408248 -0.408248 0.816497
vn 0.666667 -0.666667 0.333333
vn 0.333333 0.666667 0.666667
vn -0.816497 0.408248 0.408248
usemtl rivet
f 1223 1224 1225
f 1223 1225 1226
f 1220 1219 1222
f 1220 1222 1221
f 1219 1223 1226
f 1219 1226 1222
f 1224 1220 1221
f 1224 1221 1225
f 1222 1226 1225
f 1222 1225 1221
f 1219 1220 1224
f 1219 1224 1223
f 1231 1232 1233
f 1231 1233 1234
f 1228 1227 1230
f 1228 1230 1229
f 1227 1231 1234
f 1227 1234 1230
f 1232 1228 1229
f 1232 1229 1233
f 1230 1234 1233
f 1230 1233 1229
f 1227 1228 1232
f 1227 1232 1231
f 1239 1240 1241
f 1239 1241 1242
f 1236 1235 1238
f 1236 1238 1237
f 1235 1239 1242
f 1235 1242 1238
f 1240 1236 1237
f 1240 1237 1241
f 1238 1242 1241
f 1238 1241 1237
f 1235 1236 1240
f 1235 1240 1239
f 1247 1248 1249
f 1247 1249 1250
f 1244 1243 1246
f 1244 1246 1245
f 1243 1247 1250
f 1243 1250 1246
f 1248 1244 1245
f 1248 1245 1249
f 1246 1250 1249
f 1246 1249 1245
f 1243 1244 1248
f 1243 1248 1247
f 1255 1256 1257
f 1255 1257 1258
f 1252 1251 1254
f 1252 1254 1253
f 1251 1255 1258
f 1251 1258 1254
f 1256 1252 1253
f 1256 1253 1257
f 1254 1258 1257
f 1254 1257 1253
f 1251 1252 1256
f 1251 1256 1255
f 1263 1264 1265
f 1263 1265 1266
f 1260 1259 1262
f 1260 1262 1261
f 1259 1263 1266
f 1259 1266 1262
f 1264 1260 1261
f 1264 1261 1265
f 1262 1266 1265
f 1262 1265 1261
f 1259 1260 1264
f 1259 1264 1263
f 1271 1272 1273
f 1271 1273 1274
f 1268 1267 1270
f 1268 1270 1269
f 1267 1271 1274
f 1267 1274 1270
f 1272 1268 1269
f 1272 1269 1273
f 1270 1274 1273
f 1270 1273 1269
f 1267 1268 1272
f 1267 1272 1271
f 1279 1280 1281
f 1279 1281 1282
f 1276 1275 1278
f 1276 1278 1277
f 1275 1279 1282
f 1275 1282 1278
f 1280 1276 1277
f 1280 1277 1281
f 1278 1282 1281
f 1278 1281 1277
f 1275 1276 1280
f 1275 1280 1279
f 1287 1288 1289
f 1287 1289 1290
f 1284 1283 1286
f 1284 1286 1285
f 1283 1287 1290
f 1283 1290 1286
f 1288 1284 1285
f 1288 1285 1289
f 1286 1290 1289
f 1286 1289 1285
f 1283 1284 1288
f 1283 1288 1287
f 1295 1296 1297
f 1295 1297 1298
f 1292 1291 1294
f 1292 1294 1293
f 1291 1295 1298
f 1291 1298 1294
f 1296 1292 1293
f 1296 1293 1297
f 1294 1298 1297
f 1294 1297 1293
f 1291 1292 1296
f 1291 1296 1295
f 1303 1304 1305
f 1303 1305 1306
f 1300 1299 1302
f 1300 1302 1301
f 1299 1303 1306
f 1299 1306 1302
f 1304 1300 1301
f 1304 1301 1305
f 1302 1306 1305
f 1302 1305 1301
f 1299 1300 1304
f 1299 1304 1303
f 1311 1312 1313
f 1311 1313 1314
f 1308 1307 1310
f 1308 1310 1309
f 1307 1311 1314
f 1307 1314 1310
f 1312 1308 1309
f 1312 1309 1313
f 1310 1314 1313
f 1310 1313 1309
f 1307 1308 1312
f 1307 1312 1311
f 1319 1320 1321
f 1319 1321 1322
f 1316 1315 1318
f 1316 1318 1317
f 1315 1319 1322
f 1315 1322 1318
f 1320 1316 1317
f 1320 1317 1321
f 1318 1322 1321
f 1318 1321 1317
f 1315 1316 1320
f 1315 1320 1319
f 1327 1328 1329
f 1327 1329 1330
f 1324 1323 1326
f 1324 1326 1325
f 1323 1327 1330
f 1323 1330 1326
f 1328 1324 1325
f 1328 1325 1329
f 1326 1330 1329
f 1326 1329 1325
f 1323 1324 1328
f 1323 1328 1327
f 1335 1336 1337
f 1335 1337 1338
f 1332 1331 1334
f 1332 1334 1333
f 1331 1335 1338
f 1331 1338 1334
f 1336 1332 1333
f 1336 1333 1337
f 1334 1338 1337
f 1334 1337 1333
f 1331 1332 1336
f 1331 1336 1335
f 1343 1344 1345
f 1343 1345 1346
f 1340 1339 1342
f 1340 1342 1341
f 1339 1343 1346
f 1339 1346 1342
f 1344 1340 1341
f 1344 1341 1345
f 1342 1346 1345
f 1342 1345 1341
f 1339 1340 1344
f 1339 1344 1343
f 1351 1352 1353
f 1351 1353 1354
f 1348 1347 1350
f 1348 1350 1349
f 1347 1351 1354
f 1347 1354 1350
f 1352 1348 1349
f 1352 1349 1353
f 1350 1354 1353
f 1350 1353 1349
f 1347 1348 1352
f 1347 1352 1351
f 1359 1360 1361
f 1359 1361 1362
f 1356 1355 1358
f 1356 1358 1357
f 1355 1359 1362
f 1355 1362 1358
f 1360 1356 1357
f 1360 1357 1361
f 1358 1362 1361
f 1358 1361 1357
f 1355 1356 1360
f 1355 1360 1359
f 1367 1368 1369
f 1367 1369 1370
f 1364 1363 1366
f 1364 1366 1365
f 1363 1367 1370
f 1363 1370 1366
f 1368 1364 1365
f 1368 1365 1369
f 1366 1370 1369
f 1366 1369 1365
f 1363 1364 1368
f 1363 1368 1367
f 1375 1376 1377
f 1375 1377 1378
f 1372 1371 1374
f 1372 1374 1373
f 1371 1375 1378
f 1371 1378 1374
f 1376 1372 1373
f 1376 1373 1377
f 1374 1378 1377
f 1374 1377 1373
f 1371 1372 1376
f 1371 1376 1375
f 1383 1384 1385
f 1383 1385 1386
f 1380 1379 1382
f 1380 1382 1381
f 1379 1383 1386
f 1379 1386 1382
f 1384 1380 1381
f 1384 1381 1385
f 1382 1386 1385
f 1382 1385 1381
f 1379 1380 1384
f 1379 1384 1383
f 1391 1392 1393
f 1391 1393 1394
f 1388 1387 1390
f 1388 1390 1389
f 1387 1391 1394
f 1387 1394 1390
f 1392 1388 1389
f 1392 1389 1393
f 1390 1394 1393
f 1390 1393 1389
f 1387 1388 1392
f 1387 1392 1391
f 1399 1400 1401
f 1399 1401 1402
f 1396 1395 1398
f 1396 1398 1397
f 1395 1399 1402
f 1395 1402 1398
f 1400 1396 1397
f 1400 1397 1401
f 1398 1402 1401
f 1398 1401 1397
f 1395 1396 1400
f 1395 1400 1399
f 1407 1408 1409
f 1407 1409 1410
f 1404 1403 1406
f 1404 1406 1405
f 1403 1407 1410
f 1403 1410 1406
f 1408 1404 1405
f 1408 1405 1409
f 1406 1410 1409
f 1406 1409 1405
f 1403 1404 1408
f 1403 1408 1407
f 1415 1416 1417
f 1415 1417 1418
f 1412 1411 1414
f 1412 1414 1413
f 1411 1415 1418
f 1411 1418 1414
f 1416 1412 1413
f 1416 1413 1417
f 1414 1418 1417
f 1414 1417 1413
f 1411 1412 1416
f 1411 1416 1415
f 1423 1424 1425
f 1423 1425 1426
f 1420 1419 1422
f 1420 1422 1421
f 1419 1423 1426
f 1419 1426 1422
f 1424 1420 1421
f 1424 1421 1425
f 1422 1426 1425
f 1422 1425 1421
f 1419 1420 1424
f 1419 1424 1423
f 1431 1432 1433
f 1431 1433 1434
f 1428 1427 1430
f 1428 1430 1429
f 1427 1431 1434
f 1427 1434 1430
f 1432 1428 1429
f 1432 1429 1433
f 1430 1434 1433
f 1430 1433 1429
f 1427 1428 1432
f 1427 1432 1431
f 1439 1440 1441
f 1439 1441 1442
f 1436 1435 1438
f 1436 1438 1437
f 1435 1439 1442
f 1435 1442 1438
f 1440 1436 1437
f 1440 1437 1441
f 1438 1442 1441
f 1438 1441 1437
f 1435 1436 1440
f 1435 1440 1439
f 1447 1448 1449
f 1447 1449 1450
f 1444 1443 1446
f 1444 1446 1445
f 1443 1447 1450
f 1443 1450 1446
f 1448 1444 1445
f 1448 1445 1449
f 1446 1450 1449
f 1446 1449 1445
f 1443 1444 1448
f 1443 1448 1447
f 1455 1456 1457
f 1455 1457 1458
f 1452 1451 1454
f 1452 1454 1453
f 1451 1455 1458
f 1451 1458 1454
f 1456 1452 1453
f 1456 1453 1457
f 1454 1458 1457
f 1454 1457 1453
f 1451 1452 1456
f 1451 1456 1455
f 1463 1464 1465
f 1463 1465 1466
f 1460 1459 1462
f 1460 1462 1461
f 1459 1463 1466
f 1459 1466 1462
f 1464 1460 1461
f 1464 1461 1465
f 1462 1466 1465
f 1462 1465 1461
f 1459 1460 1464
f 1459 1464 1463
f 1471 1472 1473
f 1471 1473 1474
f 1468 1467 1470
f 1468 1470 1469
f 1467 1471 1474
f 1467 1474 1470
f 1472 1468 1469
f 1472 1469 1473
f 1470 1474 1473
f 1470 1473 1469
f 1467 1468 1472
f 1467 1472 1471
f 1479 1480 1481
f 1479 1481 1482
f 1476 1475 1478
f 1476 1478 1477
f 1475 1479 1482
f 1475 1482 1478
f 1480 1476 1477
f 1480 1477 1481
f 1478 1482 1481
f 1478 1481 1477
f 1475 1476 1480
f 1475 1480 1479
f 1487 1488 1489
f 1487 1489 1490
f 1484 1483 1486
f 1484 1486 1485
f 1483 1487 1490
f 1483 1490 1486
f 1488 1484 1485
f 1488 1485 1489
f 1486 1490 1489
f 1486 1489 1485
f 1483 1484 1488
f 1483 1488 1487
f 1495 1496 1497
f 1495 1497 1498
f 1492 1491 1494
f 1492 1494 1493
f 1491 1495 1498
f 1491 1498 1494
f 1496 1492 1493
f 1496 1493 1497
f 1494 1498 1497
f 1494 1497 1493
f 1491 1492 1496
f 1491 1496 1495
f 1503 1504 1505
f 1503 1505 1506
f 1500 1499 1502
f 1500 1502 1501
f 1499 1503 1506
f 1499 1506 1502
f 1504 1500 1501
f 1504 1501 1505
f 1502 1506 1505
f 1502 1505 1501
f 1499 1500 1504
f 1499 1504 1503
f 1511 1512 1513
f 1511 1513 1514
f 1508 1507 1510
f 1508 1510 1509
f 1507 1511 1514
f 1507 1514 1510
f 1512 1508 1509
f 1512 1509 1513
f 1510 1514 1513
f 1510 1513 1509
f 1507 1508 1512
f 1507 1512 1511
f 1519 1520 1521
f 1519 1521 1522
f 1516 1515 1518
f 1516 1518 1517
f 1515 1519 1522
f 1515 1522 1518
f 1520 1516 1517
f 1520 1517 1521
f 1518 1522 1521
f 1518 1521 1517
f 1515 1516 1520
f 1515 1520 1519
f 1527 1528 1529
f 1527 1529 1530
f 1524 1523 1526
f 1524 1526 1525
f 1523 1527 1530
f 1523 1530 1526
f 1528 1524 1525
f 1528 1525 1529
f 1526 1530 1529
f 1526 1529 1525
f 1523 1524 1528
f 1523 1528 1527
f 1535 1536 1537
f 1535 1537 1538
f 1532 1531 1534
f 1532 1534 1533
f 1531 1535 1538
f 1531 1538 1534
f 1536 1532 1533
f 1536 1533 1537
f 1534 1538 1537
f 1534 1537 1533
f 1531 1532 1536
f 1531 1536 1535
f 1543 1544 1545
f 1543 1545 1546
f 1540 1539 1542
f 1540 1542 1541
f 1539 1543 1546
f 1539 1546 1542
f 1544 1540 1541
f 1544 1541 1545
f 1542 1546 1545
f 1542 1545 1541
f 1539 1540 1544
f 1539 1544 1543
f 1551 1552 1553
f 1551 1553 1554
f 1548 1547 1550
f 1548 1550 1549
f 1547 1551 1554
f 1547 1554 1550
f 1552 1548 1549
f 1552 1549 1553
f 1550 1554 1553
f 1550 1553 1549
f 1547 1548 1552
f 1547 1552 1551
f 1559 1560 1561
f 1559 1561 1562
f 1556 1555 1558
f 1556 1558 1557
f 1555 1559 1562
f 1555 1562 1558
f 1560 1556 1557
f 1560 1557 1561
f 1558 1562 1561
f 1558 1561 1557
f 1555 1556 1560
f 1555 1560 1559
f 1567 1568 1569
f 1567 1569 1570
f 1564 1563 1566
f 1564 1566 1565
f 1563 1567 1570
f 1563 1570 1566
f 1568 1564 1565
f 1568 1565 1569
f 1566 1570 1569
f 1566 1569 1565
f 1563 1564 1568
f 1563 1568 1567
f 1575 1576 1577
f 1575 1577 1578
f 1572 1571 1574
f 1572 1574 1573
f 1571 1575 1578
f 1571 1578 1574
f 1576 1572 1573
f 1576 1573 1577
f 1574 1578 1577
f 1574 1577 1573
f 1571 1572 1576
f 1571 1576 1575
f 1583 1584 1585
f 1583 1585 1586
f 1580 1579 1582
f 1580 1582 1581
f 1579 1583 1586
f 1579 1586 1582
f 1584 1580 1581
f 1584 1581 1585
f 1582 1586 1585
f 1582 1585 1581
f 1579 1580 1584
f 1579 1584 1583
f 1591 1592 1593
f 1591 1593 1594
f 1588 1587 1590
f 1588 1590 1589
f 1587 1591 1594
f 1587 1594 1590
f 1592 1588 1589
f 1592 1589 1593
f 1590 1594 1593
f 1590 1593 1589
f 1587 1588 1592
f 1587 1592 1591
f 1599 1600 1601
f 1599 1601 1602
f 1596 1595 1598
f 1596 1598 1597
f 1595 1599 1602
f 1595 1602 1598
f 1600 1596 1597
f 1600 1597 1601
f 1598 1602 1601
f 1598 1601 1597
f 1595 1596 1600
f 1595 1600 1599
o fauld_front_0
v 0.969948 -0.150000 0.403200
v 0.883346 0.020000 0.367200
v 0.917450 -0.150000 0.462532
v 0.835535 0.020000 0.421235
v 0.857970 -0.150000 0.518344
v 0.781365 0.020000 0.472063
v 0.791960 -0.150000 0.570211
v 0.721249 0.020000 0.519299
v 0.719922 -0.150000 0.617738
v 0.655643 0.020000 0.562583
v 0.642406 -0.150000 0.660564
v 0.585048 0.020000 0.601585
v 0.560000 -0.150000 0.698363
v 0.510000 0.020000 0.636009
v 0.473332 -0.150000 0.730847
v 0.431071 0.020000 0.665592
v 0.383063 -0.150000 0.757768
v 0.348861 0.020000 0.690110
v 0.289877 -0.150000 0.778923
v 0.263995 0.020000 0.709376
v 0.194486 -0.150000 0.794149
v 0.177121 0.020000 0.723243
v 0.097614 -0.150000 0.803331
v 0.088899 0.020000 0.731605
v 0.000000 -0.150000 0.806400
v 0.000000 0.020000 0.734400
v -0.097614 -0.150000 0.803331
v -0.088899 0.020000 0.731605
v -0.194486 -0.150000 0.794149
v -0.177121 0.020000 0.723243
v -0.289877 -0.150000 0.778923
v -0.263995 0.020000 0.709376
v -0.383063 -0.150000 0.757768
v -0.348861 0.020000 0.690110
v -0.473332 -0.150000 0.730847
v -0.431071 0.020000 0.665592
v -0.560000 -0.150000 0.698363
v -0.510000 0.020000 0.636009
v -0.642406 -0.150000 0.660564
v -0.585048 0.020000 0.601585
v -0.719922 -0.150000 0.617738
v -0.655643 0.020000 0.562583
v -0.791960 -0.150000 0.570211
v -0.721249 0.020000 0.519299
v -0.857970 -0.150000 0.518344
v -0.781365 0.020000 0.472063
v -0.917450 -0.150000 0.462532
v -0.835535 0.020000 0.421235
v -0.969948 -0.150000 0.403200
v -0.883346 0.020000 0.367200
vn 0.663952 0.462642 0.587478
vn 0.663952 0.462642 0.587478
vn 0.628694 0.455970 0.629949
vn 0.646580 0.459485 0.608941
vn 0.573357 0.445546 0.687569
vn 0.592059 0.448983 0.669238
vn 0.516185 0.435558 0.737456
vn 0.535401 0.438819 0.721654
vn 0.457937 0.426257 0.780127
vn 0.477438 0.429265 0.766671
vn 0.399165 0.417826 0.816143
vn 0.418789 0.420527 0.804843
vn 0.340244 0.410394 0.846056
vn 0.359884 0.412751 0.836732
vn 0.281408 0.404050 0.870375
vn 0.301000 0.406037 0.862863
vn 0.222780 0.398848 0.889544
vn 0.242294 0.400450 0.883704
vn 0.164400 0.394825 0.903928
vn 0.183831 0.396031 0.899647
vn 0.106246 0.391998 0.913810
vn 0.125606 0.392805 0.911003
vn 0.048259 0.390380 0.919388
vn 0.067572 0.390784 0.917999
vn -0.009648 0.389975 0.920775
vn 0.009648 0.389975 0.920775
vn -0.067572 0.390784 0.917999
vn -0.048259 0.390380 0.919388
vn -0.125606 0.392805 0.911003
vn -0.106246 0.391998 0.913810
vn -0.183831 0.396031 0.899647
vn -0.164400 0.394825 0.903928
vn -0.242294 0.400450 0.883704
vn -0.222780 0.398848 0.889544
vn -0.301000 0.406037 0.862863
vn -0.281408 0.404050 0.870375
vn -0.359884 0.412751 0.836732
vn -0.340244 0.410394 0.846056
vn -0.418789 0.420527 0.804843
vn -0.399165 0.417826 0.816143
vn -0.477438 0.429265 0.766671
vn -0.457937 0.426257 0.780127
vn -0.535401 0.438819 0.721654
vn -0.516185 0.435558 0.737456
vn -0.592059 0.448983 0.669238
vn -0.573357 0.445546 0.687569
vn -0.646580 0.459485 0.608941
vn -0.628694 0.455970 0.629949
vn -0.663952 0.462642 0.587478
vn -0.663952 0.462642 0.587478
usemtl fabric
f 1603 1604 1606
f 1603 1606 1605
f 1605 1606 1608
f 1605 1608 1607
f 1607 1608 1610
f 1607 1610 1609
f 1609 1610 1612
f 1609 1612 1611
f 1611 1612 1614
f 1611 1614 1613
f 1613 1614 1616
f 1613 1616 1615
f 1615 1616 1618
f 1615 1618 1617
f 1617 1618 1620
f 1617 1620 1619
f 1619 1620 1622
f 1619 1622 1621
f 1621 1622 1624
f 1621 1624 1623
f 1623 1624 1626
f 1623 1626 1625
f 1625 1626 1628
f 1625 1628 1627
f 1627 1628 1630
f 1627 1630 1629
f 1629 1630 1632
f 1629 1632 1631
f 1631 1632 1634
f 1631 1634 1633
f 1633 1634 1636
f 1633 1636 1635
f 1635 1636 1638
f 1635 1638 1637
f 1637 1638 1640
f 1637 1640 1639
f 1639 1640 1642
f 1639 1642 1641
f 1641 1642 1644
f 1641 1644 1643
f 1643 1644 1646
f 1643 1646 1645
f 1645 1646 1648
f 1645 1648 1647
f 1647 1648 1650
f 1647 1650 1649
f 1649 1650 1652
f 1649 1652 1651
o fauld_front_1
v 1.056551 -0.350000 0.439200
v 0.969948 -0.180000 0.403200
v 0.999365 -0.350000 0.503830
v 0.917450 -0.180000 0.462532
v 0.934574 -0.350000 0.564625
v 0.857970 -0.180000 0.518344
v 0.862670 -0.350000 0.621123
v 0.791960 -0.180000 0.570211
v 0.784201 -0.350000 0.672893
v 0.719922 -0.180000 0.617738
v 0.699763 -0.350000 0.719543
v 0.642406 -0.180000 0.660564
v 0.610000 -0.350000 0.760717
v 0.560000 -0.180000 0.698363
v 0.515594 -0.350000 0.796101
v 0.473332 -0.180000 0.730847
v 0.417265 -0.350000 0.825426
v 0.383063 -0.180000 0.757768
v 0.315759 -0.350000 0.848469
v 0.289877 -0.180000 0.778923
v 0.211851 -0.350000 0.865055
v 0.194486 -0.180000 0.794149
v 0.106330 -0.350000 0.875057
v 0.097614 -0.180000 0.803331
v 0.000000 -0.350000 0.878400
v 0.000000 -0.180000 0.806400
v -0.106330 -0.350000 0.875057
v -0.097614 -0.180000 0.803331
v -0.211851 -0.350000 0.865055
v -0.194486 -0.180000 0.794149
v -0.315759 -0.350000 0.848469
v -0.289877 -0.180000 0.778923
v -0.417265 -0.350000 0.825426
v -0.383063 -0.180000 0.757768
v -0.515594 -0.350000 0.796101
v -0.473332 -0.180000 0.730847
v -0.610000 -0.350000 0.760717
v -0.560000 -0.180000 0.698363
v -0.699763 -0.350000 0.719543
v -0.642406 -0.180000 0.660564
v -0.784201 -0.350000 0.672893
v -0.719922 -0.180000 0.617738
v -0.862670 -0.350000 0.621123
v -0.791960 -0.180000 0.570211
v -0.934574 -0.350000 0.564625
v -0.857970 -0.180000 0.518344
v -0.999365 -0.350000 0.503830
v -0.917450 -0.180000 0.462532
v -1.056551 -0.350000 0.439200
v -0.969948 -0.180000 0.403200
vn 0.663952 0.462642 0.587478
vn 0.663952 0.462642 0.587478
vn 0.628694 0.455970 0.629949
vn 0.646580 0.459485 0.608941
vn 0.573357 0.445546 0.687569
vn 0.592059 0.448983 0.669238
vn 0.516185 0.435558 0.737456
vn 0.535401 0.438819 0.721654
vn 0.457937 0.426257 0.780127
vn 0.477438 0.429265 0.766671
vn 0.399165 0.417826 0.816143
vn 0.418789 0.420527 0.804843
vn 0.340244 0.410394 0.846056
vn 0.359884 0.412751 0.836732
vn 0.281408 0.404050 0.870375
vn 0.301000 0.406037 0.862863
vn 0.222780 0.398848 0.889544
vn 0.242294 0.400450 0.883704
vn 0.164400 0.394825 0.903928
vn 0.183831 0.396031 0.899647
vn 0.106246 0.391998 0.913810
vn 0.125606 0.392805 0.911003
vn 0.048259 0.390380 0.919388
vn 0.067572 0.390784 0.917999
vn -0.009648 0.389975 0.920775
vn 0.009648 0.389975 0.920775
vn -0.067572 0.390784 0.917999
vn -0.048259 0.390380 0.919388
vn -0.125606 0.392805 0.911003
vn -0.106246 0.391998 0.913810
vn -0.183831 0.396031 0.899647
vn -0.164400 0.394825 0.903928
vn -0.242294 0.400450 0.883704
vn -0.222780 0.398848 0.889544
vn -0.301000 0.406037 0.862863
vn -0.281408 0.404050 0.870375
vn -0.359884 0.412751 0.836732
vn -0.340244 0.410394 0.846056
vn -0.418789 0.420527 0.804843
vn -0.399165 0.417826 0.816143
vn -0.477438 0.429265 0.766671
vn -0.457937 0.426257 0.780127
vn -0.535401 0.438819 0.721654
vn -0.516185 0.435558 0.737456
vn -0.592059 0.448983 0.669238
vn -0.573357 0.445546 0.687569
vn -0.646580 0.459485 0.608941
vn -0.628694 0.455970 0.629949
vn -0.663952 0.462642 0.587478
vn -0.663952 0.462642 0.587478
usemtl fabric
f 1653 1654 1656
f 1653 1656 1655
f 1655 1656 1658
f 1655 1658 1657
f 1657 1658 1660
f 1657 1660 1659
f 1659 1660 1662
f 1659 1662 1661
f 1661 1662 1664
f 1661 1664 1663
f 1663 1664 1666
f 1663 1666 1665
f 1665 1666 1668
f 1665 1668 1667
f 1667 1668 1670
f 1667 1670 1669
f 1669 1670 1672
f 1669 1672 1671
f 1671 1672 1674
f 1671 1674 1673
f 1673 1674 1676
f 1673 1676 1675
f 1675 1676 1678
f 1675 1678 1677
f 1677 1678 1680
f 1677 1680 1679
f 1679 1680 1682
f 1679 1682 1681
f 1681 1682 1684
f 1681 1684 1683
f 1683 1684 1686
f 1683 1686 1685
f 1685 1686 1688
f 1685 1688 1687
f 1687 1688 1690
f 1687 1690 1689
f 1689 1690 1692
f 1689 1692 1691
f 1691 1692 1694
f 1691 1694 1693
f 1693 1694 1696
f 1693 1696 1695
f 1695 1696 1698
f 1695 1698 1697
f 1697 1698 1700
f 1697 1700 1699
f 1699 1700 1702
f 1699 1702 1701
o fauld_front_2
v 1.143154 -0.550000 0.475200
v 1.056551 -0.380000 0.439200
v 1.081281 -0.550000 0.545127
v 0.999365 -0.380000 0.503830
v 1.011179 -0.550000 0.610905
v 0.934574 -0.380000 0.564625
v 0.933381 -0.550000 0.672034
v 0.862670 -0.380000 0.621123
v 0.848480 -0.550000 0.728049
v 0.784201 -0.380000 0.672893
v 0.757121 -0.550000 0.778522
v 0.699763 -0.380000 0.719543
v 0.660000 -0.550000 0.823071
v 0.610000 -0.380000 0.760717
v 0.557856 -0.550000 0.861355
v 0.515594 -0.380000 0.796101
v 0.451467 -0.550000 0.893084
v 0.417265 -0.380000 0.825426
v 0.341641 -0.550000 0.918016
v 0.315759 -0.380000 0.848469
v 0.229216 -0.550000 0.935961
v 0.211851 -0.380000 0.865055
v 0.115046 -0.550000 0.946783
v 0.106330 -0.380000 0.875057
v 0.000000 -0.550000 0.950400
v 0.000000 -0.380000 0.878400
v -0.115046 -0.550000 0.946783
v -0.106330 -0.380000 0.875057
v -0.229216 -0.550000 0.935961
v -0.211851 -0.380000 0.865055
v -0.341641 -0.550000 0.918016
v -0.315759 -0.380000 0.848469
v -0.451467 -0.550000 0.893084
v -0.417265 -0.380000 0.825426
v -0.557856 -0.550000 0.861355
v -0.515594 -0.380000 0.796101
v -0.660000 -0.550000 0.823071
v -0.610000 -0.380000 0.760717
v -0.757121 -0.550000 0.778522
v -0.699763 -0.380000 0.719543
v -0.848480 -0.550000 0.728049
v -0.784201 -0.380000 0.672893
v -0.933381 -0.550000 0.672034
v -0.862670 -0.380000 0.621123
v -1.011179 -0.550000 0.610905
v -0.934574 -0.380000 0.564625
v -1.081281 -0.550000 0.545127
v -0.999365 -0.380000 0.503830
v -1.143154 -0.550000 0.475200
v -1.056551 -0.380000 0.439200
vn 0.663952 0.462642 0.587478
vn 0.663952 0.462642 0.587478
vn 0.628694 0.455970 0.629949
vn 0.646580 0.459485 0.608941
vn 0.573357 0.445546 0.687569
vn 0.592059 0.448983 0.669238
vn 0.516185 0.435558 0.737456
vn 0.535401 0.438819 0.721654
vn 0.457937 0.426257 0.780127
vn 0.477438 0.429265 0.766671
vn 0.399165 0.417826 0.816143
vn 0.418789 0.420527 0.804843
vn 0.340244 0.410394 0.846056
vn 0.359884 0.412751 0.836732
vn 0.281408 0.404050 0.870375
vn 0.301000 0.406037 0.862863
vn 0.222780 0.398848 0.889544
vn 0.242294 0.400450 0.883704
vn 0.164400 0.394825 0.903928
vn 0.183831 0.396031 0.899647
vn 0.106246 0.391998 0.913810
vn 0.125606 0.392805 0.911003
vn 0.048259 0.390380 0.919388
vn 0.067572 0.390784 0.917999
vn -0.009648 0.389975 0.920775
vn 0.009648 0.389975 0.920775
vn -0.067572 0.390784 0.917999
vn -0.048259 0.390380 0.919388
vn -0.125606 0.392805 0.911003
vn -0.106246 0.391998 0.913810
vn -0.183831 0.396031 0.899647
vn -0.164400 0.394825 0.903928
vn -0.242294 0.400450 0.883704
vn -0.222780 0.398848 0.889544
vn -0.301000 0.406037 0.862863
vn -0.281408 0.404050 0.870375
vn -0.359884 0.412751 0.836732
vn -0.340244 0.410394 0.846056
vn -0.418789 0.420527 0.804843
vn -0.399165 0.417826 0.816143
vn -0.477438 0.429265 0.766671
vn -0.457937 0.426257 0.780127
vn -0.535401 0.438819 0.721654
vn -0.516185 0.435558 0.737456
vn -0.592059 0.448983 0.669238
vn -0.573357 0.445546 0.687569
vn -0.646580 0.459485 0.608941
vn -0.628694 0.455970 0.629949
vn -0.663952 0.462642 0.587478
vn -0.663952 0.462642 0.587478
usemtl fabric
f 1703 1704 1706
f 1703 1706 1705
f 1705 1706 1708
f 1705 1708 1707
f 1707 1708 1710
f 1707 1710 1709
f 1709 1710 1712
f 1709 1712 1711
f 1711 1712 1714
f 1711 1714 1713
f 1713 1714 1716
f 1713 1716 1715
f 1715 1716 1718
f 1715 1718 1717
f 1717 1718 1720
f 1717 1720 1719
f 1719 1720 1722
f 1719 1722 1721
f 1721 1722 1724
f 1721 1724 1723
f 1723 1724 1726
f 1723 1726 1725
f 1725 1726 1728
f 1725 1728 1727
f 1727 1728 1730
f 1727 1730 1729
f 1729 1730 1732
f 1729 1732 1731
f 1731 1732 1734
f 1731 1734 1733
f 1733 1734 1736
f 1733 1736 1735
f 1735 1736 1738
f 1735 1738 1737
f 1737 1738 1740
f 1737 1740 1739
f 1739 1740 1742
f 1739 1742 1741
f 1741 1742 1744
f 1741 1744 1743
f 1743 1744 1746
f 1743 1746 1745
f 1745 1746 1748
f 1745 1748 1747
f 1747 1748 1750
f 1747 1750 1749
f 1749 1750 1752
f 1749 1752 1751
o fauld_back_0
v -0.935307 -0.170000 -0.388800
v -0.866025 -0.020000 -0.360000
v -0.884684 -0.170000 -0.446013
v -0.819152 -0.020000 -0.412975
v -0.827328 -0.170000 -0.499832
v -0.766044 -0.020000 -0.462807
v -0.763675 -0.170000 -0.549846
v -0.707107 -0.020000 -0.509117
v -0.694211 -0.170000 -0.595676
v -0.642788 -0.020000 -0.551552
v -0.619463 -0.170000 -0.636973
v -0.573576 -0.020000 -0.589789
v -0.540000 -0.170000 -0.673421
v -0.500000 -0.020000 -0.623538
v -0.456428 -0.170000 -0.704745
v -0.422618 -0.020000 -0.652542
v -0.369382 -0.170000 -0.730705
v -0.342020 -0.020000 -0.676579
v -0.279525 -0.170000 -0.751104
v -0.258819 -0.020000 -0.695467
v -0.187540 -0.170000 -0.765787
v -0.173648 -0.020000 -0.709062
v -0.094128 -0.170000 -0.774641
v -0.087156 -0.020000 -0.717260
v -0.000000 -0.170000 -0.777600
v -0.000000 -0.020000 -0.720000
v 0.094128 -0.170000 -0.774641
v 0.087156 -0.020000 -0.717260
v 0.187540 -0.170000 -0.765787
v 0.173648 -0.020000 -0.709062
v 0.279525 -0.170000 -0.751104
v 0.258819 -0.020000 -0.695467
v 0.369382 -0.170000 -0.730705
v 0.342020 -0.020000 -0.676579
v 0.456428 -0.170000 -0.704745
v 0.422618 -0.020000 -0.652542
v 0.540000 -0.170000 -0.673421
v 0.500000 -0.020000 -0.623538
v 0.619463 -0.170000 -0.636973
v 0.573576 -0.020000 -0.589789
v 0.694211 -0.170000 -0.595676
v 0.642788 -0.020000 -0.551552
v 0.763675 -0.170000 -0.549846
v 0.707107 -0.020000 -0.509117
v 0.827328 -0.170000 -0.499832
v 0.766044 -0.020000 -0.462807
v 0.884684 -0.170000 -0.446013
v 0.819152 -0.020000 -0.412975
v 0.935307 -0.170000 -0.388800
v 0.866025 -0.020000 -0.360000
vn -0.676970 0.427686 -0.598996
vn -0.676970 0.427686 -0.598996
vn -0.640668 0.421282 -0.641924
vn -0.659090 0.424655 -0.620700
vn -0.583772 0.411294 -0.700034
vn -0.602984 0.414584 -0.681565
vn -0.525136 0.401748 -0.750221
vn -0.544827 0.404861 -0.734337
vn -0.465534 0.392878 -0.793048
vn -0.485474 0.395744 -0.779552
vn -0.405522 0.384855 -0.829119
vn -0.425547 0.387424 -0.817810
vn -0.345467 0.377796 -0.859024
vn -0.365474 0.380033 -0.849708
vn -0.285593 0.371779 -0.883299
vn -0.305521 0.373663 -0.875804
vn -0.226007 0.366853 -0.902408
vn -0.245832 0.368369 -0.896588
vn -0.166732 0.363045 -0.916733
vn -0.186454 0.364187 -0.912471
vn -0.107732 0.360373 -0.926566
vn -0.127369 0.361136 -0.923774
vn -0.048928 0.358844 -0.932114
vn -0.068510 0.359226 -0.930733
vn 0.009782 0.358461 -0.933493
vn -0.009782 0.358461 -0.933493
vn 0.068510 0.359226 -0.930733
vn 0.048928 0.358844 -0.932114
vn 0.127369 0.361136 -0.923774
vn 0.107732 0.360373 -0.926566
vn 0.186454 0.364187 -0.912471
vn 0.166732 0.363045 -0.916733
vn 0.245832 0.368369 -0.896588
vn 0.226007 0.366853 -0.902408
vn 0.305521 0.373663 -0.875804
vn 0.285593 0.371779 -0.883299
vn 0.365474 0.380033 -0.849708
vn 0.345467 0.377796 -0.859024
vn 0.425547 0.387424 -0.817810
vn 0.405522 0.384855 -0.829119
vn 0.485474 0.395744 -0.779552
vn 0.465534 0.392878 -0.793048
vn 0.544827 0.404861 -0.734337
vn 0.525136 0.401748 -0.750221
vn 0.602984 0.414584 -0.681565
vn 0.583772 0.411294 -0.700034
vn 0.659090 0.424655 -0.620700
vn 0.640668 0.421282 -0.641924
vn 0.676970 0.427686 -0.598996
vn 0.676970 0.427686 -0.598996
usemtl fabric
f 1753 1754 1756
f 1753 1756 1755
f 1755 1756 1758
f 1755 1758 1757
f 1757 1758 1760
f 1757 1760 1759
f 1759 1760 1762
f 1759 1762 1761
f 1761 1762 1764
f 1761 1764 1763
f 1763 1764 1766
f 1763 1766 1765
f 1765 1766 1768
f 1765 1768 1767
f 1767 1768 1770
f 1767 1770 1769
f 1769 1770 1772
f 1769 1772 1771
f 1771 1772 1774
f 1771 1774 1773
f 1773 1774 1776
f 1773 1776 1775
f 1775 1776 1778
f 1775 1778 1777
f 1777 1778 1780
f 1777 1780 1779
f 1779 1780 1782
f 1779 1782 1781
f 1781 1782 1784
f 1781 1784 1783
f 1783 1784 1786
f 1783 1786 1785
f 1785 1786 1788
f 1785 1788 1787
f 1787 1788 1790
f 1787 1790 1789
f 1789 1790 1792
f 1789 1792 1791
f 1791 1792 1794
f 1791 1794 1793
f 1793 1794 1796
f 1793 1796 1795
f 1795 1796 1798
f 1795 1798 1797
f 1797 1798 1800
f 1797 1800 1799
f 1799 1800 1802
f 1799 1802 1801
o fauld_back_1
v -1.004589 -0.350000 -0.417600
v -0.935307 -0.200000 -0.388800
v -0.950216 -0.350000 -0.479051
v -0.884684 -0.200000 -0.446013
v -0.888612 -0.350000 -0.536856
v -0.827328 -0.200000 -0.499832
v -0.820244 -0.350000 -0.590576
v -0.763675 -0.200000 -0.549846
v -0.745634 -0.350000 -0.639800
v -0.694211 -0.200000 -0.595676
v -0.665349 -0.350000 -0.684156
v -0.619463 -0.200000 -0.636973
v -0.580000 -0.350000 -0.723304
v -0.540000 -0.200000 -0.673421
v -0.490237 -0.350000 -0.756948
v -0.456428 -0.200000 -0.704745
v -0.396743 -0.350000 -0.784831
v -0.369382 -0.200000 -0.730705
v -0.300230 -0.350000 -0.806741
v -0.279525 -0.200000 -0.751104
v -0.201432 -0.350000 -0.822511
v -0.187540 -0.200000 -0.765787
v -0.101101 -0.350000 -0.832022
v -0.094128 -0.200000 -0.774641
v -0.000000 -0.350000 -0.835200
v -0.000000 -0.200000 -0.777600
v 0.101101 -0.350000 -0.832022
v 0.094128 -0.200000 -0.774641
v 0.201432 -0.350000 -0.822511
v 0.187540 -0.200000 -0.765787
v 0.300230 -0.350000 -0.806741
v 0.279525 -0.200000 -0.751104
v 0.396743 -0.350000 -0.784831
v 0.369382 -0.200000 -0.730705
v 0.490237 -0.350000 -0.756948
v 0.456428 -0.200000 -0.704745
v 0.580000 -0.350000 -0.723304
v 0.540000 -0.200000 -0.673421
v 0.665349 -0.350000 -0.684156
v 0.619463 -0.200000 -0.636973
v 0.745634 -0.350000 -0.639800
v 0.694211 -0.200000 -0.595676
v 0.820244 -0.350000 -0.590576
v 0.763675 -0.200000 -0.549846
v 0.888612 -0.350000 -0.536856
v 0.827328 -0.200000 -0.499832
v 0.950216 -0.350000 -0.479051
v 0.884684 -0.200000 -0.446013
v 1.004589 -0.350000 -0.417600
v 0.935307 -0.200000 -0.388800
vn -0.676970 0.427686 -0.598996
vn -0.676970 0.427686 -0.598996
vn -0.640668 0.421282 -0.641924
vn -0.659090 0.424655 -0.620700
vn -0.583772 0.411294 -0.700034
vn -0.602984 0.414584 -0.681565
vn -0.525136 0.401748 -0.750221
vn -0.544827 0.404861 -0.734337
vn -0.465534 0.392878 -0.793048
vn -0.485474 0.395744 -0.779552
vn -0.405522 0.384855 -0.829119
vn -0.425547 0.387424 -0.817810
vn -0.345467 0.377796 -0.859024
vn -0.365474 0.380033 -0.849708
vn -0.285593 0.371779 -0.883299
vn -0.305521 0.373663 -0.875804
vn -0.226007 0.366853 -0.902408
vn -0.245832 0.368369 -0.896588
vn -0.166732 0.363045 -0.916733
vn -0.186454 0.364187 -0.912471
vn -0.107732 0.360373 -0.926566
vn -0.127369 0.361136 -0.923774
vn -0.048928 0.358844 -0.932114
vn -0.068510 0.359226 -0.930733
vn 0.009782 0.358461 -0.933493
vn -0.009782 0.358461 -0.933493
vn 0.068510 0.359226 -0.930733
vn 0.048928 0.358844 -0.932114
vn 0.127369 0.361136 -0.923774
vn 0.107732 0.360373 -0.926566
vn 0.186454 0.364187 -0.912471
vn 0.166732 0.363045 -0.916733
vn 0.245832 0.368369 -0.896588
vn 0.226007 0.366853 -0.902408
vn 0.305521 0.373663 -0.875804
vn 0.285593 0.371779 -0.883299
vn 0.365474 0.380033 -0.849708
vn 0.345467 0.377796 -0.859024
vn 0.425547 0.387424 -0.817810
vn 0.405522 0.384855 -0.829119
vn 0.485474 0.395744 -0.779552
vn 0.465534 0.392878 -0.793048
vn 0.544827 0.404861 -0.734337
vn 0.525136 0.401748 -0.750221
vn 0.602984 0.414584 -0.681565
vn 0.583772 0.411294 -0.700034
vn 0.659090 0.424655 -0.620700
vn 0.640668 0.421282 -0.641924
vn 0.676970 0.427686 -0.598996
vn 0.676970 0.427686 -0.598996
usemtl fabric
f 1803 1804 1806
f 1803 1806 1805
f 1805 1806 1808
f 1805 1808 1807
f 1807 1808 1810
f 1807 1810 1809
f 1809 1810 1812
f 1809 1812 1811
f 1811 1812 1814
f 1811 1814 1813
f 1813 1814 1816
f 1813 1816 1815
f 1815 1816 1818
f 1815 1818 1817
f 1817 1818 1820
f 1817 1820 1819
f 1819 1820 1822
f 1819 1822 1821
f 1821 1822 1824
f 1821 1824 1823
f 1823 1824 1826
f 1823 1826 1825
f 1825 1826 1828
f 1825 1828 1827
f 1827 1828 1830
f 1827 1830 1829
f 1829 1830 1832
f 1829 1832 1831
f 1831 1832 1834
f 1831 1834 1833
f 1833 1834 1836
f 1833 1836 1835
f 1835 1836 1838
f 1835 1838 1837
f 1837 1838 1840
f 1837 1840 1839
f 1839 1840 1842
f 1839 1842 1841
f 1841 1842 1844
f 1841 1844 1843
f 1843 1844 1846
f 1843 1846 1845
f 1845 1846 1848
f 1845 1848 1847
f 1847 1848 1850
f 1847 1850 1849
f 1849 1850 1852
f 1849 1852 1851
o ming_skull
v 0.700000 -0.380000 0.000000
v 0.676148 -0.380000 0.181173
v 0.606218 -0.380000 0.350000
v 0.494975 -0.380000 0.494975
v 0.350000 -0.380000 0.606218
v 0.181173 -0.380000 0.676148
v 0.000000 -0.380000 0.700000
v -0.181173 -0.380000 0.676148
v -0.350000 -0.380000 0.606218
v -0.494975 -0.380000 0.494975
v -0.606218 -0.380000 0.350000
v -0.676148 -0.380000 0.181173
v -0.700000 -0.380000 0.000000
v -0.676148 -0.380000 -0.181173
v -0.606218 -0.380000 -0.350000
v -0.494975 -0.380000 -0.494975
v -0.350000 -0.380000 -0.606218
v -0.181173 -0.380000 -0.676148
v -0.000000 -0.380000 -0.700000
v 0.181173 -0.380000 -0.676148
v 0.350000 -0.380000 -0.606218
v 0.494975 -0.380000 -0.494975
v 0.606218 -0.380000 -0.350000
v 0.676148 -0.380000 -0.181173
v 0.700000 -0.380000 -0.000000
v 0.694011 -0.306905 0.000000
v 0.670364 -0.306905 0.179623
v 0.601032 -0.306905 0.347006
v 0.490740 -0.306905 0.490740
v 0.347006 -0.306905 0.601032
v 0.179623 -0.306905 0.670364
v 0.000000 -0.306905 0.694011
v -0.179623 -0.306905 0.670364
v -0.347006 -0.306905 0.601032
v -0.490740 -0.306905 0.490740
v -0.601032 -0.306905 0.347006
v -0.670364 -0.306905 0.179623
v -0.694011 -0.306905 0.000000
v -0.670364 -0.306905 -0.179623
v -0.601032 -0.306905 -0.347006
v -0.490740 -0.306905 -0.490740
v -0.347006 -0.306905 -0.601032
v -0.179623 -0.306905 -0.670364
v -0.000000 -0.306905 -0.694011
v 0.179623 -0.306905 -0.670364
v 0.347006 -0.306905 -0.601032
v 0.490740 -0.306905 -0.490740
v 0.601032 -0.306905 -0.347006
v 0.670364 -0.306905 -0.179623
v 0.694011 -0.306905 -0.000000
v 0.676148 -0.235061 0.000000
v 0.653109 -0.235061 0.175000
v 0.585561 -0.235061 0.338074
v 0.478109 -0.235061 0.478109
v 0.338074 -0.235061 0.585561
v 0.175000 -0.235061 0.653109
v 0.000000 -0.235061 0.676148
v -0.175000 -0.235061 0.653109
v -0.338074 -0.235061 0.585561
v -0.478109 -0.235061 0.478109
v -0.585561 -0.235061 0.338074
v -0.653109 -0.235061 0.175000
v -0.676148 -0.235061 0.000000
v -0.653109 -0.235061 -0.175000
v -0.585561 -0.235061 -0.338074
v -0.478109 -0.235061 -0.478109
v -0.338074 -0.235061 -0.585561
v -0.175000 -0.235061 -0.653109
v -0.000000 -0.235061 -0.676148
v 0.175000 -0.235061 -0.653109
v 0.338074 -0.235061 -0.585561
v 0.478109 -0.235061 -0.478109
v 0.585561 -0.235061 -0.338074
v 0.653109 -0.235061 -0.175000
v 0.676148 -0.235061 -0.000000
v 0.646716 -0.165697 0.000000
v 0.624679 -0.165697 0.167382
v 0.560072 -0.165697 0.323358
v 0.457297 -0.165697 0.457297
v 0.323358 -0.165697 0.560072
v 0.167382 -0.165697 0.624679
v 0.000000 -0.165697 0.646716
v -0.167382 -0.165697 0.624679
v -0.323358 -0.165697 0.560072
v -0.457297 -0.165697 0.457297
v -0.560072 -0.165697 0.323358
v -0.624679 -0.165697 0.167382
v -0.646716 -0.165697 0.000000
v -0.624679 -0.165697 -0.167382
v -0.560072 -0.165697 -0.323358
v -0.457297 -0.165697 -0.457297
v -0.323358 -0.165697 -0.560072
v -0.167382 -0.165697 -0.624679
v -0.000000 -0.165697 -0.646716
v 0.167382 -0.165697 -0.624679
v 0.323358 -0.165697 -0.560072
v 0.457297 -0.165697 -0.457297
v 0.560072 -0.165697 -0.323358
v 0.624679 -0.165697 -0.167382
v 0.646716 -0.165697 -0.000000
v 0.606218 -0.100000 0.000000
v 0.585561 -0.100000 0.156901
v 0.525000 -0.100000 0.303109
v 0.428661 -0.100000 0.428661
v 0.303109 -0.100000 0.525000
v 0.156901 -0.100000 0.585561
v 0.000000 -0.100000 0.606218
v -0.156901 -0.100000 0.585561
v -0.303109 -0.100000 0.525000
v -0.428661 -0.100000 0.428661
v -0.525000 -0.100000 0.303109
v -0.585561 -0.100000 0.156901
v -0.606218 -0.100000 0.000000
v -0.585561 -0.100000 -0.156901
v -0.525000 -0.100000 -0.303109
v -0.428661 -0.100000 -0.428661
v -0.303109 -0.100000 -0.525000
v -0.156901 -0.100000 -0.585561
v -0.000000 -0.100000 -0.606218
v 0.156901 -0.100000 -0.585561
v 0.303109 -0.100000 -0.525000
v 0.428661 -0.100000 -0.428661
v 0.525000 -0.100000 -0.303109
v 0.585561 -0.100000 -0.156901
v 0.606218 -0.100000 -0.000000
v 0.555347 -0.039094 0.000000
v 0.536424 -0.039094 0.143734
v 0.480945 -0.039094 0.277674
v 0.392690 -0.039094 0.392690
v 0.277674 -0.039094 0.480945
v 0.143734 -0.039094 0.536424
v 0.000000 -0.039094 0.555347
v -0.143734 -0.039094 0.536424
v -0.277674 -0.039094 0.480945
v -0.392690 -0.039094 0.392690
v -0.480945 -0.039094 0.277674
v -0.536424 -0.039094 0.143734
v -0.555347 -0.039094 0.000000
v -0.536424 -0.039094 -0.143734
v -0.480945 -0.039094 -0.277674
v -0.392690 -0.039094 -0.392690
v -0.277674 -0.039094 -0.480945
v -0.143734 -0.039094 -0.536424
v -0.000000 -0.039094 -0.555347
v 0.143734 -0.039094 -0.536424
v 0.277674 -0.039094 -0.480945
v 0.392690 -0.039094 -0.392690
v 0.480945 -0.039094 -0.277674
v 0.536424 -0.039094 -0.143734
v 0.555347 -0.039094 -0.000000
v 0.494975 0.015980 0.000000
v 0.478109 0.015980 0.128109
v 0.428661 0.015980 0.247487
v 0.350000 0.015980 0.350000
v 0.247487 0.015980 0.428661
v 0.128109 0.015980 0.478109
v 0.000000 0.015980 0.494975
v -0.128109 0.015980 0.478109
v -0.247487 0.015980 0.428661
v -0.350000 0.015980 0.350000
v -0.428661 0.015980 0.247487
v -0.478109 0.015980 0.128109
v -0.494975 0.015980 0.000000
v -0.478109 0.015980 -0.128109
v -0.428661 0.015980 -0.247487
v -0.350000 0.015980 -0.350000
v -0.247487 0.015980 -0.428661
v -0.128109 0.015980 -0.478109
v -0.000000 0.015980 -0.494975
v 0.128109 0.015980 -0.478109
v 0.247487 0.015980 -0.428661
v 0.350000 0.015980 -0.350000
v 0.428661 0.015980 -0.247487
v 0.478109 0.015980 -0.128109
v 0.494975 0.015980 -0.000000
v 0.426133 0.064278 0.000000
v 0.411613 0.064278 0.110291
v 0.369042 0.064278 0.213067
v 0.301322 0.064278 0.301322
v 0.213067 0.064278 0.369042
v 0.110291 0.064278 0.411613
v 0.000000 0.064278 0.426133
v -0.110291 0.064278 0.411613
v -0.213067 0.064278 0.369042
v -0.301322 0.064278 0.301322
v -0.369042 0.064278 0.213067
v -0.411613 0.064278 0.110291
v -0.426133 0.064278 0.000000
v -0.411613 0.064278 -0.110291
v -0.369042 0.064278 -0.213067
v -0.301322 0.064278 -0.301322
v -0.213067 0.064278 -0.369042
v -0.110291 0.064278 -0.411613
v -0.000000 0.064278 -0.426133
v 0.110291 0.064278 -0.411613
v 0.213067 0.064278 -0.369042
v 0.301322 0.064278 -0.301322
v 0.369042 0.064278 -0.213067
v 0.411613 0.064278 -0.110291
v 0.426133 0.064278 -0.000000
v 0.350000 0.104974 0.000000
v 0.338074 0.104974 0.090587
v 0.303109 0.104974 0.175000
v 0.247487 0.104974 0.247487
v 0.175000 0.104974 0.303109
v 0.090587 0.104974 0.338074
v 0.000000 0.104974 0.350000
v -0.090587 0.104974 0.338074
v -0.175000 0.104974 0.303109
v -0.247487 0.104974 0.247487
v -0.303109 0.104974 0.175000
v -0.338074 0.104974 0.090587
v -0.350000 0.104974 0.000000
v -0.338074 0.104974 -0.090587
v -0.303109 0.104974 -0.175000
v -0.247487 0.104974 -0.247487
v -0.175000 0.104974 -0.303109
v -0.090587 0.104974 -0.338074
v -0.000000 0.104974 -0.350000
v 0.090587 0.104974 -0.338074
v 0.175000 0.104974 -0.303109
v 0.247487 0.104974 -0.247487
v 0.303109 0.104974 -0.175000
v 0.338074 0.104974 -0.090587
v 0.350000 0.104974 -0.000000
v 0.267878 0.137373 0.000000
v 0.258751 0.137373 0.069332
v 0.231990 0.137373 0.133939
v 0.189419 0.137373 0.189419
v 0.133939 0.137373 0.231990
v 0.069332 0.137373 0.258751
v 0.000000 0.137373 0.267878
v -0.069332 0.137373 0.258751
v -0.133939 0.137373 0.231990
v -0.189419 0.137373 0.189419
v -0.231990 0.137373 0.133939
v -0.258751 0.137373 0.069332
v -0.267878 0.137373 0.000000
v -0.258751 0.137373 -0.069332
v -0.231990 0.137373 -0.133939
v -0.189419 0.137373 -0.189419
v -0.133939 0.137373 -0.231990
v -0.069332 0.137373 -0.258751
v -0.000000 0.137373 -0.267878
v 0.069332 0.137373 -0.258751
v 0.133939 0.137373 -0.231990
v 0.189419 0.137373 -0.189419
v 0.231990 0.137373 -0.133939
v 0.258751 0.137373 -0.069332
v 0.267878 0.137373 -0.000000
v 0.181173 0.160918 0.000000
v 0.175000 0.160918 0.046891
v 0.156901 0.160918 0.090587
v 0.128109 0.160918 0.128109
v 0.090587 0.160918 0.156901
v 0.046891 0.160918 0.175000
v 0.000000 0.160918 0.181173
v -0.046891 0.160918 0.175000
v -0.090587 0.160918 0.156901
v -0.128109 0.160918 0.128109
v -0.156901 0.160918 0.090587
v -0.175000 0.160918 0.046891
v -0.181173 0.160918 0.000000
v -0.175000 0.160918 -0.046891
v -0.156901 0.160918 -0.090587
v -0.128109 0.160918 -0.128109
v -0.090587 0.160918 -0.156901
v -0.046891 0.160918 -0.175000
v -0.000000 0.160918 -0.181173
v 0.046891 0.160918 -0.175000
v 0.090587 0.160918 -0.156901
v 0.128109 0.160918 -0.128109
v 0.156901 0.160918 -0.090587
v 0.175000 0.160918 -0.046891
v 0.181173 0.160918 -0.000000
v 0.091368 0.175209 0.000000
v 0.088255 0.175209 0.023648
v 0.079127 0.175209 0.045684
v 0.064607 0.175209 0.064607
v 0.045684 0.175209 0.079127
v 0.023648 0.175209 0.088255
v 0.000000 0.175209 0.091368
v -0.023648 0.175209 0.088255
v -0.045684 0.175209 0.079127
v -0.064607 0.175209 0.064607
v -0.079127 0.175209 0.045684
v -0.088255 0.175209 0.023648
v -0.091368 0.175209 0.000000
v -0.088255 0.175209 -0.023648
v -0.079127 0.175209 -0.045684
v -0.064607 0.175209 -0.064607
v -0.045684 0.175209 -0.079127
v -0.023648 0.175209 -0.088255
v -0.000000 0.175209 -0.091368
v 0.023648 0.175209 -0.088255
v 0.045684 0.175209 -0.079127
v 0.064607 0.175209 -0.064607
v 0.079127 0.175209 -0.045684
v 0.088255 0.175209 -0.023648
v 0.091368 0.175209 -0.000000
v 0.005600 0.180000 0.000000
v 0.005409 0.180000 0.001449
v 0.004850 0.180000 0.002800
v 0.003960 0.180000 0.003960
v 0.002800 0.180000 0.004850
v 0.001449 0.180000 0.005409
v 0.000000 0.180000 0.005600
v -0.001449 0.180000 0.005409
v -0.002800 0.180000 0.004850
v -0.003960 0.180000 0.003960
v -0.004850 0.180000 0.002800
v -0.005409 0.180000 0.001449
v -0.005600 0.180000 0.000000
v -0.005409 0.180000 -0.001449
v -0.004850 0.180000 -0.002800
v -0.003960 0.180000 -0.003960
v -0.002800 0.180000 -0.004850
v -0.001449 0.180000 -0.005409
v -0.000000 0.180000 -0.005600
v 0.001449 0.180000 -0.005409
v 0.002800 0.180000 -0.004850
v 0.003960 0.180000 -0.003960
v 0.004850 0.180000 -0.002800
v 0.005409 0.180000 -0.001449
v 0.005600 0.180000 -0.000000
vn 0.988190 0.080962 0.130098
vn 0.950471 0.081578 0.299915
vn 0.840461 0.081578 0.535696
vn 0.673175 0.081578 0.734970
vn 0.460013 0.081578 0.884157
vn 0.215501 0.081578 0.973090
vn -0.043696 0.081578 0.995709
vn -0.299915 0.081578 0.950471
vn -0.535696 0.081578 0.840461
vn -0.734970 0.081578 0.673175
vn -0.884157 0.081578 0.460013
vn -0.973090 0.081578 0.215501
vn -0.995709 0.081578 -0.043696
vn -0.950471 0.081578 -0.299915
vn -0.840461 0.081578 -0.535696
vn -0.673175 0.081578 -0.734970
vn -0.460013 0.081578 -0.884157
vn -0.215501 0.081578 -0.973090
vn 0.043696 0.081578 -0.995709
vn 0.299915 0.081578 -0.950471
vn 0.535696 0.081578 -0.840461
vn 0.734970 0.081578 -0.673175
vn 0.884157 0.081578 -0.460013
vn 0.973090 0.081578 -0.215501
vn 0.988190 0.080962 -0.130098
vn 0.973939 0.187089 0.128221
vn 0.953310 0.162023 0.254851
vn 0.854866 0.162023 0.492902
vn 0.698165 0.162023 0.697362
vn 0.493885 0.162023 0.854299
vn 0.255947 0.162023 0.953016
vn 0.000567 0.162023 0.986787
vn -0.254851 0.162023 0.953310
vn -0.492902 0.162023 0.854866
vn -0.697362 0.162023 0.698165
vn -0.854299 0.162023 0.493885
vn -0.953016 0.162023 0.255947
vn -0.986787 0.162023 0.000567
vn -0.953310 0.162023 -0.254851
vn -0.854866 0.162023 -0.492902
vn -0.698165 0.162023 -0.697362
vn -0.493885 0.162023 -0.854299
vn -0.255947 0.162023 -0.953016
vn -0.000567 0.162023 -0.986787
vn 0.254851 0.162023 -0.953310
vn 0.492902 0.162023 -0.854866
vn 0.697362 0.162023 -0.698165
vn 0.854299 0.162023 -0.493885
vn 0.953016 0.162023 -0.255947
vn 0.982484 0.134142 -0.129347
vn 0.932659 0.339220 0.122787
vn 0.916399 0.316965 0.244429
vn 0.821911 0.316965 0.473282
vn 0.671411 0.316965 0.669881
vn 0.475155 0.316965 0.820830
vn 0.246518 0.316965 0.915840
vn 0.001081 0.316965 0.948437
vn -0.244429 0.316965 0.916399
vn -0.473282 0.316965 0.821911
vn -0.669881 0.316965 0.671411
vn -0.820830 0.316965 0.475155
vn -0.915840 0.316965 0.246518
vn -0.948437 0.316965 0.001081
vn -0.916399 0.316965 -0.244429
vn -0.821911 0.316965 -0.473282
vn -0.671411 0.316965 -0.669881
vn -0.475155 0.316965 -0.820830
vn -0.246518 0.316965 -0.915840
vn -0.001081 0.316965 -0.948437
vn 0.244429 0.316965 -0.916399
vn 0.473282 0.316965 -0.821911
vn 0.669881 0.316965 -0.671411
vn 0.820830 0.316965 -0.475155
vn 0.915840 0.316965 -0.246518
vn 0.948956 0.289610 -0.124932
vn 0.870786 0.478110 0.114641
vn 0.858541 0.459021 0.228488
vn 0.770150 0.459021 0.442909
vn 0.629275 0.459021 0.627147
vn 0.445515 0.459021 0.768646
vn 0.231394 0.459021 0.857763
vn 0.001504 0.459021 0.888424
vn -0.228488 0.459021 0.858541
vn -0.442909 0.459021 0.770150
vn -0.627147 0.459021 0.629275
vn -0.768646 0.459021 0.445515
vn -0.857763 0.459021 0.231394
vn -0.888424 0.459021 0.001504
vn -0.858541 0.459021 -0.228488
vn -0.770150 0.459021 -0.442909
vn -0.629275 0.459021 -0.627147
vn -0.445515 0.459021 -0.768646
vn -0.231394 0.459021 -0.857763
vn -0.001504 0.459021 -0.888424
vn 0.228488 0.459021 -0.858541
vn 0.442909 0.459021 -0.770150
vn 0.627147 0.459021 -0.629275
vn 0.768646 0.459021 -0.445515
vn 0.857763 0.459021 -0.231394
vn 0.893478 0.433429 -0.117629
vn 0.792869 0.600386 0.104383
vn 0.784266 0.584427 0.208258
vn 0.703642 0.584427 0.404144
vn 0.575066 0.584427 0.572489
vn 0.407300 0.584427 0.701820
vn 0.211777 0.584427 0.783323
vn 0.001822 0.584427 0.811444
vn -0.208258 0.584427 0.784266
vn -0.404144 0.584427 0.703642
vn -0.572489 0.584427 0.575066
vn -0.701820 0.584427 0.407300
vn -0.783323 0.584427 0.211777
vn -0.811444 0.584427 0.001822
vn -0.784266 0.584427 -0.208258
vn -0.703642 0.584427 -0.404144
vn -0.575066 0.584427 -0.572489
vn -0.407300 0.584427 -0.701820
vn -0.211777 0.584427 -0.783323
vn -0.001822 0.584427 -0.811444
vn 0.208258 0.584427 -0.784266
vn 0.404144 0.584427 -0.703642
vn 0.572489 0.584427 -0.575066
vn 0.701820 0.584427 -0.407300
vn 0.783323 0.584427 -0.211777
vn 0.820380 0.561526 -0.108005
vn 0.703506 0.704628 0.092618
vn 0.698264 0.691525 0.184988
vn 0.626593 0.691525 0.359409
vn 0.512221 0.691525 0.509337
vn 0.362941 0.691525 0.624554
vn 0.188928 0.691525 0.697209
vn 0.002039 0.691525 0.722350
vn -0.184988 0.691525 0.698264
vn -0.359409 0.691525 0.626593
vn -0.509337 0.691525 0.512221
vn -0.624554 0.691525 0.362941
vn -0.697209 0.691525 0.188928
vn -0.722350 0.691525 0.002039
vn -0.698264 0.691525 -0.184988
vn -0.626593 0.691525 -0.359409
vn -0.512221 0.691525 -0.509337
vn -0.362941 0.691525 -0.624554
vn -0.188928 0.691525 -0.697209
vn -0.002039 0.691525 -0.722350
vn 0.184988 0.691525 -0.698264
vn 0.359409 0.691525 -0.626593
vn 0.509337 0.691525 -0.512221
vn 0.624554 0.691525 -0.362941
vn 0.697209 0.691525 -0.188928
vn 0.734341 0.671861 -0.096678
vn 0.606668 0.790933 0.079869
vn 0.604636 0.780316 0.159760
vn 0.542685 0.780316 0.310807
vn 0.443750 0.780316 0.440674
vn 0.314575 0.780316 0.540509
vn 0.163962 0.780316 0.603510
vn 0.002175 0.780316 0.625382
vn -0.159760 0.780316 0.604636
vn -0.310807 0.780316 0.542685
vn -0.440674 0.780316 0.443750
vn -0.540509 0.780316 0.314575
vn -0.603510 0.780316 0.163962
vn -0.625382 0.780316 0.002175
vn -0.604636 0.780316 -0.159760
vn -0.542685 0.780316 -0.310807
vn -0.443750 0.780316 -0.440674
vn -0.314575 0.780316 -0.540509
vn -0.163962 0.780316 -0.603510
vn -0.002175 0.780316 -0.625382
vn 0.159760 0.780316 -0.604636
vn 0.310807 0.780316 -0.542685
vn 0.440674 0.780316 -0.443750
vn 0.540509 0.780316 -0.314575
vn 0.603510 0.780316 -0.163962
vn 0.639597 0.764085 -0.084205
vn 0.505401 0.860316 0.066537
vn 0.506540 0.851835 0.133396
vn 0.454755 0.851835 0.259953
vn 0.371979 0.851835 0.368795
vn 0.263853 0.851835 0.452504
vn 0.137746 0.851835 0.505375
vn 0.002252 0.851835 0.523806
vn -0.133396 0.851835 0.506540
vn -0.259953 0.851835 0.454755
vn -0.368795 0.851835 0.371979
vn -0.452504 0.851835 0.263853
vn -0.505375 0.851835 0.137746
vn -0.523806 0.851835 0.002252
vn -0.506540 0.851835 -0.133396
vn -0.454755 0.851835 -0.259953
vn -0.371979 0.851835 -0.368795
vn -0.263853 0.851835 -0.452504
vn -0.137746 0.851835 -0.505375
vn -0.002252 0.851835 -0.523806
vn 0.133396 0.851835 -0.506540
vn 0.259953 0.851835 -0.454755
vn 0.368795 0.851835 -0.371979
vn 0.452504 0.851835 -0.263853
vn 0.505375 0.851835 -0.137746
vn 0.539517 0.838973 -0.071029
vn 0.401810 0.914194 0.052899
vn 0.406164 0.907577 0.106462
vn 0.364769 0.907577 0.207958
vn 0.298517 0.907577 0.295281
vn 0.211921 0.907577 0.362481
vn 0.110883 0.907577 0.404979
vn 0.002288 0.907577 0.419878
vn -0.106462 0.907577 0.406164
vn -0.207958 0.907577 0.364769
vn -0.295281 0.907577 0.298517
vn -0.362481 0.907577 0.211921
vn -0.404979 0.907577 0.110883
vn -0.419878 0.907577 0.002288
vn -0.406164 0.907577 -0.106462
vn -0.364769 0.907577 -0.207958
vn -0.298517 0.907577 -0.295281
vn -0.211921 0.907577 -0.362481
vn -0.110883 0.907577 -0.404979
vn -0.002288 0.907577 -0.419878
vn 0.106462 0.907577 -0.406164
vn 0.207958 0.907577 -0.364769
vn 0.295281 0.907577 -0.298517
vn 0.362481 0.907577 -0.211921
vn 0.404979 0.907577 -0.110883
vn 0.436512 0.897861 -0.057468
vn 0.297207 0.954011 0.039128
vn 0.304859 0.949090 0.079304
vn 0.273946 0.949090 0.155505
vn 0.224363 0.949090 0.221108
vn 0.159491 0.949090 0.271644
vn 0.083750 0.949090 0.303667
vn 0.002302 0.949090 0.314996
vn -0.079304 0.949090 0.304859
vn -0.155505 0.949090 0.273946
vn -0.221108 0.949090 0.224363
vn -0.271644 0.949090 0.159491
vn -0.303667 0.949090 0.083750
vn -0.314996 0.949090 0.002302
vn -0.304859 0.949090 -0.079304
vn -0.273946 0.949090 -0.155505
vn -0.224363 0.949090 -0.221108
vn -0.159491 0.949090 -0.271644
vn -0.083750 0.949090 -0.303667
vn -0.002302 0.949090 -0.314996
vn 0.079304 0.949090 -0.304859
vn 0.155505 0.949090 -0.273946
vn 0.221108 0.949090 -0.224363
vn 0.271644 0.949090 -0.159491
vn 0.303667 0.949090 -0.083750
vn 0.332137 0.942217 -0.043727
vn 0.192301 0.981009 0.025317
vn 0.203348 0.977719 0.052102
vn 0.182934 0.977719 0.102957
vn 0.150054 0.977719 0.146796
vn 0.106947 0.977719 0.180630
vn 0.056552 0.977719 0.202155
vn 0.002304 0.977719 0.209904
vn -0.052102 0.977719 0.203348
vn -0.102957 0.977719 0.182934
vn -0.146796 0.977719 0.150054
vn -0.180630 0.977719 0.106947
vn -0.202155 0.977719 0.056552
vn -0.209904 0.977719 0.002304
vn -0.203348 0.977719 -0.052102
vn -0.182934 0.977719 -0.102957
vn -0.150054 0.977719 -0.146796
vn -0.106947 0.977719 -0.180630
vn -0.056552 0.977719 -0.202155
vn -0.002304 0.977719 -0.209904
vn 0.052102 0.977719 -0.203348
vn 0.102957 0.977719 -0.182934
vn 0.146796 0.977719 -0.150054
vn 0.180630 0.977719 -0.106947
vn 0.202155 0.977719 -0.056552
vn 0.227279 0.973370 -0.029922
vn 0.089658 0.995903 0.011804
vn 0.103540 0.994300 0.025438
vn 0.093428 0.994300 0.051369
vn 0.076949 0.994300 0.073800
vn 0.055226 0.994300 0.091201
vn 0.029740 0.994300 0.102387
vn 0.002227 0.994300 0.106596
vn -0.025438 0.994300 0.103540
vn -0.051369 0.994300 0.093428
vn -0.073800 0.994300 0.076949
vn -0.091201 0.994300 0.055226
vn -0.102387 0.994300 0.029740
vn -0.106596 0.994300 0.002227
vn -0.103540 0.994300 -0.025438
vn -0.093428 0.994300 -0.051369
vn -0.076949 0.994300 -0.073800
vn -0.055226 0.994300 -0.091201
vn -0.029740 0.994300 -0.102387
vn -0.002227 0.994300 -0.106596
vn 0.025438 0.994300 -0.103540
vn 0.051369 0.994300 -0.093428
vn 0.073800 0.994300 -0.076949
vn 0.091201 0.994300 -0.055226
vn 0.102387 0.994300 -0.029740
vn 0.123481 0.992214 -0.016257
vn 0.055770 0.998417 0.007342
vn 0.054504 0.998441 0.012071
vn 0.049523 0.998441 0.025766
vn 0.041167 0.998441 0.037706
vn 0.030005 0.998441 0.047076
vn 0.016799 0.998441 0.053237
vn 0.002447 0.998441 0.055771
vn -0.012071 0.998441 0.054504
vn -0.025766 0.998441 0.049523
vn -0.037706 0.998441 0.041167
vn -0.047076 0.998441 0.030005
vn -0.053237 0.998441 0.016799
vn -0.055771 0.998441 0.002447
vn -0.054504 0.998441 -0.012071
vn -0.049523 0.998441 -0.025766
vn -0.041167 0.998441 -0.037706
vn -0.030005 0.998441 -0.047076
vn -0.016799 0.998441 -0.053237
vn -0.002447 0.998441 -0.055771
vn 0.012071 0.998441 -0.054504
vn 0.025766 0.998441 -0.049523
vn 0.037706 0.998441 -0.041167
vn 0.047076 0.998441 -0.030005
vn 0.053237 0.998441 -0.016799
vn 0.055770 0.998417 -0.007342
usemtl steel_dark
f 1853 1878 1879
f 1853 1879 1854
f 1854 1879 1880
f 1854 1880 1855
f 1855 1880 1881
f 1855 1881 1856
f 1856 1881 1882
f 1856 1882 1857
f 1857 1882 1883
f 1857 1883 1858
f 1858 1883 1884
f 1858 1884 1859
f 1859 1884 1885
f 1859 1885 1860
f 1860 1885 1886
f 1860 1886 1861
f 1861 1886 1887
f 1861 1887 1862
f 1862 1887 1888
f 1862 1888 1863
f 1863 1888 1889
f 1863 1889 1864
f 1864 1889 1890
f 1864 1890 1865
f 1865 1890 1891
f 1865 1891 1866
f 1866 1891 1892
f 1866 1892 1867
f 1867 1892 1893
f 1867 1893 1868
f 1868 1893 1894
f 1868 1894 1869
f 1869 1894 1895
f 1869 1895 1870
f 1870 1895 1896
f 1870 1896 1871
f 1871 1896 1897
f 1871 1897 1872
f 1872 1897 1898
f 1872 1898 1873
f 1873 1898 1899
f 1873 1899 1874
f 1874 1899 1900
f 1874 1900 1875
f 1875 1900 1901
f 1875 1901 1876
f 1876 1901 1902
f 1876 1902 1877
f 1878 1903 1904
f 1878 1904 1879
f 1879 1904 1905
f 1879 1905 1880
f 1880 1905 1906
f 1880 1906 1881
f 1881 1906 1907
f 1881 1907 1882
f 1882 1907 1908
f 1882 1908 1883
f 1883 1908 1909
f 1883 1909 1884
f 1884 1909 1910
f 1884 1910 1885
f 1885 1910 1911
f 1885 1911 1886
f 1886 1911 1912
f 1886 1912 1887
f 1887 1912 1913
f 1887 1913 1888
f 1888 1913 1914
f 1888 1914 1889
f 1889 1914 1915
f 1889 1915 1890
f 1890 1915 1916
f 1890 1916 1891
f 1891 1916 1917
f 1891 1917 1892
f 1892 1917 1918
f 1892 1918 1893
f 1893 1918 1919
f 1893 1919 1894
f 1894 1919 1920
f 1894 1920 1895
f 1895 1920 1921
f 1895 1921 1896
f 1896 1921 1922
f 1896 1922 1897
f 1897 1922 1923
f 1897 1923 1898
f 1898 1923 1924
f 1898 1924 1899
f 1899 1924 1925
f 1899 1925 1900
f 1900 1925 1926
f 1900 1926 1901
f 1901 1926 1927
f 1901 1927 1902
f 1903 1928 1929
f 1903 1929 1904
f 1904 1929 1930
f 1904 1930 1905
f 1905 1930 1931
f 1905 1931 1906
f 1906 1931 1932
f 1906 1932 1907
f 1907 1932 1933
f 1907 1933 1908
f 1908 1933 1934
f 1908 1934 1909
f 1909 1934 1935
f 1909 1935 1910
f 1910 1935 1936
f 1910 1936 1911
f 1911 1936 1937
f 1911 1937 1912
f 1912 1937 1938
f 1912 1938 1913
f 1913 1938 1939
f 1913 1939 1914
f 1914 1939 1940
f 1914 1940 1915
f 1915 1940 1941
f 1915 1941 1916
f 1916 1941 1942
f 1916 1942 1917
f 1917 1942 1943
f 1917 1943 1918
f 1918 1943 1944
f 1918 1944 1919
f 1919 1944 1945
f 1919 1945 1920
f 1920 1945 1946
f 1920 1946 1921
f 1921 1946 1947
f 1921 1947 1922
f 1922 1947 1948
f 1922 1948 1923
f 1923 1948 1949
f 1923 1949 1924
f 1924 1949 1950
f 1924 1950 1925
f 1925 1950 1951
f 1925 1951 1926
f 1926 1951 1952
f 1926 1952 1927
f 1928 1953 1954
f 1928 1954 1929
f 1929 1954 1955
f 1929 1955 1930
f 1930 1955 1956
f 1930 1956 1931
f 1931 1956 1957
f 1931 1957 1932
f 1932 1957 1958
f 1932 1958 1933
f 1933 1958 1959
f 1933 1959 1934
f 1934 1959 1960
f 1934 1960 1935
f 1935 1960 1961
f 1935 1961 1936
f 1936 1961 1962
f 1936 1962 1937
f 1937 1962 1963
f 1937 1963 1938
f 1938 1963 1964
f 1938 1964 1939
f 1939 1964 1965
f 1939 1965 1940
f 1940 1965 1966
f 1940 1966 1941
f 1941 1966 1967
f 1941 1967 1942
f 1942 1967 1968
f 1942 1968 1943
f 1943 1968 1969
f 1943 1969 1944
f 1944 1969 1970
f 1944 1970 1945
f 1945 1970 1971
f 1945 1971 1946
f 1946 1971 1972
f 1946 1972 1947
f 1947 1972 1973
f 1947 1973 1948
f 1948 1973 1974
f 1948 1974 1949
f 1949 1974 1975
f 1949 1975 1950
f 1950 1975 1976
f 1950 1976 1951
f 1951 1976 1977
f 1951 1977 1952
f 1953 1978 1979
f 1953 1979 1954
f 1954 1979 1980
f 1954 1980 1955
f 1955 1980 1981
f 1955 1981 1956
f 1956 1981 1982
f 1956 1982 1957
f 1957 1982 1983
f 1957 1983 1958
f 1958 1983 1984
f 1958 1984 1959
f 1959 1984 1985
f 1959 1985 1960
f 1960 1985 1986
f 1960 1986 1961
f 1961 1986 1987
f 1961 1987 1962
f 1962 1987 1988
f 1962 1988 1963
f 1963 1988 1989
f 1963 1989 1964
f 1964 1989 1990
f 1964 1990 1965
f 1965 1990 1991
f 1965 1991 1966
f 1966 1991 1992
f 1966 1992 1967
f 1967 1992 1993
f 1967 1993 1968
f 1968 1993 1994
f 1968 1994 1969
f 1969 1994 1995
f 1969 1995 1970
f 1970 1995 1996
f 1970 1996 1971
f 1971 1996 1997
f 1971 1997 1972
f 1972 1997 1998
f 1972 1998 1973
f 1973 1998 1999
f 1973 1999 1974
f 1974 1999 2000
f 1974 2000 1975
f 1975 2000 2001
f 1975 2001 1976
f 1976 2001 2002
f 1976 2002 1977
f 1978 2003 2004
f 1978 2004 1979
f 1979 2004 2005
f 1979 2005 1980
f 1980 2005 2006
f 1980 2006 1981
f 1981 2006 2007
f 1981 2007 1982
f 1982 2007 2008
f 1982 2008 1983
f 1983 2008 2009
f 1983 2009 1984
f 1984 2009 2010
f 1984 2010 1985
f 1985 2010 2011
f 1985 2011 1986
f 1986 2011 2012
f 1986 2012 1987
f 1987 2012 2013
f 1987 2013 1988
f 1988 2013 2014
f 1988 2014 1989
f 1989 2014 2015
f 1989 2015 1990
f 1990 2015 2016
f 1990 2016 1991
f 1991 2016 2017
f 1991 2017 1992
f 1992 2017 2018
f 1992 2018 1993
f 1993 2018 2019
f 1993 2019 1994
f 1994 2019 2020
f 1994 2020 1995
f 1995 2020 2021
f 1995 2021 1996
f 1996 2021 2022
f 1996 2022 1997
f 1997 2022 2023
f 1997 2023 1998
f 1998 2023 2024
f 1998 2024 1999
f 1999 2024 2025
f 1999 2025 2000
f 2000 2025 2026
f 2000 2026 2001
f 2001 2026 2027
f 2001 2027 2002
f 2003 2028 2029
f 2003 2029 2004
f 2004 2029 2030
f 2004 2030 2005
f 2005 2030 2031
f 2005 2031 2006
f 2006 2031 2032
f 2006 2032 2007
f 2007 2032 2033
f 2007 2033 2008
f 2008 2033 2034
f 2008 2034 2009
f 2009 2034 2035
f 2009 2035 2010
f 2010 2035 2036
f 2010 2036 2011
f 2011 2036 2037
f 2011 2037 2012
f 2012 2037 2038
f 2012 2038 2013
f 2013 2038 2039
f 2013 2039 2014
f 2014 2039 2040
f 2014 2040 2015
f 2015 2040 2041
f 2015 2041 2016
f 2016 2041 2042
f 2016 2042 2017
f 2017 2042 2043
f 2017 2043 2018
f 2018 2043 2044
f 2018 2044 2019
f 2019 2044 2045
f 2019 2045 2020
f 2020 2045 2046
f 2020 2046 2021
f 2021 2046 2047
f 2021 2047 2022
f 2022 2047 2048
f 2022 2048 2023
f 2023 2048 2049
f 2023 2049 2024
f 2024 2049 2050
f 2024 2050 2025
f 2025 2050 2051
f 2025 2051 2026
f 2026 2051 2052
f 2026 2052 2027
f 2028 2053 2054
f 2028 2054 2029
f 2029 2054 2055
f 2029 2055 2030
f 2030 2055 2056
f 2030 2056 2031
f 2031 2056 2057
f 2031 2057 2032
f 2032 2057 2058
f 2032 2058 2033
f 2033 2058 2059
f 2033 2059 2034
f 2034 2059 2060
f 2034 2060 2035
f 2035 2060 2061
f 2035 2061 2036
f 2036 2061 2062
f 2036 2062 2037
f 2037 2062 2063
f 2037 2063 2038
f 2038 2063 2064
f 2038 2064 2039
f 2039 2064 2065
f 2039 2065 2040
f 2040 2065 2066
f 2040 2066 2041
f 2041 2066 2067
f 2041 2067 2042
f 2042 2067 2068
f 2042 2068 2043
f 2043 2068 2069
f 2043 2069 2044
f 2044 2069 2070
f 2044 2070 2045
f 2045 2070 2071
f 2045 2071 2046
f 2046 2071 2072
f 2046 2072 2047
f 2047 2072 2073
f 2047 2073 2048
f 2048 2073 2074
f 2048 2074 2049
f 2049 2074 2075
f 2049 2075 2050
f 2050 2075 2076
f 2050 2076 2051
f 2051 2076 2077
f 2051 2077 2052
f 2053 2078 2079
f 2053 2079 2054
f 2054 2079 2080
f 2054 2080 2055
f 2055 2080 2081
f 2055 2081 2056
f 2056 2081 2082
f 2056 2082 2057
f 2057 2082 2083
f 2057 2083 2058
f 2058 2083 2084
f 2058 2084 2059
f 2059 2084 2085
f 2059 2085 2060
f 2060 2085 2086
f 2060 2086 2061
f 2061 2086 2087
f 2061 2087 2062
f 2062 2087 2088
f 2062 2088 2063
f 2063 2088 2089
f 2063 2089 2064
f 2064 2089 2090
f 2064 2090 2065
f 2065 2090 2091
f 2065 2091 2066
f 2066 2091 2092
f 2066 2092 2067
f 2067 2092 2093
f 2067 2093 2068
f 2068 2093 2094
f 2068 2094 2069
f 2069 2094 2095
f 2069 2095 2070
f 2070 2095 2096
f 2070 2096 2071
f 2071 2096 2097
f 2071 2097 2072
f 2072 2097 2098
f 2072 2098 2073
f 2073 2098 2099
f 2073 2099 2074
f 2074 2099 2100
f 2074 2100 2075
f 2075 2100 2101
f 2075 2101 2076
f 2076 2101 2102
f 2076 2102 2077
f 2078 2103 2104
f 2078 2104 2079
f 2079 2104 2105
f 2079 2105 2080
f 2080 2105 2106
f 2080 2106 2081
f 2081 2106 2107
f 2081 2107 2082
f 2082 2107 2108
f 2082 2108 2083
f 2083 2108 2109
f 2083 2109 2084
f 2084 2109 2110
f 2084 2110 2085
f 2085 2110 2111
f 2085 2111 2086
f 2086 2111 2112
f 2086 2112 2087
f 2087 2112 2113
f 2087 2113 2088
f 2088 2113 2114
f 2088 2114 2089
f 2089 2114 2115
f 2089 2115 2090
f 2090 2115 2116
f 2090 2116 2091
f 2091 2116 2117
f 2091 2117 2092
f 2092 2117 2118
f 2092 2118 2093
f 2093 2118 2119
f 2093 2119 2094
f 2094 2119 2120
f 2094 2120 2095
f 2095 2120 2121
f 2095 2121 2096
f 2096 2121 2122
f 2096 2122 2097
f 2097 2122 2123
f 2097 2123 2098
f 2098 2123 2124
f 2098 2124 2099
f 2099 2124 2125
f 2099 2125 2100
f 2100 2125 2126
f 2100 2126 2101
f 2101 2126 2127
f 2101 2127 2102
f 2103 2128 2129
f 2103 2129 2104
f 2104 2129 2130
f 2104 2130 2105
f 2105 2130 2131
f 2105 2131 2106
f 2106 2131 2132
f 2106 2132 2107
f 2107 2132 2133
f 2107 2133 2108
f 2108 2133 2134
f 2108 2134 2109
f 2109 2134 2135
f 2109 2135 2110
f 2110 2135 2136
f 2110 2136 2111
f 2111 2136 2137
f 2111 2137 2112
f 2112 2137 2138
f 2112 2138 2113
f 2113 2138 2139
f 2113 2139 2114
f 2114 2139 2140
f 2114 2140 2115
f 2115 2140 2141
f 2115 2141 2116
f 2116 2141 2142
f 2116 2142 2117
f 2117 2142 2143
f 2117 2143 2118
f 2118 2143 2144
f 2118 2144 2119
f 2119 2144 2145
f 2119 2145 2120
f 2120 2145 2146
f 2120 2146 2121
f 2121 2146 2147
f 2121 2147 2122
f 2122 2147 2148
f 2122 2148 2123
f 2123 2148 2149
f 2123 2149 2124
f 2124 2149 2150
f 2124 2150 2125
f 2125 2150 2151
f 2125 2151 2126
f 2126 2151 2152
f 2126 2152 2127
f 2128 2153 2154
f 2128 2154 2129
f 2129 2154 2155
f 2129 2155 2130
f 2130 2155 2156
f 2130 2156 2131
f 2131 2156 2157
f 2131 2157 2132
f 2132 2157 2158
f 2132 2158 2133
f 2133 2158 2159
f 2133 2159 2134
f 2134 2159 2160
f 2134 2160 2135
f 2135 2160 2161
f 2135 2161 2136
f 2136 2161 2162
f 2136 2162 2137
f 2137 2162 2163
f 2137 2163 2138
f 2138 2163 2164
f 2138 2164 2139
f 2139 2164 2165
f 2139 2165 2140
f 2140 2165 2166
f 2140 2166 2141
f 2141 2166 2167
f 2141 2167 2142
f 2142 2167 2168
f 2142 2168 2143
f 2143 2168 2169
f 2143 2169 2144
f 2144 2169 2170
f 2144 2170 2145
f 2145 2170 2171
f 2145 2171 2146
f 2146 2171 2172
f 2146 2172 2147
f 2147 2172 2173
f 2147 2173 2148
f 2148 2173 2174
f 2148 2174 2149
f 2149 2174 2175
f 2149 2175 2150
f 2150 2175 2176
f 2150 2176 2151
f 2151 2176 2177
f 2151 2177 2152
o ming_brim
v 0.700000 -0.420000 0.000000
v 0.920000 -0.360000 0.000000
v 0.676148 -0.420000 0.181173
v 0.888652 -0.360000 0.238114
v 0.606218 -0.420000 0.350000
v 0.796743 -0.360000 0.460000
v 0.494975 -0.420000 0.494975
v 0.650538 -0.360000 0.650538
v 0.350000 -0.420000 0.606218
v 0.460000 -0.360000 0.796743
v 0.181173 -0.420000 0.676148
v 0.238114 -0.360000 0.888652
v 0.000000 -0.420000 0.700000
v 0.000000 -0.360000 0.920000
v -0.181173 -0.420000 0.676148
v -0.238114 -0.360000 0.888652
v -0.350000 -0.420000 0.606218
v -0.460000 -0.360000 0.796743
v -0.494975 -0.420000 0.494975
v -0.650538 -0.360000 0.650538
v -0.606218 -0.420000 0.350000
v -0.796743 -0.360000 0.460000
v -0.676148 -0.420000 0.181173
v -0.888652 -0.360000 0.238114
v -0.700000 -0.420000 0.000000
v -0.920000 -0.360000 0.000000
v -0.676148 -0.420000 -0.181173
v -0.888652 -0.360000 -0.238114
v -0.606218 -0.420000 -0.350000
v -0.796743 -0.360000 -0.460000
v -0.494975 -0.420000 -0.494975
v -0.650538 -0.360000 -0.650538
v -0.350000 -0.420000 -0.606218
v -0.460000 -0.360000 -0.796743
v -0.181173 -0.420000 -0.676148
v -0.238114 -0.360000 -0.888652
v -0.000000 -0.420000 -0.700000
v -0.000000 -0.360000 -0.920000
v 0.181173 -0.420000 -0.676148
v 0.238114 -0.360000 -0.888652
v 0.350000 -0.420000 -0.606218
v 0.460000 -0.360000 -0.796743
v 0.494975 -0.420000 -0.494975
v 0.650538 -0.360000 -0.650538
v 0.606218 -0.420000 -0.350000
v 0.796743 -0.360000 -0.460000
v 0.676148 -0.420000 -0.181173
v 0.888652 -0.360000 -0.238114
v 0.700000 -0.420000 -0.000000
v 0.920000 -0.360000 -0.000000
vn 0.262960 -0.964186 0.034619
vn 0.262960 -0.964186 0.034619
vn 0.251147 -0.964700 0.079248
vn 0.257123 -0.964700 0.056943
vn 0.222078 -0.964700 0.141549
vn 0.233624 -0.964700 0.121551
vn 0.177876 -0.964700 0.194204
vn 0.194204 -0.964700 0.177876
vn 0.121551 -0.964700 0.233624
vn 0.141549 -0.964700 0.222078
vn 0.056943 -0.964700 0.257123
vn 0.079248 -0.964700 0.251147
vn -0.011546 -0.964700 0.263100
vn 0.011546 -0.964700 0.263100
vn -0.079248 -0.964700 0.251147
vn -0.056943 -0.964700 0.257123
vn -0.141549 -0.964700 0.222078
vn -0.121551 -0.964700 0.233624
vn -0.194204 -0.964700 0.177876
vn -0.177876 -0.964700 0.194204
vn -0.233624 -0.964700 0.121551
vn -0.222078 -0.964700 0.141549
vn -0.257123 -0.964700 0.056943
vn -0.251147 -0.964700 0.079248
vn -0.263100 -0.964700 -0.011546
vn -0.263100 -0.964700 0.011546
vn -0.251147 -0.964700 -0.079248
vn -0.257123 -0.964700 -0.056943
vn -0.222078 -0.964700 -0.141549
vn -0.233624 -0.964700 -0.121551
vn -0.177876 -0.964700 -0.194204
vn -0.194204 -0.964700 -0.177876
vn -0.121551 -0.964700 -0.233624
vn -0.141549 -0.964700 -0.222078
vn -0.056943 -0.964700 -0.257123
vn -0.079248 -0.964700 -0.251147
vn 0.011546 -0.964700 -0.263100
vn -0.011546 -0.964700 -0.263100
vn 0.079248 -0.964700 -0.251147
vn 0.056943 -0.964700 -0.257123
vn 0.141549 -0.964700 -0.222078
vn 0.121551 -0.964700 -0.233624
vn 0.194204 -0.964700 -0.177876
vn 0.177876 -0.964700 -0.194204
vn 0.233624 -0.964700 -0.121551
vn 0.222078 -0.964700 -0.141549
vn 0.257123 -0.964700 -0.056943
vn 0.251147 -0.964700 -0.079248
vn 0.262960 -0.964186 -0.034619
vn 0.262960 -0.964186 -0.034619
usemtl lacquer_black
f 2178 2179 2181
f 2178 2181 2180
f 2180 2181 2183
f 2180 2183 2182
f 2182 2183 2185
f 2182 2185 2184
f 2184 2185 2187
f 2184 2187 2186
f 2186 2187 2189
f 2186 2189 2188
f 2188 2189 2191
f 2188 2191 2190
f 2190 2191 2193
f 2190 2193 2192
f 2192 2193 2195
f 2192 2195 2194
f 2194 2195 2197
f 2194 2197 2196
f 2196 2197 2199
f 2196 2199 2198
f 2198 2199 2201
f 2198 2201 2200
f 2200 2201 2203
f 2200 2203 2202
f 2202 2203 2205
f 2202 2205 2204
f 2204 2205 2207
f 2204 2207 2206
f 2206 2207 2209
f 2206 2209 2208
f 2208 2209 2211
f 2208 2211 2210
f 2210 2211 2213
f 2210 2213 2212
f 2212 2213 2215
f 2212 2215 2214
f 2214 2215 2217
f 2214 2217 2216
f 2216 2217 2219
f 2216 2219 2218
f 2218 2219 2221
f 2218 2221 2220
f 2220 2221 2223
f 2220 2223 2222
f 2222 2223 2225
f 2222 2225 2224
f 2224 2225 2227
f 2224 2227 2226
o ming_spike
v 0.035000 0.160000 0.000000
v 0.032336 0.160000 0.013394
v 0.024749 0.160000 0.024749
v 0.013394 0.160000 0.032336
v 0.000000 0.160000 0.035000
v -0.013394 0.160000 0.032336
v -0.024749 0.160000 0.024749
v -0.032336 0.160000 0.013394
v -0.035000 0.160000 0.000000
v -0.032336 0.160000 -0.013394
v -0.024749 0.160000 -0.024749
v -0.013394 0.160000 -0.032336
v -0.000000 0.160000 -0.035000
v 0.013394 0.160000 -0.032336
v 0.024749 0.160000 -0.024749
v 0.032336 0.160000 -0.013394
v 0.035000 0.160000 -0.000000
v 0.008000 0.340000 0.000000
v 0.007391 0.340000 0.003061
v 0.005657 0.340000 0.005657
v 0.003061 0.340000 0.007391
v 0.000000 0.340000 0.008000
v -0.003061 0.340000 0.007391
v -0.005657 0.340000 0.005657
v -0.007391 0.340000 0.003061
v -0.008000 0.340000 0.000000
v -0.007391 0.340000 -0.003061
v -0.005657 0.340000 -0.005657
v -0.003061 0.340000 -0.007391
v -0.000000 0.340000 -0.008000
v 0.003061 0.340000 -0.007391
v 0.005657 0.340000 -0.005657
v 0.007391 0.340000 -0.003061
v 0.008000 0.340000 -0.000000
vn 0.970341 0.145551 0.193013
vn 0.886661 0.148023 0.438088
vn 0.651519 0.148023 0.744051
vn 0.317189 0.148023 0.936739
vn -0.065430 0.148023 0.986817
vn -0.438088 0.148023 0.886661
vn -0.744051 0.148023 0.651519
vn -0.936739 0.148023 0.317189
vn -0.986817 0.148023 -0.065430
vn -0.886661 0.148023 -0.438088
vn -0.651519 0.148023 -0.744051
vn -0.317189 0.148023 -0.936739
vn 0.065430 0.148023 -0.986817
vn 0.438088 0.148023 -0.886661
vn 0.744051 0.148023 -0.651519
vn 0.936739 0.148023 -0.317189
vn 0.970341 0.145551 -0.193013
vn 0.970341 0.145551 0.193013
vn 0.936739 0.148023 0.317189
vn 0.744051 0.148023 0.651519
vn 0.438088 0.148023 0.886661
vn 0.065430 0.148023 0.986817
vn -0.317189 0.148023 0.936739
vn -0.651519 0.148023 0.744051
vn -0.886661 0.148023 0.438088
vn -0.986817 0.148023 0.065430
vn -0.936739 0.148023 -0.317189
vn -0.744051 0.148023 -0.651519
vn -0.438088 0.148023 -0.886661
vn -0.065430 0.148023 -0.986817
vn 0.317189 0.148023 -0.936739
vn 0.651519 0.148023 -0.744051
vn 0.886661 0.148023 -0.438088
vn 0.970341 0.145551 -0.193013
usemtl steel
f 2228 2245 2246
f 2228 2246 2229
f 2229 2246 2247
f 2229 2247 2230
f 2230 2247 2248
f 2230 2248 2231
f 2231 2248 2249
f 2231 2249 2232
f 2232 2249 2250
f 2232 2250 2233
f 2233 2250 2251
f 2233 2251 2234
f 2234 2251 2252
f 2234 2252 2235
f 2235 2252 2253
f 2235 2253 2236
f 2236 2253 2254
f 2236 2254 2237
f 2237 2254 2255
f 2237 2255 2238
f 2238 2255 2256
f 2238 2256 2239
f 2239 2256 2257
f 2239 2257 2240
f 2240 2257 2258
f 2240 2258 2241
f 2241 2258 2259
f 2241 2259 2242
f 2242 2259 2260
f 2242 2260 2243
f 2243 2260 2261
f 2243 2261 2244
o vambrace_R
v 0.560000 -0.900000 0.000000
v 0.520000 -0.050000 0.000000
v 0.532592 -0.900000 0.173050
v 0.494549 -0.050000 0.160689
v 0.453050 -0.900000 0.329160
v 0.420689 -0.050000 0.305648
v 0.329160 -0.900000 0.453050
v 0.305648 -0.050000 0.420689
v 0.173050 -0.900000 0.532592
v 0.160689 -0.050000 0.494549
v 0.000000 -0.900000 0.560000
v 0.000000 -0.050000 0.520000
v -0.173050 -0.900000 0.532592
v -0.160689 -0.050000 0.494549
v -0.329160 -0.900000 0.453050
v -0.305648 -0.050000 0.420689
v -0.453050 -0.900000 0.329160
v -0.420689 -0.050000 0.305648
v -0.532592 -0.900000 0.173050
v -0.494549 -0.050000 0.160689
v -0.560000 -0.900000 0.000000
v -0.520000 -0.050000 0.000000
v -0.532592 -0.900000 -0.173050
v -0.494549 -0.050000 -0.160689
v -0.453050 -0.900000 -0.329160
v -0.420689 -0.050000 -0.305648
v -0.329160 -0.900000 -0.453050
v -0.305648 -0.050000 -0.420689
v -0.173050 -0.900000 -0.532592
v -0.160689 -0.050000 -0.494549
v 0.000000 -0.900000 -0.560000
v 0.000000 -0.050000 -0.520000
v 0.173050 -0.900000 -0.532592
v 0.160689 -0.050000 -0.494549
v 0.329160 -0.900000 -0.453050
v 0.305648 -0.050000 -0.420689
v 0.453050 -0.900000 -0.329160
v 0.420689 -0.050000 -0.305648
v 0.532592 -0.900000 -0.173050
v 0.494549 -0.050000 -0.160689
v 0.560000 -0.900000 -0.000000
v 0.520000 -0.050000 -0.000000
vn 0.986623 0.046429 0.156266
vn 0.986623 0.046429 0.156266
vn 0.932413 0.046942 0.358333
vn 0.964961 0.046942 0.258161
vn 0.776047 0.046942 0.628926
vn 0.837956 0.046942 0.543715
vn 0.543715 0.046942 0.837956
vn 0.628926 0.046942 0.776047
vn 0.258161 0.046942 0.964961
vn 0.358333 0.046942 0.932413
vn -0.052663 0.046942 0.997508
vn 0.052663 0.046942 0.997508
vn -0.358333 0.046942 0.932413
vn -0.258161 0.046942 0.964961
vn -0.628926 0.046942 0.776047
vn -0.543715 0.046942 0.837956
vn -0.837956 0.046942 0.543715
vn -0.776047 0.046942 0.628926
vn -0.964961 0.046942 0.258161
vn -0.932413 0.046942 0.358333
vn -0.997508 0.046942 -0.052663
vn -0.997508 0.046942 0.052663
vn -0.932413 0.046942 -0.358333
vn -0.964961 0.046942 -0.258161
vn -0.776047 0.046942 -0.628926
vn -0.837956 0.046942 -0.543715
vn -0.543715 0.046942 -0.837956
vn -0.628926 0.046942 -0.776047
vn -0.258161 0.046942 -0.964961
vn -0.358333 0.046942 -0.932413
vn 0.052663 0.046942 -0.997508
vn -0.052663 0.046942 -0.997508
vn 0.358333 0.046942 -0.932413
vn 0.258161 0.046942 -0.964961
vn 0.628926 0.046942 -0.776047
vn 0.543715 0.046942 -0.837956
vn 0.837956 0.046942 -0.543715
vn 0.776047 0.046942 -0.628926
vn 0.964961 0.046942 -0.258161
vn 0.932413 0.046942 -0.358333
vn 0.986623 0.046429 -0.156266
vn 0.986623 0.046429 -0.156266
usemtl steel
f 2262 2263 2265
f 2262 2265 2264
f 2264 2265 2267
f 2264 2267 2266
f 2266 2267 2269
f 2266 2269 2268
f 2268 2269 2271
f 2268 2271 2270
f 2270 2271 2273
f 2270 2273 2272
f 2272 2273 2275
f 2272 2275 2274
f 2274 2275 2277
f 2274 2277 2276
f 2276 2277 2279
f 2276 2279 2278
f 2278 2279 2281
f 2278 2281 2280
f 2280 2281 2283
f 2280 2283 2282
f 2282 2283 2285
f 2282 2285 2284
f 2284 2285 2287
f 2284 2287 2286
f 2286 2287 2289
f 2286 2289 2288
f 2288 2289 2291
f 2288 2291 2290
f 2290 2291 2293
f 2290 2293 2292
f 2292 2293 2295
f 2292 2295 2294
f 2294 2295 2297
f 2294 2297 2296
f 2296 2297 2299
f 2296 2299 2298
f 2298 2299 2301
f 2298 2301 2300
f 2300 2301 2303
f 2300 2303 2302
o gauntlet_R
v 0.560000 -0.820000 0.000000
v 0.532592 -0.820000 0.173050
v 0.453050 -0.820000 0.329160
v 0.329160 -0.820000 0.453050
v 0.173050 -0.820000 0.532592
v 0.000000 -0.820000 0.560000
v -0.173050 -0.820000 0.532592
v -0.329160 -0.820000 0.453050
v -0.453050 -0.820000 0.329160
v -0.532592 -0.820000 0.173050
v -0.560000 -0.820000 0.000000
v -0.532592 -0.820000 -0.173050
v -0.453050 -0.820000 -0.329160
v -0.329160 -0.820000 -0.453050
v -0.173050 -0.820000 -0.532592
v 0.000000 -0.820000 -0.560000
v 0.173050 -0.820000 -0.532592
v 0.329160 -0.820000 -0.453050
v 0.453050 -0.820000 -0.329160
v 0.532592 -0.820000 -0.173050
v 0.560000 -0.820000 -0.000000
v 0.550000 -0.920000 0.000000
v 0.523081 -0.920000 0.169959
v 0.444959 -0.920000 0.323282
v 0.323282 -0.920000 0.444959
v 0.169959 -0.920000 0.523081
v 0.000000 -0.920000 0.550000
v -0.169959 -0.920000 0.523081
v -0.323282 -0.920000 0.444959
v -0.444959 -0.920000 0.323282
v -0.523081 -0.920000 0.169959
v -0.550000 -0.920000 0.000000
v -0.523081 -0.920000 -0.169959
v -0.444959 -0.920000 -0.323282
v -0.323282 -0.920000 -0.444959
v -0.169959 -0.920000 -0.523081
v 0.000000 -0.920000 -0.550000
v 0.169959 -0.920000 -0.523081
v 0.323282 -0.920000 -0.444959
v 0.444959 -0.920000 -0.323282
v 0.523081 -0.920000 -0.169959
v 0.550000 -0.920000 -0.000000
v 0.500000 -1.000000 0.000000
v 0.475528 -1.000000 0.154508
v 0.404508 -1.000000 0.293893
v 0.293893 -1.000000 0.404508
v 0.154508 -1.000000 0.475528
v 0.000000 -1.000000 0.500000
v -0.154508 -1.000000 0.475528
v -0.293893 -1.000000 0.404508
v -0.404508 -1.000000 0.293893
v -0.475528 -1.000000 0.154508
v -0.500000 -1.000000 0.000000
v -0.475528 -1.000000 -0.154508
v -0.404508 -1.000000 -0.293893
v -0.293893 -1.000000 -0.404508
v -0.154508 -1.000000 -0.475528
v 0.000000 -1.000000 -0.500000
v 0.154508 -1.000000 -0.475528
v 0.293893 -1.000000 -0.404508
v 0.404508 -1.000000 -0.293893
v 0.475528 -1.000000 -0.154508
v 0.500000 -1.000000 -0.000000
v 0.420000 -1.050000 0.000000
v 0.399444 -1.050000 0.129787
v 0.339787 -1.050000 0.246870
v 0.246870 -1.050000 0.339787
v 0.129787 -1.050000 0.399444
v 0.000000 -1.050000 0.420000
v -0.129787 -1.050000 0.399444
v -0.246870 -1.050000 0.339787
v -0.339787 -1.050000 0.246870
v -0.399444 -1.050000 0.129787
v -0.420000 -1.050000 0.000000
v -0.399444 -1.050000 -0.129787
v -0.339787 -1.050000 -0.246870
v -0.246870 -1.050000 -0.339787
v -0.129787 -1.050000 -0.399444
v 0.000000 -1.050000 -0.420000
v 0.129787 -1.050000 -0.399444
v 0.246870 -1.050000 -0.339787
v 0.339787 -1.050000 -0.246870
v 0.399444 -1.050000 -0.129787
v 0.420000 -1.050000 -0.000000
v 0.300000 -1.080000 0.000000
v 0.285317 -1.080000 0.092705
v 0.242705 -1.080000 0.176336
v 0.176336 -1.080000 0.242705
v 0.092705 -1.080000 0.285317
v 0.000000 -1.080000 0.300000
v -0.092705 -1.080000 0.285317
v -0.176336 -1.080000 0.242705
v -0.242705 -1.080000 0.176336
v -0.285317 -1.080000 0.092705
v -0.300000 -1.080000 0.000000
v -0.285317 -1.080000 -0.092705
v -0.242705 -1.080000 -0.176336
v -0.176336 -1.080000 -0.242705
v -0.092705 -1.080000 -0.285317
v 0.000000 -1.080000 -0.300000
v 0.092705 -1.080000 -0.285317
v 0.176336 -1.080000 -0.242705
v 0.242705 -1.080000 -0.176336
v 0.285317 -1.080000 -0.092705
v 0.300000 -1.080000 -0.000000
v 0.180000 -1.095000 0.000000
v 0.171190 -1.095000 0.055623
v 0.145623 -1.095000 0.105801
v 0.105801 -1.095000 0.145623
v 0.055623 -1.095000 0.171190
v 0.000000 -1.095000 0.180000
v -0.055623 -1.095000 0.171190
v -0.105801 -1.095000 0.145623
v -0.145623 -1.095000 0.105801
v -0.171190 -1.095000 0.055623
v -0.180000 -1.095000 0.000000
v -0.171190 -1.095000 -0.055623
v -0.145623 -1.095000 -0.105801
v -0.105801 -1.095000 -0.145623
v -0.055623 -1.095000 -0.171190
v 0.000000 -1.095000 -0.180000
v 0.055623 -1.095000 -0.171190
v 0.105801 -1.095000 -0.145623
v 0.145623 -1.095000 -0.105801
v 0.171190 -1.095000 -0.055623
v 0.180000 -1.095000 -0.000000
v 0.008000 -1.100000 0.000000
v 0.007608 -1.100000 0.002472
v 0.006472 -1.100000 0.004702
v 0.004702 -1.100000 0.006472
v 0.002472 -1.100000 0.007608
v 0.000000 -1.100000 0.008000
v -0.002472 -1.100000 0.007608
v -0.004702 -1.100000 0.006472
v -0.006472 -1.100000 0.004702
v -0.007608 -1.100000 0.002472
v -0.008000 -1.100000 0.000000
v -0.007608 -1.100000 -0.002472
v -0.006472 -1.100000 -0.004702
v -0.004702 -1.100000 -0.006472
v -0.002472 -1.100000 -0.007608
v 0.000000 -1.100000 -0.008000
v 0.002472 -1.100000 -0.007608
v 0.004702 -1.100000 -0.006472
v 0.006472 -1.100000 -0.004702
v 0.007608 -1.100000 -0.002472
v 0.008000 -1.100000 -0.000000
vn 0.982906 -0.098291 0.155677
vn 0.961245 -0.099367 0.257167
vn 0.834729 -0.099367 0.541621
vn 0.626504 -0.099367 0.773058
vn 0.356953 -0.099367 0.928822
vn 0.052460 -0.099367 0.993667
vn -0.257167 -0.099367 0.961245
vn -0.541621 -0.099367 0.834729
vn -0.773058 -0.099367 0.626504
vn -0.928822 -0.099367 0.356953
vn -0.993667 -0.099367 0.052460
vn -0.961245 -0.099367 -0.257167
vn -0.834729 -0.099367 -0.541621
vn -0.626504 -0.099367 -0.773058
vn -0.356953 -0.099367 -0.928822
vn -0.052460 -0.099367 -0.993667
vn 0.257167 -0.099367 -0.961245
vn 0.541621 -0.099367 -0.834729
vn 0.773058 -0.099367 -0.626504
vn 0.928822 -0.099367 -0.356953
vn 0.982906 -0.098291 -0.155677
vn 0.957276 -0.246243 0.151618
vn 0.898674 -0.323589 0.296100
vn 0.763190 -0.323589 0.559314
vn 0.552999 -0.323589 0.767778
vn 0.288677 -0.323589 0.901086
vn -0.003903 -0.323589 0.946190
vn -0.296100 -0.323589 0.898674
vn -0.559314 -0.323589 0.763190
vn -0.767778 -0.323589 0.552999
vn -0.901086 -0.323589 0.288677
vn -0.946190 -0.323589 -0.003903
vn -0.898674 -0.323589 -0.296100
vn -0.763190 -0.323589 -0.559314
vn -0.552999 -0.323589 -0.767778
vn -0.288677 -0.323589 -0.901086
vn 0.003903 -0.323589 -0.946190
vn 0.296100 -0.323589 -0.898674
vn 0.559314 -0.323589 -0.763190
vn 0.767778 -0.323589 -0.552999
vn 0.901086 -0.323589 -0.288677
vn 0.908682 -0.391899 -0.143921
vn 0.753473 -0.646558 0.119338
vn 0.669422 -0.707524 0.226460
vn 0.566678 -0.707524 0.422239
vn 0.408464 -0.707524 0.576686
vn 0.210267 -0.707524 0.674684
vn -0.008513 -0.707524 0.706638
vn -0.226460 -0.707524 0.669422
vn -0.422239 -0.707524 0.566678
vn -0.576686 -0.707524 0.408464
vn -0.674684 -0.707524 0.210267
vn -0.706638 -0.707524 -0.008513
vn -0.669422 -0.707524 -0.226460
vn -0.566678 -0.707524 -0.422239
vn -0.408464 -0.707524 -0.576686
vn -0.210267 -0.707524 -0.674684
vn 0.008513 -0.707524 -0.706638
vn 0.226460 -0.707524 -0.669422
vn 0.422239 -0.707524 -0.566678
vn 0.576686 -0.707524 -0.408464
vn 0.674684 -0.707524 -0.210267
vn 0.646948 -0.755618 -0.102467
vn 0.437731 -0.896429 0.069330
vn 0.369357 -0.920422 0.128059
vn 0.311707 -0.920422 0.235929
vn 0.223545 -0.920422 0.320705
vn 0.113501 -0.920422 0.374088
vn -0.007654 -0.920422 0.390852
vn -0.128059 -0.920422 0.369357
vn -0.235929 -0.920422 0.311707
vn -0.320705 -0.920422 0.223545
vn -0.374088 -0.920422 0.113501
vn -0.390852 -0.920422 -0.007654
vn -0.369357 -0.920422 -0.128059
vn -0.311707 -0.920422 -0.235929
vn -0.223545 -0.920422 -0.320705
vn -0.113501 -0.920422 -0.374088
vn 0.007654 -0.920422 -0.390852
vn 0.128059 -0.920422 -0.369357
vn 0.235929 -0.920422 -0.311707
vn 0.320705 -0.920422 -0.223545
vn 0.374088 -0.920422 -0.113501
vn 0.341402 -0.938361 -0.054073
vn 0.203244 -0.978599 0.032191
vn 0.173648 -0.982996 0.059714
vn 0.146697 -0.982996 0.110452
vn 0.105385 -0.982996 0.150378
vn 0.053758 -0.982996 0.175583
vn -0.003131 -0.982996 0.183602
vn -0.059714 -0.982996 0.173648
vn -0.110452 -0.982996 0.146697
vn -0.150378 -0.982996 0.105385
vn -0.175583 -0.982996 0.053758
vn -0.183602 -0.982996 -0.003131
vn -0.173648 -0.982996 -0.059714
vn -0.146697 -0.982996 -0.110452
vn -0.105385 -0.982996 -0.150378
vn -0.053758 -0.982996 -0.175583
vn 0.003131 -0.982996 -0.183602
vn 0.059714 -0.982996 -0.173648
vn 0.110452 -0.982996 -0.146697
vn 0.150378 -0.982996 -0.105385
vn 0.175583 -0.982996 -0.053758
vn 0.163730 -0.986164 -0.025932
vn 0.092455 -0.995609 0.014643
vn 0.072103 -0.997057 0.026066
vn 0.060519 -0.997057 0.047071
vn 0.043011 -0.997057 0.063469
vn 0.021293 -0.997057 0.073654
vn -0.002510 -0.997057 0.076629
vn -0.026066 -0.997057 0.072103
vn -0.047071 -0.997057 0.060519
vn -0.063469 -0.997057 0.043011
vn -0.073654 -0.997057 0.021293
vn -0.076629 -0.997057 -0.002510
vn -0.072103 -0.997057 -0.026066
vn -0.060519 -0.997057 -0.047071
vn -0.043011 -0.997057 -0.063469
vn -0.021293 -0.997057 -0.073654
vn 0.002510 -0.997057 -0.076629
vn 0.026066 -0.997057 -0.072103
vn 0.047071 -0.997057 -0.060519
vn 0.063469 -0.997057 -0.043011
vn 0.073654 -0.997057 -0.021293
vn 0.060771 -0.998105 -0.009625
vn 0.029057 -0.999567 0.004602
vn 0.027161 -0.999577 0.010438
vn 0.022606 -0.999577 0.018321
vn 0.015838 -0.999577 0.024410
vn 0.007520 -0.999577 0.028109
vn -0.001534 -0.999577 0.029057
vn -0.010438 -0.999577 0.027161
vn -0.018321 -0.999577 0.022606
vn -0.024410 -0.999577 0.015838
vn -0.028109 -0.999577 0.007520
vn -0.029057 -0.999577 -0.001534
vn -0.027161 -0.999577 -0.010438
vn -0.022606 -0.999577 -0.018321
vn -0.015838 -0.999577 -0.024410
vn -0.007520 -0.999577 -0.028109
vn 0.001534 -0.999577 -0.029057
vn 0.010438 -0.999577 -0.027161
vn 0.018321 -0.999577 -0.022606
vn 0.024410 -0.999577 -0.015838
vn 0.028109 -0.999577 -0.007520
vn 0.029057 -0.999567 -0.004602
usemtl steel_light
f 2305 2326 2325
f 2305 2325 2304
f 2306 2327 2326
f 2306 2326 2305
f 2307 2328 2327
f 2307 2327 2306
f 2308 2329 2328
f 2308 2328 2307
f 2309 2330 2329
f 2309 2329 2308
f 2310 2331 2330
f 2310 2330 2309
f 2311 2332 2331
f 2311 2331 2310
f 2312 2333 2332
f 2312 2332 2311
f 2313 2334 2333
f 2313 2333 2312
f 2314 2335 2334
f 2314 2334 2313
f 2315 2336 2335
f 2315 2335 2314
f 2316 2337 2336
f 2316 2336 2315
f 2317 2338 2337
f 2317 2337 2316
f 2318 2339 2338
f 2318 2338 2317
f 2319 2340 2339
f 2319 2339 2318
f 2320 2341 2340
f 2320 2340 2319
f 2321 2342 2341
f 2321 2341 2320
f 2322 2343 2342
f 2322 2342 2321
f 2323 2344 2343
f 2323 2343 2322
f 2324 2345 2344
f 2324 2344 2323
f 2326 2347 2346
f 2326 2346 2325
f 2327 2348 2347
f 2327 2347 2326
f 2328 2349 2348
f 2328 2348 2327
f 2329 2350 2349
f 2329 2349 2328
f 2330 2351 2350
f 2330 2350 2329
f 2331 2352 2351
f 2331 2351 2330
f 2332 2353 2352
f 2332 2352 2331
f 2333 2354 2353
f 2333 2353 2332
f 2334 2355 2354
f 2334 2354 2333
f 2335 2356 2355
f 2335 2355 2334
f 2336 2357 2356
f 2336 2356 2335
f 2337 2358 2357
f 2337 2357 2336
f 2338 2359 2358
f 2338 2358 2337
f 2339 2360 2359
f 2339 2359 2338
f 2340 2361 2360
f 2340 2360 2339
f 2341 2362 2361
f 2341 2361 2340
f 2342 2363 2362
f 2342 2362 2341
f 2343 2364 2363
f 2343 2363 2342
f 2344 2365 2364
f 2344 2364 2343
f 2345 2366 2365
f 2345 2365 2344
f 2347 2368 2367
f 2347 2367 2346
f 2348 2369 2368
f 2348 2368 2347
f 2349 2370 2369
f 2349 2369 2348
f 2350 2371 2370
f 2350 2370 2349
f 2351 2372 2371
f 2351 2371 2350
f 2352 2373 2372
f 2352 2372 2351
f 2353 2374 2373
f 2353 2373 2352
f 2354 2375 2374
f 2354 2374 2353
f 2355 2376 2375
f 2355 2375 2354
f 2356 2377 2376
f 2356 2376 2355
f 2357 2378 2377
f 2357 2377 2356
f 2358 2379 2378
f 2358 2378 2357
f 2359 2380 2379
f 2359 2379 2358
f 2360 2381 2380
f 2360 2380 2359
f 2361 2382 2381
f 2361 2381 2360
f 2362 2383 2382
f 2362 2382 2361
f 2363 2384 2383
f 2363 2383 2362
f 2364 2385 2384
f 2364 2384 2363
f 2365 2386 2385
f 2365 2385 2364
f 2366 2387 2386
f 2366 2386 2365
f 2368 2389 2388
f 2368 2388 2367
f 2369 2390 2389
f 2369 2389 2368
f 2370 2391 2390
f 2370 2390 2369
f 2371 2392 2391
f 2371 2391 2370
f 2372 2393 2392
f 2372 2392 2371
f 2373 2394 2393
f 2373 2393 2372
f 2374 2395 2394
f 2374 2394 2373
f 2375 2396 2395
f 2375 2395 2374
f 2376 2397 2396
f 2376 2396 2375
f 2377 2398 2397
f 2377 2397 2376
f 2378 2399 2398
f 2378 2398 2377
f 2379 2400 2399
f 2379 2399 2378
f 2380 2401 2400
f 2380 2400 2379
f 2381 2402 2401
f 2381 2401 2380
f 2382 2403 2402
f 2382 2402 2381
f 2383 2404 2403
f 2383 2403 2382
f 2384 2405 2404
f 2384 2404 2383
f 2385 2406 2405
f 2385 2405 2384
f 2386 2407 2406
f 2386 2406 2385
f 2387 2408 2407
f 2387 2407 2386
f 2389 2410 2409
f 2389 2409 2388
f 2390 2411 2410
f 2390 2410 2389
f 2391 2412 2411
f 2391 2411 2390
f 2392 2413 2412
f 2392 2412 2391
f 2393 2414 2413
f 2393 2413 2392
f 2394 2415 2414
f 2394 2414 2393
f 2395 2416 2415
f 2395 2415 2394
f 2396 2417 2416
f 2396 2416 2395
f 2397 2418 2417
f 2397 2417 2396
f 2398 2419 2418
f 2398 2418 2397
f 2399 2420 2419
f 2399 2419 2398
f 2400 2421 2420
f 2400 2420 2399
f 2401 2422 2421
f 2401 2421 2400
f 2402 2423 2422
f 2402 2422 2401
f 2403 2424 2423
f 2403 2423 2402
f 2404 2425 2424
f 2404 2424 2403
f 2405 2426 2425
f 2405 2425 2404
f 2406 2427 2426
f 2406 2426 2405
f 2407 2428 2427
f 2407 2427 2406
f 2408 2429 2428
f 2408 2428 2407
f 2410 2431 2430
f 2410 2430 2409
f 2411 2432 2431
f 2411 2431 2410
f 2412 2433 2432
f 2412 2432 2411
f 2413 2434 2433
f 2413 2433 2412
f 2414 2435 2434
f 2414 2434 2413
f 2415 2436 2435
f 2415 2435 2414
f 2416 2437 2436
f 2416 2436 2415
f 2417 2438 2437
f 2417 2437 2416
f 2418 2439 2438
f 2418 2438 2417
f 2419 2440 2439
f 2419 2439 2418
f 2420 2441 2440
f 2420 2440 2419
f 2421 2442 2441
f 2421 2441 2420
f 2422 2443 2442
f 2422 2442 2421
f 2423 2444 2443
f 2423 2443 2422
f 2424 2445 2444
f 2424 2444 2423
f 2425 2446 2445
f 2425 2445 2424
f 2426 2447 2446
f 2426 2446 2425
f 2427 2448 2447
f 2427 2447 2426
f 2428 2449 2448
f 2428 2448 2427
f 2429 2450 2449
f 2429 2449 2428
o greave_R
v 0.560000 -0.950000 0.000000
v 0.500000 -0.050000 0.000000
v 0.532592 -0.950000 0.173050
v 0.475528 -0.050000 0.154508
v 0.453050 -0.950000 0.329160
v 0.404508 -0.050000 0.293893
v 0.329160 -0.950000 0.453050
v 0.293893 -0.050000 0.404508
v 0.173050 -0.950000 0.532592
v 0.154508 -0.050000 0.475528
v 0.000000 -0.950000 0.560000
v 0.000000 -0.050000 0.500000
v -0.173050 -0.950000 0.532592
v -0.154508 -0.050000 0.475528
v -0.329160 -0.950000 0.453050
v -0.293893 -0.050000 0.404508
v -0.453050 -0.950000 0.329160
v -0.404508 -0.050000 0.293893
v -0.532592 -0.950000 0.173050
v -0.475528 -0.050000 0.154508
v -0.560000 -0.950000 0.000000
v -0.500000 -0.050000 0.000000
v -0.532592 -0.950000 -0.173050
v -0.475528 -0.050000 -0.154508
v -0.453050 -0.950000 -0.329160
v -0.404508 -0.050000 -0.293893
v -0.329160 -0.950000 -0.453050
v -0.293893 -0.050000 -0.404508
v -0.173050 -0.950000 -0.532592
v -0.154508 -0.050000 -0.475528
v -0.000000 -0.950000 -0.560000
v -0.000000 -0.050000 -0.500000
v 0.173050 -0.950000 -0.532592
v 0.154508 -0.050000 -0.475528
v 0.329160 -0.950000 -0.453050
v 0.293893 -0.050000 -0.404508
v 0.453050 -0.950000 -0.329160
v 0.404508 -0.050000 -0.293893
v 0.532592 -0.950000 -0.173050
v 0.475528 -0.050000 -0.154508
v 0.560000 -0.950000 -0.000000
v 0.500000 -0.050000 -0.000000
vn 0.985554 0.065704 0.156096
vn 0.985554 0.065704 0.156096
vn 0.931380 0.066427 0.357936
vn 0.963892 0.066427 0.257875
vn 0.775187 0.066427 0.628230
vn 0.837028 0.066427 0.543113
vn 0.543113 0.066427 0.837028
vn 0.628230 0.066427 0.775187
vn 0.257875 0.066427 0.963892
vn 0.357936 0.066427 0.931380
vn -0.052605 0.066427 0.996404
vn 0.052605 0.066427 0.996404
vn -0.357936 0.066427 0.931380
vn -0.257875 0.066427 0.963892
vn -0.628230 0.066427 0.775187
vn -0.543113 0.066427 0.837028
vn -0.837028 0.066427 0.543113
vn -0.775187 0.066427 0.628230
vn -0.963892 0.066427 0.257875
vn -0.931380 0.066427 0.357936
vn -0.996404 0.066427 -0.052605
vn -0.996404 0.066427 0.052605
vn -0.931380 0.066427 -0.357936
vn -0.963892 0.066427 -0.257875
vn -0.775187 0.066427 -0.628230
vn -0.837028 0.066427 -0.543113
vn -0.543113 0.066427 -0.837028
vn -0.628230 0.066427 -0.775187
vn -0.257875 0.066427 -0.963892
vn -0.357936 0.066427 -0.931380
vn 0.052605 0.066427 -0.996404
vn -0.052605 0.066427 -0.996404
vn 0.357936 0.066427 -0.931380
vn 0.257875 0.066427 -0.963892
vn 0.628230 0.066427 -0.775187
vn 0.543113 0.066427 -0.837028
vn 0.837028 0.066427 -0.543113
vn 0.775187 0.066427 -0.628230
vn 0.963892 0.066427 -0.257875
vn 0.931380 0.066427 -0.357936
vn 0.985554 0.065704 -0.156096
vn 0.985554 0.065704 -0.156096
usemtl steel
f 2451 2452 2454
f 2451 2454 2453
f 2453 2454 2456
f 2453 2456 2455
f 2455 2456 2458
f 2455 2458 2457
f 2457 2458 2460
f 2457 2460 2459
f 2459 2460 2462
f 2459 2462 2461
f 2461 2462 2464
f 2461 2464 2463
f 2463 2464 2466
f 2463 2466 2465
f 2465 2466 2468
f 2465 2468 2467
f 2467 2468 2470
f 2467 2470 2469
f 2469 2470 2472
f 2469 2472 2471
f 2471 2472 2474
f 2471 2474 2473
f 2473 2474 2476
f 2473 2476 2475
f 2475 2476 2478
f 2475 2478 2477
f 2477 2478 2480
f 2477 2480 2479
f 2479 2480 2482
f 2479 2482 2481
f 2481 2482 2484
f 2481 2484 2483
f 2483 2484 2486
f 2483 2486 2485
f 2485 2486 2488
f 2485 2488 2487
f 2487 2488 2490
f 2487 2490 2489
f 2489 2490 2492
f 2489 2492 2491
o sabaton_R
v 0.175500 -0.840000 -0.200000
v 0.175500 -0.840000 0.400000
v 0.162141 -0.896828 -0.200000
v 0.162141 -0.896828 0.400000
v 0.124097 -0.945005 -0.200000
v 0.124097 -0.945005 0.400000
v 0.067161 -0.977196 -0.200000
v 0.067161 -0.977196 0.400000
v 0.000000 -0.988500 -0.200000
v 0.000000 -0.988500 0.400000
v -0.067161 -0.977196 -0.200000
v -0.067161 -0.977196 0.400000
v -0.124097 -0.945005 -0.200000
v -0.124097 -0.945005 0.400000
v -0.162141 -0.896828 -0.200000
v -0.162141 -0.896828 0.400000
v -0.175500 -0.840000 -0.200000
v -0.175500 -0.840000 0.400000
v -0.162141 -0.783172 -0.200000
v -0.162141 -0.783172 0.400000
v -0.124097 -0.734995 -0.200000
v -0.124097 -0.734995 0.400000
v -0.067161 -0.702804 -0.200000
v -0.067161 -0.702804 0.400000
v -0.000000 -0.691500 -0.200000
v -0.000000 -0.691500 0.400000
v 0.067161 -0.702804 -0.200000
v 0.067161 -0.702804 0.400000
v 0.124097 -0.734995 -0.200000
v 0.124097 -0.734995 0.400000
v 0.162141 -0.783172 -0.200000
v 0.162141 -0.783172 0.400000
v 0.175500 -0.840000 -0.200000
v 0.175500 -0.840000 0.400000
v 0.000000 -0.840000 -0.200000
v 0.000000 -0.840000 0.400000
vn 0.870693 -0.204681 -0.447214
vn 0.688343 -0.161814 0.707107
vn 0.715773 -0.413270 -0.562918
vn 0.768872 -0.303249 0.562918
vn 0.496375 -0.662363 -0.561148
vn 0.578483 -0.592005 0.561148
vn 0.230705 -0.795806 -0.559882
vn 0.322018 -0.763437 0.559882
vn -0.046429 -0.827554 -0.559463
vn 0.046429 -0.827554 0.559463
vn -0.322018 -0.763437 -0.559882
vn -0.230705 -0.795806 0.559882
vn -0.578483 -0.592005 -0.561148
vn -0.496375 -0.662363 0.561148
vn -0.768872 -0.303249 -0.562918
vn -0.715773 -0.413270 0.562918
vn -0.823346 0.064517 -0.563860
vn -0.823346 -0.064517 0.563860
vn -0.715773 0.413270 -0.562918
vn -0.768872 0.303249 0.562918
vn -0.496375 0.662363 -0.561148
vn -0.578483 0.592005 0.561148
vn -0.230705 0.795806 -0.559882
vn -0.322018 0.763437 0.559882
vn 0.046429 0.827554 -0.559463
vn -0.046429 0.827554 0.559463
vn 0.322018 0.763437 -0.559882
vn 0.230705 0.795806 0.559882
vn 0.578483 0.592005 -0.561148
vn 0.496375 0.662363 0.561148
vn 0.768872 0.303249 -0.562918
vn 0.715773 0.413270 0.562918
vn 0.688343 0.161814 -0.707107
vn 0.870693 0.204681 0.447214
vn 0.000000 -0.000000 -1.000000
vn -0.000000 0.000000 1.000000
usemtl steel
f 2493 2494 2496
f 2493 2496 2495
f 2495 2496 2498
f 2495 2498 2497
f 2497 2498 2500
f 2497 2500 2499
f 2499 2500 2502
f 2499 2502 2501
f 2501 2502 2504
f 2501 2504 2503
f 2503 2504 2506
f 2503 2506 2505
f 2505 2506 2508
f 2505 2508 2507
f 2507 2508 2510
f 2507 2510 2509
f 2509 2510 2512
f 2509 2512 2511
f 2511 2512 2514
f 2511 2514 2513
f 2513 2514 2516
f 2513 2516 2515
f 2515 2516 2518
f 2515 2518 2517
f 2517 2518 2520
f 2517 2520 2519
f 2519 2520 2522
f 2519 2522 2521
f 2521 2522 2524
f 2521 2524 2523
f 2523 2524 2526
f 2523 2526 2525
f 2527 2493 2495
f 2527 2495 2497
f 2527 2497 2499
f 2527 2499 2501
f 2527 2501 2503
f 2527 2503 2505
f 2527 2505 2507
f 2527 2507 2509
f 2527 2509 2511
f 2527 2511 2513
f 2527 2513 2515
f 2527 2515 2517
f 2527 2517 2519
f 2527 2519 2521
f 2527 2521 2523
f 2527 2523 2525
f 2528 2496 2494
f 2528 2498 2496
f 2528 2500 2498
f 2528 2502 2500
f 2528 2504 2502
f 2528 2506 2504
f 2528 2508 2506
f 2528 2510 2508
f 2528 2512 2510
f 2528 2514 2512
f 2528 2516 2514
f 2528 2518 2516
f 2528 2520 2518
f 2528 2522 2520
f 2528 2524 2522
f 2528 2526 2524
o vambrace_L
v 0.560000 -0.900000 0.000000
v 0.520000 -0.050000 0.000000
v 0.532592 -0.900000 0.173050
v 0.494549 -0.050000 0.160689
v 0.453050 -0.900000 0.329160
v 0.420689 -0.050000 0.305648
v 0.329160 -0.900000 0.453050
v 0.305648 -0.050000 0.420689
v 0.173050 -0.900000 0.532592
v 0.160689 -0.050000 0.494549
v 0.000000 -0.900000 0.560000
v 0.000000 -0.050000 0.520000
v -0.173050 -0.900000 0.532592
v -0.160689 -0.050000 0.494549
v -0.329160 -0.900000 0.453050
v -0.305648 -0.050000 0.420689
v -0.453050 -0.900000 0.329160
v -0.420689 -0.050000 0.305648
v -0.532592 -0.900000 0.173050
v -0.494549 -0.050000 0.160689
v -0.560000 -0.900000 0.000000
v -0.520000 -0.050000 0.000000
v -0.532592 -0.900000 -0.173050
v -0.494549 -0.050000 -0.160689
v -0.453050 -0.900000 -0.329160
v -0.420689 -0.050000 -0.305648
v -0.329160 -0.900000 -0.453050
v -0.305648 -0.050000 -0.420689
v -0.173050 -0.900000 -0.532592
v -0.160689 -0.050000 -0.494549
v 0.000000 -0.900000 -0.560000
v 0.000000 -0.050000 -0.520000
v 0.173050 -0.900000 -0.532592
v 0.160689 -0.050000 -0.494549
v 0.329160 -0.900000 -0.453050
v 0.305648 -0.050000 -0.420689
v 0.453050 -0.900000 -0.329160
v 0.420689 -0.050000 -0.305648
v 0.532592 -0.900000 -0.173050
v 0.494549 -0.050000 -0.160689
v 0.560000 -0.900000 -0.000000
v 0.520000 -0.050000 -0.000000
vn 0.986623 0.046429 0.156266
vn 0.986623 0.046429 0.156266
vn 0.932413 0.046942 0.358333
vn 0.964961 0.046942 0.258161
vn 0.776047 0.046942 0.628926
vn 0.837956 0.046942 0.543715
vn 0.543715 0.046942 0.837956
vn 0.628926 0.046942 0.776047
vn 0.258161 0.046942 0.964961
vn 0.358333 0.046942 0.932413
vn -0.052663 0.046942 0.997508
vn 0.052663 0.046942 0.997508
vn -0.358333 0.046942 0.932413
vn -0.258161 0.046942 0.964961
vn -0.628926 0.046942 0.776047
vn -0.543715 0.046942 0.837956
vn -0.837956 0.046942 0.543715
vn -0.776047 0.046942 0.628926
vn -0.964961 0.046942 0.258161
vn -0.932413 0.046942 0.358333
vn -0.997508 0.046942 -0.052663
vn -0.997508 0.046942 0.052663
vn -0.932413 0.046942 -0.358333
vn -0.964961 0.046942 -0.258161
vn -0.776047 0.046942 -0.628926
vn -0.837956 0.046942 -0.543715
vn -0.543715 0.046942 -0.837956
vn -0.628926 0.046942 -0.776047
vn -0.258161 0.046942 -0.964961
vn -0.358333 0.046942 -0.932413
vn 0.052663 0.046942 -0.997508
vn -0.052663 0.046942 -0.997508
vn 0.358333 0.046942 -0.932413
vn 0.258161 0.046942 -0.964961
vn 0.628926 0.046942 -0.776047
vn 0.543715 0.046942 -0.837956
vn 0.837956 0.046942 -0.543715
vn 0.776047 0.046942 -0.628926
vn 0.964961 0.046942 -0.258161
vn 0.932413 0.046942 -0.358333
vn 0.986623 0.046429 -0.156266
vn 0.986623 0.046429 -0.156266
usemtl steel
f 2529 2530 2532
f 2529 2532 2531
f 2531 2532 2534
f 2531 2534 2533
f 2533 2534 2536
f 2533 2536 2535
f 2535 2536 2538
f 2535 2538 2537
f 2537 2538 2540
f 2537 2540 2539
f 2539 2540 2542
f 2539 2542 2541
f 2541 2542 2544
f 2541 2544 2543
f 2543 2544 2546
f 2543 2546 2545
f 2545 2546 2548
f 2545 2548 2547
f 2547 2548 2550
f 2547 2550 2549
f 2549 2550 2552
f 2549 2552 2551
f 2551 2552 2554
f 2551 2554 2553
f 2553 2554 2556
f 2553 2556 2555
f 2555 2556 2558
f 2555 2558 2557
f 2557 2558 2560
f 2557 2560 2559
f 2559 2560 2562
f 2559 2562 2561
f 2561 2562 2564
f 2561 2564 2563
f 2563 2564 2566
f 2563 2566 2565
f 2565 2566 2568
f 2565 2568 2567
f 2567 2568 2570
f 2567 2570 2569
o gauntlet_L
v 0.560000 -0.820000 0.000000
v 0.532592 -0.820000 0.173050
v 0.453050 -0.820000 0.329160
v 0.329160 -0.820000 0.453050
v 0.173050 -0.820000 0.532592
v 0.000000 -0.820000 0.560000
v -0.173050 -0.820000 0.532592
v -0.329160 -0.820000 0.453050
v -0.453050 -0.820000 0.329160
v -0.532592 -0.820000 0.173050
v -0.560000 -0.820000 0.000000
v -0.532592 -0.820000 -0.173050
v -0.453050 -0.820000 -0.329160
v -0.329160 -0.820000 -0.453050
v -0.173050 -0.820000 -0.532592
v 0.000000 -0.820000 -0.560000
v 0.173050 -0.820000 -0.532592
v 0.329160 -0.820000 -0.453050
v 0.453050 -0.820000 -0.329160
v 0.532592 -0.820000 -0.173050
v 0.560000 -0.820000 -0.000000
v 0.550000 -0.920000 0.000000
v 0.523081 -0.920000 0.169959
v 0.444959 -0.920000 0.323282
v 0.323282 -0.920000 0.444959
v 0.169959 -0.920000 0.523081
v 0.000000 -0.920000 0.550000
v -0.169959 -0.920000 0.523081
v -0.323282 -0.920000 0.444959
v -0.444959 -0.920000 0.323282
v -0.523081 -0.920000 0.169959
v -0.550000 -0.920000 0.000000
v -0.523081 -0.920000 -0.169959
v -0.444959 -0.920000 -0.323282
v -0.323282 -0.920000 -0.444959
v -0.169959 -0.920000 -0.523081
v 0.000000 -0.920000 -0.550000
v 0.169959 -0.920000 -0.523081
v 0.323282 -0.920000 -0.444959
v 0.444959 -0.920000 -0.323282
v 0.523081 -0.920000 -0.169959
v 0.550000 -0.920000 -0.000000
v 0.500000 -1.000000 0.000000
v 0.475528 -1.000000 0.154508
v 0.404508 -1.000000 0.293893
v 0.293893 -1.000000 0.404508
v 0.154508 -1.000000 0.475528
v 0.000000 -1.000000 0.500000
v -0.154508 -1.000000 0.475528
v -0.293893 -1.000000 0.404508
v -0.404508 -1.000000 0.293893
v -0.475528 -1.000000 0.154508
v -0.500000 -1.000000 0.000000
v -0.475528 -1.000000 -0.154508
v -0.404508 -1.000000 -0.293893
v -0.293893 -1.000000 -0.404508
v -0.154508 -1.000000 -0.475528
v 0.000000 -1.000000 -0.500000
v 0.154508 -1.000000 -0.475528
v 0.293893 -1.000000 -0.404508
v 0.404508 -1.000000 -0.293893
v 0.475528 -1.000000 -0.154508
v 0.500000 -1.000000 -0.000000
v 0.420000 -1.050000 0.000000
v 0.399444 -1.050000 0.129787
v 0.339787 -1.050000 0.246870
v 0.246870 -1.050000 0.339787
v 0.129787 -1.050000 0.399444
v 0.000000 -1.050000 0.420000
v -0.129787 -1.050000 0.399444
v -0.246870 -1.050000 0.339787
v -0.339787 -1.050000 0.246870
v -0.399444 -1.050000 0.129787
v -0.420000 -1.050000 0.000000
v -0.399444 -1.050000 -0.129787
v -0.339787 -1.050000 -0.246870
v -0.246870 -1.050000 -0.339787
v -0.129787 -1.050000 -0.399444
v 0.000000 -1.050000 -0.420000
v 0.129787 -1.050000 -0.399444
v 0.246870 -1.050000 -0.339787
v 0.339787 -1.050000 -0.246870
v 0.399444 -1.050000 -0.129787
v 0.420000 -1.050000 -0.000000
v 0.300000 -1.080000 0.000000
v 0.285317 -1.080000 0.092705
v 0.242705 -1.080000 0.176336
v 0.176336 -1.080000 0.242705
v 0.092705 -1.080000 0.285317
v 0.000000 -1.080000 0.300000
v -0.092705 -1.080000 0.285317
v -0.176336 -1.080000 0.242705
v -0.242705 -1.080000 0.176336
v -0.285317 -1.080000 0.092705
v -0.300000 -1.080000 0.000000
v -0.285317 -1.080000 -0.092705
v -0.242705 -1.080000 -0.176336
v -0.176336 -1.080000 -0.242705
v -0.092705 -1.080000 -0.285317
v 0.000000 -1.080000 -0.300000
v 0.092705 -1.080000 -0.285317
v 0.176336 -1.080000 -0.242705
v 0.242705 -1.080000 -0.176336
v 0.285317 -1.080000 -0.092705
v 0.300000 -1.080000 -0.000000
v 0.180000 -1.095000 0.000000
v 0.171190 -1.095000 0.055623
v 0.145623 -1.095000 0.105801
v 0.105801 -1.095000 0.145623
v 0.055623 -1.095000 0.171190
v 0.000000 -1.095000 0.180000
v -0.055623 -1.095000 0.171190
v -0.105801 -1.095000 0.145623
v -0.145623 -1.095000 0.105801
v -0.171190 -1.095000 0.055623
v -0.180000 -1.095000 0.000000
v -0.171190 -1.095000 -0.055623
v -0.145623 -1.095000 -0.105801
v -0.105801 -1.095000 -0.145623
v -0.055623 -1.095000 -0.171190
v 0.000000 -1.095000 -0.180000
v 0.055623 -1.095000 -0.171190
v 0.105801 -1.095000 -0.145623
v 0.145623 -1.095000 -0.105801
v 0.171190 -1.095000 -0.055623
v 0.180000 -1.095000 -0.000000
v 0.008000 -1.100000 0.000000
v 0.007608 -1.100000 0.002472
v 0.006472 -1.100000 0.004702
v 0.004702 -1.100000 0.006472
v 0.002472 -1.100000 0.007608
v 0.000000 -1.100000 0.008000
v -0.002472 -1.100000 0.007608
v -0.004702 -1.100000 0.006472
v -0.006472 -1.100000 0.004702
v -0.007608 -1.100000 0.002472
v -0.008000 -1.100000 0.000000
v -0.007608 -1.100000 -0.002472
v -0.006472 -1.100000 -0.004702
v -0.004702 -1.100000 -0.006472
v -0.002472 -1.100000 -0.007608
v 0.000000 -1.100000 -0.008000
v 0.002472 -1.100000 -0.007608
v 0.004702 -1.100000 -0.006472
v 0.006472 -1.100000 -0.004702
v 0.007608 -1.100000 -0.002472
v 0.008000 -1.100000 -0.000000
vn 0.982906 -0.098291 0.155677
vn 0.961245 -0.099367 0.257167
vn 0.834729 -0.099367 0.541621
vn 0.626504 -0.099367 0.773058
vn 0.356953 -0.099367 0.928822
vn 0.052460 -0.099367 0.993667
vn -0.257167 -0.099367 0.961245
vn -0.541621 -0.099367 0.834729
vn -0.773058 -0.099367 0.626504
vn -0.928822 -0.099367 0.356953
vn -0.993667 -0.099367 0.052460
vn -0.961245 -0.099367 -0.257167
vn -0.834729 -0.099367 -0.541621
vn -0.626504 -0.099367 -0.773058
vn -0.356953 -0.099367 -0.928822
vn -0.052460 -0.099367 -0.993667
vn 0.257167 -0.099367 -0.961245
vn 0.541621 -0.099367 -0.834729
vn 0.773058 -0.099367 -0.626504
vn 0.928822 -0.099367 -0.356953
vn 0.982906 -0.098291 -0.155677
vn 0.957276 -0.246243 0.151618
vn 0.898674 -0.323589 0.296100
vn 0.763190 -0.323589 0.559314
vn 0.552999 -0.323589 0.767778
vn 0.288677 -0.323589 0.901086
vn -0.003903 -0.323589 0.946190
vn -0.296100 -0.323589 0.898674
vn -0.559314 -0.323589 0.763190
vn -0.767778 -0.323589 0.552999
vn -0.901086 -0.323589 0.288677
vn -0.946190 -0.323589 -0.003903
vn -0.898674 -0.323589 -0.296100
vn -0.763190 -0.323589 -0.559314
vn -0.552999 -0.323589 -0.767778
vn -0.288677 -0.323589 -0.901086
vn 0.003903 -0.323589 -0.946190
vn 0.296100 -0.323589 -0.898674
vn 0.559314 -0.323589 -0.763190
vn 0.767778 -0.323589 -0.552999
vn 0.901086 -0.323589 -0.288677
vn 0.908682 -0.391899 -0.143921
vn 0.753473 -0.646558 0.119338
vn 0.669422 -0.707524 0.226460
vn 0.566678 -0.707524 0.422239
vn 0.408464 -0.707524 0.576686
vn 0.210267 -0.707524 0.674684
vn -0.008513 -0.707524 0.706638
vn -0.226460 -0.707524 0.669422
vn -0.422239 -0.707524 0.566678
vn -0.576686 -0.707524 0.408464
vn -0.674684 -0.707524 0.210267
vn -0.706638 -0.707524 -0.008513
vn -0.669422 -0.707524 -0.226460
vn -0.566678 -0.707524 -0.422239
vn -0.408464 -0.707524 -0.576686
vn -0.210267 -0.707524 -0.674684
vn 0.008513 -0.707524 -0.706638
vn 0.226460 -0.707524 -0.669422
vn 0.422239 -0.707524 -0.566678
vn 0.576686 -0.707524 -0.408464
vn 0.674684 -0.707524 -0.210267
vn 0.646948 -0.755618 -0.102467
vn 0.437731 -0.896429 0.069330
vn 0.369357 -0.920422 0.128059
vn 0.311707 -0.920422 0.235929
vn 0.223545 -0.920422 0.320705
vn 0.113501 -0.920422 0.374088
vn -0.007654 -0.920422 0.390852
vn -0.128059 -0.920422 0.369357
vn -0.235929 -0.920422 0.311707
vn -0.320705 -0.920422 0.223545
vn -0.374088 -0.920422 0.113501
vn -0.390852 -0.920422 -0.007654
vn -0.369357 -0.920422 -0.128059
vn -0.311707 -0.920422 -0.235929
vn -0.223545 -0.920422 -0.320705
vn -0.113501 -0.920422 -0.374088
vn 0.007654 -0.920422 -0.390852
vn 0.128059 -0.920422 -0.369357
vn 0.235929 -0.920422 -0.311707
vn 0.320705 -0.920422 -0.223545
vn 0.374088 -0.920422 -0.113501
vn 0.341402 -0.938361 -0.054073
vn 0.203244 -0.978599 0.032191
vn 0.173648 -0.982996 0.059714
vn 0.146697 -0.982996 0.110452
vn 0.105385 -0.982996 0.150378
vn 0.053758 -0.982996 0.175583
vn -0.003131 -0.982996 0.183602
vn -0.059714 -0.982996 0.173648
vn -0.110452 -0.982996 0.146697
vn -0.150378 -0.982996 0.105385
vn -0.175583 -0.982996 0.053758
vn -0.183602 -0.982996 -0.003131
vn -0.173648 -0.982996 -0.059714
vn -0.146697 -0.982996 -0.110452
vn -0.105385 -0.982996 -0.150378
vn -0.053758 -0.982996 -0.175583
vn 0.003131 -0.982996 -0.183602
vn 0.059714 -0.982996 -0.173648
vn 0.110452 -0.982996 -0.146697
vn 0.150378 -0.982996 -0.105385
vn 0.175583 -0.982996 -0.053758
vn 0.163730 -0.986164 -0.025932
vn 0.092455 -0.995609 0.014643
vn 0.072103 -0.997057 0.026066
vn 0.060519 -0.997057 0.047071
vn 0.043011 -0.997057 0.063469
vn 0.021293 -0.997057 0.073654
vn -0.002510 -0.997057 0.076629
vn -0.026066 -0.997057 0.072103
vn -0.047071 -0.997057 0.060519
vn -0.063469 -0.997057 0.043011
vn -0.073654 -0.997057 0.021293
vn -0.076629 -0.997057 -0.002510
vn -0.072103 -0.997057 -0.026066
vn -0.060519 -0.997057 -0.047071
vn -0.043011 -0.997057 -0.063469
vn -0.021293 -0.997057 -0.073654
vn 0.002510 -0.997057 -0.076629
vn 0.026066 -0.997057 -0.072103
vn 0.047071 -0.997057 -0.060519
vn 0.063469 -0.997057 -0.043011
vn 0.073654 -0.997057 -0.021293
vn 0.060771 -0.998105 -0.009625
vn 0.029057 -0.999567 0.004602
vn 0.027161 -0.999577 0.010438
vn 0.022606 -0.999577 0.018321
vn 0.015838 -0.999577 0.024410
vn 0.007520 -0.999577 0.028109
vn -0.001534 -0.999577 0.029057
vn -0.010438 -0.999577 0.027161
vn -0.018321 -0.999577 0.022606
vn -0.024410 -0.999577 0.015838
vn -0.028109 -0.999577 0.007520
vn -0.029057 -0.999577 -0.001534
vn -0.027161 -0.999577 -0.010438
vn -0.022606 -0.999577 -0.018321
vn -0.015838 -0.999577 -0.024410
vn -0.007520 -0.999577 -0.028109
vn 0.001534 -0.999577 -0.029057
vn 0.010438 -0.999577 -0.027161
vn 0.018321 -0.999577 -0.022606
vn 0.024410 -0.999577 -0.015838
vn 0.028109 -0.999577 -0.007520
vn 0.029057 -0.999567 -0.004602
usemtl steel_light
f 2572 2593 2592
f 2572 2592 2571
f 2573 2594 2593
f 2573 2593 2572
f 2574 2595 2594
f 2574 2594 2573
f 2575 2596 2595
f 2575 2595 2574
f 2576 2597 2596
f 2576 2596 2575
f 2577 2598 2597
f 2577 2597 2576
f 2578 2599 2598
f 2578 2598 2577
f 2579 2600 2599
f 2579 2599 2578
f 2580 2601 2600
f 2580 2600 2579
f 2581 2602 2601
f 2581 2601 2580
f 2582 2603 2602
f 2582 2602 2581
f 2583 2604 2603
f 2583 2603 2582
f 2584 2605 2604
f 2584 2604 2583
f 2585 2606 2605
f 2585 2605 2584
f 2586 2607 2606
f 2586 2606 2585
f 2587 2608 2607
f 2587 2607 2586
f 2588 2609 2608
f 2588 2608 2587
f 2589 2610 2609
f 2589 2609 2588
f 2590 2611 2610
f 2590 2610 2589
f 2591 2612 2611
f 2591 2611 2590
f 2593 2614 2613
f 2593 2613 2592
f 2594 2615 2614
f 2594 2614 2593
f 2595 2616 2615
f 2595 2615 2594
f 2596 2617 2616
f 2596 2616 2595
f 2597 2618 2617
f 2597 2617 2596
f 2598 2619 2618
f 2598 2618 2597
f 2599 2620 2619
f 2599 2619 2598
f 2600 2621 2620
f 2600 2620 2599
f 2601 2622 2621
f 2601 2621 2600
f 2602 2623 2622
f 2602 2622 2601
f 2603 2624 2623
f 2603 2623 2602
f 2604 2625 2624
f 2604 2624 2603
f 2605 2626 2625
f 2605 2625 2604
f 2606 2627 2626
f 2606 2626 2605
f 2607 2628 2627
f 2607 2627 2606
f 2608 2629 2628
f 2608 2628 2607
f 2609 2630 2629
f 2609 2629 2608
f 2610 2631 2630
f 2610 2630 2609
f 2611 2632 2631
f 2611 2631 2610
f 2612 2633 2632
f 2612 2632 2611
f 2614 2635 2634
f 2614 2634 2613
f 2615 2636 2635
f 2615 2635 2614
f 2616 2637 2636
f 2616 2636 2615
f 2617 2638 2637
f 2617 2637 2616
f 2618 2639 2638
f 2618 2638 2617
f 2619 2640 2639
f 2619 2639 2618
f 2620 2641 2640
f 2620 2640 2619
f 2621 2642 2641
f 2621 2641 2620
f 2622 2643 2642
f 2622 2642 2621
f 2623 2644 2643
f 2623 2643 2622
f 2624 2645 2644
f 2624 2644 2623
f 2625 2646 2645
f 2625 2645 2624
f 2626 2647 2646
f 2626 2646 2625
f 2627 2648 2647
f 2627 2647 2626
f 2628 2649 2648
f 2628 2648 2627
f 2629 2650 2649
f 2629 2649 2628
f 2630 2651 2650
f 2630 2650 2629
f 2631 2652 2651
f 2631 2651 2630
f 2632 2653 2652
f 2632 2652 2631
f 2633 2654 2653
f 2633 2653 2632
f 2635 2656 2655
f 2635 2655 2634
f 2636 2657 2656
f 2636 2656 2635
f 2637 2658 2657
f 2637 2657 2636
f 2638 2659 2658
f 2638 2658 2637
f 2639 2660 2659
f 2639 2659 2638
f 2640 2661 2660
f 2640 2660 2639
f 2641 2662 2661
f 2641 2661 2640
f 2642 2663 2662
f 2642 2662 2641
f 2643 2664 2663
f 2643 2663 2642
f 2644 2665 2664
f 2644 2664 2643
f 2645 2666 2665
f 2645 2665 2644
f 2646 2667 2666
f 2646 2666 2645
f 2647 2668 2667
f 2647 2667 2646
f 2648 2669 2668
f 2648 2668 2647
f 2649 2670 2669
f 2649 2669 2648
f 2650 2671 2670
f 2650 2670 2649
f 2651 2672 2671
f 2651 2671 2650
f 2652 2673 2672
f 2652 2672 2651
f 2653 2674 2673
f 2653 2673 2652
f 2654 2675 2674
f 2654 2674 2653
f 2656 2677 2676
f 2656 2676 2655
f 2657 2678 2677
f 2657 2677 2656
f 2658 2679 2678
f 2658 2678 2657
f 2659 2680 2679
f 2659 2679 2658
f 2660 2681 2680
f 2660 2680 2659
f 2661 2682 2681
f 2661 2681 2660
f 2662 2683 2682
f 2662 2682 2661
f 2663 2684 2683
f 2663 2683 2662
f 2664 2685 2684
f 2664 2684 2663
f 2665 2686 2685
f 2665 2685 2664
f 2666 2687 2686
f 2666 2686 2665
f 2667 2688 2687
f 2667 2687 2666
f 2668 2689 2688
f 2668 2688 2667
f 2669 2690 2689
f 2669 2689 2668
f 2670 2691 2690
f 2670 2690 2669
f 2671 2692 2691
f 2671 2691 2670
f 2672 2693 2692
f 2672 2692 2671
f 2673 2694 2693
f 2673 2693 2672
f 2674 2695 2694
f 2674 2694 2673
f 2675 2696 2695
f 2675 2695 2674
f 2677 2698 2697
f 2677 2697 2676
f 2678 2699 2698
f 2678 2698 2677
f 2679 2700 2699
f 2679 2699 2678
f 2680 2701 2700
f 2680 2700 2679
f 2681 2702 2701
f 2681 2701 2680
f 2682 2703 2702
f 2682 2702 2681
f 2683 2704 2703
f 2683 2703 2682
f 2684 2705 2704
f 2684 2704 2683
f 2685 2706 2705
f 2685 2705 2684
f 2686 2707 2706
f 2686 2706 2685
f 2687 2708 2707
f 2687 2707 2686
f 2688 2709 2708
f 2688 2708 2687
f 2689 2710 2709
f 2689 2709 2688
f 2690 2711 2710
f 2690 2710 2689
f 2691 2712 2711
f 2691 2711 2690
f 2692 2713 2712
f 2692 2712 2691
f 2693 2714 2713
f 2693 2713 2692
f 2694 2715 2714
f 2694 2714 2693
f 2695 2716 2715
f 2695 2715 2694
f 2696 2717 2716
f 2696 2716 2695
o greave_L
v 0.560000 -0.950000 0.000000
v 0.500000 -0.050000 0.000000
v 0.532592 -0.950000 0.173050
v 0.475528 -0.050000 0.154508
v 0.453050 -0.950000 0.329160
v 0.404508 -0.050000 0.293893
v 0.329160 -0.950000 0.453050
v 0.293893 -0.050000 0.404508
v 0.173050 -0.950000 0.532592
v 0.154508 -0.050000 0.475528
v 0.000000 -0.950000 0.560000
v 0.000000 -0.050000 0.500000
v -0.173050 -0.950000 0.532592
v -0.154508 -0.050000 0.475528
v -0.329160 -0.950000 0.453050
v -0.293893 -0.050000 0.404508
v -0.453050 -0.950000 0.329160
v -0.404508 -0.050000 0.293893
v -0.532592 -0.950000 0.173050
v -0.475528 -0.050000 0.154508
v -0.560000 -0.950000 0.000000
v -0.500000 -0.050000 0.000000
v -0.532592 -0.950000 -0.173050
v -0.475528 -0.050000 -0.154508
v -0.453050 -0.950000 -0.329160
v -0.404508 -0.050000 -0.293893
v -0.329160 -0.950000 -0.453050
v -0.293893 -0.050000 -0.404508
v -0.173050 -0.950000 -0.532592
v -0.154508 -0.050000 -0.475528
v -0.000000 -0.950000 -0.560000
v -0.000000 -0.050000 -0.500000
v 0.173050 -0.950000 -0.532592
v 0.154508 -0.050000 -0.475528
v 0.329160 -0.950000 -0.453050
v 0.293893 -0.050000 -0.404508
v 0.453050 -0.950000 -0.329160
v 0.404508 -0.050000 -0.293893
v 0.532592 -0.950000 -0.173050
v 0.475528 -0.050000 -0.154508
v 0.560000 -0.950000 -0.000000
v 0.500000 -0.050000 -0.000000
vn 0.985554 0.065704 0.156096
vn 0.985554 0.065704 0.156096
vn 0.931380 0.066427 0.357936
vn 0.963892 0.066427 0.257875
vn 0.775187 0.066427 0.628230
vn 0.837028 0.066427 0.543113
vn 0.543113 0.066427 0.837028
vn 0.628230 0.066427 0.775187
vn 0.257875 0.066427 0.963892
vn 0.357936 0.066427 0.931380
vn -0.052605 0.066427 0.996404
vn 0.052605 0.066427 0.996404
vn -0.357936 0.066427 0.931380
vn -0.257875 0.066427 0.963892
vn -0.628230 0.066427 0.775187
vn -0.543113 0.066427 0.837028
vn -0.837028 0.066427 0.543113
vn -0.775187 0.066427 0.628230
vn -0.963892 0.066427 0.257875
vn -0.931380 0.066427 0.357936
vn -0.996404 0.066427 -0.052605
vn -0.996404 0.066427 0.052605
vn -0.931380 0.066427 -0.357936
vn -0.963892 0.066427 -0.257875
vn -0.775187 0.066427 -0.628230
vn -0.837028 0.066427 -0.543113
vn -0.543113 0.066427 -0.837028
vn -0.628230 0.066427 -0.775187
vn -0.257875 0.066427 -0.963892
vn -0.357936 0.066427 -0.931380
vn 0.052605 0.066427 -0.996404
vn -0.052605 0.066427 -0.996404
vn 0.357936 0.066427 -0.931380
vn 0.257875 0.066427 -0.963892
vn 0.628230 0.066427 -0.775187
vn 0.543113 0.066427 -0.837028
vn 0.837028 0.066427 -0.543113
vn 0.775187 0.066427 -0.628230
vn 0.963892 0.066427 -0.257875
vn 0.931380 0.066427 -0.357936
vn 0.985554 0.065704 -0.156096
vn 0.985554 0.065704 -0.156096
usemtl steel
f 2718 2719 2721
f 2718 2721 2720
f 2720 2721 2723
f 2720 2723 2722
f 2722 2723 2725
f 2722 2725 2724
f 2724 2725 2727
f 2724 2727 2726
f 2726 2727 2729
f 2726 2729 2728
f 2728 2729 2731
f 2728 2731 2730
f 2730 2731 2733
f 2730 2733 2732
f 2732 2733 2735
f 2732 2735 2734
f 2734 2735 2737
f 2734 2737 2736
f 2736 2737 2739
f 2736 2739 2738
f 2738 2739 2741
f 2738 2741 2740
f 2740 2741 2743
f 2740 2743 2742
f 2742 2743 2745
f 2742 2745 2744
f 2744 2745 2747
f 2744 2747 2746
f 2746 2747 2749
f 2746 2749 2748
f 2748 2749 2751
f 2748 2751 2750
f 2750 2751 2753
f 2750 2753 2752
f 2752 2753 2755
f 2752 2755 2754
f 2754 2755 2757
f 2754 2757 2756
f 2756 2757 2759
f 2756 2759 2758
o sabaton_L
v 0.175500 -0.840000 -0.200000
v 0.175500 -0.840000 0.400000
v 0.162141 -0.896828 -0.200000
v 0.162141 -0.896828 0.400000
v 0.124097 -0.945005 -0.200000
v 0.124097 -0.945005 0.400000
v 0.067161 -0.977196 -0.200000
v 0.067161 -0.977196 0.400000
v 0.000000 -0.988500 -0.200000
v 0.000000 -0.988500 0.400000
v -0.067161 -0.977196 -0.200000
v -0.067161 -0.977196 0.400000
v -0.124097 -0.945005 -0.200000
v -0.124097 -0.945005 0.400000
v -0.162141 -0.896828 -0.200000
v -0.162141 -0.896828 0.400000
v -0.175500 -0.840000 -0.200000
v -0.175500 -0.840000 0.400000
v -0.162141 -0.783172 -0.200000
v -0.162141 -0.783172 0.400000
v -0.124097 -0.734995 -0.200000
v -0.124097 -0.734995 0.400000
v -0.067161 -0.702804 -0.200000
v -0.067161 -0.702804 0.400000
v 0.000000 -0.691500 -0.200000
v 0.000000 -0.691500 0.400000
v 0.067161 -0.702804 -0.200000
v 0.067161 -0.702804 0.400000
v 0.124097 -0.734995 -0.200000
v 0.124097 -0.734995 0.400000
v 0.162141 -0.783172 -0.200000
v 0.162141 -0.783172 0.400000
v 0.175500 -0.840000 -0.200000
v 0.175500 -0.840000 0.400000
v 0.000000 -0.840000 -0.200000
v 0.000000 -0.840000 0.400000
vn 0.870693 -0.204681 -0.447214
vn 0.688343 -0.161814 0.707107
vn 0.715773 -0.413270 -0.562918
vn 0.768872 -0.303249 0.562918
vn 0.496375 -0.662363 -0.561148
vn 0.578483 -0.592005 0.561148
vn 0.230705 -0.795806 -0.559882
vn 0.322018 -0.763437 0.559882
vn -0.046429 -0.827554 -0.559463
vn 0.046429 -0.827554 0.559463
vn -0.322018 -0.763437 -0.559882
vn -0.230705 -0.795806 0.559882
vn -0.578483 -0.592005 -0.561148
vn -0.496375 -0.662363 0.561148
vn -0.768872 -0.303249 -0.562918
vn -0.715773 -0.413270 0.562918
vn -0.823346 0.064517 -0.563860
vn -0.823346 -0.064517 0.563860
vn -0.715773 0.413270 -0.562918
vn -0.768872 0.303249 0.562918
vn -0.496375 0.662363 -0.561148
vn -0.578483 0.592005 0.561148
vn -0.230705 0.795806 -0.559882
vn -0.322018 0.763437 0.559882
vn 0.046429 0.827554 -0.559463
vn -0.046429 0.827554 0.559463
vn 0.322018 0.763437 -0.559882
vn 0.230705 0.795806 0.559882
vn 0.578483 0.592005 -0.561148
vn 0.496375 0.662363 0.561148
vn 0.768872 0.303249 -0.562918
vn 0.715773 0.413270 0.562918
vn 0.688343 0.161814 -0.707107
vn 0.870693 0.204681 0.447214
vn 0.000000 -0.000000 -1.000000
vn -0.000000 0.000000 1.000000
usemtl steel
f 2760 2761 2763
f 2760 2763 2762
f 2762 2763 2765
f 2762 2765 2764
f 2764 2765 2767
f 2764 2767 2766
f 2766 2767 2769
f 2766 2769 2768
f 2768 2769 2771
f 2768 2771 2770
f 2770 2771 2773
f 2770 2773 2772
f 2772 2773 2775
f 2772 2775 2774
f 2774 2775 2777
f 2774 2777 2776
f 2776 2777 2779
f 2776 2779 2778
f 2778 2779 2781
f 2778 2781 2780
f 2780 2781 2783
f 2780 2783 2782
f 2782 2783 2785
f 2782 2785 2784
f 2784 2785 2787
f 2784 2787 2786
f 2786 2787 2789
f 2786 2789 2788
f 2788 2789 2791
f 2788 2791 2790
f 2790 2791 2793
f 2790 2793 2792
f 2794 2760 2762
f 2794 2762 2764
f 2794 2764 2766
f 2794 2766 2768
f 2794 2768 2770
f 2794 2770 2772
f 2794 2772 2774
f 2794 2774 2776
f 2794 2776 2778
f 2794 2778 2780
f 2794 2780 2782
f 2794 2782 2784
f 2794 2784 2786
f 2794 2786 2788
f 2794 2788 2790
f 2794 2790 2792
f 2795 2763 2761
f 2795 2765 2763
f 2795 2767 2765
f 2795 2769 2767
f 2795 2771 2769
f 2795 2773 2771
f 2795 2775 2773
f 2795 2777 2775
f 2795 2779 2777
f 2795 2781 2779
f 2795 2783 2781
f 2795 2785 2783
f 2795 2787 2785
f 2795 2789 2787
f 2795 2791 2789
f 2795 2793 2791
