# Armadura R6 - motor de modelagem proprio (Python)
mtllib armor.mtl
o under_torso
v 1.080000 -0.980000 0.000000
v 1.080000 -0.980000 0.356033
v 1.074605 -0.980000 0.481197
v 1.045577 -0.980000 0.539149
v 0.987430 -0.980000 0.585097
v 0.902478 -0.980000 0.600000
v 0.462844 -0.980000 0.600000
v 0.000000 -0.980000 0.600000
v -0.462844 -0.980000 0.600000
v -0.902478 -0.980000 0.600000
v -0.987430 -0.980000 0.585097
v -1.045577 -0.980000 0.539149
v -1.074605 -0.980000 0.481197
v -1.080000 -0.980000 0.356033
v -1.080000 -0.980000 0.000000
v -1.080000 -0.980000 -0.356033
v -1.074605 -0.980000 -0.481197
v -1.045577 -0.980000 -0.539149
v -0.987430 -0.980000 -0.585097
v -0.902478 -0.980000 -0.600000
v -0.462844 -0.980000 -0.600000
v -0.000000 -0.980000 -0.600000
v 0.462844 -0.980000 -0.600000
v 0.902478 -0.980000 -0.600000
v 0.987430 -0.980000 -0.585097
v 1.045577 -0.980000 -0.539149
v 1.074605 -0.980000 -0.481197
v 1.080000 -0.980000 -0.356033
v 1.080000 1.020000 0.000000
v 1.080000 1.020000 0.356033
v 1.074605 1.020000 0.481197
v 1.045577 1.020000 0.539149
v 0.987430 1.020000 0.585097
v 0.902478 1.020000 0.600000
v 0.462844 1.020000 0.600000
v 0.000000 1.020000 0.600000
v -0.462844 1.020000 0.600000
v -0.902478 1.020000 0.600000
v -0.987430 1.020000 0.585097
v -1.045577 1.020000 0.539149
v -1.074605 1.020000 0.481197
v -1.080000 1.020000 0.356033
v -1.080000 1.020000 0.000000
v -1.080000 1.020000 -0.356033
v -1.074605 1.020000 -0.481197
v -1.045577 1.020000 -0.539149
v -0.987430 1.020000 -0.585097
v -0.902478 1.020000 -0.600000
v -0.462844 1.020000 -0.600000
v -0.000000 1.020000 -0.600000
v 0.462844 1.020000 -0.600000
v 0.902478 1.020000 -0.600000
v 0.987430 1.020000 -0.585097
v 1.045577 1.020000 -0.539149
v 1.074605 1.020000 -0.481197
v 1.080000 1.020000 -0.356033
v 0.000000 -0.980000 0.000000
v 0.000000 1.020000 0.000000
vn 0.832050 -0.554700 0.000000
vn 0.831912 -0.554779 0.011945
vn 0.813179 -0.562316 0.150135
vn 0.677818 -0.562924 0.472948
vn 0.399284 -0.565240 0.721856
vn 0.096068 -0.555988 0.825620
vn 0.000000 -0.554700 0.832050
vn 0.000000 -0.554700 0.832050
vn 0.000000 -0.554700 0.832050
vn -0.048034 -0.555988 0.829801
vn -0.272892 -0.565240 0.778482
vn -0.600670 -0.562924 0.567726
vn -0.783665 -0.562316 0.263948
vn -0.831654 -0.554779 0.023890
vn -0.832050 -0.554700 0.000000
vn -0.831912 -0.554779 -0.011945
vn -0.813179 -0.562316 -0.150135
vn -0.677818 -0.562924 -0.472948
vn -0.399284 -0.565240 -0.721856
vn -0.096068 -0.555988 -0.825620
vn 0.000000 -0.554700 -0.832050
vn 0.000000 -0.554700 -0.832050
vn 0.000000 -0.554700 -0.832050
vn 0.048034 -0.555988 -0.829801
vn 0.272892 -0.565240 -0.778482
vn 0.600670 -0.562924 -0.567726
vn 0.783665 -0.562316 -0.263948
vn 0.831654 -0.554779 -0.023890
vn 0.832050 0.554700 0.000000
vn 0.831654 0.554779 0.023890
vn 0.783665 0.562316 0.263948
vn 0.600670 0.562924 0.567726
vn 0.272892 0.565240 0.778482
vn 0.048034 0.555988 0.829801
vn 0.000000 0.554700 0.832050
vn 0.000000 0.554700 0.832050
vn 0.000000 0.554700 0.832050
vn -0.096068 0.555988 0.825620
vn -0.399284 0.565240 0.721856
vn -0.677818 0.562924 0.472948
vn -0.813179 0.562316 0.150135
vn -0.831912 0.554779 0.011945
vn -0.832050 0.554700 0.000000
vn -0.831654 0.554779 -0.023890
vn -0.783665 0.562316 -0.263948
vn -0.600670 0.562924 -0.567726
vn -0.272892 0.565240 -0.778482
vn -0.048034 0.555988 -0.829801
vn 0.000000 0.554700 -0.832050
vn 0.000000 0.554700 -0.832050
vn 0.000000 0.554700 -0.832050
vn 0.096068 0.555988 -0.825620
vn 0.399284 0.565240 -0.721856
vn 0.677818 0.562924 -0.472948
vn 0.813179 0.562316 -0.150135
vn 0.831912 0.554779 -0.011945
vn 0.000000 -1.000000 0.000000
vn 0.000000 1.000000 0.000000
usemtl leather
f 29 30 2
f 29 2 1
f 30 31 3
f 30 3 2
f 31 32 4
f 31 4 3
f 32 33 5
f 32 5 4
f 33 34 6
f 33 6 5
f 34 35 7
f 34 7 6
f 35 36 8
f 35 8 7
f 36 37 9
f 36 9 8
f 37 38 10
f 37 10 9
f 38 39 11
f 38 11 10
f 39 40 12
f 39 12 11
f 40 41 13
f 40 13 12
f 41 42 14
f 41 14 13
f 42 43 15
f 42 15 14
f 43 44 16
f 43 16 15
f 44 45 17
f 44 17 16
f 45 46 18
f 45 18 17
f 46 47 19
f 46 19 18
f 47 48 20
f 47 20 19
f 48 49 21
f 48 21 20
f 49 50 22
f 49 22 21
f 50 51 23
f 50 23 22
f 51 52 24
f 51 24 23
f 52 53 25
f 52 25 24
f 53 54 26
f 53 26 25
f 54 55 27
f 54 27 26
f 55 56 28
f 55 28 27
f 56 29 1
f 56 1 28
f 1 2 57
f 2 3 57
f 3 4 57
f 4 5 57
f 5 6 57
f 6 7 57
f 7 8 57
f 8 9 57
f 9 10 57
f 10 11 57
f 11 12 57
f 12 13 57
f 13 14 57
f 14 15 57
f 15 16 57
f 16 17 57
f 17 18 57
f 18 19 57
f 19 20 57
f 20 21 57
f 21 22 57
f 22 23 57
f 23 24 57
f 24 25 57
f 25 26 57
f 26 27 57
f 27 28 57
f 28 1 57
f 30 29 58
f 31 30 58
f 32 31 58
f 33 32 58
f 34 33 58
f 35 34 58
f 36 35 58
f 37 36 58
f 38 37 58
f 39 38 58
f 40 39 58
f 41 40 58
f 42 41 58
f 43 42 58
f 44 43 58
f 45 44 58
f 46 45 58
f 47 46 58
f 48 47 58
f 49 48 58
f 50 49 58
f 51 50 58
f 52 51 58
f 53 52 58
f 54 53 58
f 55 54 58
f 56 55 58
f 29 56 58
o under_arm_R
v 0.580000 -0.980000 0.000000
v 0.579956 -0.980000 0.463250
v 0.564127 -0.980000 0.519645
v 0.519645 -0.980000 0.564127
v 0.463250 -0.980000 0.579956
v 0.000000 -0.980000 0.580000
v -0.463250 -0.980000 0.579956
v -0.519645 -0.980000 0.564127
v -0.564127 -0.980000 0.519645
v -0.579956 -0.980000 0.463250
v -0.580000 -0.980000 0.000000
v -0.579956 -0.980000 -0.463250
v -0.564127 -0.980000 -0.519645
v -0.519645 -0.980000 -0.564127
v -0.463250 -0.980000 -0.579956
v -0.000000 -0.980000 -0.580000
v 0.463250 -0.980000 -0.579956
v 0.519645 -0.980000 -0.564127
v 0.564127 -0.980000 -0.519645
v 0.579956 -0.980000 -0.463250
v 0.580000 1.000000 0.000000
v 0.579956 1.000000 0.463250
v 0.564127 1.000000 0.519645
v 0.519645 1.000000 0.564127
v 0.463250 1.000000 0.579956
v 0.000000 1.000000 0.580000
v -0.463250 1.000000 0.579956
v -0.519645 1.000000 0.564127
v -0.564127 1.000000 0.519645
v -0.579956 1.000000 0.463250
v -0.580000 1.000000 0.000000
v -0.579956 1.000000 -0.463250
v -0.564127 1.000000 -0.519645
v -0.519645 1.000000 -0.564127
v -0.463250 1.000000 -0.579956
v -0.000000 1.000000 -0.580000
v 0.463250 1.000000 -0.579956
v 0.519645 1.000000 -0.564127
v 0.564127 1.000000 -0.519645
v 0.579956 1.000000 -0.463250
v 0.000000 -0.980000 0.000000
v 0.000000 1.000000 0.000000
vn 0.832050 -0.554700 -0.000026
vn 0.826472 -0.557901 0.075435
vn 0.745011 -0.565968 0.353043
vn 0.476671 -0.565968 0.672655
vn 0.150790 -0.557901 0.816094
vn 0.000026 -0.554700 0.832050
vn -0.075435 -0.557901 0.826472
vn -0.353043 -0.565968 0.745011
vn -0.672655 -0.565968 0.476671
vn -0.816094 -0.557901 0.150790
vn -0.832050 -0.554700 0.000026
vn -0.826472 -0.557901 -0.075435
vn -0.745011 -0.565968 -0.353043
vn -0.476671 -0.565968 -0.672655
vn -0.150790 -0.557901 -0.816094
vn -0.000026 -0.554700 -0.832050
vn 0.075435 -0.557901 -0.826472
vn 0.353043 -0.565968 -0.745011
vn 0.672655 -0.565968 -0.476671
vn 0.816094 -0.557901 -0.150790
vn 0.832050 0.554700 0.000026
vn 0.816094 0.557901 0.150790
vn 0.672655 0.565968 0.476671
vn 0.353043 0.565968 0.745011
vn 0.075435 0.557901 0.826472
vn -0.000026 0.554700 0.832050
vn -0.150790 0.557901 0.816094
vn -0.476671 0.565968 0.672655
vn -0.745011 0.565968 0.353043
vn -0.826472 0.557901 0.075435
vn -0.832050 0.554700 -0.000026
vn -0.816094 0.557901 -0.150790
vn -0.672655 0.565968 -0.476671
vn -0.353043 0.565968 -0.745011
vn -0.075435 0.557901 -0.826472
vn 0.000026 0.554700 -0.832050
vn 0.150790 0.557901 -0.816094
vn 0.476671 0.565968 -0.672655
vn 0.745011 0.565968 -0.353043
vn 0.826472 0.557901 -0.075435
vn 0.000000 -1.000000 0.000000
vn 0.000000 1.000000 0.000000
usemtl leather
f 79 80 60
f 79 60 59
f 80 81 61
f 80 61 60
f 81 82 62
f 81 62 61
f 82 83 63
f 82 63 62
f 83 84 64
f 83 64 63
f 84 85 65
f 84 65 64
f 85 86 66
f 85 66 65
f 86 87 67
f 86 67 66
f 87 88 68
f 87 68 67
f 88 89 69
f 88 69 68
f 89 90 70
f 89 70 69
f 90 91 71
f 90 71 70
f 91 92 72
f 91 72 71
f 92 93 73
f 92 73 72
f 93 94 74
f 93 74 73
f 94 95 75
f 94 75 74
f 95 96 76
f 95 76 75
f 96 97 77
f 96 77 76
f 97 98 78
f 97 78 77
f 98 79 59
f 98 59 78
f 59 60 99
f 60 61 99
f 61 62 99
f 62 63 99
f 63 64 99
f 64 65 99
f 65 66 99
f 66 67 99
f 67 68 99
f 68 69 99
f 69 70 99
f 70 71 99
f 71 72 99
f 72 73 99
f 73 74 99
f 74 75 99
f 75 76 99
f 76 77 99
f 77 78 99
f 78 59 99
f 80 79 100
f 81 80 100
f 82 81 100
f 83 82 100
f 84 83 100
f 85 84 100
f 86 85 100
f 87 86 100
f 88 87 100
f 89 88 100
f 90 89 100
f 91 90 100
f 92 91 100
f 93 92 100
f 94 93 100
f 95 94 100
f 96 95 100
f 97 96 100
f 98 97 100
f 79 98 100
o under_leg_R
v 0.580000 -0.980000 0.000000
v 0.579956 -0.980000 0.463250
v 0.564127 -0.980000 0.519645
v 0.519645 -0.980000 0.564127
v 0.463250 -0.980000 0.579956
v 0.000000 -0.980000 0.580000
v -0.463250 -0.980000 0.579956
v -0.519645 -0.980000 0.564127
v -0.564127 -0.980000 0.519645
v -0.579956 -0.980000 0.463250
v -0.580000 -0.980000 0.000000
v -0.579956 -0.980000 -0.463250
v -0.564127 -0.980000 -0.519645
v -0.519645 -0.980000 -0.564127
v -0.463250 -0.980000 -0.579956
v -0.000000 -0.980000 -0.580000
v 0.463250 -0.980000 -0.579956
v 0.519645 -0.980000 -0.564127
v 0.564127 -0.980000 -0.519645
v 0.579956 -0.980000 -0.463250
v 0.580000 0.980000 0.000000
v 0.579956 0.980000 0.463250
v 0.564127 0.980000 0.519645
v 0.519645 0.980000 0.564127
v 0.463250 0.980000 0.579956
v 0.000000 0.980000 0.580000
v -0.463250 0.980000 0.579956
v -0.519645 0.980000 0.564127
v -0.564127 0.980000 0.519645
v -0.579956 0.980000 0.463250
v -0.580000 0.980000 0.000000
v -0.579956 0.980000 -0.463250
v -0.564127 0.980000 -0.519645
v -0.519645 0.980000 -0.564127
v -0.463250 0.980000 -0.579956
v -0.000000 0.980000 -0.580000
v 0.463250 0.980000 -0.579956
v 0.519645 0.980000 -0.564127
v 0.564127 0.980000 -0.519645
v 0.579956 0.980000 -0.463250
v 0.000000 -0.980000 0.000000
v 0.000000 0.980000 0.000000
vn 0.832050 -0.554700 -0.000026
vn 0.826472 -0.557901 0.075435
vn 0.745011 -0.565968 0.353043
vn 0.476671 -0.565968 0.672655
vn 0.150790 -0.557901 0.816094
vn 0.000026 -0.554700 0.832050
vn -0.075435 -0.557901 0.826472
vn -0.353043 -0.565968 0.745011
vn -0.672655 -0.565968 0.476671
vn -0.816094 -0.557901 0.150790
vn -0.832050 -0.554700 0.000026
vn -0.826472 -0.557901 -0.075435
vn -0.745011 -0.565968 -0.353043
vn -0.476671 -0.565968 -0.672655
vn -0.150790 -0.557901 -0.816094
vn -0.000026 -0.554700 -0.832050
vn 0.075435 -0.557901 -0.826472
vn 0.353043 -0.565968 -0.745011
vn 0.672655 -0.565968 -0.476671
vn 0.816094 -0.557901 -0.150790
vn 0.832050 0.554700 0.000026
vn 0.816094 0.557901 0.150790
vn 0.672655 0.565968 0.476671
vn 0.353043 0.565968 0.745011
vn 0.075435 0.557901 0.826472
vn -0.000026 0.554700 0.832050
vn -0.150790 0.557901 0.816094
vn -0.476671 0.565968 0.672655
vn -0.745011 0.565968 0.353043
vn -0.826472 0.557901 0.075435
vn -0.832050 0.554700 -0.000026
vn -0.816094 0.557901 -0.150790
vn -0.672655 0.565968 -0.476671
vn -0.353043 0.565968 -0.745011
vn -0.075435 0.557901 -0.826472
vn 0.000026 0.554700 -0.832050
vn 0.150790 0.557901 -0.816094
vn 0.476671 0.565968 -0.672655
vn 0.745011 0.565968 -0.353043
vn 0.826472 0.557901 -0.075435
vn 0.000000 -1.000000 0.000000
vn 0.000000 1.000000 0.000000
usemtl leather
f 121 122 102
f 121 102 101
f 122 123 103
f 122 103 102
f 123 124 104
f 123 104 103
f 124 125 105
f 124 105 104
f 125 126 106
f 125 106 105
f 126 127 107
f 126 107 106
f 127 128 108
f 127 108 107
f 128 129 109
f 128 109 108
f 129 130 110
f 129 110 109
f 130 131 111
f 130 111 110
f 131 132 112
f 131 112 111
f 132 133 113
f 132 113 112
f 133 134 114
f 133 114 113
f 134 135 115
f 134 115 114
f 135 136 116
f 135 116 115
f 136 137 117
f 136 117 116
f 137 138 118
f 137 118 117
f 138 139 119
f 138 119 118
f 139 140 120
f 139 120 119
f 140 121 101
f 140 101 120
f 101 102 141
f 102 103 141
f 103 104 141
f 104 105 141
f 105 106 141
f 106 107 141
f 107 108 141
f 108 109 141
f 109 110 141
f 110 111 141
f 111 112 141
f 112 113 141
f 113 114 141
f 114 115 141
f 115 116 141
f 116 117 141
f 117 118 141
f 118 119 141
f 119 120 141
f 120 101 141
f 122 121 142
f 123 122 142
f 124 123 142
f 125 124 142
f 126 125 142
f 127 126 142
f 128 127 142
f 129 128 142
f 130 129 142
f 131 130 142
f 132 131 142
f 133 132 142
f 134 133 142
f 135 134 142
f 136 135 142
f 137 136 142
f 138 137 142
f 139 138 142
f 140 139 142
f 121 140 142
o under_arm_L
v 0.580000 -0.980000 0.000000
v 0.579956 -0.980000 0.463250
v 0.564127 -0.980000 0.519645
v 0.519645 -0.980000 0.564127
v 0.463250 -0.980000 0.579956
v 0.000000 -0.980000 0.580000
v -0.463250 -0.980000 0.579956
v -0.519645 -0.980000 0.564127
v -0.564127 -0.980000 0.519645
v -0.579956 -0.980000 0.463250
v -0.580000 -0.980000 0.000000
v -0.579956 -0.980000 -0.463250
v -0.564127 -0.980000 -0.519645
v -0.519645 -0.980000 -0.564127
v -0.463250 -0.980000 -0.579956
v -0.000000 -0.980000 -0.580000
v 0.463250 -0.980000 -0.579956
v 0.519645 -0.980000 -0.564127
v 0.564127 -0.980000 -0.519645
v 0.579956 -0.980000 -0.463250
v 0.580000 1.000000 0.000000
v 0.579956 1.000000 0.463250
v 0.564127 1.000000 0.519645
v 0.519645 1.000000 0.564127
v 0.463250 1.000000 0.579956
v 0.000000 1.000000 0.580000
v -0.463250 1.000000 0.579956
v -0.519645 1.000000 0.564127
v -0.564127 1.000000 0.519645
v -0.579956 1.000000 0.463250
v -0.580000 1.000000 0.000000
v -0.579956 1.000000 -0.463250
v -0.564127 1.000000 -0.519645
v -0.519645 1.000000 -0.564127
v -0.463250 1.000000 -0.579956
v -0.000000 1.000000 -0.580000
v 0.463250 1.000000 -0.579956
v 0.519645 1.000000 -0.564127
v 0.564127 1.000000 -0.519645
v 0.579956 1.000000 -0.463250
v 0.000000 -0.980000 0.000000
v 0.000000 1.000000 0.000000
vn 0.832050 -0.554700 -0.000026
vn 0.826472 -0.557901 0.075435
vn 0.745011 -0.565968 0.353043
vn 0.476671 -0.565968 0.672655
vn 0.150790 -0.557901 0.816094
vn 0.000026 -0.554700 0.832050
vn -0.075435 -0.557901 0.826472
vn -0.353043 -0.565968 0.745011
vn -0.672655 -0.565968 0.476671
vn -0.816094 -0.557901 0.150790
vn -0.832050 -0.554700 0.000026
vn -0.826472 -0.557901 -0.075435
vn -0.745011 -0.565968 -0.353043
vn -0.476671 -0.565968 -0.672655
vn -0.150790 -0.557901 -0.816094
vn -0.000026 -0.554700 -0.832050
vn 0.075435 -0.557901 -0.826472
vn 0.353043 -0.565968 -0.745011
vn 0.672655 -0.565968 -0.476671
vn 0.816094 -0.557901 -0.150790
vn 0.832050 0.554700 0.000026
vn 0.816094 0.557901 0.150790
vn 0.672655 0.565968 0.476671
vn 0.353043 0.565968 0.745011
vn 0.075435 0.557901 0.826472
vn -0.000026 0.554700 0.832050
vn -0.150790 0.557901 0.816094
vn -0.476671 0.565968 0.672655
vn -0.745011 0.565968 0.353043
vn -0.826472 0.557901 0.075435
vn -0.832050 0.554700 -0.000026
vn -0.816094 0.557901 -0.150790
vn -0.672655 0.565968 -0.476671
vn -0.353043 0.565968 -0.745011
vn -0.075435 0.557901 -0.826472
vn 0.000026 0.554700 -0.832050
vn 0.150790 0.557901 -0.816094
vn 0.476671 0.565968 -0.672655
vn 0.745011 0.565968 -0.353043
vn 0.826472 0.557901 -0.075435
vn 0.000000 -1.000000 0.000000
vn 0.000000 1.000000 0.000000
usemtl leather
f 163 164 144
f 163 144 143
f 164 165 145
f 164 145 144
f 165 166 146
f 165 146 145
f 166 167 147
f 166 147 146
f 167 168 148
f 167 148 147
f 168 169 149
f 168 149 148
f 169 170 150
f 169 150 149
f 170 171 151
f 170 151 150
f 171 172 152
f 171 152 151
f 172 173 153
f 172 153 152
f 173 174 154
f 173 154 153
f 174 175 155
f 174 155 154
f 175 176 156
f 175 156 155
f 176 177 157
f 176 157 156
f 177 178 158
f 177 158 157
f 178 179 159
f 178 159 158
f 179 180 160
f 179 160 159
f 180 181 161
f 180 161 160
f 181 182 162
f 181 162 161
f 182 163 143
f 182 143 162
f 143 144 183
f 144 145 183
f 145 146 183
f 146 147 183
f 147 148 183
f 148 149 183
f 149 150 183
f 150 151 183
f 151 152 183
f 152 153 183
f 153 154 183
f 154 155 183
f 155 156 183
f 156 157 183
f 157 158 183
f 158 159 183
f 159 160 183
f 160 161 183
f 161 162 183
f 162 143 183
f 164 163 184
f 165 164 184
f 166 165 184
f 167 166 184
f 168 167 184
f 169 168 184
f 170 169 184
f 171 170 184
f 172 171 184
f 173 172 184
f 174 173 184
f 175 174 184
f 176 175 184
f 177 176 184
f 178 177 184
f 179 178 184
f 180 179 184
f 181 180 184
f 182 181 184
f 163 182 184
o under_leg_L
v 0.580000 -0.980000 0.000000
v 0.579956 -0.980000 0.463250
v 0.564127 -0.980000 0.519645
v 0.519645 -0.980000 0.564127
v 0.463250 -0.980000 0.579956
v 0.000000 -0.980000 0.580000
v -0.463250 -0.980000 0.579956
v -0.519645 -0.980000 0.564127
v -0.564127 -0.980000 0.519645
v -0.579956 -0.980000 0.463250
v -0.580000 -0.980000 0.000000
v -0.579956 -0.980000 -0.463250
v -0.564127 -0.980000 -0.519645
v -0.519645 -0.980000 -0.564127
v -0.463250 -0.980000 -0.579956
v -0.000000 -0.980000 -0.580000
v 0.463250 -0.980000 -0.579956
v 0.519645 -0.980000 -0.564127
v 0.564127 -0.980000 -0.519645
v 0.579956 -0.980000 -0.463250
v 0.580000 0.980000 0.000000
v 0.579956 0.980000 0.463250
v 0.564127 0.980000 0.519645
v 0.519645 0.980000 0.564127
v 0.463250 0.980000 0.579956
v 0.000000 0.980000 0.580000
v -0.463250 0.980000 0.579956
v -0.519645 0.980000 0.564127
v -0.564127 0.980000 0.519645
v -0.579956 0.980000 0.463250
v -0.580000 0.980000 0.000000
v -0.579956 0.980000 -0.463250
v -0.564127 0.980000 -0.519645
v -0.519645 0.980000 -0.564127
v -0.463250 0.980000 -0.579956
v -0.000000 0.980000 -0.580000
v 0.463250 0.980000 -0.579956
v 0.519645 0.980000 -0.564127
v 0.564127 0.980000 -0.519645
v 0.579956 0.980000 -0.463250
v 0.000000 -0.980000 0.000000
v 0.000000 0.980000 0.000000
vn 0.832050 -0.554700 -0.000026
vn 0.826472 -0.557901 0.075435
vn 0.745011 -0.565968 0.353043
vn 0.476671 -0.565968 0.672655
vn 0.150790 -0.557901 0.816094
vn 0.000026 -0.554700 0.832050
vn -0.075435 -0.557901 0.826472
vn -0.353043 -0.565968 0.745011
vn -0.672655 -0.565968 0.476671
vn -0.816094 -0.557901 0.150790
vn -0.832050 -0.554700 0.000026
vn -0.826472 -0.557901 -0.075435
vn -0.745011 -0.565968 -0.353043
vn -0.476671 -0.565968 -0.672655
vn -0.150790 -0.557901 -0.816094
vn -0.000026 -0.554700 -0.832050
vn 0.075435 -0.557901 -0.826472
vn 0.353043 -0.565968 -0.745011
vn 0.672655 -0.565968 -0.476671
vn 0.816094 -0.557901 -0.150790
vn 0.832050 0.554700 0.000026
vn 0.816094 0.557901 0.150790
vn 0.672655 0.565968 0.476671
vn 0.353043 0.565968 0.745011
vn 0.075435 0.557901 0.826472
vn -0.000026 0.554700 0.832050
vn -0.150790 0.557901 0.816094
vn -0.476671 0.565968 0.672655
vn -0.745011 0.565968 0.353043
vn -0.826472 0.557901 0.075435
vn -0.832050 0.554700 -0.000026
vn -0.816094 0.557901 -0.150790
vn -0.672655 0.565968 -0.476671
vn -0.353043 0.565968 -0.745011
vn -0.075435 0.557901 -0.826472
vn 0.000026 0.554700 -0.832050
vn 0.150790 0.557901 -0.816094
vn 0.476671 0.565968 -0.672655
vn 0.745011 0.565968 -0.353043
vn 0.826472 0.557901 -0.075435
vn 0.000000 -1.000000 0.000000
vn 0.000000 1.000000 0.000000
usemtl leather
f 205 206 186
f 205 186 185
f 206 207 187
f 206 187 186
f 207 208 188
f 207 188 187
f 208 209 189
f 208 189 188
f 209 210 190
f 209 190 189
f 210 211 191
f 210 191 190
f 211 212 192
f 211 192 191
f 212 213 193
f 212 193 192
f 213 214 194
f 213 194 193
f 214 215 195
f 214 195 194
f 215 216 196
f 215 196 195
f 216 217 197
f 216 197 196
f 217 218 198
f 217 198 197
f 218 219 199
f 218 199 198
f 219 220 200
f 219 200 199
f 220 221 201
f 220 201 200
f 221 222 202
f 221 202 201
f 222 223 203
f 222 203 202
f 223 224 204
f 223 204 203
f 224 205 185
f 224 185 204
f 185 186 225
f 186 187 225
f 187 188 225
f 188 189 225
f 189 190 225
f 190 191 225
f 191 192 225
f 192 193 225
f 193 194 225
f 194 195 225
f 195 196 225
f 196 197 225
f 197 198 225
f 198 199 225
f 199 200 225
f 200 201 225
f 201 202 225
f 202 203 225
f 203 204 225
f 204 185 225
f 206 205 226
f 207 206 226
f 208 207 226
f 209 208 226
f 210 209 226
f 211 210 226
f 212 211 226
f 213 212 226
f 214 213 226
f 215 214 226
f 216 215 226
f 217 216 226
f 218 217 226
f 219 218 226
f 220 219 226
f 221 220 226
f 222 221 226
f 223 222 226
f 224 223 226
f 205 224 226
o lamellar_front_0
v 1.080000 0.564375 0.000000
v 1.050000 0.700000 0.000000
v 1.066703 0.564375 0.121643
v 1.037073 0.700000 0.118264
v 1.027141 0.564375 0.240292
v 0.998609 0.700000 0.233617
v 0.962287 0.564375 0.353023
v 0.935557 0.700000 0.343217
v 0.873738 0.564375 0.457062
v 0.849468 0.700000 0.444366
v 0.763675 0.564375 0.549846
v 0.742462 0.700000 0.534573
v 0.634808 0.564375 0.629092
v 0.617175 0.700000 0.611617
v 0.490310 0.564375 0.692847
v 0.476690 0.700000 0.673601
v 0.333738 0.564375 0.739542
v 0.324468 0.700000 0.718999
v 0.168949 0.564375 0.768026
v 0.164256 0.700000 0.746692
v 0.000000 0.564375 0.777600
v 0.000000 0.700000 0.756000
v -0.168949 0.564375 0.768026
v -0.164256 0.700000 0.746692
v -0.333738 0.564375 0.739542
v -0.324468 0.700000 0.718999
v -0.490310 0.564375 0.692847
v -0.476690 0.700000 0.673601
v -0.634808 0.564375 0.629092
v -0.617175 0.700000 0.611617
v -0.763675 0.564375 0.549846
v -0.742462 0.700000 0.534573
v -0.873738 0.564375 0.457062
v -0.849468 0.700000 0.444366
v -0.962287 0.564375 0.353023
v -0.935557 0.700000 0.343217
v -1.027141 0.564375 0.240292
v -0.998609 0.700000 0.233617
v -1.066703 0.564375 0.121643
v -1.037073 0.700000 0.118264
v -1.080000 0.564375 0.000000
v -1.050000 0.700000 0.000000
vn 0.970884 0.214758 0.106125
vn 0.970884 0.214758 0.106125
vn 0.946467 0.212826 0.242706
vn 0.961021 0.214311 0.174672
vn 0.878772 0.206054 0.430467
vn 0.905089 0.208640 0.370518
vn 0.783862 0.197065 0.588834
vn 0.817867 0.200197 0.539457
vn 0.673411 0.187452 0.715108
vn 0.711389 0.190629 0.676452
vn 0.556342 0.178414 0.811574
vn 0.595716 0.181294 0.782467
vn 0.438074 0.170675 0.882588
vn 0.477416 0.173069 0.861465
vn 0.321192 0.164595 0.932601
vn 0.359906 0.166414 0.918027
vn 0.206426 0.160313 0.965240
vn 0.244426 0.161529 0.956119
vn 0.093437 0.157866 0.983030
vn 0.130922 0.158473 0.978645
vn -0.018650 0.157253 0.987382
vn 0.018650 0.157253 0.987382
vn -0.130922 0.158473 0.978645
vn -0.093437 0.157866 0.983030
vn -0.244426 0.161529 0.956119
vn -0.206426 0.160313 0.965240
vn -0.359906 0.166414 0.918027
vn -0.321192 0.164595 0.932601
vn -0.477416 0.173069 0.861465
vn -0.438074 0.170675 0.882588
vn -0.595716 0.181294 0.782467
vn -0.556342 0.178414 0.811574
vn -0.711389 0.190629 0.676452
vn -0.673411 0.187452 0.715108
vn -0.817867 0.200197 0.539457
vn -0.783862 0.197065 0.588834
vn -0.905089 0.208640 0.370518
vn -0.878772 0.206054 0.430467
vn -0.961021 0.214311 0.174672
vn -0.946467 0.212826 0.242706
vn -0.970884 0.214758 0.106125
vn -0.970884 0.214758 0.106125
usemtl steel_dark
f 227 228 230
f 227 230 229
f 229 230 232
f 229 232 231
f 231 232 234
f 231 234 233
f 233 234 236
f 233 236 235
f 235 236 238
f 235 238 237
f 237 238 240
f 237 240 239
f 239 240 242
f 239 242 241
f 241 242 244
f 241 244 243
f 243 244 246
f 243 246 245
f 245 246 248
f 245 248 247
f 247 248 250
f 247 250 249
f 249 250 252
f 249 252 251
f 251 252 254
f 251 254 253
f 253 254 256
f 253 256 255
f 255 256 258
f 255 258 257
f 257 258 260
f 257 260 259
f 259 260 262
f 259 262 261
f 261 262 264
f 261 264 263
f 263 264 266
f 263 266 265
f 265 266 268
f 265 268 267
o lamellar_front_1
v 1.080000 0.370625 0.000000
v 1.050000 0.506250 0.000000
v 1.066703 0.370625 0.121643
v 1.037073 0.506250 0.118264
v 1.027141 0.370625 0.240292
v 0.998609 0.506250 0.233617
v 0.962287 0.370625 0.353023
v 0.935557 0.506250 0.343217
v 0.873738 0.370625 0.457062
v 0.849468 0.506250 0.444366
v 0.763675 0.370625 0.549846
v 0.742462 0.506250 0.534573
v 0.634808 0.370625 0.629092
v 0.617175 0.506250 0.611617
v 0.490310 0.370625 0.692847
v 0.476690 0.506250 0.673601
v 0.333738 0.370625 0.739542
v 0.324468 0.506250 0.718999
v 0.168949 0.370625 0.768026
v 0.164256 0.506250 0.746692
v 0.000000 0.370625 0.777600
v 0.000000 0.506250 0.756000
v -0.168949 0.370625 0.768026
v -0.164256 0.506250 0.746692
v -0.333738 0.370625 0.739542
v -0.324468 0.506250 0.718999
v -0.490310 0.370625 0.692847
v -0.476690 0.506250 0.673601
v -0.634808 0.370625 0.629092
v -0.617175 0.506250 0.611617
v -0.763675 0.370625 0.549846
v -0.742462 0.506250 0.534573
v -0.873738 0.370625 0.457062
v -0.849468 0.506250 0.444366
v -0.962287 0.370625 0.353023
v -0.935557 0.506250 0.343217
v -1.027141 0.370625 0.240292
v -0.998609 0.506250 0.233617
v -1.066703 0.370625 0.121643
v -1.037073 0.506250 0.118264
v -1.080000 0.370625 0.000000
v -1.050000 0.506250 0.000000
vn 0.970884 0.214758 0.106125
vn 0.970884 0.214758 0.106125
vn 0.946467 0.212826 0.242706
vn 0.961021 0.214311 0.174672
vn 0.878772 0.206054 0.430467
vn 0.905089 0.208640 0.370518
vn 0.783862 0.197065 0.588834
vn 0.817867 0.200197 0.539457
vn 0.673411 0.187452 0.715108
vn 0.711389 0.190629 0.676452
vn 0.556342 0.178414 0.811574
vn 0.595716 0.181294 0.782467
vn 0.438074 0.170675 0.882588
vn 0.477416 0.173069 0.861465
vn 0.321192 0.164595 0.932601
vn 0.359906 0.166414 0.918027
vn 0.206426 0.160313 0.965240
vn 0.244426 0.161529 0.956119
vn 0.093437 0.157866 0.983030
vn 0.130922 0.158473 0.978645
vn -0.018650 0.157253 0.987382
vn 0.018650 0.157253 0.987382
vn -0.130922 0.158473 0.978645
vn -0.093437 0.157866 0.983030
vn -0.244426 0.161529 0.956119
vn -0.206426 0.160313 0.965240
vn -0.359906 0.166414 0.918027
vn -0.321192 0.164595 0.932601
vn -0.477416 0.173069 0.861465
vn -0.438074 0.170675 0.882588
vn -0.595716 0.181294 0.782467
vn -0.556342 0.178414 0.811574
vn -0.711389 0.190629 0.676452
vn -0.673411 0.187452 0.715108
vn -0.817867 0.200197 0.539457
vn -0.783862 0.197065 0.588834
vn -0.905089 0.208640 0.370518
vn -0.878772 0.206054 0.430467
vn -0.961021 0.214311 0.174672
vn -0.946467 0.212826 0.242706
vn -0.970884 0.214758 0.106125
vn -0.970884 0.214758 0.106125
usemtl steel_dark
f 269 270 272
f 269 272 271
f 271 272 274
f 271 274 273
f 273 274 276
f 273 276 275
f 275 276 278
f 275 278 277
f 277 278 280
f 277 280 279
f 279 280 282
f 279 282 281
f 281 282 284
f 281 284 283
f 283 284 286
f 283 286 285
f 285 286 288
f 285 288 287
f 287 288 290
f 287 290 289
f 289 290 292
f 289 292 291
f 291 292 294
f 291 294 293
f 293 294 296
f 293 296 295
f 295 296 298
f 295 298 297
f 297 298 300
f 297 300 299
f 299 300 302
f 299 302 301
f 301 302 304
f 301 304 303
f 303 304 306
f 303 306 305
f 305 306 308
f 305 308 307
f 307 308 310
f 307 310 309
o lamellar_front_2
v 1.080000 0.176875 0.000000
v 1.050000 0.312500 0.000000
v 1.066703 0.176875 0.121643
v 1.037073 0.312500 0.118264
v 1.027141 0.176875 0.240292
v 0.998609 0.312500 0.233617
v 0.962287 0.176875 0.353023
v 0.935557 0.312500 0.343217
v 0.873738 0.176875 0.457062
v 0.849468 0.312500 0.444366
v 0.763675 0.176875 0.549846
v 0.742462 0.312500 0.534573
v 0.634808 0.176875 0.629092
v 0.617175 0.312500 0.611617
v 0.490310 0.176875 0.692847
v 0.476690 0.312500 0.673601
v 0.333738 0.176875 0.739542
v 0.324468 0.312500 0.718999
v 0.168949 0.176875 0.768026
v 0.164256 0.312500 0.746692
v 0.000000 0.176875 0.777600
v 0.000000 0.312500 0.756000
v -0.168949 0.176875 0.768026
v -0.164256 0.312500 0.746692
v -0.333738 0.176875 0.739542
v -0.324468 0.312500 0.718999
v -0.490310 0.176875 0.692847
v -0.476690 0.312500 0.673601
v -0.634808 0.176875 0.629092
v -0.617175 0.312500 0.611617
v -0.763675 0.176875 0.549846
v -0.742462 0.312500 0.534573
v -0.873738 0.176875 0.457062
v -0.849468 0.312500 0.444366
v -0.962287 0.176875 0.353023
v -0.935557 0.312500 0.343217
v -1.027141 0.176875 0.240292
v -0.998609 0.312500 0.233617
v -1.066703 0.176875 0.121643
v -1.037073 0.312500 0.118264
v -1.080000 0.176875 0.000000
v -1.050000 0.312500 0.000000
vn 0.970884 0.214758 0.106125
vn 0.970884 0.214758 0.106125
vn 0.946467 0.212826 0.242706
vn 0.961021 0.214311 0.174672
vn 0.878772 0.206054 0.430467
vn 0.905089 0.208640 0.370518
vn 0.783862 0.197065 0.588834
vn 0.817867 0.200197 0.539457
vn 0.673411 0.187452 0.715108
vn 0.711389 0.190629 0.676452
vn 0.556342 0.178414 0.811574
vn 0.595716 0.181294 0.782467
vn 0.438074 0.170675 0.882588
vn 0.477416 0.173069 0.861465
vn 0.321192 0.164595 0.932601
vn 0.359906 0.166414 0.918027
vn 0.206426 0.160313 0.965240
vn 0.244426 0.161529 0.956119
vn 0.093437 0.157866 0.983030
vn 0.130922 0.158473 0.978645
vn -0.018650 0.157253 0.987382
vn 0.018650 0.157253 0.987382
vn -0.130922 0.158473 0.978645
vn -0.093437 0.157866 0.983030
vn -0.244426 0.161529 0.956119
vn -0.206426 0.160313 0.965240
vn -0.359906 0.166414 0.918027
vn -0.321192 0.164595 0.932601
vn -0.477416 0.173069 0.861465
vn -0.438074 0.170675 0.882588
vn -0.595716 0.181294 0.782467
vn -0.556342 0.178414 0.811574
vn -0.711389 0.190629 0.676452
vn -0.673411 0.187452 0.715108
vn -0.817867 0.200197 0.539457
vn -0.783862 0.197065 0.588834
vn -0.905089 0.208640 0.370518
vn -0.878772 0.206054 0.430467
vn -0.961021 0.214311 0.174672
vn -0.946467 0.212826 0.242706
vn -0.970884 0.214758 0.106125
vn -0.970884 0.214758 0.106125
usemtl steel_dark
f 311 312 314
f 311 314 313
f 313 314 316
f 313 316 315
f 315 316 318
f 315 318 317
f 317 318 320
f 317 320 319
f 319 320 322
f 319 322 321
f 321 322 324
f 321 324 323
f 323 324 326
f 323 326 325
f 325 326 328
f 325 328 327
f 327 328 330
f 327 330 329
f 329 330 332
f 329 332 331
f 331 332 334
f 331 334 333
f 333 334 336
f 333 336 335
f 335 336 338
f 335 338 337
f 337 338 340
f 337 340 339
f 339 340 342
f 339 342 341
f 341 342 344
f 341 344 343
f 343 344 346
f 343 346 345
f 345 346 348
f 345 348 347
f 347 348 350
f 347 350 349
f 349 350 352
f 349 352 351
o lamellar_front_3
v 1.080000 -0.016875 0.000000
v 1.050000 0.118750 0.000000
v 1.066703 -0.016875 0.121643
v 1.037073 0.118750 0.118264
v 1.027141 -0.016875 0.240292
v 0.998609 0.118750 0.233617
v 0.962287 -0.016875 0.353023
v 0.935557 0.118750 0.343217
v 0.873738 -0.016875 0.457062
v 0.849468 0.118750 0.444366
v 0.763675 -0.016875 0.549846
v 0.742462 0.118750 0.534573
v 0.634808 -0.016875 0.629092
v 0.617175 0.118750 0.611617
v 0.490310 -0.016875 0.692847
v 0.476690 0.118750 0.673601
v 0.333738 -0.016875 0.739542
v 0.324468 0.118750 0.718999
v 0.168949 -0.016875 0.768026
v 0.164256 0.118750 0.746692
v 0.000000 -0.016875 0.777600
v 0.000000 0.118750 0.756000
v -0.168949 -0.016875 0.768026
v -0.164256 0.118750 0.746692
v -0.333738 -0.016875 0.739542
v -0.324468 0.118750 0.718999
v -0.490310 -0.016875 0.692847
v -0.476690 0.118750 0.673601
v -0.634808 -0.016875 0.629092
v -0.617175 0.118750 0.611617
v -0.763675 -0.016875 0.549846
v -0.742462 0.118750 0.534573
v -0.873738 -0.016875 0.457062
v -0.849468 0.118750 0.444366
v -0.962287 -0.016875 0.353023
v -0.935557 0.118750 0.343217
v -1.027141 -0.016875 0.240292
v -0.998609 0.118750 0.233617
v -1.066703 -0.016875 0.121643
v -1.037073 0.118750 0.118264
v -1.080000 -0.016875 0.000000
v -1.050000 0.118750 0.000000
vn 0.970884 0.214758 0.106125
vn 0.970884 0.214758 0.106125
vn 0.946467 0.212826 0.242706
vn 0.961021 0.214311 0.174672
vn 0.878772 0.206054 0.430467
vn 0.905089 0.208640 0.370518
vn 0.783862 0.197065 0.588834
vn 0.817867 0.200197 0.539457
vn 0.673411 0.187452 0.715108
vn 0.711389 0.190629 0.676452
vn 0.556342 0.178414 0.811574
vn 0.595716 0.181294 0.782467
vn 0.438074 0.170675 0.882588
vn 0.477416 0.173069 0.861465
vn 0.321192 0.164595 0.932601
vn 0.359906 0.166414 0.918027
vn 0.206426 0.160313 0.965240
vn 0.244426 0.161529 0.956119
vn 0.093437 0.157866 0.983030
vn 0.130922 0.158473 0.978645
vn -0.018650 0.157253 0.987382
vn 0.018650 0.157253 0.987382
vn -0.130922 0.158473 0.978645
vn -0.093437 0.157866 0.983030
vn -0.244426 0.161529 0.956119
vn -0.206426 0.160313 0.965240
vn -0.359906 0.166414 0.918027
vn -0.321192 0.164595 0.932601
vn -0.477416 0.173069 0.861465
vn -0.438074 0.170675 0.882588
vn -0.595716 0.181294 0.782467
vn -0.556342 0.178414 0.811574
vn -0.711389 0.190629 0.676452
vn -0.673411 0.187452 0.715108
vn -0.817867 0.200197 0.539457
vn -0.783862 0.197065 0.588834
vn -0.905089 0.208640 0.370518
vn -0.878772 0.206054 0.430467
vn -0.961021 0.214311 0.174672
vn -0.946467 0.212826 0.242706
vn -0.970884 0.214758 0.106125
vn -0.970884 0.214758 0.106125
usemtl steel_dark
f 353 354 356
f 353 356 355
f 355 356 358
f 355 358 357
f 357 358 360
f 357 360 359
f 359 360 362
f 359 362 361
f 361 362 364
f 361 364 363
f 363 364 366
f 363 366 365
f 365 366 368
f 365 368 367
f 367 368 370
f 367 370 369
f 369 370 372
f 369 372 371
f 371 372 374
f 371 374 373
f 373 374 376
f 373 376 375
f 375 376 378
f 375 378 377
f 377 378 380
f 377 380 379
f 379 380 382
f 379 382 381
f 381 382 384
f 381 384 383
f 383 384 386
f 383 386 385
f 385 386 388
f 385 388 387
f 387 388 390
f 387 390 389
f 389 390 392
f 389 392 391
f 391 392 394
f 391 394 393
o lamellar_front_4
v 1.080000 -0.210625 0.000000
v 1.050000 -0.075000 0.000000
v 1.066703 -0.210625 0.121643
v 1.037073 -0.075000 0.118264
v 1.027141 -0.210625 0.240292
v 0.998609 -0.075000 0.233617
v 0.962287 -0.210625 0.353023
v 0.935557 -0.075000 0.343217
v 0.873738 -0.210625 0.457062
v 0.849468 -0.075000 0.444366
v 0.763675 -0.210625 0.549846
v 0.742462 -0.075000 0.534573
v 0.634808 -0.210625 0.629092
v 0.617175 -0.075000 0.611617
v 0.490310 -0.210625 0.692847
v 0.476690 -0.075000 0.673601
v 0.333738 -0.210625 0.739542
v 0.324468 -0.075000 0.718999
v 0.168949 -0.210625 0.768026
v 0.164256 -0.075000 0.746692
v 0.000000 -0.210625 0.777600
v 0.000000 -0.075000 0.756000
v -0.168949 -0.210625 0.768026
v -0.164256 -0.075000 0.746692
v -0.333738 -0.210625 0.739542
v -0.324468 -0.075000 0.718999
v -0.490310 -0.210625 0.692847
v -0.476690 -0.075000 0.673601
v -0.634808 -0.210625 0.629092
v -0.617175 -0.075000 0.611617
v -0.763675 -0.210625 0.549846
v -0.742462 -0.075000 0.534573
v -0.873738 -0.210625 0.457062
v -0.849468 -0.075000 0.444366
v -0.962287 -0.210625 0.353023
v -0.935557 -0.075000 0.343217
v -1.027141 -0.210625 0.240292
v -0.998609 -0.075000 0.233617
v -1.066703 -0.210625 0.121643
v -1.037073 -0.075000 0.118264
v -1.080000 -0.210625 0.000000
v -1.050000 -0.075000 0.000000
vn 0.970884 0.214758 0.106125
vn 0.970884 0.214758 0.106125
vn 0.946467 0.212826 0.242706
vn 0.961021 0.214311 0.174672
vn 0.878772 0.206054 0.430467
vn 0.905089 0.208640 0.370518
vn 0.783862 0.197065 0.588834
vn 0.817867 0.200197 0.539457
vn 0.673411 0.187452 0.715108
vn 0.711389 0.190629 0.676452
vn 0.556342 0.178414 0.811574
vn 0.595716 0.181294 0.782467
vn 0.438074 0.170675 0.882588
vn 0.477416 0.173069 0.861465
vn 0.321192 0.164595 0.932601
vn 0.359906 0.166414 0.918027
vn 0.206426 0.160313 0.965240
vn 0.244426 0.161529 0.956119
vn 0.093437 0.157866 0.983030
vn 0.130922 0.158473 0.978645
vn -0.018650 0.157253 0.987382
vn 0.018650 0.157253 0.987382
vn -0.130922 0.158473 0.978645
vn -0.093437 0.157866 0.983030
vn -0.244426 0.161529 0.956119
vn -0.206426 0.160313 0.965240
vn -0.359906 0.166414 0.918027
vn -0.321192 0.164595 0.932601
vn -0.477416 0.173069 0.861465
vn -0.438074 0.170675 0.882588
vn -0.595716 0.181294 0.782467
vn -0.556342 0.178414 0.811574
vn -0.711389 0.190629 0.676452
vn -0.673411 0.187452 0.715108
vn -0.817867 0.200197 0.539457
vn -0.783862 0.197065 0.588834
vn -0.905089 0.208640 0.370518
vn -0.878772 0.206054 0.430467
vn -0.961021 0.214311 0.174672
vn -0.946467 0.212826 0.242706
vn -0.970884 0.214758 0.106125
vn -0.970884 0.214758 0.106125
usemtl steel_dark
f 395 396 398
f 395 398 397
f 397 398 400
f 397 400 399
f 399 400 402
f 399 402 401
f 401 402 404
f 401 404 403
f 403 404 406
f 403 406 405
f 405 406 408
f 405 408 407
f 407 408 410
f 407 410 409
f 409 410 412
f 409 412 411
f 411 412 414
f 411 414 413
f 413 414 416
f 413 416 415
f 415 416 418
f 415 418 417
f 417 418 420
f 417 420 419
f 419 420 422
f 419 422 421
f 421 422 424
f 421 424 423
f 423 424 426
f 423 426 425
f 425 426 428
f 425 428 427
f 427 428 430
f 427 430 429
f 429 430 432
f 429 432 431
f 431 432 434
f 431 434 433
f 433 434 436
f 433 436 435
o lamellar_front_5
v 1.080000 -0.404375 0.000000
v 1.050000 -0.268750 0.000000
v 1.066703 -0.404375 0.121643
v 1.037073 -0.268750 0.118264
v 1.027141 -0.404375 0.240292
v 0.998609 -0.268750 0.233617
v 0.962287 -0.404375 0.353023
v 0.935557 -0.268750 0.343217
v 0.873738 -0.404375 0.457062
v 0.849468 -0.268750 0.444366
v 0.763675 -0.404375 0.549846
v 0.742462 -0.268750 0.534573
v 0.634808 -0.404375 0.629092
v 0.617175 -0.268750 0.611617
v 0.490310 -0.404375 0.692847
v 0.476690 -0.268750 0.673601
v 0.333738 -0.404375 0.739542
v 0.324468 -0.268750 0.718999
v 0.168949 -0.404375 0.768026
v 0.164256 -0.268750 0.746692
v 0.000000 -0.404375 0.777600
v 0.000000 -0.268750 0.756000
v -0.168949 -0.404375 0.768026
v -0.164256 -0.268750 0.746692
v -0.333738 -0.404375 0.739542
v -0.324468 -0.268750 0.718999
v -0.490310 -0.404375 0.692847
v -0.476690 -0.268750 0.673601
v -0.634808 -0.404375 0.629092
v -0.617175 -0.268750 0.611617
v -0.763675 -0.404375 0.549846
v -0.742462 -0.268750 0.534573
v -0.873738 -0.404375 0.457062
v -0.849468 -0.268750 0.444366
v -0.962287 -0.404375 0.353023
v -0.935557 -0.268750 0.343217
v -1.027141 -0.404375 0.240292
v -0.998609 -0.268750 0.233617
v -1.066703 -0.404375 0.121643
v -1.037073 -0.268750 0.118264
v -1.080000 -0.404375 0.000000
v -1.050000 -0.268750 0.000000
vn 0.970884 0.214758 0.106125
vn 0.970884 0.214758 0.106125
vn 0.946467 0.212826 0.242706
vn 0.961021 0.214311 0.174672
vn 0.878772 0.206054 0.430467
vn 0.905089 0.208640 0.370518
vn 0.783862 0.197065 0.588834
vn 0.817867 0.200197 0.539457
vn 0.673411 0.187452 0.715108
vn 0.711389 0.190629 0.676452
vn 0.556342 0.178414 0.811574
vn 0.595716 0.181294 0.782467
vn 0.438074 0.170675 0.882588
vn 0.477416 0.173069 0.861465
vn 0.321192 0.164595 0.932601
vn 0.359906 0.166414 0.918027
vn 0.206426 0.160313 0.965240
vn 0.244426 0.161529 0.956119
vn 0.093437 0.157866 0.983030
vn 0.130922 0.158473 0.978645
vn -0.018650 0.157253 0.987382
vn 0.018650 0.157253 0.987382
vn -0.130922 0.158473 0.978645
vn -0.093437 0.157866 0.983030
vn -0.244426 0.161529 0.956119
vn -0.206426 0.160313 0.965240
vn -0.359906 0.166414 0.918027
vn -0.321192 0.164595 0.932601
vn -0.477416 0.173069 0.861465
vn -0.438074 0.170675 0.882588
vn -0.595716 0.181294 0.782467
vn -0.556342 0.178414 0.811574
vn -0.711389 0.190629 0.676452
vn -0.673411 0.187452 0.715108
vn -0.817867 0.200197 0.539457
vn -0.783862 0.197065 0.588834
vn -0.905089 0.208640 0.370518
vn -0.878772 0.206054 0.430467
vn -0.961021 0.214311 0.174672
vn -0.946467 0.212826 0.242706
vn -0.970884 0.214758 0.106125
vn -0.970884 0.214758 0.106125
usemtl steel_dark
f 437 438 440
f 437 440 439
f 439 440 442
f 439 442 441
f 441 442 444
f 441 444 443
f 443 444 446
f 443 446 445
f 445 446 448
f 445 448 447
f 447 448 450
f 447 450 449
f 449 450 452
f 449 452 451
f 451 452 454
f 451 454 453
f 453 454 456
f 453 456 455
f 455 456 458
f 455 458 457
f 457 458 460
f 457 460 459
f 459 460 462
f 459 462 461
f 461 462 464
f 461 464 463
f 463 464 466
f 463 466 465
f 465 466 468
f 465 468 467
f 467 468 470
f 467 470 469
f 469 470 472
f 469 472 471
f 471 472 474
f 471 474 473
f 473 474 476
f 473 476 475
f 475 476 478
f 475 478 477
o lamellar_front_6
v 1.080000 -0.598125 0.000000
v 1.050000 -0.462500 0.000000
v 1.066703 -0.598125 0.121643
v 1.037073 -0.462500 0.118264
v 1.027141 -0.598125 0.240292
v 0.998609 -0.462500 0.233617
v 0.962287 -0.598125 0.353023
v 0.935557 -0.462500 0.343217
v 0.873738 -0.598125 0.457062
v 0.849468 -0.462500 0.444366
v 0.763675 -0.598125 0.549846
v 0.742462 -0.462500 0.534573
v 0.634808 -0.598125 0.629092
v 0.617175 -0.462500 0.611617
v 0.490310 -0.598125 0.692847
v 0.476690 -0.462500 0.673601
v 0.333738 -0.598125 0.739542
v 0.324468 -0.462500 0.718999
v 0.168949 -0.598125 0.768026
v 0.164256 -0.462500 0.746692
v 0.000000 -0.598125 0.777600
v 0.000000 -0.462500 0.756000
v -0.168949 -0.598125 0.768026
v -0.164256 -0.462500 0.746692
v -0.333738 -0.598125 0.739542
v -0.324468 -0.462500 0.718999
v -0.490310 -0.598125 0.692847
v -0.476690 -0.462500 0.673601
v -0.634808 -0.598125 0.629092
v -0.617175 -0.462500 0.611617
v -0.763675 -0.598125 0.549846
v -0.742462 -0.462500 0.534573
v -0.873738 -0.598125 0.457062
v -0.849468 -0.462500 0.444366
v -0.962287 -0.598125 0.353023
v -0.935557 -0.462500 0.343217
v -1.027141 -0.598125 0.240292
v -0.998609 -0.462500 0.233617
v -1.066703 -0.598125 0.121643
v -1.037073 -0.462500 0.118264
v -1.080000 -0.598125 0.000000
v -1.050000 -0.462500 0.000000
vn 0.970884 0.214758 0.106125
vn 0.970884 0.214758 0.106125
vn 0.946467 0.212826 0.242706
vn 0.961021 0.214311 0.174672
vn 0.878772 0.206054 0.430467
vn 0.905089 0.208640 0.370518
vn 0.783862 0.197065 0.588834
vn 0.817867 0.200197 0.539457
vn 0.673411 0.187452 0.715108
vn 0.711389 0.190629 0.676452
vn 0.556342 0.178414 0.811574
vn 0.595716 0.181294 0.782467
vn 0.438074 0.170675 0.882588
vn 0.477416 0.173069 0.861465
vn 0.321192 0.164595 0.932601
vn 0.359906 0.166414 0.918027
vn 0.206426 0.160313 0.965240
vn 0.244426 0.161529 0.956119
vn 0.093437 0.157866 0.983030
vn 0.130922 0.158473 0.978645
vn -0.018650 0.157253 0.987382
vn 0.018650 0.157253 0.987382
vn -0.130922 0.158473 0.978645
vn -0.093437 0.157866 0.983030
vn -0.244426 0.161529 0.956119
vn -0.206426 0.160313 0.965240
vn -0.359906 0.166414 0.918027
vn -0.321192 0.164595 0.932601
vn -0.477416 0.173069 0.861465
vn -0.438074 0.170675 0.882588
vn -0.595716 0.181294 0.782467
vn -0.556342 0.178414 0.811574
vn -0.711389 0.190629 0.676452
vn -0.673411 0.187452 0.715108
vn -0.817867 0.200197 0.539457
vn -0.783862 0.197065 0.588834
vn -0.905089 0.208640 0.370518
vn -0.878772 0.206054 0.430467
vn -0.961021 0.214311 0.174672
vn -0.946467 0.212826 0.242706
vn -0.970884 0.214758 0.106125
vn -0.970884 0.214758 0.106125
usemtl steel_dark
f 479 480 482
f 479 482 481
f 481 482 484
f 481 484 483
f 483 484 486
f 483 486 485
f 485 486 488
f 485 488 487
f 487 488 490
f 487 490 489
f 489 490 492
f 489 492 491
f 491 492 494
f 491 494 493
f 493 494 496
f 493 496 495
f 495 496 498
f 495 498 497
f 497 498 500
f 497 500 499
f 499 500 502
f 499 502 501
f 501 502 504
f 501 504 503
f 503 504 506
f 503 506 505
f 505 506 508
f 505 508 507
f 507 508 510
f 507 510 509
f 509 510 512
f 509 512 511
f 511 512 514
f 511 514 513
f 513 514 516
f 513 516 515
f 515 516 518
f 515 518 517
f 517 518 520
f 517 520 519
o lamellar_front_7
v 1.080000 -0.791875 0.000000
v 1.050000 -0.656250 0.000000
v 1.066703 -0.791875 0.121643
v 1.037073 -0.656250 0.118264
v 1.027141 -0.791875 0.240292
v 0.998609 -0.656250 0.233617
v 0.962287 -0.791875 0.353023
v 0.935557 -0.656250 0.343217
v 0.873738 -0.791875 0.457062
v 0.849468 -0.656250 0.444366
v 0.763675 -0.791875 0.549846
v 0.742462 -0.656250 0.534573
v 0.634808 -0.791875 0.629092
v 0.617175 -0.656250 0.611617
v 0.490310 -0.791875 0.692847
v 0.476690 -0.656250 0.673601
v 0.333738 -0.791875 0.739542
v 0.324468 -0.656250 0.718999
v 0.168949 -0.791875 0.768026
v 0.164256 -0.656250 0.746692
v 0.000000 -0.791875 0.777600
v 0.000000 -0.656250 0.756000
v -0.168949 -0.791875 0.768026
v -0.164256 -0.656250 0.746692
v -0.333738 -0.791875 0.739542
v -0.324468 -0.656250 0.718999
v -0.490310 -0.791875 0.692847
v -0.476690 -0.656250 0.673601
v -0.634808 -0.791875 0.629092
v -0.617175 -0.656250 0.611617
v -0.763675 -0.791875 0.549846
v -0.742462 -0.656250 0.534573
v -0.873738 -0.791875 0.457062
v -0.849468 -0.656250 0.444366
v -0.962287 -0.791875 0.353023
v -0.935557 -0.656250 0.343217
v -1.027141 -0.791875 0.240292
v -0.998609 -0.656250 0.233617
v -1.066703 -0.791875 0.121643
v -1.037073 -0.656250 0.118264
v -1.080000 -0.791875 0.000000
v -1.050000 -0.656250 0.000000
vn 0.970884 0.214758 0.106125
vn 0.970884 0.214758 0.106125
vn 0.946467 0.212826 0.242706
vn 0.961021 0.214311 0.174672
vn 0.878772 0.206054 0.430467
vn 0.905089 0.208640 0.370518
vn 0.783862 0.197065 0.588834
vn 0.817867 0.200197 0.539457
vn 0.673411 0.187452 0.715108
vn 0.711389 0.190629 0.676452
vn 0.556342 0.178414 0.811574
vn 0.595716 0.181294 0.782467
vn 0.438074 0.170675 0.882588
vn 0.477416 0.173069 0.861465
vn 0.321192 0.164595 0.932601
vn 0.359906 0.166414 0.918027
vn 0.206426 0.160313 0.965240
vn 0.244426 0.161529 0.956119
vn 0.093437 0.157866 0.983030
vn 0.130922 0.158473 0.978645
vn -0.018650 0.157253 0.987382
vn 0.018650 0.157253 0.987382
vn -0.130922 0.158473 0.978645
vn -0.093437 0.157866 0.983030
vn -0.244426 0.161529 0.956119
vn -0.206426 0.160313 0.965240
vn -0.359906 0.166414 0.918027
vn -0.321192 0.164595 0.932601
vn -0.477416 0.173069 0.861465
vn -0.438074 0.170675 0.882588
vn -0.595716 0.181294 0.782467
vn -0.556342 0.178414 0.811574
vn -0.711389 0.190629 0.676452
vn -0.673411 0.187452 0.715108
vn -0.817867 0.200197 0.539457
vn -0.783862 0.197065 0.588834
vn -0.905089 0.208640 0.370518
vn -0.878772 0.206054 0.430467
vn -0.961021 0.214311 0.174672
vn -0.946467 0.212826 0.242706
vn -0.970884 0.214758 0.106125
vn -0.970884 0.214758 0.106125
usemtl steel_dark
f 521 522 524
f 521 524 523
f 523 524 526
f 523 526 525
f 525 526 528
f 525 528 527
f 527 528 530
f 527 530 529
f 529 530 532
f 529 532 531
f 531 532 534
f 531 534 533
f 533 534 536
f 533 536 535
f 535 536 538
f 535 538 537
f 537 538 540
f 537 540 539
f 539 540 542
f 539 542 541
f 541 542 544
f 541 544 543
f 543 544 546
f 543 546 545
f 545 546 548
f 545 548 547
f 547 548 550
f 547 550 549
f 549 550 552
f 549 552 551
f 551 552 554
f 551 554 553
f 553 554 556
f 553 556 555
f 555 556 558
f 555 558 557
f 557 558 560
f 557 560 559
f 559 560 562
f 559 562 561
o lamellar_back_0
v -1.080000 0.564375 0.000000
v -1.050000 0.700000 0.000000
v -1.066703 0.564375 -0.121643
v -1.037073 0.700000 -0.118264
v -1.027141 0.564375 -0.240292
v -0.998609 0.700000 -0.233617
v -0.962287 0.564375 -0.353023
v -0.935557 0.700000 -0.343217
v -0.873738 0.564375 -0.457062
v -0.849468 0.700000 -0.444366
v -0.763675 0.564375 -0.549846
v -0.742462 0.700000 -0.534573
v -0.634808 0.564375 -0.629092
v -0.617175 0.700000 -0.611617
v -0.490310 0.564375 -0.692847
v -0.476690 0.700000 -0.673601
v -0.333738 0.564375 -0.739542
v -0.324468 0.700000 -0.718999
v -0.168949 0.564375 -0.768026
v -0.164256 0.700000 -0.746692
v -0.000000 0.564375 -0.777600
v -0.000000 0.700000 -0.756000
v 0.168949 0.564375 -0.768026
v 0.164256 0.700000 -0.746692
v 0.333738 0.564375 -0.739542
v 0.324468 0.700000 -0.718999
v 0.490310 0.564375 -0.692847
v 0.476690 0.700000 -0.673601
v 0.634808 0.564375 -0.629092
v 0.617175 0.700000 -0.611617
v 0.763675 0.564375 -0.549846
v 0.742462 0.700000 -0.534573
v 0.873738 0.564375 -0.457062
v 0.849468 0.700000 -0.444366
v 0.962287 0.564375 -0.353023
v 0.935557 0.700000 -0.343217
v 1.027141 0.564375 -0.240292
v 0.998609 0.700000 -0.233617
v 1.066703 0.564375 -0.121643
v 1.037073 0.700000 -0.118264
v 1.080000 0.564375 -0.000000
v 1.050000 0.700000 -0.000000
vn -0.970884 0.214758 -0.106125
vn -0.970884 0.214758 -0.106125
vn -0.946467 0.212826 -0.242706
vn -0.961021 0.214311 -0.174672
vn -0.878772 0.206054 -0.430467
vn -0.905089 0.208640 -0.370518
vn -0.783862 0.197065 -0.588834
vn -0.817867 0.200197 -0.539457
vn -0.673411 0.187452 -0.715108
vn -0.711389 0.190629 -0.676452
vn -0.556342 0.178414 -0.811574
vn -0.595716 0.181294 -0.782467
vn -0.438074 0.170675 -0.882588
vn -0.477416 0.173069 -0.861465
vn -0.321192 0.164595 -0.932601
vn -0.359906 0.166414 -0.918027
vn -0.206426 0.160313 -0.965240
vn -0.244426 0.161529 -0.956119
vn -0.093437 0.157866 -0.983030
vn -0.130922 0.158473 -0.978645
vn 0.018650 0.157253 -0.987382
vn -0.018650 0.157253 -0.987382
vn 0.130922 0.158473 -0.978645
vn 0.093437 0.157866 -0.983030
vn 0.244426 0.161529 -0.956119
vn 0.206426 0.160313 -0.965240
vn 0.359906 0.166414 -0.918027
vn 0.321192 0.164595 -0.932601
vn 0.477416 0.173069 -0.861465
vn 0.438074 0.170675 -0.882588
vn 0.595716 0.181294 -0.782467
vn 0.556342 0.178414 -0.811574
vn 0.711389 0.190629 -0.676452
vn 0.673411 0.187452 -0.715108
vn 0.817867 0.200197 -0.539457
vn 0.783862 0.197065 -0.588834
vn 0.905089 0.208640 -0.370518
vn 0.878772 0.206054 -0.430467
vn 0.961021 0.214311 -0.174672
vn 0.946467 0.212826 -0.242706
vn 0.970884 0.214758 -0.106125
vn 0.970884 0.214758 -0.106125
usemtl steel_dark
f 563 564 566
f 563 566 565
f 565 566 568
f 565 568 567
f 567 568 570
f 567 570 569
f 569 570 572
f 569 572 571
f 571 572 574
f 571 574 573
f 573 574 576
f 573 576 575
f 575 576 578
f 575 578 577
f 577 578 580
f 577 580 579
f 579 580 582
f 579 582 581
f 581 582 584
f 581 584 583
f 583 584 586
f 583 586 585
f 585 586 588
f 585 588 587
f 587 588 590
f 587 590 589
f 589 590 592
f 589 592 591
f 591 592 594
f 591 594 593
f 593 594 596
f 593 596 595
f 595 596 598
f 595 598 597
f 597 598 600
f 597 600 599
f 599 600 602
f 599 602 601
f 601 602 604
f 601 604 603
o lamellar_back_1
v -1.080000 0.370625 0.000000
v -1.050000 0.506250 0.000000
v -1.066703 0.370625 -0.121643
v -1.037073 0.506250 -0.118264
v -1.027141 0.370625 -0.240292
v -0.998609 0.506250 -0.233617
v -0.962287 0.370625 -0.353023
v -0.935557 0.506250 -0.343217
v -0.873738 0.370625 -0.457062
v -0.849468 0.506250 -0.444366
v -0.763675 0.370625 -0.549846
v -0.742462 0.506250 -0.534573
v -0.634808 0.370625 -0.629092
v -0.617175 0.506250 -0.611617
v -0.490310 0.370625 -0.692847
v -0.476690 0.506250 -0.673601
v -0.333738 0.370625 -0.739542
v -0.324468 0.506250 -0.718999
v -0.168949 0.370625 -0.768026
v -0.164256 0.506250 -0.746692
v -0.000000 0.370625 -0.777600
v -0.000000 0.506250 -0.756000
v 0.168949 0.370625 -0.768026
v 0.164256 0.506250 -0.746692
v 0.333738 0.370625 -0.739542
v 0.324468 0.506250 -0.718999
v 0.490310 0.370625 -0.692847
v 0.476690 0.506250 -0.673601
v 0.634808 0.370625 -0.629092
v 0.617175 0.506250 -0.611617
v 0.763675 0.370625 -0.549846
v 0.742462 0.506250 -0.534573
v 0.873738 0.370625 -0.457062
v 0.849468 0.506250 -0.444366
v 0.962287 0.370625 -0.353023
v 0.935557 0.506250 -0.343217
v 1.027141 0.370625 -0.240292
v 0.998609 0.506250 -0.233617
v 1.066703 0.370625 -0.121643
v 1.037073 0.506250 -0.118264
v 1.080000 0.370625 -0.000000
v 1.050000 0.506250 -0.000000
vn -0.970884 0.214758 -0.106125
vn -0.970884 0.214758 -0.106125
vn -0.946467 0.212826 -0.242706
vn -0.961021 0.214311 -0.174672
vn -0.878772 0.206054 -0.430467
vn -0.905089 0.208640 -0.370518
vn -0.783862 0.197065 -0.588834
vn -0.817867 0.200197 -0.539457
vn -0.673411 0.187452 -0.715108
vn -0.711389 0.190629 -0.676452
vn -0.556342 0.178414 -0.811574
vn -0.595716 0.181294 -0.782467
vn -0.438074 0.170675 -0.882588
vn -0.477416 0.173069 -0.861465
vn -0.321192 0.164595 -0.932601
vn -0.359906 0.166414 -0.918027
vn -0.206426 0.160313 -0.965240
vn -0.244426 0.161529 -0.956119
vn -0.093437 0.157866 -0.983030
vn -0.130922 0.158473 -0.978645
vn 0.018650 0.157253 -0.987382
vn -0.018650 0.157253 -0.987382
vn 0.130922 0.158473 -0.978645
vn 0.093437 0.157866 -0.983030
vn 0.244426 0.161529 -0.956119
vn 0.206426 0.160313 -0.965240
vn 0.359906 0.166414 -0.918027
vn 0.321192 0.164595 -0.932601
vn 0.477416 0.173069 -0.861465
vn 0.438074 0.170675 -0.882588
vn 0.595716 0.181294 -0.782467
vn 0.556342 0.178414 -0.811574
vn 0.711389 0.190629 -0.676452
vn 0.673411 0.187452 -0.715108
vn 0.817867 0.200197 -0.539457
vn 0.783862 0.197065 -0.588834
vn 0.905089 0.208640 -0.370518
vn 0.878772 0.206054 -0.430467
vn 0.961021 0.214311 -0.174672
vn 0.946467 0.212826 -0.242706
vn 0.970884 0.214758 -0.106125
vn 0.970884 0.214758 -0.106125
usemtl steel_dark
f 605 606 608
f 605 608 607
f 607 608 610
f 607 610 609
f 609 610 612
f 609 612 611
f 611 612 614
f 611 614 613
f 613 614 616
f 613 616 615
f 615 616 618
f 615 618 617
f 617 618 620
f 617 620 619
f 619 620 622
f 619 622 621
f 621 622 624
f 621 624 623
f 623 624 626
f 623 626 625
f 625 626 628
f 625 628 627
f 627 628 630
f 627 630 629
f 629 630 632
f 629 632 631
f 631 632 634
f 631 634 633
f 633 634 636
f 633 636 635
f 635 636 638
f 635 638 637
f 637 638 640
f 637 640 639
f 639 640 642
f 639 642 641
f 641 642 644
f 641 644 643
f 643 644 646
f 643 646 645
o lamellar_back_2
v -1.080000 0.176875 0.000000
v -1.050000 0.312500 0.000000
v -1.066703 0.176875 -0.121643
v -1.037073 0.312500 -0.118264
v -1.027141 0.176875 -0.240292
v -0.998609 0.312500 -0.233617
v -0.962287 0.176875 -0.353023
v -0.935557 0.312500 -0.343217
v -0.873738 0.176875 -0.457062
v -0.849468 0.312500 -0.444366
v -0.763675 0.176875 -0.549846
v -0.742462 0.312500 -0.534573
v -0.634808 0.176875 -0.629092
v -0.617175 0.312500 -0.611617
v -0.490310 0.176875 -0.692847
v -0.476690 0.312500 -0.673601
v -0.333738 0.176875 -0.739542
v -0.324468 0.312500 -0.718999
v -0.168949 0.176875 -0.768026
v -0.164256 0.312500 -0.746692
v -0.000000 0.176875 -0.777600
v -0.000000 0.312500 -0.756000
v 0.168949 0.176875 -0.768026
v 0.164256 0.312500 -0.746692
v 0.333738 0.176875 -0.739542
v 0.324468 0.312500 -0.718999
v 0.490310 0.176875 -0.692847
v 0.476690 0.312500 -0.673601
v 0.634808 0.176875 -0.629092
v 0.617175 0.312500 -0.611617
v 0.763675 0.176875 -0.549846
v 0.742462 0.312500 -0.534573
v 0.873738 0.176875 -0.457062
v 0.849468 0.312500 -0.444366
v 0.962287 0.176875 -0.353023
v 0.935557 0.312500 -0.343217
v 1.027141 0.176875 -0.240292
v 0.998609 0.312500 -0.233617
v 1.066703 0.176875 -0.121643
v 1.037073 0.312500 -0.118264
v 1.080000 0.176875 -0.000000
v 1.050000 0.312500 -0.000000
vn -0.970884 0.214758 -0.106125
vn -0.970884 0.214758 -0.106125
vn -0.946467 0.212826 -0.242706
vn -0.961021 0.214311 -0.174672
vn -0.878772 0.206054 -0.430467
vn -0.905089 0.208640 -0.370518
vn -0.783862 0.197065 -0.588834
vn -0.817867 0.200197 -0.539457
vn -0.673411 0.187452 -0.715108
vn -0.711389 0.190629 -0.676452
vn -0.556342 0.178414 -0.811574
vn -0.595716 0.181294 -0.782467
vn -0.438074 0.170675 -0.882588
vn -0.477416 0.173069 -0.861465
vn -0.321192 0.164595 -0.932601
vn -0.359906 0.166414 -0.918027
vn -0.206426 0.160313 -0.965240
vn -0.244426 0.161529 -0.956119
vn -0.093437 0.157866 -0.983030
vn -0.130922 0.158473 -0.978645
vn 0.018650 0.157253 -0.987382
vn -0.018650 0.157253 -0.987382
vn 0.130922 0.158473 -0.978645
vn 0.093437 0.157866 -0.983030
vn 0.244426 0.161529 -0.956119
vn 0.206426 0.160313 -0.965240
vn 0.359906 0.166414 -0.918027
vn 0.321192 0.164595 -0.932601
vn 0.477416 0.173069 -0.861465
vn 0.438074 0.170675 -0.882588
vn 0.595716 0.181294 -0.782467
vn 0.556342 0.178414 -0.811574
vn 0.711389 0.190629 -0.676452
vn 0.673411 0.187452 -0.715108
vn 0.817867 0.200197 -0.539457
vn 0.783862 0.197065 -0.588834
vn 0.905089 0.208640 -0.370518
vn 0.878772 0.206054 -0.430467
vn 0.961021 0.214311 -0.174672
vn 0.946467 0.212826 -0.242706
vn 0.970884 0.214758 -0.106125
vn 0.970884 0.214758 -0.106125
usemtl steel_dark
f 647 648 650
f 647 650 649
f 649 650 652
f 649 652 651
f 651 652 654
f 651 654 653
f 653 654 656
f 653 656 655
f 655 656 658
f 655 658 657
f 657 658 660
f 657 660 659
f 659 660 662
f 659 662 661
f 661 662 664
f 661 664 663
f 663 664 666
f 663 666 665
f 665 666 668
f 665 668 667
f 667 668 670
f 667 670 669
f 669 670 672
f 669 672 671
f 671 672 674
f 671 674 673
f 673 674 676
f 673 676 675
f 675 676 678
f 675 678 677
f 677 678 680
f 677 680 679
f 679 680 682
f 679 682 681
f 681 682 684
f 681 684 683
f 683 684 686
f 683 686 685
f 685 686 688
f 685 688 687
o lamellar_back_3
v -1.080000 -0.016875 0.000000
v -1.050000 0.118750 0.000000
v -1.066703 -0.016875 -0.121643
v -1.037073 0.118750 -0.118264
v -1.027141 -0.016875 -0.240292
v -0.998609 0.118750 -0.233617
v -0.962287 -0.016875 -0.353023
v -0.935557 0.118750 -0.343217
v -0.873738 -0.016875 -0.457062
v -0.849468 0.118750 -0.444366
v -0.763675 -0.016875 -0.549846
v -0.742462 0.118750 -0.534573
v -0.634808 -0.016875 -0.629092
v -0.617175 0.118750 -0.611617
v -0.490310 -0.016875 -0.692847
v -0.476690 0.118750 -0.673601
v -0.333738 -0.016875 -0.739542
v -0.324468 0.118750 -0.718999
v -0.168949 -0.016875 -0.768026
v -0.164256 0.118750 -0.746692
v -0.000000 -0.016875 -0.777600
v -0.000000 0.118750 -0.756000
v 0.168949 -0.016875 -0.768026
v 0.164256 0.118750 -0.746692
v 0.333738 -0.016875 -0.739542
v 0.324468 0.118750 -0.718999
v 0.490310 -0.016875 -0.692847
v 0.476690 0.118750 -0.673601
v 0.634808 -0.016875 -0.629092
v 0.617175 0.118750 -0.611617
v 0.763675 -0.016875 -0.549846
v 0.742462 0.118750 -0.534573
v 0.873738 -0.016875 -0.457062
v 0.849468 0.118750 -0.444366
v 0.962287 -0.016875 -0.353023
v 0.935557 0.118750 -0.343217
v 1.027141 -0.016875 -0.240292
v 0.998609 0.118750 -0.233617
v 1.066703 -0.016875 -0.121643
v 1.037073 0.118750 -0.118264
v 1.080000 -0.016875 -0.000000
v 1.050000 0.118750 -0.000000
vn -0.970884 0.214758 -0.106125
vn -0.970884 0.214758 -0.106125
vn -0.946467 0.212826 -0.242706
vn -0.961021 0.214311 -0.174672
vn -0.878772 0.206054 -0.430467
vn -0.905089 0.208640 -0.370518
vn -0.783862 0.197065 -0.588834
vn -0.817867 0.200197 -0.539457
vn -0.673411 0.187452 -0.715108
vn -0.711389 0.190629 -0.676452
vn -0.556342 0.178414 -0.811574
vn -0.595716 0.181294 -0.782467
vn -0.438074 0.170675 -0.882588
vn -0.477416 0.173069 -0.861465
vn -0.321192 0.164595 -0.932601
vn -0.359906 0.166414 -0.918027
vn -0.206426 0.160313 -0.965240
vn -0.244426 0.161529 -0.956119
vn -0.093437 0.157866 -0.983030
vn -0.130922 0.158473 -0.978645
vn 0.018650 0.157253 -0.987382
vn -0.018650 0.157253 -0.987382
vn 0.130922 0.158473 -0.978645
vn 0.093437 0.157866 -0.983030
vn 0.244426 0.161529 -0.956119
vn 0.206426 0.160313 -0.965240
vn 0.359906 0.166414 -0.918027
vn 0.321192 0.164595 -0.932601
vn 0.477416 0.173069 -0.861465
vn 0.438074 0.170675 -0.882588
vn 0.595716 0.181294 -0.782467
vn 0.556342 0.178414 -0.811574
vn 0.711389 0.190629 -0.676452
vn 0.673411 0.187452 -0.715108
vn 0.817867 0.200197 -0.539457
vn 0.783862 0.197065 -0.588834
vn 0.905089 0.208640 -0.370518
vn 0.878772 0.206054 -0.430467
vn 0.961021 0.214311 -0.174672
vn 0.946467 0.212826 -0.242706
vn 0.970884 0.214758 -0.106125
vn 0.970884 0.214758 -0.106125
usemtl steel_dark
f 689 690 692
f 689 692 691
f 691 692 694
f 691 694 693
f 693 694 696
f 693 696 695
f 695 696 698
f 695 698 697
f 697 698 700
f 697 700 699
f 699 700 702
f 699 702 701
f 701 702 704
f 701 704 703
f 703 704 706
f 703 706 705
f 705 706 708
f 705 708 707
f 707 708 710
f 707 710 709
f 709 710 712
f 709 712 711
f 711 712 714
f 711 714 713
f 713 714 716
f 713 716 715
f 715 716 718
f 715 718 717
f 717 718 720
f 717 720 719
f 719 720 722
f 719 722 721
f 721 722 724
f 721 724 723
f 723 724 726
f 723 726 725
f 725 726 728
f 725 728 727
f 727 728 730
f 727 730 729
o lamellar_back_4
v -1.080000 -0.210625 0.000000
v -1.050000 -0.075000 0.000000
v -1.066703 -0.210625 -0.121643
v -1.037073 -0.075000 -0.118264
v -1.027141 -0.210625 -0.240292
v -0.998609 -0.075000 -0.233617
v -0.962287 -0.210625 -0.353023
v -0.935557 -0.075000 -0.343217
v -0.873738 -0.210625 -0.457062
v -0.849468 -0.075000 -0.444366
v -0.763675 -0.210625 -0.549846
v -0.742462 -0.075000 -0.534573
v -0.634808 -0.210625 -0.629092
v -0.617175 -0.075000 -0.611617
v -0.490310 -0.210625 -0.692847
v -0.476690 -0.075000 -0.673601
v -0.333738 -0.210625 -0.739542
v -0.324468 -0.075000 -0.718999
v -0.168949 -0.210625 -0.768026
v -0.164256 -0.075000 -0.746692
v -0.000000 -0.210625 -0.777600
v -0.000000 -0.075000 -0.756000
v 0.168949 -0.210625 -0.768026
v 0.164256 -0.075000 -0.746692
v 0.333738 -0.210625 -0.739542
v 0.324468 -0.075000 -0.718999
v 0.490310 -0.210625 -0.692847
v 0.476690 -0.075000 -0.673601
v 0.634808 -0.210625 -0.629092
v 0.617175 -0.075000 -0.611617
v 0.763675 -0.210625 -0.549846
v 0.742462 -0.075000 -0.534573
v 0.873738 -0.210625 -0.457062
v 0.849468 -0.075000 -0.444366
v 0.962287 -0.210625 -0.353023
v 0.935557 -0.075000 -0.343217
v 1.027141 -0.210625 -0.240292
v 0.998609 -0.075000 -0.233617
v 1.066703 -0.210625 -0.121643
v 1.037073 -0.075000 -0.118264
v 1.080000 -0.210625 -0.000000
v 1.050000 -0.075000 -0.000000
vn -0.970884 0.214758 -0.106125
vn -0.970884 0.214758 -0.106125
vn -0.946467 0.212826 -0.242706
vn -0.961021 0.214311 -0.174672
vn -0.878772 0.206054 -0.430467
vn -0.905089 0.208640 -0.370518
vn -0.783862 0.197065 -0.588834
vn -0.817867 0.200197 -0.539457
vn -0.673411 0.187452 -0.715108
vn -0.711389 0.190629 -0.676452
vn -0.556342 0.178414 -0.811574
vn -0.595716 0.181294 -0.782467
vn -0.438074 0.170675 -0.882588
vn -0.477416 0.173069 -0.861465
vn -0.321192 0.164595 -0.932601
vn -0.359906 0.166414 -0.918027
vn -0.206426 0.160313 -0.965240
vn -0.244426 0.161529 -0.956119
vn -0.093437 0.157866 -0.983030
vn -0.130922 0.158473 -0.978645
vn 0.018650 0.157253 -0.987382
vn -0.018650 0.157253 -0.987382
vn 0.130922 0.158473 -0.978645
vn 0.093437 0.157866 -0.983030
vn 0.244426 0.161529 -0.956119
vn 0.206426 0.160313 -0.965240
vn 0.359906 0.166414 -0.918027
vn 0.321192 0.164595 -0.932601
vn 0.477416 0.173069 -0.861465
vn 0.438074 0.170675 -0.882588
vn 0.595716 0.181294 -0.782467
vn 0.556342 0.178414 -0.811574
vn 0.711389 0.190629 -0.676452
vn 0.673411 0.187452 -0.715108
vn 0.817867 0.200197 -0.539457
vn 0.783862 0.197065 -0.588834
vn 0.905089 0.208640 -0.370518
vn 0.878772 0.206054 -0.430467
vn 0.961021 0.214311 -0.174672
vn 0.946467 0.212826 -0.242706
vn 0.970884 0.214758 -0.106125
vn 0.970884 0.214758 -0.106125
usemtl steel_dark
f 731 732 734
f 731 734 733
f 733 734 736
f 733 736 735
f 735 736 738
f 735 738 737
f 737 738 740
f 737 740 739
f 739 740 742
f 739 742 741
f 741 742 744
f 741 744 743
f 743 744 746
f 743 746 745
f 745 746 748
f 745 748 747
f 747 748 750
f 747 750 749
f 749 750 752
f 749 752 751
f 751 752 754
f 751 754 753
f 753 754 756
f 753 756 755
f 755 756 758
f 755 758 757
f 757 758 760
f 757 760 759
f 759 760 762
f 759 762 761
f 761 762 764
f 761 764 763
f 763 764 766
f 763 766 765
f 765 766 768
f 765 768 767
f 767 768 770
f 767 770 769
f 769 770 772
f 769 772 771
o lamellar_back_5
v -1.080000 -0.404375 0.000000
v -1.050000 -0.268750 0.000000
v -1.066703 -0.404375 -0.121643
v -1.037073 -0.268750 -0.118264
v -1.027141 -0.404375 -0.240292
v -0.998609 -0.268750 -0.233617
v -0.962287 -0.404375 -0.353023
v -0.935557 -0.268750 -0.343217
v -0.873738 -0.404375 -0.457062
v -0.849468 -0.268750 -0.444366
v -0.763675 -0.404375 -0.549846
v -0.742462 -0.268750 -0.534573
v -0.634808 -0.404375 -0.629092
v -0.617175 -0.268750 -0.611617
v -0.490310 -0.404375 -0.692847
v -0.476690 -0.268750 -0.673601
v -0.333738 -0.404375 -0.739542
v -0.324468 -0.268750 -0.718999
v -0.168949 -0.404375 -0.768026
v -0.164256 -0.268750 -0.746692
v -0.000000 -0.404375 -0.777600
v -0.000000 -0.268750 -0.756000
v 0.168949 -0.404375 -0.768026
v 0.164256 -0.268750 -0.746692
v 0.333738 -0.404375 -0.739542
v 0.324468 -0.268750 -0.718999
v 0.490310 -0.404375 -0.692847
v 0.476690 -0.268750 -0.673601
v 0.634808 -0.404375 -0.629092
v 0.617175 -0.268750 -0.611617
v 0.763675 -0.404375 -0.549846
v 0.742462 -0.268750 -0.534573
v 0.873738 -0.404375 -0.457062
v 0.849468 -0.268750 -0.444366
v 0.962287 -0.404375 -0.353023
v 0.935557 -0.268750 -0.343217
v 1.027141 -0.404375 -0.240292
v 0.998609 -0.268750 -0.233617
v 1.066703 -0.404375 -0.121643
v 1.037073 -0.268750 -0.118264
v 1.080000 -0.404375 -0.000000
v 1.050000 -0.268750 -0.000000
vn -0.970884 0.214758 -0.106125
vn -0.970884 0.214758 -0.106125
vn -0.946467 0.212826 -0.242706
vn -0.961021 0.214311 -0.174672
vn -0.878772 0.206054 -0.430467
vn -0.905089 0.208640 -0.370518
vn -0.783862 0.197065 -0.588834
vn -0.817867 0.200197 -0.539457
vn -0.673411 0.187452 -0.715108
vn -0.711389 0.190629 -0.676452
vn -0.556342 0.178414 -0.811574
vn -0.595716 0.181294 -0.782467
vn -0.438074 0.170675 -0.882588
vn -0.477416 0.173069 -0.861465
vn -0.321192 0.164595 -0.932601
vn -0.359906 0.166414 -0.918027
vn -0.206426 0.160313 -0.965240
vn -0.244426 0.161529 -0.956119
vn -0.093437 0.157866 -0.983030
vn -0.130922 0.158473 -0.978645
vn 0.018650 0.157253 -0.987382
vn -0.018650 0.157253 -0.987382
vn 0.130922 0.158473 -0.978645
vn 0.093437 0.157866 -0.983030
vn 0.244426 0.161529 -0.956119
vn 0.206426 0.160313 -0.965240
vn 0.359906 0.166414 -0.918027
vn 0.321192 0.164595 -0.932601
vn 0.477416 0.173069 -0.861465
vn 0.438074 0.170675 -0.882588
vn 0.595716 0.181294 -0.782467
vn 0.556342 0.178414 -0.811574
vn 0.711389 0.190629 -0.676452
vn 0.673411 0.187452 -0.715108
vn 0.817867 0.200197 -0.539457
vn 0.783862 0.197065 -0.588834
vn 0.905089 0.208640 -0.370518
vn 0.878772 0.206054 -0.430467
vn 0.961021 0.214311 -0.174672
vn 0.946467 0.212826 -0.242706
vn 0.970884 0.214758 -0.106125
vn 0.970884 0.214758 -0.106125
usemtl steel_dark
f 773 774 776
f 773 776 775
f 775 776 778
f 775 778 777
f 777 778 780
f 777 780 779
f 779 780 782
f 779 782 781
f 781 782 784
f 781 784 783
f 783 784 786
f 783 786 785
f 785 786 788
f 785 788 787
f 787 788 790
f 787 790 789
f 789 790 792
f 789 792 791
f 791 792 794
f 791 794 793
f 793 794 796
f 793 796 795
f 795 796 798
f 795 798 797
f 797 798 800
f 797 800 799
f 799 800 802
f 799 802 801
f 801 802 804
f 801 804 803
f 803 804 806
f 803 806 805
f 805 806 808
f 805 808 807
f 807 808 810
f 807 810 809
f 809 810 812
f 809 812 811
f 811 812 814
f 811 814 813
o lamellar_back_6
v -1.080000 -0.598125 0.000000
v -1.050000 -0.462500 0.000000
v -1.066703 -0.598125 -0.121643
v -1.037073 -0.462500 -0.118264
v -1.027141 -0.598125 -0.240292
v -0.998609 -0.462500 -0.233617
v -0.962287 -0.598125 -0.353023
v -0.935557 -0.462500 -0.343217
v -0.873738 -0.598125 -0.457062
v -0.849468 -0.462500 -0.444366
v -0.763675 -0.598125 -0.549846
v -0.742462 -0.462500 -0.534573
v -0.634808 -0.598125 -0.629092
v -0.617175 -0.462500 -0.611617
v -0.490310 -0.598125 -0.692847
v -0.476690 -0.462500 -0.673601
v -0.333738 -0.598125 -0.739542
v -0.324468 -0.462500 -0.718999
v -0.168949 -0.598125 -0.768026
v -0.164256 -0.462500 -0.746692
v -0.000000 -0.598125 -0.777600
v -0.000000 -0.462500 -0.756000
v 0.168949 -0.598125 -0.768026
v 0.164256 -0.462500 -0.746692
v 0.333738 -0.598125 -0.739542
v 0.324468 -0.462500 -0.718999
v 0.490310 -0.598125 -0.692847
v 0.476690 -0.462500 -0.673601
v 0.634808 -0.598125 -0.629092
v 0.617175 -0.462500 -0.611617
v 0.763675 -0.598125 -0.549846
v 0.742462 -0.462500 -0.534573
v 0.873738 -0.598125 -0.457062
v 0.849468 -0.462500 -0.444366
v 0.962287 -0.598125 -0.353023
v 0.935557 -0.462500 -0.343217
v 1.027141 -0.598125 -0.240292
v 0.998609 -0.462500 -0.233617
v 1.066703 -0.598125 -0.121643
v 1.037073 -0.462500 -0.118264
v 1.080000 -0.598125 -0.000000
v 1.050000 -0.462500 -0.000000
vn -0.970884 0.214758 -0.106125
vn -0.970884 0.214758 -0.106125
vn -0.946467 0.212826 -0.242706
vn -0.961021 0.214311 -0.174672
vn -0.878772 0.206054 -0.430467
vn -0.905089 0.208640 -0.370518
vn -0.783862 0.197065 -0.588834
vn -0.817867 0.200197 -0.539457
vn -0.673411 0.187452 -0.715108
vn -0.711389 0.190629 -0.676452
vn -0.556342 0.178414 -0.811574
vn -0.595716 0.181294 -0.782467
vn -0.438074 0.170675 -0.882588
vn -0.477416 0.173069 -0.861465
vn -0.321192 0.164595 -0.932601
vn -0.359906 0.166414 -0.918027
vn -0.206426 0.160313 -0.965240
vn -0.244426 0.161529 -0.956119
vn -0.093437 0.157866 -0.983030
vn -0.130922 0.158473 -0.978645
vn 0.018650 0.157253 -0.987382
vn -0.018650 0.157253 -0.987382
vn 0.130922 0.158473 -0.978645
vn 0.093437 0.157866 -0.983030
vn 0.244426 0.161529 -0.956119
vn 0.206426 0.160313 -0.965240
vn 0.359906 0.166414 -0.918027
vn 0.321192 0.164595 -0.932601
vn 0.477416 0.173069 -0.861465
vn 0.438074 0.170675 -0.882588
vn 0.595716 0.181294 -0.782467
vn 0.556342 0.178414 -0.811574
vn 0.711389 0.190629 -0.676452
vn 0.673411 0.187452 -0.715108
vn 0.817867 0.200197 -0.539457
vn 0.783862 0.197065 -0.588834
vn 0.905089 0.208640 -0.370518
vn 0.878772 0.206054 -0.430467
vn 0.961021 0.214311 -0.174672
vn 0.946467 0.212826 -0.242706
vn 0.970884 0.214758 -0.106125
vn 0.970884 0.214758 -0.106125
usemtl steel_dark
f 815 816 818
f 815 818 817
f 817 818 820
f 817 820 819
f 819 820 822
f 819 822 821
f 821 822 824
f 821 824 823
f 823 824 826
f 823 826 825
f 825 826 828
f 825 828 827
f 827 828 830
f 827 830 829
f 829 830 832
f 829 832 831
f 831 832 834
f 831 834 833
f 833 834 836
f 833 836 835
f 835 836 838
f 835 838 837
f 837 838 840
f 837 840 839
f 839 840 842
f 839 842 841
f 841 842 844
f 841 844 843
f 843 844 846
f 843 846 845
f 845 846 848
f 845 848 847
f 847 848 850
f 847 850 849
f 849 850 852
f 849 852 851
f 851 852 854
f 851 854 853
f 853 854 856
f 853 856 855
o lamellar_back_7
v -1.080000 -0.791875 0.000000
v -1.050000 -0.656250 0.000000
v -1.066703 -0.791875 -0.121643
v -1.037073 -0.656250 -0.118264
v -1.027141 -0.791875 -0.240292
v -0.998609 -0.656250 -0.233617
v -0.962287 -0.791875 -0.353023
v -0.935557 -0.656250 -0.343217
v -0.873738 -0.791875 -0.457062
v -0.849468 -0.656250 -0.444366
v -0.763675 -0.791875 -0.549846
v -0.742462 -0.656250 -0.534573
v -0.634808 -0.791875 -0.629092
v -0.617175 -0.656250 -0.611617
v -0.490310 -0.791875 -0.692847
v -0.476690 -0.656250 -0.673601
v -0.333738 -0.791875 -0.739542
v -0.324468 -0.656250 -0.718999
v -0.168949 -0.791875 -0.768026
v -0.164256 -0.656250 -0.746692
v -0.000000 -0.791875 -0.777600
v -0.000000 -0.656250 -0.756000
v 0.168949 -0.791875 -0.768026
v 0.164256 -0.656250 -0.746692
v 0.333738 -0.791875 -0.739542
v 0.324468 -0.656250 -0.718999
v 0.490310 -0.791875 -0.692847
v 0.476690 -0.656250 -0.673601
v 0.634808 -0.791875 -0.629092
v 0.617175 -0.656250 -0.611617
v 0.763675 -0.791875 -0.549846
v 0.742462 -0.656250 -0.534573
v 0.873738 -0.791875 -0.457062
v 0.849468 -0.656250 -0.444366
v 0.962287 -0.791875 -0.353023
v 0.935557 -0.656250 -0.343217
v 1.027141 -0.791875 -0.240292
v 0.998609 -0.656250 -0.233617
v 1.066703 -0.791875 -0.121643
v 1.037073 -0.656250 -0.118264
v 1.080000 -0.791875 -0.000000
v 1.050000 -0.656250 -0.000000
vn -0.970884 0.214758 -0.106125
vn -0.970884 0.214758 -0.106125
vn -0.946467 0.212826 -0.242706
vn -0.961021 0.214311 -0.174672
vn -0.878772 0.206054 -0.430467
vn -0.905089 0.208640 -0.370518
vn -0.783862 0.197065 -0.588834
vn -0.817867 0.200197 -0.539457
vn -0.673411 0.187452 -0.715108
vn -0.711389 0.190629 -0.676452
vn -0.556342 0.178414 -0.811574
vn -0.595716 0.181294 -0.782467
vn -0.438074 0.170675 -0.882588
vn -0.477416 0.173069 -0.861465
vn -0.321192 0.164595 -0.932601
vn -0.359906 0.166414 -0.918027
vn -0.206426 0.160313 -0.965240
vn -0.244426 0.161529 -0.956119
vn -0.093437 0.157866 -0.983030
vn -0.130922 0.158473 -0.978645
vn 0.018650 0.157253 -0.987382
vn -0.018650 0.157253 -0.987382
vn 0.130922 0.158473 -0.978645
vn 0.093437 0.157866 -0.983030
vn 0.244426 0.161529 -0.956119
vn 0.206426 0.160313 -0.965240
vn 0.359906 0.166414 -0.918027
vn 0.321192 0.164595 -0.932601
vn 0.477416 0.173069 -0.861465
vn 0.438074 0.170675 -0.882588
vn 0.595716 0.181294 -0.782467
vn 0.556342 0.178414 -0.811574
vn 0.711389 0.190629 -0.676452
vn 0.673411 0.187452 -0.715108
vn 0.817867 0.200197 -0.539457
vn 0.783862 0.197065 -0.588834
vn 0.905089 0.208640 -0.370518
vn 0.878772 0.206054 -0.430467
vn 0.961021 0.214311 -0.174672
vn 0.946467 0.212826 -0.242706
vn 0.970884 0.214758 -0.106125
vn 0.970884 0.214758 -0.106125
usemtl steel_dark
f 857 858 860
f 857 860 859
f 859 860 862
f 859 862 861
f 861 862 864
f 861 864 863
f 863 864 866
f 863 866 865
f 865 866 868
f 865 868 867
f 867 868 870
f 867 870 869
f 869 870 872
f 869 872 871
f 871 872 874
f 871 874 873
f 873 874 876
f 873 876 875
f 875 876 878
f 875 878 877
f 877 878 880
f 877 880 879
f 879 880 882
f 879 882 881
f 881 882 884
f 881 884 883
f 883 884 886
f 883 886 885
f 885 886 888
f 885 888 887
f 887 888 890
f 887 890 889
f 889 890 892
f 889 892 891
f 891 892 894
f 891 894 893
f 893 894 896
f 893 896 895
f 895 896 898
f 895 898 897
o duulga_skull
v 0.580000 -0.420000 0.000000
v 0.560237 -0.420000 0.150115
v 0.502295 -0.420000 0.290000
v 0.410122 -0.420000 0.410122
v 0.290000 -0.420000 0.502295
v 0.150115 -0.420000 0.560237
v 0.000000 -0.420000 0.580000
v -0.150115 -0.420000 0.560237
v -0.290000 -0.420000 0.502295
v -0.410122 -0.420000 0.410122
v -0.502295 -0.420000 0.290000
v -0.560237 -0.420000 0.150115
v -0.580000 -0.420000 0.000000
v -0.560237 -0.420000 -0.150115
v -0.502295 -0.420000 -0.290000
v -0.410122 -0.420000 -0.410122
v -0.290000 -0.420000 -0.502295
v -0.150115 -0.420000 -0.560237
v -0.000000 -0.420000 -0.580000
v 0.150115 -0.420000 -0.560237
v 0.290000 -0.420000 -0.502295
v 0.410122 -0.420000 -0.410122
v 0.502295 -0.420000 -0.290000
v 0.560237 -0.420000 -0.150115
v 0.580000 -0.420000 -0.000000
v 0.340000 -0.100000 0.000000
v 0.328415 -0.100000 0.087998
v 0.294449 -0.100000 0.170000
v 0.240416 -0.100000 0.240416
v 0.170000 -0.100000 0.294449
v 0.087998 -0.100000 0.328415
v 0.000000 -0.100000 0.340000
v -0.087998 -0.100000 0.328415
v -0.170000 -0.100000 0.294449
v -0.240416 -0.100000 0.240416
v -0.294449 -0.100000 0.170000
v -0.328415 -0.100000 0.087998
v -0.340000 -0.100000 0.000000
v -0.328415 -0.100000 -0.087998
v -0.294449 -0.100000 -0.170000
v -0.240416 -0.100000 -0.240416
v -0.170000 -0.100000 -0.294449
v -0.087998 -0.100000 -0.328415
v -0.000000 -0.100000 -0.340000
v 0.087998 -0.100000 -0.328415
v 0.170000 -0.100000 -0.294449
v 0.240416 -0.100000 -0.240416
v 0.294449 -0.100000 -0.170000
v 0.328415 -0.100000 -0.087998
v 0.340000 -0.100000 -0.000000
v 0.050000 0.180000 0.000000
v 0.048296 0.180000 0.012941
v 0.043301 0.180000 0.025000
v 0.035355 0.180000 0.035355
v 0.025000 0.180000 0.043301
v 0.012941 0.180000 0.048296
v 0.000000 0.180000 0.050000
v -0.012941 0.180000 0.048296
v -0.025000 0.180000 0.043301
v -0.035355 0.180000 0.035355
v -0.043301 0.180000 0.025000
v -0.048296 0.180000 0.012941
v -0.050000 0.180000 0.000000
v -0.048296 0.180000 -0.012941
v -0.043301 0.180000 -0.025000
v -0.035355 0.180000 -0.035355
v -0.025000 0.180000 -0.043301
v -0.012941 0.180000 -0.048296
v -0.000000 0.180000 -0.050000
v 0.012941 0.180000 -0.048296
v 0.025000 0.180000 -0.043301
v 0.035355 0.180000 -0.035355
v 0.043301 0.180000 -0.025000
v 0.048296 0.180000 -0.012941
v 0.050000 0.180000 -0.000000
vn 0.795599 0.596700 0.104743
vn 0.763184 0.599631 0.240818
vn 0.674851 0.599631 0.430139
vn 0.540528 0.599631 0.590146
vn 0.369369 0.599631 0.709937
vn 0.173038 0.599631 0.781346
vn -0.035086 0.599631 0.799507
vn -0.240818 0.599631 0.763184
vn -0.430139 0.599631 0.674851
vn -0.590146 0.599631 0.540528
vn -0.709937 0.599631 0.369369
vn -0.781346 0.599631 0.173038
vn -0.799507 0.599631 -0.035086
vn -0.763184 0.599631 -0.240818
vn -0.674851 0.599631 -0.430139
vn -0.540528 0.599631 -0.590146
vn -0.369369 0.599631 -0.709937
vn -0.173038 0.599631 -0.781346
vn 0.035086 0.599631 -0.799507
vn 0.240818 0.599631 -0.763184
vn 0.430139 0.599631 -0.674851
vn 0.590146 0.599631 -0.540528
vn 0.709937 0.599631 -0.369369
vn 0.781346 0.599631 -0.173038
vn 0.795599 0.596700 -0.104743
vn 0.728390 0.678419 0.095894
vn 0.724692 0.661841 0.191802
vn 0.650357 0.661841 0.372830
vn 0.531701 0.661841 0.528451
vn 0.376810 0.661841 0.648059
vn 0.196241 0.661841 0.723502
vn 0.002298 0.661841 0.749640
vn -0.191802 0.661841 0.724692
vn -0.372830 0.661841 0.650357
vn -0.528451 0.661841 0.531701
vn -0.648059 0.661841 0.376810
vn -0.723502 0.661841 0.196241
vn -0.749640 0.661841 0.002298
vn -0.724692 0.661841 -0.191802
vn -0.650357 0.661841 -0.372830
vn -0.531701 0.661841 -0.528451
vn -0.376810 0.661841 -0.648059
vn -0.196241 0.661841 -0.723502
vn -0.002298 0.661841 -0.749640
vn 0.191802 0.661841 -0.724692
vn 0.372830 0.661841 -0.650357
vn 0.528451 0.661841 -0.531701
vn 0.648059 0.661841 -0.376810
vn 0.723502 0.661841 -0.196241
vn 0.763118 0.638402 -0.100466
vn 0.691708 0.716412 0.091065
vn 0.678501 0.719067 0.150261
vn 0.616491 0.719067 0.320750
vn 0.512468 0.719067 0.469381
vn 0.373522 0.719067 0.586023
vn 0.209120 0.719067 0.662730
vn 0.030468 0.719067 0.694272
vn -0.150261 0.719067 0.678501
vn -0.320750 0.719067 0.616491
vn -0.469381 0.719067 0.512468
vn -0.586023 0.719067 0.373522
vn -0.662730 0.719067 0.209120
vn -0.694272 0.719067 0.030468
vn -0.678501 0.719067 -0.150261
vn -0.616491 0.719067 -0.320750
vn -0.512468 0.719067 -0.469381
vn -0.373522 0.719067 -0.586023
vn -0.209120 0.719067 -0.662730
vn -0.030468 0.719067 -0.694272
vn 0.150261 0.719067 -0.678501
vn 0.320750 0.719067 -0.616491
vn 0.469381 0.719067 -0.512468
vn 0.586023 0.719067 -0.373522
vn 0.662730 0.719067 -0.209120
vn 0.691708 0.716412 -0.091065
usemtl steel
f 899 924 925
f 899 925 900
f 900 925 926
f 900 926 901
f 901 926 927
f 901 927 902
f 902 927 928
f 902 928 903
f 903 928 929
f 903 929 904
f 904 929 930
f 904 930 905
f 905 930 931
f 905 931 906
f 906 931 932
f 906 932 907
f 907 932 933
f 907 933 908
f 908 933 934
f 908 934 909
f 909 934 935
f 909 935 910
f 910 935 936
f 910 936 911
f 911 936 937
f 911 937 912
f 912 937 938
f 912 938 913
f 913 938 939
f 913 939 914
f 914 939 940
f 914 940 915
f 915 940 941
f 915 941 916
f 916 941 942
f 916 942 917
f 917 942 943
f 917 943 918
f 918 943 944
f 918 944 919
f 919 944 945
f 919 945 920
f 920 945 946
f 920 946 921
f 921 946 947
f 921 947 922
f 922 947 948
f 922 948 923
f 924 949 950
f 924 950 925
f 925 950 951
f 925 951 926
f 926 951 952
f 926 952 927
f 927 952 953
f 927 953 928
f 928 953 954
f 928 954 929
f 929 954 955
f 929 955 930
f 930 955 956
f 930 956 931
f 931 956 957
f 931 957 932
f 932 957 958
f 932 958 933
f 933 958 959
f 933 959 934
f 934 959 960
f 934 960 935
f 935 960 961
f 935 961 936
f 936 961 962
f 936 962 937
f 937 962 963
f 937 963 938
f 938 963 964
f 938 964 939
f 939 964 965
f 939 965 940
f 940 965 966
f 940 966 941
f 941 966 967
f 941 967 942
f 942 967 968
f 942 968 943
f 943 968 969
f 943 969 944
f 944 969 970
f 944 970 945
f 945 970 971
f 945 971 946
f 946 971 972
f 946 972 947
f 947 972 973
f 947 973 948
o duulga_neck_0
v 0.588897 -0.560000 0.340000
v 0.536936 -0.460000 0.310000
v 0.501349 -0.560000 0.459401
v 0.457112 -0.460000 0.418866
v 0.390032 -0.560000 0.557023
v 0.355617 -0.460000 0.507874
v 0.260225 -0.560000 0.628238
v 0.237264 -0.460000 0.572805
v 0.118081 -0.560000 0.669669
v 0.107662 -0.460000 0.610581
v -0.029661 -0.560000 0.679353
v -0.027044 -0.460000 0.619410
v -0.175997 -0.560000 0.656830
v -0.160468 -0.460000 0.598874
v -0.313989 -0.560000 0.603167
v -0.286284 -0.460000 0.549947
v -0.437096 -0.560000 0.520910
v -0.398528 -0.460000 0.474948
v -0.539480 -0.560000 0.413958
v -0.491879 -0.460000 0.377432
v -0.616289 -0.560000 0.287380
v -0.561911 -0.460000 0.262023
v -0.663881 -0.560000 0.147179
v -0.605304 -0.460000 0.134193
v -0.680000 -0.560000 0.000000
v -0.620000 -0.460000 0.000000
v -0.663881 -0.560000 -0.147179
v -0.605304 -0.460000 -0.134193
v -0.616289 -0.560000 -0.287380
v -0.561911 -0.460000 -0.262023
v -0.539480 -0.560000 -0.413958
v -0.491879 -0.460000 -0.377432
v -0.437096 -0.560000 -0.520910
v -0.398528 -0.460000 -0.474948
v -0.313989 -0.560000 -0.603167
v -0.286284 -0.460000 -0.549947
v -0.175997 -0.560000 -0.656830
v -0.160468 -0.460000 -0.598874
v -0.029661 -0.560000 -0.679353
v -0.027044 -0.460000 -0.619410
v 0.118081 -0.560000 -0.669669
v 0.107662 -0.460000 -0.610581
v 0.260225 -0.560000 -0.628238
v 0.237264 -0.460000 -0.572805
v 0.390032 -0.560000 -0.557023
v 0.355617 -0.460000 -0.507874
v 0.501349 -0.560000 -0.459401
v 0.457112 -0.460000 -0.418866
v 0.588897 -0.560000 -0.340000
v 0.536936 -0.460000 -0.310000
vn 0.692608 0.512242 0.507841
vn 0.692608 0.512242 0.507841
vn 0.610763 0.514244 0.602098
vn 0.653039 0.514244 0.555962
vn 0.465967 0.514244 0.720019
vn 0.517227 0.514244 0.684127
vn 0.299081 0.514244 0.803806
vn 0.356894 0.514244 0.779859
vn 0.118016 0.514244 0.849485
vn 0.179642 0.514244 0.838619
vn -0.068643 0.514244 0.854893
vn -0.006127 0.514244 0.857622
vn -0.252049 0.514244 0.819771
vn -0.191605 0.514244 0.835967
vn -0.423505 0.514244 0.745786
vn -0.367999 0.514244 0.774680
vn -0.574884 0.514244 0.636444
vn -0.526948 0.514244 0.676668
vn -0.699009 0.514244 0.496930
vn -0.660915 0.514244 0.546576
vn -0.789995 0.514244 0.333858
vn -0.763549 0.514244 0.390572
vn -0.843529 0.514244 0.154958
vn -0.829985 0.514244 0.216051
vn -0.857073 0.514244 -0.031288
vn -0.857073 0.514244 0.031288
vn -0.829985 0.514244 -0.216051
vn -0.843529 0.514244 -0.154958
vn -0.763549 0.514244 -0.390572
vn -0.789995 0.514244 -0.333858
vn -0.660915 0.514244 -0.546576
vn -0.699009 0.514244 -0.496930
vn -0.526948 0.514244 -0.676668
vn -0.574884 0.514244 -0.636444
vn -0.367999 0.514244 -0.774680
vn -0.423505 0.514244 -0.745786
vn -0.191605 0.514244 -0.835967
vn -0.252049 0.514244 -0.819771
vn -0.006127 0.514244 -0.857622
vn -0.068643 0.514244 -0.854893
vn 0.179642 0.514244 -0.838619
vn 0.118016 0.514244 -0.849485
vn 0.356894 0.514244 -0.779859
vn 0.299081 0.514244 -0.803806
vn 0.517227 0.514244 -0.684127
vn 0.465967 0.514244 -0.720019
vn 0.653039 0.514244 -0.555962
vn 0.610763 0.514244 -0.602098
vn 0.692608 0.512242 -0.507841
vn 0.692608 0.512242 -0.507841
usemtl steel_dark
f 974 975 977
f 974 977 976
f 976 977 979
f 976 979 978
f 978 979 981
f 978 981 980
f 980 981 983
f 980 983 982
f 982 983 985
f 982 985 984
f 984 985 987
f 984 987 986
f 986 987 989
f 986 989 988
f 988 989 991
f 988 991 990
f 990 991 993
f 990 993 992
f 992 993 995
f 992 995 994
f 994 995 997
f 994 997 996
f 996 997 999
f 996 999 998
f 998 999 1001
f 998 1001 1000
f 1000 1001 1003
f 1000 1003 1002
f 1002 1003 1005
f 1002 1005 1004
f 1004 1005 1007
f 1004 1007 1006
f 1006 1007 1009
f 1006 1009 1008
f 1008 1009 1011
f 1008 1011 1010
f 1010 1011 1013
f 1010 1013 1012
f 1012 1013 1015
f 1012 1015 1014
f 1014 1015 1017
f 1014 1017 1016
f 1016 1017 1019
f 1016 1019 1018
f 1018 1019 1021
f 1018 1021 1020
f 1020 1021 1023
f 1020 1023 1022
o duulga_neck_1
v 0.640859 -0.680000 0.370000
v 0.588897 -0.580000 0.340000
v 0.545585 -0.680000 0.499937
v 0.501349 -0.580000 0.459401
v 0.424447 -0.680000 0.606173
v 0.390032 -0.580000 0.557023
v 0.283186 -0.680000 0.683671
v 0.260225 -0.580000 0.628238
v 0.128500 -0.680000 0.728758
v 0.118081 -0.580000 0.669669
v -0.032278 -0.680000 0.739296
v -0.029661 -0.580000 0.679353
v -0.191526 -0.680000 0.714785
v -0.175997 -0.580000 0.656830
v -0.341694 -0.680000 0.656388
v -0.313989 -0.580000 0.603167
v -0.475663 -0.680000 0.566873
v -0.437096 -0.580000 0.520910
v -0.587081 -0.680000 0.450483
v -0.539480 -0.580000 0.413958
v -0.670668 -0.680000 0.312738
v -0.616289 -0.580000 0.287380
v -0.722459 -0.680000 0.160165
v -0.663881 -0.580000 0.147179
v -0.740000 -0.680000 0.000000
v -0.680000 -0.580000 0.000000
v -0.722459 -0.680000 -0.160165
v -0.663881 -0.580000 -0.147179
v -0.670668 -0.680000 -0.312738
v -0.616289 -0.580000 -0.287380
v -0.587081 -0.680000 -0.450483
v -0.539480 -0.580000 -0.413958
v -0.475663 -0.680000 -0.566873
v -0.437096 -0.580000 -0.520910
v -0.341694 -0.680000 -0.656388
v -0.313989 -0.580000 -0.603167
v -0.191526 -0.680000 -0.714785
v -0.175997 -0.580000 -0.656830
v -0.032278 -0.680000 -0.739296
v -0.029661 -0.580000 -0.679353
v 0.128500 -0.680000 -0.728758
v 0.118081 -0.580000 -0.669669
v 0.283186 -0.680000 -0.683671
v 0.260225 -0.580000 -0.628238
v 0.424447 -0.680000 -0.606173
v 0.390032 -0.580000 -0.557023
v 0.545585 -0.680000 -0.499937
v 0.501349 -0.580000 -0.459401
v 0.640859 -0.680000 -0.370000
v 0.588897 -0.580000 -0.340000
vn 0.692608 0.512242 0.507841
vn 0.692608 0.512242 0.507841
vn 0.610763 0.514244 0.602098
vn 0.653039 0.514244 0.555962
vn 0.465967 0.514244 0.720019
vn 0.517227 0.514244 0.684127
vn 0.299081 0.514244 0.803806
vn 0.356894 0.514244 0.779859
vn 0.118016 0.514244 0.849485
vn 0.179642 0.514244 0.838619
vn -0.068643 0.514244 0.854893
vn -0.006127 0.514244 0.857622
vn -0.252049 0.514244 0.819771
vn -0.191605 0.514244 0.835967
vn -0.423505 0.514244 0.745786
vn -0.367999 0.514244 0.774680
vn -0.574884 0.514244 0.636444
vn -0.526948 0.514244 0.676668
vn -0.699009 0.514244 0.496930
vn -0.660915 0.514244 0.546576
vn -0.789995 0.514244 0.333858
vn -0.763549 0.514244 0.390572
vn -0.843529 0.514244 0.154958
vn -0.829985 0.514244 0.216051
vn -0.857073 0.514244 -0.031288
vn -0.857073 0.514244 0.031288
vn -0.829985 0.514244 -0.216051
vn -0.843529 0.514244 -0.154958
vn -0.763549 0.514244 -0.390572
vn -0.789995 0.514244 -0.333858
vn -0.660915 0.514244 -0.546576
vn -0.699009 0.514244 -0.496930
vn -0.526948 0.514244 -0.676668
vn -0.574884 0.514244 -0.636444
vn -0.367999 0.514244 -0.774680
vn -0.423505 0.514244 -0.745786
vn -0.191605 0.514244 -0.835967
vn -0.252049 0.514244 -0.819771
vn -0.006127 0.514244 -0.857622
vn -0.068643 0.514244 -0.854893
vn 0.179642 0.514244 -0.838619
vn 0.118016 0.514244 -0.849485
vn 0.356894 0.514244 -0.779859
vn 0.299081 0.514244 -0.803806
vn 0.517227 0.514244 -0.684127
vn 0.465967 0.514244 -0.720019
vn 0.653039 0.514244 -0.555962
vn 0.610763 0.514244 -0.602098
vn 0.692608 0.512242 -0.507841
vn 0.692608 0.512242 -0.507841
usemtl steel_dark
f 1024 1025 1027
f 1024 1027 1026
f 1026 1027 1029
f 1026 1029 1028
f 1028 1029 1031
f 1028 1031 1030
f 1030 1031 1033
f 1030 1033 1032
f 1032 1033 1035
f 1032 1035 1034
f 1034 1035 1037
f 1034 1037 1036
f 1036 1037 1039
f 1036 1039 1038
f 1038 1039 1041
f 1038 1041 1040
f 1040 1041 1043
f 1040 1043 1042
f 1042 1043 1045
f 1042 1045 1044
f 1044 1045 1047
f 1044 1047 1046
f 1046 1047 1049
f 1046 1049 1048
f 1048 1049 1051
f 1048 1051 1050
f 1050 1051 1053
f 1050 1053 1052
f 1052 1053 1055
f 1052 1055 1054
f 1054 1055 1057
f 1054 1057 1056
f 1056 1057 1059
f 1056 1059 1058
f 1058 1059 1061
f 1058 1061 1060
f 1060 1061 1063
f 1060 1063 1062
f 1062 1063 1065
f 1062 1065 1064
f 1064 1065 1067
f 1064 1067 1066
f 1066 1067 1069
f 1066 1069 1068
f 1068 1069 1071
f 1068 1071 1070
f 1070 1071 1073
f 1070 1073 1072
o duulga_neck_2
v 0.692820 -0.800000 0.400000
v 0.640859 -0.700000 0.370000
v 0.589822 -0.800000 0.540472
v 0.545585 -0.700000 0.499937
v 0.458861 -0.800000 0.655322
v 0.424447 -0.700000 0.606173
v 0.306147 -0.800000 0.739104
v 0.283186 -0.700000 0.683671
v 0.138919 -0.800000 0.787846
v 0.128500 -0.700000 0.728758
v -0.034896 -0.800000 0.799239
v -0.032278 -0.700000 0.739296
v -0.207055 -0.800000 0.772741
v -0.191526 -0.700000 0.714785
v -0.369399 -0.800000 0.709609
v -0.341694 -0.700000 0.656388
v -0.514230 -0.800000 0.612836
v -0.475663 -0.700000 0.566873
v -0.634683 -0.800000 0.487009
v -0.587081 -0.700000 0.450483
v -0.725046 -0.800000 0.338095
v -0.670668 -0.700000 0.312738
v -0.781037 -0.800000 0.173152
v -0.722459 -0.700000 0.160165
v -0.800000 -0.800000 0.000000
v -0.740000 -0.700000 0.000000
v -0.781037 -0.800000 -0.173152
v -0.722459 -0.700000 -0.160165
v -0.725046 -0.800000 -0.338095
v -0.670668 -0.700000 -0.312738
v -0.634683 -0.800000 -0.487009
v -0.587081 -0.700000 -0.450483
v -0.514230 -0.800000 -0.612836
v -0.475663 -0.700000 -0.566873
v -0.369399 -0.800000 -0.709609
v -0.341694 -0.700000 -0.656388
v -0.207055 -0.800000 -0.772741
v -0.191526 -0.700000 -0.714785
v -0.034896 -0.800000 -0.799239
v -0.032278 -0.700000 -0.739296
v 0.138919 -0.800000 -0.787846
v 0.128500 -0.700000 -0.728758
v 0.306147 -0.800000 -0.739104
v 0.283186 -0.700000 -0.683671
v 0.458861 -0.800000 -0.655322
v 0.424447 -0.700000 -0.606173
v 0.589822 -0.800000 -0.540472
v 0.545585 -0.700000 -0.499937
v 0.692820 -0.800000 -0.400000
v 0.640859 -0.700000 -0.370000
vn 0.692608 0.512242 0.507841
vn 0.692608 0.512242 0.507841
vn 0.610763 0.514244 0.602098
vn 0.653039 0.514244 0.555962
vn 0.465967 0.514244 0.720019
vn 0.517227 0.514244 0.684127
vn 0.299081 0.514244 0.803806
vn 0.356894 0.514244 0.779859
vn 0.118016 0.514244 0.849485
vn 0.179642 0.514244 0.838619
vn -0.068643 0.514244 0.854893
vn -0.006127 0.514244 0.857622
vn -0.252049 0.514244 0.819771
vn -0.191605 0.514244 0.835967
vn -0.423505 0.514244 0.745786
vn -0.367999 0.514244 0.774680
vn -0.574884 0.514244 0.636444
vn -0.526948 0.514244 0.676668
vn -0.699009 0.514244 0.496930
vn -0.660915 0.514244 0.546576
vn -0.789995 0.514244 0.333858
vn -0.763549 0.514244 0.390572
vn -0.843529 0.514244 0.154958
vn -0.829985 0.514244 0.216051
vn -0.857073 0.514244 -0.031288
vn -0.857073 0.514244 0.031288
vn -0.829985 0.514244 -0.216051
vn -0.843529 0.514244 -0.154958
vn -0.763549 0.514244 -0.390572
vn -0.789995 0.514244 -0.333858
vn -0.660915 0.514244 -0.546576
vn -0.699009 0.514244 -0.496930
vn -0.526948 0.514244 -0.676668
vn -0.574884 0.514244 -0.636444
vn -0.367999 0.514244 -0.774680
vn -0.423505 0.514244 -0.745786
vn -0.191605 0.514244 -0.835967
vn -0.252049 0.514244 -0.819771
vn -0.006127 0.514244 -0.857622
vn -0.068643 0.514244 -0.854893
vn 0.179642 0.514244 -0.838619
vn 0.118016 0.514244 -0.849485
vn 0.356894 0.514244 -0.779859
vn 0.299081 0.514244 -0.803806
vn 0.517227 0.514244 -0.684127
vn 0.465967 0.514244 -0.720019
vn 0.653039 0.514244 -0.555962
vn 0.610763 0.514244 -0.602098
vn 0.692608 0.512242 -0.507841
vn 0.692608 0.512242 -0.507841
usemtl steel_dark
f 1074 1075 1077
f 1074 1077 1076
f 1076 1077 1079
f 1076 1079 1078
f 1078 1079 1081
f 1078 1081 1080
f 1080 1081 1083
f 1080 1083 1082
f 1082 1083 1085
f 1082 1085 1084
f 1084 1085 1087
f 1084 1087 1086
f 1086 1087 1089
f 1086 1089 1088
f 1088 1089 1091
f 1088 1091 1090
f 1090 1091 1093
f 1090 1093 1092
f 1092 1093 1095
f 1092 1095 1094
f 1094 1095 1097
f 1094 1097 1096
f 1096 1097 1099
f 1096 1099 1098
f 1098 1099 1101
f 1098 1101 1100
f 1100 1101 1103
f 1100 1103 1102
f 1102 1103 1105
f 1102 1105 1104
f 1104 1105 1107
f 1104 1107 1106
f 1106 1107 1109
f 1106 1109 1108
f 1108 1109 1111
f 1108 1111 1110
f 1110 1111 1113
f 1110 1113 1112
f 1112 1113 1115
f 1112 1115 1114
f 1114 1115 1117
f 1114 1117 1116
f 1116 1117 1119
f 1116 1119 1118
f 1118 1119 1121
f 1118 1121 1120
f 1120 1121 1123
f 1120 1123 1122
o duulga_finial
v 0.020000 0.200000 0.000000
v 0.018478 0.200000 0.007654
v 0.014142 0.200000 0.014142
v 0.007654 0.200000 0.018478
v 0.000000 0.200000 0.020000
v -0.007654 0.200000 0.018478
v -0.014142 0.200000 0.014142
v -0.018478 0.200000 0.007654
v -0.020000 0.200000 0.000000
v -0.018478 0.200000 -0.007654
v -0.014142 0.200000 -0.014142
v -0.007654 0.200000 -0.018478
v -0.000000 0.200000 -0.020000
v 0.007654 0.200000 -0.018478
v 0.014142 0.200000 -0.014142
v 0.018478 0.200000 -0.007654
v 0.020000 0.200000 -0.000000
v 0.008000 0.320000 0.000000
v 0.007391 0.320000 0.003061
v 0.005657 0.320000 0.005657
v 0.003061 0.320000 0.007391
v 0.000000 0.320000 0.008000
v -0.003061 0.320000 0.007391
v -0.005657 0.320000 0.005657
v -0.007391 0.320000 0.003061
v -0.008000 0.320000 0.000000
v -0.007391 0.320000 -0.003061
v -0.005657 0.320000 -0.005657
v -0.003061 0.320000 -0.007391
v -0.000000 0.320000 -0.008000
v 0.003061 0.320000 -0.007391
v 0.005657 0.320000 -0.005657
v 0.007391 0.320000 -0.003061
v 0.008000 0.320000 -0.000000
vn 0.976102 0.097610 0.194159
vn 0.892107 0.099288 0.440779
vn 0.655521 0.099288 0.748621
vn 0.319137 0.099288 0.942493
vn -0.065832 0.099288 0.992879
vn -0.440779 0.099288 0.892107
vn -0.748621 0.099288 0.655521
vn -0.942493 0.099288 0.319137
vn -0.992879 0.099288 -0.065832
vn -0.892107 0.099288 -0.440779
vn -0.655521 0.099288 -0.748621
vn -0.319137 0.099288 -0.942493
vn 0.065832 0.099288 -0.992879
vn 0.440779 0.099288 -0.892107
vn 0.748621 0.099288 -0.655521
vn 0.942493 0.099288 -0.319137
vn 0.976102 0.097610 -0.194159
vn 0.976102 0.097610 0.194159
vn 0.942493 0.099288 0.319137
vn 0.748621 0.099288 0.655521
vn 0.440779 0.099288 0.892107
vn 0.065832 0.099288 0.992879
vn -0.319137 0.099288 0.942493
vn -0.655521 0.099288 0.748621
vn -0.892107 0.099288 0.440779
vn -0.992879 0.099288 0.065832
vn -0.942493 0.099288 -0.319137
vn -0.748621 0.099288 -0.655521
vn -0.440779 0.099288 -0.892107
vn -0.065832 0.099288 -0.992879
vn 0.319137 0.099288 -0.942493
vn 0.655521 0.099288 -0.748621
vn 0.892107 0.099288 -0.440779
vn 0.976102 0.097610 -0.194159
usemtl steel
f 1124 1141 1142
f 1124 1142 1125
f 1125 1142 1143
f 1125 1143 1126
f 1126 1143 1144
f 1126 1144 1127
f 1127 1144 1145
f 1127 1145 1128
f 1128 1145 1146
f 1128 1146 1129
f 1129 1146 1147
f 1129 1147 1130
f 1130 1147 1148
f 1130 1148 1131
f 1131 1148 1149
f 1131 1149 1132
f 1132 1149 1150
f 1132 1150 1133
f 1133 1150 1151
f 1133 1151 1134
f 1134 1151 1152
f 1134 1152 1135
f 1135 1152 1153
f 1135 1153 1136
f 1136 1153 1154
f 1136 1154 1137
f 1137 1154 1155
f 1137 1155 1138
f 1138 1155 1156
f 1138 1156 1139
f 1139 1156 1157
f 1139 1157 1140
o duulga_fur
v 0.600000 -0.480000 0.000000
v 0.660000 -0.420000 0.000000
v 0.579555 -0.480000 0.155291
v 0.637511 -0.420000 0.170821
v 0.519615 -0.480000 0.300000
v 0.571577 -0.420000 0.330000
v 0.424264 -0.480000 0.424264
v 0.466690 -0.420000 0.466690
v 0.300000 -0.480000 0.519615
v 0.330000 -0.420000 0.571577
v 0.155291 -0.480000 0.579555
v 0.170821 -0.420000 0.637511
v 0.000000 -0.480000 0.600000
v 0.000000 -0.420000 0.660000
v -0.155291 -0.480000 0.579555
v -0.170821 -0.420000 0.637511
v -0.300000 -0.480000 0.519615
v -0.330000 -0.420000 0.571577
v -0.424264 -0.480000 0.424264
v -0.466690 -0.420000 0.466690
v -0.519615 -0.480000 0.300000
v -0.571577 -0.420000 0.330000
v -0.579555 -0.480000 0.155291
v -0.637511 -0.420000 0.170821
v -0.600000 -0.480000 0.000000
v -0.660000 -0.420000 0.000000
v -0.579555 -0.480000 -0.155291
v -0.637511 -0.420000 -0.170821
v -0.519615 -0.480000 -0.300000
v -0.571577 -0.420000 -0.330000
v -0.424264 -0.480000 -0.424264
v -0.466690 -0.420000 -0.466690
v -0.300000 -0.480000 -0.519615
v -0.330000 -0.420000 -0.571577
v -0.155291 -0.480000 -0.579555
v -0.170821 -0.420000 -0.637511
v -0.000000 -0.480000 -0.600000
v -0.000000 -0.420000 -0.660000
v 0.155291 -0.480000 -0.579555
v 0.170821 -0.420000 -0.637511
v 0.300000 -0.480000 -0.519615
v 0.330000 -0.420000 -0.571577
v 0.424264 -0.480000 -0.424264
v 0.466690 -0.420000 -0.466690
v 0.519615 -0.480000 -0.300000
v 0.571577 -0.420000 -0.330000
v 0.579555 -0.480000 -0.155291
v 0.637511 -0.420000 -0.170821
v 0.600000 -0.480000 -0.000000
v 0.660000 -0.420000 -0.000000
vn 0.704063 -0.704063 0.092692
vn 0.704063 -0.704063 0.092692
vn 0.674657 -0.706767 0.212884
vn 0.690712 -0.706767 0.152966
vn 0.596570 -0.706767 0.380244
vn 0.627586 -0.706767 0.326523
vn 0.477828 -0.706767 0.521691
vn 0.521691 -0.706767 0.477828
vn 0.326523 -0.706767 0.627586
vn 0.380244 -0.706767 0.596570
vn 0.152966 -0.706767 0.690712
vn 0.212884 -0.706767 0.674657
vn -0.031016 -0.706767 0.706767
vn 0.031016 -0.706767 0.706767
vn -0.212884 -0.706767 0.674657
vn -0.152966 -0.706767 0.690712
vn -0.380244 -0.706767 0.596570
vn -0.326523 -0.706767 0.627586
vn -0.521691 -0.706767 0.477828
vn -0.477828 -0.706767 0.521691
vn -0.627586 -0.706767 0.326523
vn -0.596570 -0.706767 0.380244
vn -0.690712 -0.706767 0.152966
vn -0.674657 -0.706767 0.212884
vn -0.706767 -0.706767 -0.031016
vn -0.706767 -0.706767 0.031016
vn -0.674657 -0.706767 -0.212884
vn -0.690712 -0.706767 -0.152966
vn -0.596570 -0.706767 -0.380244
vn -0.627586 -0.706767 -0.326523
vn -0.477828 -0.706767 -0.521691
vn -0.521691 -0.706767 -0.477828
vn -0.326523 -0.706767 -0.627586
vn -0.380244 -0.706767 -0.596570
vn -0.152966 -0.706767 -0.690712
vn -0.212884 -0.706767 -0.674657
vn 0.031016 -0.706767 -0.706767
vn -0.031016 -0.706767 -0.706767
vn 0.212884 -0.706767 -0.674657
vn 0.152966 -0.706767 -0.690712
vn 0.380244 -0.706767 -0.596570
vn 0.326523 -0.706767 -0.627586
vn 0.521691 -0.706767 -0.477828
vn 0.477828 -0.706767 -0.521691
vn 0.627586 -0.706767 -0.326523
vn 0.596570 -0.706767 -0.380244
vn 0.690712 -0.706767 -0.152966
vn 0.674657 -0.706767 -0.212884
vn 0.704063 -0.704063 -0.092692
vn 0.704063 -0.704063 -0.092692
usemtl fur
f 1158 1159 1161
f 1158 1161 1160
f 1160 1161 1163
f 1160 1163 1162
f 1162 1163 1165
f 1162 1165 1164
f 1164 1165 1167
f 1164 1167 1166
f 1166 1167 1169
f 1166 1169 1168
f 1168 1169 1171
f 1168 1171 1170
f 1170 1171 1173
f 1170 1173 1172
f 1172 1173 1175
f 1172 1175 1174
f 1174 1175 1177
f 1174 1177 1176
f 1176 1177 1179
f 1176 1179 1178
f 1178 1179 1181
f 1178 1181 1180
f 1180 1181 1183
f 1180 1183 1182
f 1182 1183 1185
f 1182 1185 1184
f 1184 1185 1187
f 1184 1187 1186
f 1186 1187 1189
f 1186 1189 1188
f 1188 1189 1191
f 1188 1191 1190
f 1190 1191 1193
f 1190 1193 1192
f 1192 1193 1195
f 1192 1195 1194
f 1194 1195 1197
f 1194 1197 1196
f 1196 1197 1199
f 1196 1199 1198
f 1198 1199 1201
f 1198 1201 1200
f 1200 1201 1203
f 1200 1203 1202
f 1202 1203 1205
f 1202 1205 1204
f 1204 1205 1207
f 1204 1207 1206
o shoulder_R
v 1.750000 0.920000 0.000000
v 1.725877 0.920000 0.136808
v 1.656418 0.920000 0.257115
v 1.550000 0.920000 0.346410
v 1.419459 0.920000 0.393923
v 1.280541 0.920000 0.393923
v 1.150000 0.920000 0.346410
v 1.043582 0.920000 0.257115
v 0.974123 0.920000 0.136808
v 0.950000 0.920000 0.000000
v 0.974123 0.920000 -0.136808
v 1.043582 0.920000 -0.257115
v 1.150000 0.920000 -0.346410
v 1.280541 0.920000 -0.393923
v 1.419459 0.920000 -0.393923
v 1.550000 0.920000 -0.346410
v 1.656418 0.920000 -0.257115
v 1.725877 0.920000 -0.136808
v 1.750000 0.920000 -0.000000
v 1.746578 0.948716 0.000000
v 1.722661 0.948716 0.135638
v 1.653796 0.948716 0.254915
v 1.548289 0.948716 0.343447
v 1.418865 0.948716 0.390553
v 1.281135 0.948716 0.390553
v 1.151711 0.948716 0.343447
v 1.046204 0.948716 0.254915
v 0.977339 0.948716 0.135638
v 0.953422 0.948716 0.000000
v 0.977339 0.948716 -0.135638
v 1.046204 0.948716 -0.254915
v 1.151711 0.948716 -0.343447
v 1.281135 0.948716 -0.390553
v 1.418865 0.948716 -0.390553
v 1.548289 0.948716 -0.343447
v 1.653796 0.948716 -0.254915
v 1.722661 0.948716 -0.135638
v 1.746578 0.948716 -0.000000
v 1.736370 0.976940 0.000000
v 1.713069 0.976940 0.132146
v 1.645977 0.976940 0.248354
v 1.543185 0.976940 0.334607
v 1.417093 0.976940 0.380500
v 1.282907 0.976940 0.380500
v 1.156815 0.976940 0.334607
v 1.054023 0.976940 0.248354
v 0.986931 0.976940 0.132146
v 0.963630 0.976940 0.000000
v 0.986931 0.976940 -0.132146
v 1.054023 0.976940 -0.248354
v 1.156815 0.976940 -0.334607
v 1.282907 0.976940 -0.380500
v 1.417093 0.976940 -0.380500
v 1.543185 0.976940 -0.334607
v 1.645977 0.976940 -0.248354
v 1.713069 0.976940 -0.132146
v 1.736370 0.976940 -0.000000
v 1.719552 1.004190 0.000000
v 1.697265 1.004190 0.126394
v 1.633093 1.004190 0.237543
v 1.534776 1.004190 0.320041
v 1.414172 1.004190 0.363937
v 1.285828 1.004190 0.363937
v 1.165224 1.004190 0.320041
v 1.066907 1.004190 0.237543
v 1.002735 1.004190 0.126394
v 0.980448 1.004190 0.000000
v 1.002735 1.004190 -0.126394
v 1.066907 1.004190 -0.237543
v 1.165224 1.004190 -0.320041
v 1.285828 1.004190 -0.363937
v 1.414172 1.004190 -0.363937
v 1.534776 1.004190 -0.320041
v 1.633093 1.004190 -0.237543
v 1.697265 1.004190 -0.126394
v 1.719552 1.004190 -0.000000
v 1.696410 1.030000 0.000000
v 1.675519 1.030000 0.118479
v 1.615366 1.030000 0.222668
v 1.523205 1.030000 0.300000
v 1.410153 1.030000 0.341147
v 1.289847 1.030000 0.341147
v 1.176795 1.030000 0.300000
v 1.084634 1.030000 0.222668
v 1.024481 1.030000 0.118479
v 1.003590 1.030000 0.000000
v 1.024481 1.030000 -0.118479
v 1.084634 1.030000 -0.222668
v 1.176795 1.030000 -0.300000
v 1.289847 1.030000 -0.341147
v 1.410153 1.030000 -0.341147
v 1.523205 1.030000 -0.300000
v 1.615366 1.030000 -0.222668
v 1.675519 1.030000 -0.118479
v 1.696410 1.030000 -0.000000
v 1.667341 1.053928 0.000000
v 1.648203 1.053928 0.108537
v 1.593098 1.053928 0.203983
v 1.508671 1.053928 0.274826
v 1.405106 1.053928 0.312520
v 1.294894 1.053928 0.312520
v 1.191329 1.053928 0.274826
v 1.106902 1.053928 0.203983
v 1.051797 1.053928 0.108537
v 1.032659 1.053928 0.000000
v 1.051797 1.053928 -0.108537
v 1.106902 1.053928 -0.203983
v 1.191329 1.053928 -0.274826
v 1.294894 1.053928 -0.312520
v 1.405106 1.053928 -0.312520
v 1.508671 1.053928 -0.274826
v 1.593098 1.053928 -0.203983
v 1.648203 1.053928 -0.108537
v 1.667341 1.053928 -0.000000
v 1.632843 1.075563 0.000000
v 1.615785 1.075563 0.096738
v 1.566670 1.075563 0.181808
v 1.491421 1.075563 0.244949
v 1.399115 1.075563 0.278546
v 1.300885 1.075563 0.278546
v 1.208579 1.075563 0.244949
v 1.133330 1.075563 0.181808
v 1.084215 1.075563 0.096738
v 1.067157 1.075563 0.000000
v 1.084215 1.075563 -0.096738
v 1.133330 1.075563 -0.181808
v 1.208579 1.075563 -0.244949
v 1.300885 1.075563 -0.278546
v 1.399115 1.075563 -0.278546
v 1.491421 1.075563 -0.244949
v 1.566670 1.075563 -0.181808
v 1.615785 1.075563 -0.096738
v 1.632843 1.075563 -0.000000
v 1.593505 1.094538 0.000000
v 1.578819 1.094538 0.083283
v 1.536535 1.094538 0.156522
v 1.471752 1.094538 0.210881
v 1.392284 1.094538 0.239805
v 1.307716 1.094538 0.239805
v 1.228248 1.094538 0.210881
v 1.163465 1.094538 0.156522
v 1.121181 1.094538 0.083283
v 1.106495 1.094538 0.000000
v 1.121181 1.094538 -0.083283
v 1.163465 1.094538 -0.156522
v 1.228248 1.094538 -0.210881
v 1.307716 1.094538 -0.239805
v 1.392284 1.094538 -0.239805
v 1.471752 1.094538 -0.210881
v 1.536535 1.094538 -0.156522
v 1.578819 1.094538 -0.083283
v 1.593505 1.094538 -0.000000
v 1.550000 1.110526 0.000000
v 1.537939 1.110526 0.068404
v 1.503209 1.110526 0.128558
v 1.450000 1.110526 0.173205
v 1.384730 1.110526 0.196962
v 1.315270 1.110526 0.196962
v 1.250000 1.110526 0.173205
v 1.196791 1.110526 0.128558
v 1.162061 1.110526 0.068404
v 1.150000 1.110526 0.000000
v 1.162061 1.110526 -0.068404
v 1.196791 1.110526 -0.128558
v 1.250000 1.110526 -0.173205
v 1.315270 1.110526 -0.196962
v 1.384730 1.110526 -0.196962
v 1.450000 1.110526 -0.173205
v 1.503209 1.110526 -0.128558
v 1.537939 1.110526 -0.068404
v 1.550000 1.110526 -0.000000
v 1.503073 1.123253 0.000000
v 1.493842 1.123253 0.052354
v 1.467261 1.123253 0.098394
v 1.426537 1.123253 0.132565
v 1.376581 1.123253 0.150748
v 1.323419 1.123253 0.150748
v 1.273463 1.123253 0.132565
v 1.232739 1.123253 0.098394
v 1.206158 1.123253 0.052354
v 1.196927 1.123253 0.000000
v 1.206158 1.123253 -0.052354
v 1.232739 1.123253 -0.098394
v 1.273463 1.123253 -0.132565
v 1.323419 1.123253 -0.150748
v 1.376581 1.123253 -0.150748
v 1.426537 1.123253 -0.132565
v 1.467261 1.123253 -0.098394
v 1.493842 1.123253 -0.052354
v 1.503073 1.123253 -0.000000
v 1.453528 1.132504 0.000000
v 1.447284 1.132504 0.035409
v 1.429307 1.132504 0.066546
v 1.401764 1.132504 0.089658
v 1.367977 1.132504 0.101955
v 1.332023 1.132504 0.101955
v 1.298236 1.132504 0.089658
v 1.270693 1.132504 0.066546
v 1.252716 1.132504 0.035409
v 1.246472 1.132504 0.000000
v 1.252716 1.132504 -0.035409
v 1.270693 1.132504 -0.066546
v 1.298236 1.132504 -0.089658
v 1.332023 1.132504 -0.101955
v 1.367977 1.132504 -0.101955
v 1.401764 1.132504 -0.089658
v 1.429307 1.132504 -0.066546
v 1.447284 1.132504 -0.035409
v 1.453528 1.132504 -0.000000
v 1.402210 1.138118 0.000000
v 1.399062 1.138118 0.017857
v 1.389996 1.138118 0.033560
v 1.376105 1.138118 0.045216
v 1.359066 1.138118 0.051417
v 1.340934 1.138118 0.051417
v 1.323895 1.138118 0.045216
v 1.310004 1.138118 0.033560
v 1.300938 1.138118 0.017857
v 1.297790 1.138118 0.000000
v 1.300938 1.138118 -0.017857
v 1.310004 1.138118 -0.033560
v 1.323895 1.138118 -0.045216
v 1.340934 1.138118 -0.051417
v 1.359066 1.138118 -0.051417
v 1.376105 1.138118 -0.045216
v 1.389996 1.138118 -0.033560
v 1.399062 1.138118 -0.017857
v 1.402210 1.138118 -0.000000
v 1.353200 1.140000 0.000000
v 1.353007 1.140000 0.001094
v 1.352451 1.140000 0.002057
v 1.351600 1.140000 0.002771
v 1.350556 1.140000 0.003151
v 1.349444 1.140000 0.003151
v 1.348400 1.140000 0.002771
v 1.347549 1.140000 0.002057
v 1.346993 1.140000 0.001094
v 1.346800 1.140000 0.000000
v 1.346993 1.140000 -0.001094
v 1.347549 1.140000 -0.002057
v 1.348400 1.140000 -0.002771
v 1.349444 1.140000 -0.003151
v 1.350556 1.140000 -0.003151
v 1.351600 1.140000 -0.002771
v 1.352451 1.140000 -0.002057
v 1.353007 1.140000 -0.001094
v 1.353200 1.140000 -0.000000
vn 0.978095 0.116560 0.172465
vn 0.911578 0.118132 0.393790
vn 0.721919 0.118132 0.681820
vn 0.445186 0.118132 0.887612
vn 0.114757 0.118132 0.986345
vn -0.229514 0.118132 0.966110
vn -0.546101 0.118132 0.829348
vn -0.796821 0.118132 0.592555
vn -0.951433 0.118132 0.284290
vn -0.991287 0.118132 -0.058264
vn -0.911578 0.118132 -0.393790
vn -0.721919 0.118132 -0.681820
vn -0.445186 0.118132 -0.887612
vn -0.114757 0.118132 -0.986345
vn 0.229514 0.118132 -0.966110
vn 0.546101 0.118132 -0.829348
vn 0.796821 0.118132 -0.592555
vn 0.951433 0.118132 -0.284290
vn 0.978095 0.116560 -0.172465
vn 0.949864 0.264020 0.167487
vn 0.914837 0.230805 0.331365
vn 0.746332 0.230805 0.624274
vn 0.487809 0.230805 0.841886
vn 0.170448 0.230805 0.957954
vn -0.167471 0.230805 0.958479
vn -0.485190 0.230805 0.843398
vn -0.744389 0.230805 0.626590
vn -0.913803 0.230805 0.334206
vn -0.972999 0.230805 0.001512
vn -0.914837 0.230805 -0.331365
vn -0.746332 0.230805 -0.624274
vn -0.487809 0.230805 -0.841886
vn -0.170448 0.230805 -0.957954
vn 0.167471 0.230805 -0.958479
vn 0.485190 0.230805 -0.843398
vn 0.744389 0.230805 -0.626590
vn 0.913803 0.230805 -0.334206
vn 0.966750 0.190620 -0.170464
vn 0.874312 0.460229 0.154165
vn 0.846974 0.435071 0.305530
vn 0.691397 0.435071 0.576787
vn 0.452428 0.435071 0.778474
vn 0.158890 0.435071 0.886266
vn -0.153813 0.435071 0.887161
vn -0.447964 0.435071 0.781051
vn -0.688084 0.435071 0.580736
vn -0.845211 0.435071 0.310374
vn -0.900392 0.435071 0.002577
vn -0.846974 0.435071 -0.305530
vn -0.691397 0.435071 -0.576787
vn -0.452428 0.435071 -0.778474
vn -0.158890 0.435071 -0.886266
vn 0.153813 0.435071 -0.887161
vn 0.447964 0.435071 -0.781051
vn 0.688084 0.435071 -0.580736
vn 0.845211 0.435071 -0.310374
vn 0.903169 0.398652 -0.159253
vn 0.775358 0.616546 0.136716
vn 0.753609 0.598853 0.271014
vn 0.615468 0.598853 0.512420
vn 0.403093 0.598853 0.692020
vn 0.142099 0.598853 0.788152
vn -0.136034 0.598853 0.789221
vn -0.397760 0.598853 0.695099
vn -0.611510 0.598853 0.517137
vn -0.751503 0.598853 0.276801
vn -0.800853 0.598853 0.003079
vn -0.753609 0.598853 -0.271014
vn -0.615468 0.598853 -0.512420
vn -0.403093 0.598853 -0.692020
vn -0.142099 0.598853 -0.788152
vn 0.136034 0.598853 -0.789221
vn 0.397760 0.598853 -0.695099
vn 0.611510 0.598853 -0.517137
vn 0.751503 0.598853 -0.276801
vn 0.809926 0.568880 -0.142812
vn 0.668816 0.734015 0.117930
vn 0.651296 0.721946 0.233683
vn 0.532094 0.721946 0.442347
vn 0.348713 0.721946 0.597656
vn 0.123272 0.721946 0.680880
vn -0.117037 0.721946 0.681980
vn -0.343229 0.721946 0.600822
vn -0.528023 0.721946 0.447197
vn -0.649130 0.721946 0.239633
vn -0.691942 0.721946 0.003166
vn -0.651296 0.721946 -0.233683
vn -0.532094 0.721946 -0.442347
vn -0.348713 0.721946 -0.597656
vn -0.123272 0.721946 -0.680880
vn 0.117037 0.721946 -0.681980
vn 0.343229 0.721946 -0.600822
vn 0.528023 0.721946 -0.447197
vn 0.649130 0.721946 -0.239633
vn 0.704451 0.698799 -0.124214
vn 0.564232 0.819600 0.099489
vn 0.550358 0.811335 0.197082
vn 0.449761 0.811335 0.373430
vn 0.294917 0.811335 0.504737
vn 0.104501 0.811335 0.575165
vn -0.098519 0.811335 0.576220
vn -0.289657 0.811335 0.507774
vn -0.445857 0.811335 0.378083
vn -0.548281 0.811335 0.202790
vn -0.584573 0.811335 0.003037
vn -0.550358 0.811335 -0.197082
vn -0.449761 0.811335 -0.373430
vn -0.294917 0.811335 -0.504737
vn -0.104501 0.811335 -0.575165
vn 0.098519 0.811335 -0.576220
vn 0.289657 0.811335 -0.507774
vn 0.445857 0.811335 -0.378083
vn 0.548281 0.811335 -0.202790
vn 0.598488 0.794151 -0.105530
vn 0.465757 0.881093 0.082126
vn 0.455385 0.875296 0.162734
vn 0.372263 0.875296 0.308671
vn 0.244241 0.875296 0.417377
vn 0.086760 0.875296 0.475742
vn -0.081185 0.875296 0.476725
vn -0.239339 0.875296 0.420208
vn -0.368624 0.875296 0.313008
vn -0.453449 0.875296 0.168054
vn -0.483580 0.875296 0.002831
vn -0.455385 0.875296 -0.162734
vn -0.372263 0.875296 -0.308671
vn -0.244241 0.875296 -0.417377
vn -0.086760 0.875296 -0.475742
vn 0.081185 0.875296 -0.476725
vn 0.239339 0.875296 -0.420208
vn 0.368624 0.875296 -0.313008
vn 0.453449 0.875296 -0.168054
vn 0.497743 0.862873 -0.087765
vn 0.374330 0.924944 0.066004
vn 0.367496 0.920757 0.130969
vn 0.300540 0.920757 0.248761
vn 0.197333 0.920757 0.336550
vn 0.070326 0.920757 0.383745
vn -0.065164 0.920757 0.384656
vn -0.192794 0.920757 0.339171
vn -0.297170 0.920757 0.252777
vn -0.365703 0.920757 0.135894
vn -0.390127 0.920757 0.002621
vn -0.367496 0.920757 -0.130969
vn -0.300540 0.920757 -0.248761
vn -0.197333 0.920757 -0.336550
vn -0.070326 0.920757 -0.383745
vn 0.065164 0.920757 -0.384656
vn 0.192794 0.920757 -0.339171
vn 0.297170 0.920757 -0.252777
vn 0.365703 0.920757 -0.135894
vn 0.403984 0.911989 -0.071233
vn 0.289349 0.955863 0.051020
vn 0.286153 0.952787 0.101555
vn 0.234162 0.952787 0.193301
vn 0.153927 0.952787 0.261731
vn 0.055127 0.952787 0.298593
vn -0.050322 0.952787 0.299440
vn -0.149702 0.952787 0.264171
vn -0.231026 0.952787 0.197038
vn -0.284484 0.952787 0.106140
vn -0.303630 0.952787 0.002440
vn -0.286153 0.952787 -0.101555
vn -0.234162 0.952787 -0.193301
vn -0.153927 0.952787 -0.261731
vn -0.055127 0.952787 -0.298593
vn 0.050322 0.952787 -0.299440
vn 0.149702 0.952787 -0.264171
vn 0.231026 0.952787 -0.197038
vn 0.284484 0.952787 -0.106140
vn 0.316977 0.946785 -0.055892
vn 0.209607 0.977087 0.036959
vn 0.210167 0.974857 0.074049
vn 0.172166 0.974857 0.141465
vn 0.113399 0.974857 0.191818
vn 0.040955 0.974857 0.219035
vn -0.036429 0.974857 0.219833
vn -0.109419 0.974857 0.194116
vn -0.169212 0.974857 0.144985
vn -0.208595 0.974857 0.078368
vn -0.222819 0.974857 0.002298
vn -0.210167 0.974857 -0.074049
vn -0.172166 0.974857 -0.141465
vn -0.113399 0.974857 -0.191818
vn -0.040955 0.974857 -0.219035
vn 0.036429 0.974857 -0.219833
vn 0.109419 0.974857 -0.194116
vn 0.169212 0.974857 -0.144985
vn 0.208595 0.974857 -0.078368
vn 0.235647 0.970950 -0.041551
vn 0.133720 0.990739 0.023578
vn 0.138171 0.989247 0.047951
vn 0.113438 0.989247 0.092317
vn 0.075022 0.989247 0.125548
vn 0.027558 0.989247 0.143635
vn -0.023230 0.989247 0.144398
vn -0.071216 0.989247 0.127745
vn -0.110613 0.989247 0.095684
vn -0.136668 0.989247 0.052082
vn -0.146239 0.989247 0.002198
vn -0.138171 0.989247 -0.047951
vn -0.113438 0.989247 -0.092317
vn -0.075022 0.989247 -0.125548
vn -0.027558 0.989247 -0.143635
vn 0.023230 0.989247 -0.144398
vn 0.071216 0.989247 -0.127745
vn 0.110613 0.989247 -0.095684
vn 0.136668 0.989247 -0.052082
vn 0.158636 0.986941 -0.027972
vn 0.061862 0.998025 0.010908
vn 0.069875 0.997285 0.023230
vn 0.057716 0.997285 0.045728
vn 0.038595 0.997285 0.062710
vn 0.014819 0.997285 0.072129
vn -0.010744 0.997285 0.072848
vn -0.035011 0.997285 0.064780
vn -0.055056 0.997285 0.048898
vn -0.068460 0.997285 0.027119
vn -0.073606 0.997285 0.002069
vn -0.069875 0.997285 -0.023230
vn -0.057716 0.997285 -0.045728
vn -0.038595 0.997285 -0.062710
vn -0.014819 0.997285 -0.072129
vn 0.010744 0.997285 -0.072848
vn 0.035011 0.997285 -0.064780
vn 0.055056 0.997285 -0.048898
vn 0.068460 0.997285 -0.027119
vn 0.085328 0.996239 -0.015046
vn 0.038373 0.999241 0.006766
vn 0.036831 0.999261 0.011005
vn 0.030846 0.999261 0.022939
vn 0.021140 0.999261 0.032105
vn 0.008885 0.999261 0.037400
vn -0.004442 0.999261 0.038183
vn -0.017234 0.999261 0.034361
vn -0.027947 0.999261 0.026394
vn -0.035289 0.999261 0.015244
vn -0.038374 0.999261 0.002255
vn -0.036831 0.999261 -0.011005
vn -0.030846 0.999261 -0.022939
vn -0.021140 0.999261 -0.032105
vn -0.008885 0.999261 -0.037400
vn 0.004442 0.999261 -0.038183
vn 0.017234 0.999261 -0.034361
vn 0.027947 0.999261 -0.026394
vn 0.035289 0.999261 -0.015244
vn 0.038373 0.999241 -0.006766
usemtl steel_dark
f 1208 1227 1228
f 1208 1228 1209
f 1209 1228 1229
f 1209 1229 1210
f 1210 1229 1230
f 1210 1230 1211
f 1211 1230 1231
f 1211 1231 1212
f 1212 1231 1232
f 1212 1232 1213
f 1213 1232 1233
f 1213 1233 1214
f 1214 1233 1234
f 1214 1234 1215
f 1215 1234 1235
f 1215 1235 1216
f 1216 1235 1236
f 1216 1236 1217
f 1217 1236 1237
f 1217 1237 1218
f 1218 1237 1238
f 1218 1238 1219
f 1219 1238 1239
f 1219 1239 1220
f 1220 1239 1240
f 1220 1240 1221
f 1221 1240 1241
f 1221 1241 1222
f 1222 1241 1242
f 1222 1242 1223
f 1223 1242 1243
f 1223 1243 1224
f 1224 1243 1244
f 1224 1244 1225
f 1225 1244 1245
f 1225 1245 1226
f 1227 1246 1247
f 1227 1247 1228
f 1228 1247 1248
f 1228 1248 1229
f 1229 1248 1249
f 1229 1249 1230
f 1230 1249 1250
f 1230 1250 1231
f 1231 1250 1251
f 1231 1251 1232
f 1232 1251 1252
f 1232 1252 1233
f 1233 1252 1253
f 1233 1253 1234
f 1234 1253 1254
f 1234 1254 1235
f 1235 1254 1255
f 1235 1255 1236
f 1236 1255 1256
f 1236 1256 1237
f 1237 1256 1257
f 1237 1257 1238
f 1238 1257 1258
f 1238 1258 1239
f 1239 1258 1259
f 1239 1259 1240
f 1240 1259 1260
f 1240 1260 1241
f 1241 1260 1261
f 1241 1261 1242
f 1242 1261 1262
f 1242 1262 1243
f 1243 1262 1263
f 1243 1263 1244
f 1244 1263 1264
f 1244 1264 1245
f 1246 1265 1266
f 1246 1266 1247
f 1247 1266 1267
f 1247 1267 1248
f 1248 1267 1268
f 1248 1268 1249
f 1249 1268 1269
f 1249 1269 1250
f 1250 1269 1270
f 1250 1270 1251
f 1251 1270 1271
f 1251 1271 1252
f 1252 1271 1272
f 1252 1272 1253
f 1253 1272 1273
f 1253 1273 1254
f 1254 1273 1274
f 1254 1274 1255
f 1255 1274 1275
f 1255 1275 1256
f 1256 1275 1276
f 1256 1276 1257
f 1257 1276 1277
f 1257 1277 1258
f 1258 1277 1278
f 1258 1278 1259
f 1259 1278 1279
f 1259 1279 1260
f 1260 1279 1280
f 1260 1280 1261
f 1261 1280 1281
f 1261 1281 1262
f 1262 1281 1282
f 1262 1282 1263
f 1263 1282 1283
f 1263 1283 1264
f 1265 1284 1285
f 1265 1285 1266
f 1266 1285 1286
f 1266 1286 1267
f 1267 1286 1287
f 1267 1287 1268
f 1268 1287 1288
f 1268 1288 1269
f 1269 1288 1289
f 1269 1289 1270
f 1270 1289 1290
f 1270 1290 1271
f 1271 1290 1291
f 1271 1291 1272
f 1272 1291 1292
f 1272 1292 1273
f 1273 1292 1293
f 1273 1293 1274
f 1274 1293 1294
f 1274 1294 1275
f 1275 1294 1295
f 1275 1295 1276
f 1276 1295 1296
f 1276 1296 1277
f 1277 1296 1297
f 1277 1297 1278
f 1278 1297 1298
f 1278 1298 1279
f 1279 1298 1299
f 1279 1299 1280
f 1280 1299 1300
f 1280 1300 1281
f 1281 1300 1301
f 1281 1301 1282
f 1282 1301 1302
f 1282 1302 1283
f 1284 1303 1304
f 1284 1304 1285
f 1285 1304 1305
f 1285 1305 1286
f 1286 1305 1306
f 1286 1306 1287
f 1287 1306 1307
f 1287 1307 1288
f 1288 1307 1308
f 1288 1308 1289
f 1289 1308 1309
f 1289 1309 1290
f 1290 1309 1310
f 1290 1310 1291
f 1291 1310 1311
f 1291 1311 1292
f 1292 1311 1312
f 1292 1312 1293
f 1293 1312 1313
f 1293 1313 1294
f 1294 1313 1314
f 1294 1314 1295
f 1295 1314 1315
f 1295 1315 1296
f 1296 1315 1316
f 1296 1316 1297
f 1297 1316 1317
f 1297 1317 1298
f 1298 1317 1318
f 1298 1318 1299
f 1299 1318 1319
f 1299 1319 1300
f 1300 1319 1320
f 1300 1320 1301
f 1301 1320 1321
f 1301 1321 1302
f 1303 1322 1323
f 1303 1323 1304
f 1304 1323 1324
f 1304 1324 1305
f 1305 1324 1325
f 1305 1325 1306
f 1306 1325 1326
f 1306 1326 1307
f 1307 1326 1327
f 1307 1327 1308
f 1308 1327 1328
f 1308 1328 1309
f 1309 1328 1329
f 1309 1329 1310
f 1310 1329 1330
f 1310 1330 1311
f 1311 1330 1331
f 1311 1331 1312
f 1312 1331 1332
f 1312 1332 1313
f 1313 1332 1333
f 1313 1333 1314
f 1314 1333 1334
f 1314 1334 1315
f 1315 1334 1335
f 1315 1335 1316
f 1316 1335 1336
f 1316 1336 1317
f 1317 1336 1337
f 1317 1337 1318
f 1318 1337 1338
f 1318 1338 1319
f 1319 1338 1339
f 1319 1339 1320
f 1320 1339 1340
f 1320 1340 1321
f 1322 1341 1342
f 1322 1342 1323
f 1323 1342 1343
f 1323 1343 1324
f 1324 1343 1344
f 1324 1344 1325
f 1325 1344 1345
f 1325 1345 1326
f 1326 1345 1346
f 1326 1346 1327
f 1327 1346 1347
f 1327 1347 1328
f 1328 1347 1348
f 1328 1348 1329
f 1329 1348 1349
f 1329 1349 1330
f 1330 1349 1350
f 1330 1350 1331
f 1331 1350 1351
f 1331 1351 1332
f 1332 1351 1352
f 1332 1352 1333
f 1333 1352 1353
f 1333 1353 1334
f 1334 1353 1354
f 1334 1354 1335
f 1335 1354 1355
f 1335 1355 1336
f 1336 1355 1356
f 1336 1356 1337
f 1337 1356 1357
f 1337 1357 1338
f 1338 1357 1358
f 1338 1358 1339
f 1339 1358 1359
f 1339 1359 1340
f 1341 1360 1361
f 1341 1361 1342
f 1342 1361 1362
f 1342 1362 1343
f 1343 1362 1363
f 1343 1363 1344
f 1344 1363 1364
f 1344 1364 1345
f 1345 1364 1365
f 1345 1365 1346
f 1346 1365 1366
f 1346 1366 1347
f 1347 1366 1367
f 1347 1367 1348
f 1348 1367 1368
f 1348 1368 1349
f 1349 1368 1369
f 1349 1369 1350
f 1350 1369 1370
f 1350 1370 1351
f 1351 1370 1371
f 1351 1371 1352
f 1352 1371 1372
f 1352 1372 1353
f 1353 1372 1373
f 1353 1373 1354
f 1354 1373 1374
f 1354 1374 1355
f 1355 1374 1375
f 1355 1375 1356
f 1356 1375 1376
f 1356 1376 1357
f 1357 1376 1377
f 1357 1377 1358
f 1358 1377 1378
f 1358 1378 1359
f 1360 1379 1380
f 1360 1380 1361
f 1361 1380 1381
f 1361 1381 1362
f 1362 1381 1382
f 1362 1382 1363
f 1363 1382 1383
f 1363 1383 1364
f 1364 1383 1384
f 1364 1384 1365
f 1365 1384 1385
f 1365 1385 1366
f 1366 1385 1386
f 1366 1386 1367
f 1367 1386 1387
f 1367 1387 1368
f 1368 1387 1388
f 1368 1388 1369
f 1369 1388 1389
f 1369 1389 1370
f 1370 1389 1390
f 1370 1390 1371
f 1371 1390 1391
f 1371 1391 1372
f 1372 1391 1392
f 1372 1392 1373
f 1373 1392 1393
f 1373 1393 1374
f 1374 1393 1394
f 1374 1394 1375
f 1375 1394 1395
f 1375 1395 1376
f 1376 1395 1396
f 1376 1396 1377
f 1377 1396 1397
f 1377 1397 1378
f 1379 1398 1399
f 1379 1399 1380
f 1380 1399 1400
f 1380 1400 1381
f 1381 1400 1401
f 1381 1401 1382
f 1382 1401 1402
f 1382 1402 1383
f 1383 1402 1403
f 1383 1403 1384
f 1384 1403 1404
f 1384 1404 1385
f 1385 1404 1405
f 1385 1405 1386
f 1386 1405 1406
f 1386 1406 1387
f 1387 1406 1407
f 1387 1407 1388
f 1388 1407 1408
f 1388 1408 1389
f 1389 1408 1409
f 1389 1409 1390
f 1390 1409 1410
f 1390 1410 1391
f 1391 1410 1411
f 1391 1411 1392
f 1392 1411 1412
f 1392 1412 1393
f 1393 1412 1413
f 1393 1413 1394
f 1394 1413 1414
f 1394 1414 1395
f 1395 1414 1415
f 1395 1415 1396
f 1396 1415 1416
f 1396 1416 1397
f 1398 1417 1418
f 1398 1418 1399
f 1399 1418 1419
f 1399 1419 1400
f 1400 1419 1420
f 1400 1420 1401
f 1401 1420 1421
f 1401 1421 1402
f 1402 1421 1422
f 1402 1422 1403
f 1403 1422 1423
f 1403 1423 1404
f 1404 1423 1424
f 1404 1424 1405
f 1405 1424 1425
f 1405 1425 1406
f 1406 1425 1426
f 1406 1426 1407
f 1407 1426 1427
f 1407 1427 1408
f 1408 1427 1428
f 1408 1428 1409
f 1409 1428 1429
f 1409 1429 1410
f 1410 1429 1430
f 1410 1430 1411
f 1411 1430 1431
f 1411 1431 1412
f 1412 1431 1432
f 1412 1432 1413
f 1413 1432 1433
f 1413 1433 1414
f 1414 1433 1434
f 1414 1434 1415
f 1415 1434 1435
f 1415 1435 1416
f 1417 1436 1437
f 1417 1437 1418
f 1418 1437 1438
f 1418 1438 1419
f 1419 1438 1439
f 1419 1439 1420
f 1420 1439 1440
f 1420 1440 1421
f 1421 1440 1441
f 1421 1441 1422
f 1422 1441 1442
f 1422 1442 1423
f 1423 1442 1443
f 1423 1443 1424
f 1424 1443 1444
f 1424 1444 1425
f 1425 1444 1445
f 1425 1445 1426
f 1426 1445 1446
f 1426 1446 1427
f 1427 1446 1447
f 1427 1447 1428
f 1428 1447 1448
f 1428 1448 1429
f 1429 1448 1449
f 1429 1449 1430
f 1430 1449 1450
f 1430 1450 1431
f 1431 1450 1451
f 1431 1451 1432
f 1432 1451 1452
f 1432 1452 1433
f 1433 1452 1453
f 1433 1453 1434
f 1434 1453 1454
f 1434 1454 1435
o vambrace_R
v 0.560000 -0.900000 0.000000
v 0.520000 -0.050000 0.000000
v 0.532592 -0.900000 0.173050
v 0.494549 -0.050000 0.160689
v 0.453050 -0.900000 0.329160
v 0.420689 -0.050000 0.305648
v 0.329160 -0.900000 0.453050
v 0.305648 -0.050000 0.420689
v 0.173050 -0.900000 0.532592
v 0.160689 -0.050000 0.494549
v 0.000000 -0.900000 0.560000
v 0.000000 -0.050000 0.520000
v -0.173050 -0.900000 0.532592
v -0.160689 -0.050000 0.494549
v -0.329160 -0.900000 0.453050
v -0.305648 -0.050000 0.420689
v -0.453050 -0.900000 0.329160
v -0.420689 -0.050000 0.305648
v -0.532592 -0.900000 0.173050
v -0.494549 -0.050000 0.160689
v -0.560000 -0.900000 0.000000
v -0.520000 -0.050000 0.000000
v -0.532592 -0.900000 -0.173050
v -0.494549 -0.050000 -0.160689
v -0.453050 -0.900000 -0.329160
v -0.420689 -0.050000 -0.305648
v -0.329160 -0.900000 -0.453050
v -0.305648 -0.050000 -0.420689
v -0.173050 -0.900000 -0.532592
v -0.160689 -0.050000 -0.494549
v 0.000000 -0.900000 -0.560000
v 0.000000 -0.050000 -0.520000
v 0.173050 -0.900000 -0.532592
v 0.160689 -0.050000 -0.494549
v 0.329160 -0.900000 -0.453050
v 0.305648 -0.050000 -0.420689
v 0.453050 -0.900000 -0.329160
v 0.420689 -0.050000 -0.305648
v 0.532592 -0.900000 -0.173050
v 0.494549 -0.050000 -0.160689
v 0.560000 -0.900000 -0.000000
v 0.520000 -0.050000 -0.000000
vn 0.986623 0.046429 0.156266
vn 0.986623 0.046429 0.156266
vn 0.932413 0.046942 0.358333
vn 0.964961 0.046942 0.258161
vn 0.776047 0.046942 0.628926
vn 0.837956 0.046942 0.543715
vn 0.543715 0.046942 0.837956
vn 0.628926 0.046942 0.776047
vn 0.258161 0.046942 0.964961
vn 0.358333 0.046942 0.932413
vn -0.052663 0.046942 0.997508
vn 0.052663 0.046942 0.997508
vn -0.358333 0.046942 0.932413
vn -0.258161 0.046942 0.964961
vn -0.628926 0.046942 0.776047
vn -0.543715 0.046942 0.837956
vn -0.837956 0.046942 0.543715
vn -0.776047 0.046942 0.628926
vn -0.964961 0.046942 0.258161
vn -0.932413 0.046942 0.358333
vn -0.997508 0.046942 -0.052663
vn -0.997508 0.046942 0.052663
vn -0.932413 0.046942 -0.358333
vn -0.964961 0.046942 -0.258161
vn -0.776047 0.046942 -0.628926
vn -0.837956 0.046942 -0.543715
vn -0.543715 0.046942 -0.837956
vn -0.628926 0.046942 -0.776047
vn -0.258161 0.046942 -0.964961
vn -0.358333 0.046942 -0.932413
vn 0.052663 0.046942 -0.997508
vn -0.052663 0.046942 -0.997508
vn 0.358333 0.046942 -0.932413
vn 0.258161 0.046942 -0.964961
vn 0.628926 0.046942 -0.776047
vn 0.543715 0.046942 -0.837956
vn 0.837956 0.046942 -0.543715
vn 0.776047 0.046942 -0.628926
vn 0.964961 0.046942 -0.258161
vn 0.932413 0.046942 -0.358333
vn 0.986623 0.046429 -0.156266
vn 0.986623 0.046429 -0.156266
usemtl steel
f 1455 1456 1458
f 1455 1458 1457
f 1457 1458 1460
f 1457 1460 1459
f 1459 1460 1462
f 1459 1462 1461
f 1461 1462 1464
f 1461 1464 1463
f 1463 1464 1466
f 1463 1466 1465
f 1465 1466 1468
f 1465 1468 1467
f 1467 1468 1470
f 1467 1470 1469
f 1469 1470 1472
f 1469 1472 1471
f 1471 1472 1474
f 1471 1474 1473
f 1473 1474 1476
f 1473 1476 1475
f 1475 1476 1478
f 1475 1478 1477
f 1477 1478 1480
f 1477 1480 1479
f 1479 1480 1482
f 1479 1482 1481
f 1481 1482 1484
f 1481 1484 1483
f 1483 1484 1486
f 1483 1486 1485
f 1485 1486 1488
f 1485 1488 1487
f 1487 1488 1490
f 1487 1490 1489
f 1489 1490 1492
f 1489 1492 1491
f 1491 1492 1494
f 1491 1494 1493
f 1493 1494 1496
f 1493 1496 1495
o gauntlet_R
v 0.560000 -0.820000 0.000000
v 0.532592 -0.820000 0.173050
v 0.453050 -0.820000 0.329160
v 0.329160 -0.820000 0.453050
v 0.173050 -0.820000 0.532592
v 0.000000 -0.820000 0.560000
v -0.173050 -0.820000 0.532592
v -0.329160 -0.820000 0.453050
v -0.453050 -0.820000 0.329160
v -0.532592 -0.820000 0.173050
v -0.560000 -0.820000 0.000000
v -0.532592 -0.820000 -0.173050
v -0.453050 -0.820000 -0.329160
v -0.329160 -0.820000 -0.453050
v -0.173050 -0.820000 -0.532592
v 0.000000 -0.820000 -0.560000
v 0.173050 -0.820000 -0.532592
v 0.329160 -0.820000 -0.453050
v 0.453050 -0.820000 -0.329160
v 0.532592 -0.820000 -0.173050
v 0.560000 -0.820000 -0.000000
v 0.550000 -0.920000 0.000000
v 0.523081 -0.920000 0.169959
v 0.444959 -0.920000 0.323282
v 0.323282 -0.920000 0.444959
v 0.169959 -0.920000 0.523081
v 0.000000 -0.920000 0.550000
v -0.169959 -0.920000 0.523081
v -0.323282 -0.920000 0.444959
v -0.444959 -0.920000 0.323282
v -0.523081 -0.920000 0.169959
v -0.550000 -0.920000 0.000000
v -0.523081 -0.920000 -0.169959
v -0.444959 -0.920000 -0.323282
v -0.323282 -0.920000 -0.444959
v -0.169959 -0.920000 -0.523081
v 0.000000 -0.920000 -0.550000
v 0.169959 -0.920000 -0.523081
v 0.323282 -0.920000 -0.444959
v 0.444959 -0.920000 -0.323282
v 0.523081 -0.920000 -0.169959
v 0.550000 -0.920000 -0.000000
v 0.500000 -1.000000 0.000000
v 0.475528 -1.000000 0.154508
v 0.404508 -1.000000 0.293893
v 0.293893 -1.000000 0.404508
v 0.154508 -1.000000 0.475528
v 0.000000 -1.000000 0.500000
v -0.154508 -1.000000 0.475528
v -0.293893 -1.000000 0.404508
v -0.404508 -1.000000 0.293893
v -0.475528 -1.000000 0.154508
v -0.500000 -1.000000 0.000000
v -0.475528 -1.000000 -0.154508
v -0.404508 -1.000000 -0.293893
v -0.293893 -1.000000 -0.404508
v -0.154508 -1.000000 -0.475528
v 0.000000 -1.000000 -0.500000
v 0.154508 -1.000000 -0.475528
v 0.293893 -1.000000 -0.404508
v 0.404508 -1.000000 -0.293893
v 0.475528 -1.000000 -0.154508
v 0.500000 -1.000000 -0.000000
v 0.420000 -1.050000 0.000000
v 0.399444 -1.050000 0.129787
v 0.339787 -1.050000 0.246870
v 0.246870 -1.050000 0.339787
v 0.129787 -1.050000 0.399444
v 0.000000 -1.050000 0.420000
v -0.129787 -1.050000 0.399444
v -0.246870 -1.050000 0.339787
v -0.339787 -1.050000 0.246870
v -0.399444 -1.050000 0.129787
v -0.420000 -1.050000 0.000000
v -0.399444 -1.050000 -0.129787
v -0.339787 -1.050000 -0.246870
v -0.246870 -1.050000 -0.339787
v -0.129787 -1.050000 -0.399444
v 0.000000 -1.050000 -0.420000
v 0.129787 -1.050000 -0.399444
v 0.246870 -1.050000 -0.339787
v 0.339787 -1.050000 -0.246870
v 0.399444 -1.050000 -0.129787
v 0.420000 -1.050000 -0.000000
v 0.300000 -1.080000 0.000000
v 0.285317 -1.080000 0.092705
v 0.242705 -1.080000 0.176336
v 0.176336 -1.080000 0.242705
v 0.092705 -1.080000 0.285317
v 0.000000 -1.080000 0.300000
v -0.092705 -1.080000 0.285317
v -0.176336 -1.080000 0.242705
v -0.242705 -1.080000 0.176336
v -0.285317 -1.080000 0.092705
v -0.300000 -1.080000 0.000000
v -0.285317 -1.080000 -0.092705
v -0.242705 -1.080000 -0.176336
v -0.176336 -1.080000 -0.242705
v -0.092705 -1.080000 -0.285317
v 0.000000 -1.080000 -0.300000
v 0.092705 -1.080000 -0.285317
v 0.176336 -1.080000 -0.242705
v 0.242705 -1.080000 -0.176336
v 0.285317 -1.080000 -0.092705
v 0.300000 -1.080000 -0.000000
v 0.180000 -1.095000 0.000000
v 0.171190 -1.095000 0.055623
v 0.145623 -1.095000 0.105801
v 0.105801 -1.095000 0.145623
v 0.055623 -1.095000 0.171190
v 0.000000 -1.095000 0.180000
v -0.055623 -1.095000 0.171190
v -0.105801 -1.095000 0.145623
v -0.145623 -1.095000 0.105801
v -0.171190 -1.095000 0.055623
v -0.180000 -1.095000 0.000000
v -0.171190 -1.095000 -0.055623
v -0.145623 -1.095000 -0.105801
v -0.105801 -1.095000 -0.145623
v -0.055623 -1.095000 -0.171190
v 0.000000 -1.095000 -0.180000
v 0.055623 -1.095000 -0.171190
v 0.105801 -1.095000 -0.145623
v 0.145623 -1.095000 -0.105801
v 0.171190 -1.095000 -0.055623
v 0.180000 -1.095000 -0.000000
v 0.008000 -1.100000 0.000000
v 0.007608 -1.100000 0.002472
v 0.006472 -1.100000 0.004702
v 0.004702 -1.100000 0.006472
v 0.002472 -1.100000 0.007608
v 0.000000 -1.100000 0.008000
v -0.002472 -1.100000 0.007608
v -0.004702 -1.100000 0.006472
v -0.006472 -1.100000 0.004702
v -0.007608 -1.100000 0.002472
v -0.008000 -1.100000 0.000000
v -0.007608 -1.100000 -0.002472
v -0.006472 -1.100000 -0.004702
v -0.004702 -1.100000 -0.006472
v -0.002472 -1.100000 -0.007608
v 0.000000 -1.100000 -0.008000
v 0.002472 -1.100000 -0.007608
v 0.004702 -1.100000 -0.006472
v 0.006472 -1.100000 -0.004702
v 0.007608 -1.100000 -0.002472
v 0.008000 -1.100000 -0.000000
vn 0.982906 -0.098291 0.155677
vn 0.961245 -0.099367 0.257167
vn 0.834729 -0.099367 0.541621
vn 0.626504 -0.099367 0.773058
vn 0.356953 -0.099367 0.928822
vn 0.052460 -0.099367 0.993667
vn -0.257167 -0.099367 0.961245
vn -0.541621 -0.099367 0.834729
vn -0.773058 -0.099367 0.626504
vn -0.928822 -0.099367 0.356953
vn -0.993667 -0.099367 0.052460
vn -0.961245 -0.099367 -0.257167
vn -0.834729 -0.099367 -0.541621
vn -0.626504 -0.099367 -0.773058
vn -0.356953 -0.099367 -0.928822
vn -0.052460 -0.099367 -0.993667
vn 0.257167 -0.099367 -0.961245
vn 0.541621 -0.099367 -0.834729
vn 0.773058 -0.099367 -0.626504
vn 0.928822 -0.099367 -0.356953
vn 0.982906 -0.098291 -0.155677
vn 0.957276 -0.246243 0.151618
vn 0.898674 -0.323589 0.296100
vn 0.763190 -0.323589 0.559314
vn 0.552999 -0.323589 0.767778
vn 0.288677 -0.323589 0.901086
vn -0.003903 -0.323589 0.946190
vn -0.296100 -0.323589 0.898674
vn -0.559314 -0.323589 0.763190
vn -0.767778 -0.323589 0.552999
vn -0.901086 -0.323589 0.288677
vn -0.946190 -0.323589 -0.003903
vn -0.898674 -0.323589 -0.296100
vn -0.763190 -0.323589 -0.559314
vn -0.552999 -0.323589 -0.767778
vn -0.288677 -0.323589 -0.901086
vn 0.003903 -0.323589 -0.946190
vn 0.296100 -0.323589 -0.898674
vn 0.559314 -0.323589 -0.763190
vn 0.767778 -0.323589 -0.552999
vn 0.901086 -0.323589 -0.288677
vn 0.908682 -0.391899 -0.143921
vn 0.753473 -0.646558 0.119338
vn 0.669422 -0.707524 0.226460
vn 0.566678 -0.707524 0.422239
vn 0.408464 -0.707524 0.576686
vn 0.210267 -0.707524 0.674684
vn -0.008513 -0.707524 0.706638
vn -0.226460 -0.707524 0.669422
vn -0.422239 -0.707524 0.566678
vn -0.576686 -0.707524 0.408464
vn -0.674684 -0.707524 0.210267
vn -0.706638 -0.707524 -0.008513
vn -0.669422 -0.707524 -0.226460
vn -0.566678 -0.707524 -0.422239
vn -0.408464 -0.707524 -0.576686
vn -0.210267 -0.707524 -0.674684
vn 0.008513 -0.707524 -0.706638
vn 0.226460 -0.707524 -0.669422
vn 0.422239 -0.707524 -0.566678
vn 0.576686 -0.707524 -0.408464
vn 0.674684 -0.707524 -0.210267
vn 0.646948 -0.755618 -0.102467
vn 0.437731 -0.896429 0.069330
vn 0.369357 -0.920422 0.128059
vn 0.311707 -0.920422 0.235929
vn 0.223545 -0.920422 0.320705
vn 0.113501 -0.920422 0.374088
vn -0.007654 -0.920422 0.390852
vn -0.128059 -0.920422 0.369357
vn -0.235929 -0.920422 0.311707
vn -0.320705 -0.920422 0.223545
vn -0.374088 -0.920422 0.113501
vn -0.390852 -0.920422 -0.007654
vn -0.369357 -0.920422 -0.128059
vn -0.311707 -0.920422 -0.235929
vn -0.223545 -0.920422 -0.320705
vn -0.113501 -0.920422 -0.374088
vn 0.007654 -0.920422 -0.390852
vn 0.128059 -0.920422 -0.369357
vn 0.235929 -0.920422 -0.311707
vn 0.320705 -0.920422 -0.223545
vn 0.374088 -0.920422 -0.113501
vn 0.341402 -0.938361 -0.054073
vn 0.203244 -0.978599 0.032191
vn 0.173648 -0.982996 0.059714
vn 0.146697 -0.982996 0.110452
vn 0.105385 -0.982996 0.150378
vn 0.053758 -0.982996 0.175583
vn -0.003131 -0.982996 0.183602
vn -0.059714 -0.982996 0.173648
vn -0.110452 -0.982996 0.146697
vn -0.150378 -0.982996 0.105385
vn -0.175583 -0.982996 0.053758
vn -0.183602 -0.982996 -0.003131
vn -0.173648 -0.982996 -0.059714
vn -0.146697 -0.982996 -0.110452
vn -0.105385 -0.982996 -0.150378
vn -0.053758 -0.982996 -0.175583
vn 0.003131 -0.982996 -0.183602
vn 0.059714 -0.982996 -0.173648
vn 0.110452 -0.982996 -0.146697
vn 0.150378 -0.982996 -0.105385
vn 0.175583 -0.982996 -0.053758
vn 0.163730 -0.986164 -0.025932
vn 0.092455 -0.995609 0.014643
vn 0.072103 -0.997057 0.026066
vn 0.060519 -0.997057 0.047071
vn 0.043011 -0.997057 0.063469
vn 0.021293 -0.997057 0.073654
vn -0.002510 -0.997057 0.076629
vn -0.026066 -0.997057 0.072103
vn -0.047071 -0.997057 0.060519
vn -0.063469 -0.997057 0.043011
vn -0.073654 -0.997057 0.021293
vn -0.076629 -0.997057 -0.002510
vn -0.072103 -0.997057 -0.026066
vn -0.060519 -0.997057 -0.047071
vn -0.043011 -0.997057 -0.063469
vn -0.021293 -0.997057 -0.073654
vn 0.002510 -0.997057 -0.076629
vn 0.026066 -0.997057 -0.072103
vn 0.047071 -0.997057 -0.060519
vn 0.063469 -0.997057 -0.043011
vn 0.073654 -0.997057 -0.021293
vn 0.060771 -0.998105 -0.009625
vn 0.029057 -0.999567 0.004602
vn 0.027161 -0.999577 0.010438
vn 0.022606 -0.999577 0.018321
vn 0.015838 -0.999577 0.024410
vn 0.007520 -0.999577 0.028109
vn -0.001534 -0.999577 0.029057
vn -0.010438 -0.999577 0.027161
vn -0.018321 -0.999577 0.022606
vn -0.024410 -0.999577 0.015838
vn -0.028109 -0.999577 0.007520
vn -0.029057 -0.999577 -0.001534
vn -0.027161 -0.999577 -0.010438
vn -0.022606 -0.999577 -0.018321
vn -0.015838 -0.999577 -0.024410
vn -0.007520 -0.999577 -0.028109
vn 0.001534 -0.999577 -0.029057
vn 0.010438 -0.999577 -0.027161
vn 0.018321 -0.999577 -0.022606
vn 0.024410 -0.999577 -0.015838
vn 0.028109 -0.999577 -0.007520
vn 0.029057 -0.999567 -0.004602
usemtl steel_light
f 1498 1519 1518
f 1498 1518 1497
f 1499 1520 1519
f 1499 1519 1498
f 1500 1521 1520
f 1500 1520 1499
f 1501 1522 1521
f 1501 1521 1500
f 1502 1523 1522
f 1502 1522 1501
f 1503 1524 1523
f 1503 1523 1502
f 1504 1525 1524
f 1504 1524 1503
f 1505 1526 1525
f 1505 1525 1504
f 1506 1527 1526
f 1506 1526 1505
f 1507 1528 1527
f 1507 1527 1506
f 1508 1529 1528
f 1508 1528 1507
f 1509 1530 1529
f 1509 1529 1508
f 1510 1531 1530
f 1510 1530 1509
f 1511 1532 1531
f 1511 1531 1510
f 1512 1533 1532
f 1512 1532 1511
f 1513 1534 1533
f 1513 1533 1512
f 1514 1535 1534
f 1514 1534 1513
f 1515 1536 1535
f 1515 1535 1514
f 1516 1537 1536
f 1516 1536 1515
f 1517 1538 1537
f 1517 1537 1516
f 1519 1540 1539
f 1519 1539 1518
f 1520 1541 1540
f 1520 1540 1519
f 1521 1542 1541
f 1521 1541 1520
f 1522 1543 1542
f 1522 1542 1521
f 1523 1544 1543
f 1523 1543 1522
f 1524 1545 1544
f 1524 1544 1523
f 1525 1546 1545
f 1525 1545 1524
f 1526 1547 1546
f 1526 1546 1525
f 1527 1548 1547
f 1527 1547 1526
f 1528 1549 1548
f 1528 1548 1527
f 1529 1550 1549
f 1529 1549 1528
f 1530 1551 1550
f 1530 1550 1529
f 1531 1552 1551
f 1531 1551 1530
f 1532 1553 1552
f 1532 1552 1531
f 1533 1554 1553
f 1533 1553 1532
f 1534 1555 1554
f 1534 1554 1533
f 1535 1556 1555
f 1535 1555 1534
f 1536 1557 1556
f 1536 1556 1535
f 1537 1558 1557
f 1537 1557 1536
f 1538 1559 1558
f 1538 1558 1537
f 1540 1561 1560
f 1540 1560 1539
f 1541 1562 1561
f 1541 1561 1540
f 1542 1563 1562
f 1542 1562 1541
f 1543 1564 1563
f 1543 1563 1542
f 1544 1565 1564
f 1544 1564 1543
f 1545 1566 1565
f 1545 1565 1544
f 1546 1567 1566
f 1546 1566 1545
f 1547 1568 1567
f 1547 1567 1546
f 1548 1569 1568
f 1548 1568 1547
f 1549 1570 1569
f 1549 1569 1548
f 1550 1571 1570
f 1550 1570 1549
f 1551 1572 1571
f 1551 1571 1550
f 1552 1573 1572
f 1552 1572 1551
f 1553 1574 1573
f 1553 1573 1552
f 1554 1575 1574
f 1554 1574 1553
f 1555 1576 1575
f 1555 1575 1554
f 1556 1577 1576
f 1556 1576 1555
f 1557 1578 1577
f 1557 1577 1556
f 1558 1579 1578
f 1558 1578 1557
f 1559 1580 1579
f 1559 1579 1558
f 1561 1582 1581
f 1561 1581 1560
f 1562 1583 1582
f 1562 1582 1561
f 1563 1584 1583
f 1563 1583 1562
f 1564 1585 1584
f 1564 1584 1563
f 1565 1586 1585
f 1565 1585 1564
f 1566 1587 1586
f 1566 1586 1565
f 1567 1588 1587
f 1567 1587 1566
f 1568 1589 1588
f 1568 1588 1567
f 1569 1590 1589
f 1569 1589 1568
f 1570 1591 1590
f 1570 1590 1569
f 1571 1592 1591
f 1571 1591 1570
f 1572 1593 1592
f 1572 1592 1571
f 1573 1594 1593
f 1573 1593 1572
f 1574 1595 1594
f 1574 1594 1573
f 1575 1596 1595
f 1575 1595 1574
f 1576 1597 1596
f 1576 1596 1575
f 1577 1598 1597
f 1577 1597 1576
f 1578 1599 1598
f 1578 1598 1577
f 1579 1600 1599
f 1579 1599 1578
f 1580 1601 1600
f 1580 1600 1579
f 1582 1603 1602
f 1582 1602 1581
f 1583 1604 1603
f 1583 1603 1582
f 1584 1605 1604
f 1584 1604 1583
f 1585 1606 1605
f 1585 1605 1584
f 1586 1607 1606
f 1586 1606 1585
f 1587 1608 1607
f 1587 1607 1586
f 1588 1609 1608
f 1588 1608 1587
f 1589 1610 1609
f 1589 1609 1588
f 1590 1611 1610
f 1590 1610 1589
f 1591 1612 1611
f 1591 1611 1590
f 1592 1613 1612
f 1592 1612 1591
f 1593 1614 1613
f 1593 1613 1592
f 1594 1615 1614
f 1594 1614 1593
f 1595 1616 1615
f 1595 1615 1594
f 1596 1617 1616
f 1596 1616 1595
f 1597 1618 1617
f 1597 1617 1596
f 1598 1619 1618
f 1598 1618 1597
f 1599 1620 1619
f 1599 1619 1598
f 1600 1621 1620
f 1600 1620 1599
f 1601 1622 1621
f 1601 1621 1600
f 1603 1624 1623
f 1603 1623 1602
f 1604 1625 1624
f 1604 1624 1603
f 1605 1626 1625
f 1605 1625 1604
f 1606 1627 1626
f 1606 1626 1605
f 1607 1628 1627
f 1607 1627 1606
f 1608 1629 1628
f 1608 1628 1607
f 1609 1630 1629
f 1609 1629 1608
f 1610 1631 1630
f 1610 1630 1609
f 1611 1632 1631
f 1611 1631 1610
f 1612 1633 1632
f 1612 1632 1611
f 1613 1634 1633
f 1613 1633 1612
f 1614 1635 1634
f 1614 1634 1613
f 1615 1636 1635
f 1615 1635 1614
f 1616 1637 1636
f 1616 1636 1615
f 1617 1638 1637
f 1617 1637 1616
f 1618 1639 1638
f 1618 1638 1617
f 1619 1640 1639
f 1619 1639 1618
f 1620 1641 1640
f 1620 1640 1619
f 1621 1642 1641
f 1621 1641 1620
f 1622 1643 1642
f 1622 1642 1621
o cuisse_R
v 0.620000 0.050000 0.000000
v 0.560000 0.950000 0.000000
v 0.589655 0.050000 0.191591
v 0.532592 0.950000 0.173050
v 0.501591 0.050000 0.364427
v 0.453050 0.950000 0.329160
v 0.364427 0.050000 0.501591
v 0.329160 0.950000 0.453050
v 0.191591 0.050000 0.589655
v 0.173050 0.950000 0.532592
v 0.000000 0.050000 0.620000
v 0.000000 0.950000 0.560000
v -0.191591 0.050000 0.589655
v -0.173050 0.950000 0.532592
v -0.364427 0.050000 0.501591
v -0.329160 0.950000 0.453050
v -0.501591 0.050000 0.364427
v -0.453050 0.950000 0.329160
v -0.589655 0.050000 0.191591
v -0.532592 0.950000 0.173050
v -0.620000 0.050000 0.000000
v -0.560000 0.950000 0.000000
v -0.589655 0.050000 -0.191591
v -0.532592 0.950000 -0.173050
v -0.501591 0.050000 -0.364427
v -0.453050 0.950000 -0.329160
v -0.364427 0.050000 -0.501591
v -0.329160 0.950000 -0.453050
v -0.191591 0.050000 -0.589655
v -0.173050 0.950000 -0.532592
v -0.000000 0.050000 -0.620000
v -0.000000 0.950000 -0.560000
v 0.191591 0.050000 -0.589655
v 0.173050 0.950000 -0.532592
v 0.364427 0.050000 -0.501591
v 0.329160 0.950000 -0.453050
v 0.501591 0.050000 -0.364427
v 0.453050 0.950000 -0.329160
v 0.589655 0.050000 -0.191591
v 0.532592 0.950000 -0.173050
v 0.620000 0.050000 -0.000000
v 0.560000 0.950000 -0.000000
vn 0.985554 0.065704 0.156096
vn 0.985554 0.065704 0.156096
vn 0.931380 0.066427 0.357936
vn 0.963892 0.066427 0.257875
vn 0.775187 0.066427 0.628230
vn 0.837028 0.066427 0.543113
vn 0.543113 0.066427 0.837028
vn 0.628230 0.066427 0.775187
vn 0.257875 0.066427 0.963892
vn 0.357936 0.066427 0.931380
vn -0.052605 0.066427 0.996404
vn 0.052605 0.066427 0.996404
vn -0.357936 0.066427 0.931380
vn -0.257875 0.066427 0.963892
vn -0.628230 0.066427 0.775187
vn -0.543113 0.066427 0.837028
vn -0.837028 0.066427 0.543113
vn -0.775187 0.066427 0.628230
vn -0.963892 0.066427 0.257875
vn -0.931380 0.066427 0.357936
vn -0.996404 0.066427 -0.052605
vn -0.996404 0.066427 0.052605
vn -0.931380 0.066427 -0.357936
vn -0.963892 0.066427 -0.257875
vn -0.775187 0.066427 -0.628230
vn -0.837028 0.066427 -0.543113
vn -0.543113 0.066427 -0.837028
vn -0.628230 0.066427 -0.775187
vn -0.257875 0.066427 -0.963892
vn -0.357936 0.066427 -0.931380
vn 0.052605 0.066427 -0.996404
vn -0.052605 0.066427 -0.996404
vn 0.357936 0.066427 -0.931380
vn 0.257875 0.066427 -0.963892
vn 0.628230 0.066427 -0.775187
vn 0.543113 0.066427 -0.837028
vn 0.837028 0.066427 -0.543113
vn 0.775187 0.066427 -0.628230
vn 0.963892 0.066427 -0.257875
vn 0.931380 0.066427 -0.357936
vn 0.985554 0.065704 -0.156096
vn 0.985554 0.065704 -0.156096
usemtl leather
f 1644 1645 1647
f 1644 1647 1646
f 1646 1647 1649
f 1646 1649 1648
f 1648 1649 1651
f 1648 1651 1650
f 1650 1651 1653
f 1650 1653 1652
f 1652 1653 1655
f 1652 1655 1654
f 1654 1655 1657
f 1654 1657 1656
f 1656 1657 1659
f 1656 1659 1658
f 1658 1659 1661
f 1658 1661 1660
f 1660 1661 1663
f 1660 1663 1662
f 1662 1663 1665
f 1662 1665 1664
f 1664 1665 1667
f 1664 1667 1666
f 1666 1667 1669
f 1666 1669 1668
f 1668 1669 1671
f 1668 1671 1670
f 1670 1671 1673
f 1670 1673 1672
f 1672 1673 1675
f 1672 1675 1674
f 1674 1675 1677
f 1674 1677 1676
f 1676 1677 1679
f 1676 1679 1678
f 1678 1679 1681
f 1678 1681 1680
f 1680 1681 1683
f 1680 1683 1682
f 1682 1683 1685
f 1682 1685 1684
o greave_R
v 0.560000 -0.950000 0.000000
v 0.500000 -0.050000 0.000000
v 0.532592 -0.950000 0.173050
v 0.475528 -0.050000 0.154508
v 0.453050 -0.950000 0.329160
v 0.404508 -0.050000 0.293893
v 0.329160 -0.950000 0.453050
v 0.293893 -0.050000 0.404508
v 0.173050 -0.950000 0.532592
v 0.154508 -0.050000 0.475528
v 0.000000 -0.950000 0.560000
v 0.000000 -0.050000 0.500000
v -0.173050 -0.950000 0.532592
v -0.154508 -0.050000 0.475528
v -0.329160 -0.950000 0.453050
v -0.293893 -0.050000 0.404508
v -0.453050 -0.950000 0.329160
v -0.404508 -0.050000 0.293893
v -0.532592 -0.950000 0.173050
v -0.475528 -0.050000 0.154508
v -0.560000 -0.950000 0.000000
v -0.500000 -0.050000 0.000000
v -0.532592 -0.950000 -0.173050
v -0.475528 -0.050000 -0.154508
v -0.453050 -0.950000 -0.329160
v -0.404508 -0.050000 -0.293893
v -0.329160 -0.950000 -0.453050
v -0.293893 -0.050000 -0.404508
v -0.173050 -0.950000 -0.532592
v -0.154508 -0.050000 -0.475528
v -0.000000 -0.950000 -0.560000
v -0.000000 -0.050000 -0.500000
v 0.173050 -0.950000 -0.532592
v 0.154508 -0.050000 -0.475528
v 0.329160 -0.950000 -0.453050
v 0.293893 -0.050000 -0.404508
v 0.453050 -0.950000 -0.329160
v 0.404508 -0.050000 -0.293893
v 0.532592 -0.950000 -0.173050
v 0.475528 -0.050000 -0.154508
v 0.560000 -0.950000 -0.000000
v 0.500000 -0.050000 -0.000000
vn 0.985554 0.065704 0.156096
vn 0.985554 0.065704 0.156096
vn 0.931380 0.066427 0.357936
vn 0.963892 0.066427 0.257875
vn 0.775187 0.066427 0.628230
vn 0.837028 0.066427 0.543113
vn 0.543113 0.066427 0.837028
vn 0.628230 0.066427 0.775187
vn 0.257875 0.066427 0.963892
vn 0.357936 0.066427 0.931380
vn -0.052605 0.066427 0.996404
vn 0.052605 0.066427 0.996404
vn -0.357936 0.066427 0.931380
vn -0.257875 0.066427 0.963892
vn -0.628230 0.066427 0.775187
vn -0.543113 0.066427 0.837028
vn -0.837028 0.066427 0.543113
vn -0.775187 0.066427 0.628230
vn -0.963892 0.066427 0.257875
vn -0.931380 0.066427 0.357936
vn -0.996404 0.066427 -0.052605
vn -0.996404 0.066427 0.052605
vn -0.931380 0.066427 -0.357936
vn -0.963892 0.066427 -0.257875
vn -0.775187 0.066427 -0.628230
vn -0.837028 0.066427 -0.543113
vn -0.543113 0.066427 -0.837028
vn -0.628230 0.066427 -0.775187
vn -0.257875 0.066427 -0.963892
vn -0.357936 0.066427 -0.931380
vn 0.052605 0.066427 -0.996404
vn -0.052605 0.066427 -0.996404
vn 0.357936 0.066427 -0.931380
vn 0.257875 0.066427 -0.963892
vn 0.628230 0.066427 -0.775187
vn 0.543113 0.066427 -0.837028
vn 0.837028 0.066427 -0.543113
vn 0.775187 0.066427 -0.628230
vn 0.963892 0.066427 -0.257875
vn 0.931380 0.066427 -0.357936
vn 0.985554 0.065704 -0.156096
vn 0.985554 0.065704 -0.156096
usemtl steel
f 1686 1687 1689
f 1686 1689 1688
f 1688 1689 1691
f 1688 1691 1690
f 1690 1691 1693
f 1690 1693 1692
f 1692 1693 1695
f 1692 1695 1694
f 1694 1695 1697
f 1694 1697 1696
f 1696 1697 1699
f 1696 1699 1698
f 1698 1699 1701
f 1698 1701 1700
f 1700 1701 1703
f 1700 1703 1702
f 1702 1703 1705
f 1702 1705 1704
f 1704 1705 1707
f 1704 1707 1706
f 1706 1707 1709
f 1706 1709 1708
f 1708 1709 1711
f 1708 1711 1710
f 1710 1711 1713
f 1710 1713 1712
f 1712 1713 1715
f 1712 1715 1714
f 1714 1715 1717
f 1714 1717 1716
f 1716 1717 1719
f 1716 1719 1718
f 1718 1719 1721
f 1718 1721 1720
f 1720 1721 1723
f 1720 1723 1722
f 1722 1723 1725
f 1722 1725 1724
f 1724 1725 1727
f 1724 1727 1726
o sabaton_R
v 0.175500 -0.840000 -0.200000
v 0.175500 -0.840000 0.400000
v 0.162141 -0.896828 -0.200000
v 0.162141 -0.896828 0.400000
v 0.124097 -0.945005 -0.200000
v 0.124097 -0.945005 0.400000
v 0.067161 -0.977196 -0.200000
v 0.067161 -0.977196 0.400000
v 0.000000 -0.988500 -0.200000
v 0.000000 -0.988500 0.400000
v -0.067161 -0.977196 -0.200000
v -0.067161 -0.977196 0.400000
v -0.124097 -0.945005 -0.200000
v -0.124097 -0.945005 0.400000
v -0.162141 -0.896828 -0.200000
v -0.162141 -0.896828 0.400000
v -0.175500 -0.840000 -0.200000
v -0.175500 -0.840000 0.400000
v -0.162141 -0.783172 -0.200000
v -0.162141 -0.783172 0.400000
v -0.124097 -0.734995 -0.200000
v -0.124097 -0.734995 0.400000
v -0.067161 -0.702804 -0.200000
v -0.067161 -0.702804 0.400000
v -0.000000 -0.691500 -0.200000
v -0.000000 -0.691500 0.400000
v 0.067161 -0.702804 -0.200000
v 0.067161 -0.702804 0.400000
v 0.124097 -0.734995 -0.200000
v 0.124097 -0.734995 0.400000
v 0.162141 -0.783172 -0.200000
v 0.162141 -0.783172 0.400000
v 0.175500 -0.840000 -0.200000
v 0.175500 -0.840000 0.400000
v 0.000000 -0.840000 -0.200000
v 0.000000 -0.840000 0.400000
vn 0.870693 -0.204681 -0.447214
vn 0.688343 -0.161814 0.707107
vn 0.715773 -0.413270 -0.562918
vn 0.768872 -0.303249 0.562918
vn 0.496375 -0.662363 -0.561148
vn 0.578483 -0.592005 0.561148
vn 0.230705 -0.795806 -0.559882
vn 0.322018 -0.763437 0.559882
vn -0.046429 -0.827554 -0.559463
vn 0.046429 -0.827554 0.559463
vn -0.322018 -0.763437 -0.559882
vn -0.230705 -0.795806 0.559882
vn -0.578483 -0.592005 -0.561148
vn -0.496375 -0.662363 0.561148
vn -0.768872 -0.303249 -0.562918
vn -0.715773 -0.413270 0.562918
vn -0.823346 0.064517 -0.563860
vn -0.823346 -0.064517 0.563860
vn -0.715773 0.413270 -0.562918
vn -0.768872 0.303249 0.562918
vn -0.496375 0.662363 -0.561148
vn -0.578483 0.592005 0.561148
vn -0.230705 0.795806 -0.559882
vn -0.322018 0.763437 0.559882
vn 0.046429 0.827554 -0.559463
vn -0.046429 0.827554 0.559463
vn 0.322018 0.763437 -0.559882
vn 0.230705 0.795806 0.559882
vn 0.578483 0.592005 -0.561148
vn 0.496375 0.662363 0.561148
vn 0.768872 0.303249 -0.562918
vn 0.715773 0.413270 0.562918
vn 0.688343 0.161814 -0.707107
vn 0.870693 0.204681 0.447214
vn 0.000000 -0.000000 -1.000000
vn -0.000000 0.000000 1.000000
usemtl steel
f 1728 1729 1731
f 1728 1731 1730
f 1730 1731 1733
f 1730 1733 1732
f 1732 1733 1735
f 1732 1735 1734
f 1734 1735 1737
f 1734 1737 1736
f 1736 1737 1739
f 1736 1739 1738
f 1738 1739 1741
f 1738 1741 1740
f 1740 1741 1743
f 1740 1743 1742
f 1742 1743 1745
f 1742 1745 1744
f 1744 1745 1747
f 1744 1747 1746
f 1746 1747 1749
f 1746 1749 1748
f 1748 1749 1751
f 1748 1751 1750
f 1750 1751 1753
f 1750 1753 1752
f 1752 1753 1755
f 1752 1755 1754
f 1754 1755 1757
f 1754 1757 1756
f 1756 1757 1759
f 1756 1759 1758
f 1758 1759 1761
f 1758 1761 1760
f 1762 1728 1730
f 1762 1730 1732
f 1762 1732 1734
f 1762 1734 1736
f 1762 1736 1738
f 1762 1738 1740
f 1762 1740 1742
f 1762 1742 1744
f 1762 1744 1746
f 1762 1746 1748
f 1762 1748 1750
f 1762 1750 1752
f 1762 1752 1754
f 1762 1754 1756
f 1762 1756 1758
f 1762 1758 1760
f 1763 1731 1729
f 1763 1733 1731
f 1763 1735 1733
f 1763 1737 1735
f 1763 1739 1737
f 1763 1741 1739
f 1763 1743 1741
f 1763 1745 1743
f 1763 1747 1745
f 1763 1749 1747
f 1763 1751 1749
f 1763 1753 1751
f 1763 1755 1753
f 1763 1757 1755
f 1763 1759 1757
f 1763 1761 1759
o shoulder_L
v -0.950000 0.920000 0.000000
v -0.974123 0.920000 0.136808
v -1.043582 0.920000 0.257115
v -1.150000 0.920000 0.346410
v -1.280541 0.920000 0.393923
v -1.419459 0.920000 0.393923
v -1.550000 0.920000 0.346410
v -1.656418 0.920000 0.257115
v -1.725877 0.920000 0.136808
v -1.750000 0.920000 0.000000
v -1.725877 0.920000 -0.136808
v -1.656418 0.920000 -0.257115
v -1.550000 0.920000 -0.346410
v -1.419459 0.920000 -0.393923
v -1.280541 0.920000 -0.393923
v -1.150000 0.920000 -0.346410
v -1.043582 0.920000 -0.257115
v -0.974123 0.920000 -0.136808
v -0.950000 0.920000 -0.000000
v -0.953422 0.948716 0.000000
v -0.977339 0.948716 0.135638
v -1.046204 0.948716 0.254915
v -1.151711 0.948716 0.343447
v -1.281135 0.948716 0.390553
v -1.418865 0.948716 0.390553
v -1.548289 0.948716 0.343447
v -1.653796 0.948716 0.254915
v -1.722661 0.948716 0.135638
v -1.746578 0.948716 0.000000
v -1.722661 0.948716 -0.135638
v -1.653796 0.948716 -0.254915
v -1.548289 0.948716 -0.343447
v -1.418865 0.948716 -0.390553
v -1.281135 0.948716 -0.390553
v -1.151711 0.948716 -0.343447
v -1.046204 0.948716 -0.254915
v -0.977339 0.948716 -0.135638
v -0.953422 0.948716 -0.000000
v -0.963630 0.976940 0.000000
v -0.986931 0.976940 0.132146
v -1.054023 0.976940 0.248354
v -1.156815 0.976940 0.334607
v -1.282907 0.976940 0.380500
v -1.417093 0.976940 0.380500
v -1.543185 0.976940 0.334607
v -1.645977 0.976940 0.248354
v -1.713069 0.976940 0.132146
v -1.736370 0.976940 0.000000
v -1.713069 0.976940 -0.132146
v -1.645977 0.976940 -0.248354
v -1.543185 0.976940 -0.334607
v -1.417093 0.976940 -0.380500
v -1.282907 0.976940 -0.380500
v -1.156815 0.976940 -0.334607
v -1.054023 0.976940 -0.248354
v -0.986931 0.976940 -0.132146
v -0.963630 0.976940 -0.000000
v -0.980448 1.004190 0.000000
v -1.002735 1.004190 0.126394
v -1.066907 1.004190 0.237543
v -1.165224 1.004190 0.320041
v -1.285828 1.004190 0.363937
v -1.414172 1.004190 0.363937
v -1.534776 1.004190 0.320041
v -1.633093 1.004190 0.237543
v -1.697265 1.004190 0.126394
v -1.719552 1.004190 0.000000
v -1.697265 1.004190 -0.126394
v -1.633093 1.004190 -0.237543
v -1.534776 1.004190 -0.320041
v -1.414172 1.004190 -0.363937
v -1.285828 1.004190 -0.363937
v -1.165224 1.004190 -0.320041
v -1.066907 1.004190 -0.237543
v -1.002735 1.004190 -0.126394
v -0.980448 1.004190 -0.000000
v -1.003590 1.030000 0.000000
v -1.024481 1.030000 0.118479
v -1.084634 1.030000 0.222668
v -1.176795 1.030000 0.300000
v -1.289847 1.030000 0.341147
v -1.410153 1.030000 0.341147
v -1.523205 1.030000 0.300000
v -1.615366 1.030000 0.222668
v -1.675519 1.030000 0.118479
v -1.696410 1.030000 0.000000
v -1.675519 1.030000 -0.118479
v -1.615366 1.030000 -0.222668
v -1.523205 1.030000 -0.300000
v -1.410153 1.030000 -0.341147
v -1.289847 1.030000 -0.341147
v -1.176795 1.030000 -0.300000
v -1.084634 1.030000 -0.222668
v -1.024481 1.030000 -0.118479
v -1.003590 1.030000 -0.000000
v -1.032659 1.053928 0.000000
v -1.051797 1.053928 0.108537
v -1.106902 1.053928 0.203983
v -1.191329 1.053928 0.274826
v -1.294894 1.053928 0.312520
v -1.405106 1.053928 0.312520
v -1.508671 1.053928 0.274826
v -1.593098 1.053928 0.203983
v -1.648203 1.053928 0.108537
v -1.667341 1.053928 0.000000
v -1.648203 1.053928 -0.108537
v -1.593098 1.053928 -0.203983
v -1.508671 1.053928 -0.274826
v -1.405106 1.053928 -0.312520
v -1.294894 1.053928 -0.312520
v -1.191329 1.053928 -0.274826
v -1.106902 1.053928 -0.203983
v -1.051797 1.053928 -0.108537
v -1.032659 1.053928 -0.000000
v -1.067157 1.075563 0.000000
v -1.084215 1.075563 0.096738
v -1.133330 1.075563 0.181808
v -1.208579 1.075563 0.244949
v -1.300885 1.075563 0.278546
v -1.399115 1.075563 0.278546
v -1.491421 1.075563 0.244949
v -1.566670 1.075563 0.181808
v -1.615785 1.075563 0.096738
v -1.632843 1.075563 0.000000
v -1.615785 1.075563 -0.096738
v -1.566670 1.075563 -0.181808
v -1.491421 1.075563 -0.244949
v -1.399115 1.075563 -0.278546
v -1.300885 1.075563 -0.278546
v -1.208579 1.075563 -0.244949
v -1.133330 1.075563 -0.181808
v -1.084215 1.075563 -0.096738
v -1.067157 1.075563 -0.000000
v -1.106495 1.094538 0.000000
v -1.121181 1.094538 0.083283
v -1.163465 1.094538 0.156522
v -1.228248 1.094538 0.210881
v -1.307716 1.094538 0.239805
v -1.392284 1.094538 0.239805
v -1.471752 1.094538 0.210881
v -1.536535 1.094538 0.156522
v -1.578819 1.094538 0.083283
v -1.593505 1.094538 0.000000
v -1.578819 1.094538 -0.083283
v -1.536535 1.094538 -0.156522
v -1.471752 1.094538 -0.210881
v -1.392284 1.094538 -0.239805
v -1.307716 1.094538 -0.239805
v -1.228248 1.094538 -0.210881
v -1.163465 1.094538 -0.156522
v -1.121181 1.094538 -0.083283
v -1.106495 1.094538 -0.000000
v -1.150000 1.110526 0.000000
v -1.162061 1.110526 0.068404
v -1.196791 1.110526 0.128558
v -1.250000 1.110526 0.173205
v -1.315270 1.110526 0.196962
v -1.384730 1.110526 0.196962
v -1.450000 1.110526 0.173205
v -1.503209 1.110526 0.128558
v -1.537939 1.110526 0.068404
v -1.550000 1.110526 0.000000
v -1.537939 1.110526 -0.068404
v -1.503209 1.110526 -0.128558
v -1.450000 1.110526 -0.173205
v -1.384730 1.110526 -0.196962
v -1.315270 1.110526 -0.196962
v -1.250000 1.110526 -0.173205
v -1.196791 1.110526 -0.128558
v -1.162061 1.110526 -0.068404
v -1.150000 1.110526 -0.000000
v -1.196927 1.123253 0.000000
v -1.206158 1.123253 0.052354
v -1.232739 1.123253 0.098394
v -1.273463 1.123253 0.132565
v -1.323419 1.123253 0.150748
v -1.376581 1.123253 0.150748
v -1.426537 1.123253 0.132565
v -1.467261 1.123253 0.098394
v -1.493842 1.123253 0.052354
v -1.503073 1.123253 0.000000
v -1.493842 1.123253 -0.052354
v -1.467261 1.123253 -0.098394
v -1.426537 1.123253 -0.132565
v -1.376581 1.123253 -0.150748
v -1.323419 1.123253 -0.150748
v -1.273463 1.123253 -0.132565
v -1.232739 1.123253 -0.098394
v -1.206158 1.123253 -0.052354
v -1.196927 1.123253 -0.000000
v -1.246472 1.132504 0.000000
v -1.252716 1.132504 0.035409
v -1.270693 1.132504 0.066546
v -1.298236 1.132504 0.089658
v -1.332023 1.132504 0.101955
v -1.367977 1.132504 0.101955
v -1.401764 1.132504 0.089658
v -1.429307 1.132504 0.066546
v -1.447284 1.132504 0.035409
v -1.453528 1.132504 0.000000
v -1.447284 1.132504 -0.035409
v -1.429307 1.132504 -0.066546
v -1.401764 1.132504 -0.089658
v -1.367977 1.132504 -0.101955
v -1.332023 1.132504 -0.101955
v -1.298236 1.132504 -0.089658
v -1.270693 1.132504 -0.066546
v -1.252716 1.132504 -0.035409
v -1.246472 1.132504 -0.000000
v -1.297790 1.138118 0.000000
v -1.300938 1.138118 0.017857
v -1.310004 1.138118 0.033560
v -1.323895 1.138118 0.045216
v -1.340934 1.138118 0.051417
v -1.359066 1.138118 0.051417
v -1.376105 1.138118 0.045216
v -1.389996 1.138118 0.033560
v -1.399062 1.138118 0.017857
v -1.402210 1.138118 0.000000
v -1.399062 1.138118 -0.017857
v -1.389996 1.138118 -0.033560
v -1.376105 1.138118 -0.045216
v -1.359066 1.138118 -0.051417
v -1.340934 1.138118 -0.051417
v -1.323895 1.138118 -0.045216
v -1.310004 1.138118 -0.033560
v -1.300938 1.138118 -0.017857
v -1.297790 1.138118 -0.000000
v -1.346800 1.140000 0.000000
v -1.346993 1.140000 0.001094
v -1.347549 1.140000 0.002057
v -1.348400 1.140000 0.002771
v -1.349444 1.140000 0.003151
v -1.350556 1.140000 0.003151
v -1.351600 1.140000 0.002771
v -1.352451 1.140000 0.002057
v -1.353007 1.140000 0.001094
v -1.353200 1.140000 0.000000
v -1.353007 1.140000 -0.001094
v -1.352451 1.140000 -0.002057
v -1.351600 1.140000 -0.002771
v -1.350556 1.140000 -0.003151
v -1.349444 1.140000 -0.003151
v -1.348400 1.140000 -0.002771
v -1.347549 1.140000 -0.002057
v -1.346993 1.140000 -0.001094
v -1.346800 1.140000 -0.000000
vn 0.978095 0.116560 0.172465
vn 0.911578 0.118132 0.393790
vn 0.721919 0.118132 0.681820
vn 0.445186 0.118132 0.887612
vn 0.114757 0.118132 0.986345
vn -0.229514 0.118132 0.966110
vn -0.546101 0.118132 0.829348
vn -0.796821 0.118132 0.592555
vn -0.951433 0.118132 0.284290
vn -0.991287 0.118132 -0.058264
vn -0.911578 0.118132 -0.393790
vn -0.721919 0.118132 -0.681820
vn -0.445186 0.118132 -0.887612
vn -0.114757 0.118132 -0.986345
vn 0.229514 0.118132 -0.966110
vn 0.546101 0.118132 -0.829348
vn 0.796821 0.118132 -0.592555
vn 0.951433 0.118132 -0.284290
vn 0.978095 0.116560 -0.172465
vn 0.949864 0.264020 0.167487
vn 0.914837 0.230805 0.331365
vn 0.746332 0.230805 0.624274
vn 0.487809 0.230805 0.841886
vn 0.170448 0.230805 0.957954
vn -0.167471 0.230805 0.958479
vn -0.485190 0.230805 0.843398
vn -0.744389 0.230805 0.626590
vn -0.913803 0.230805 0.334206
vn -0.972999 0.230805 0.001512
vn -0.914837 0.230805 -0.331365
vn -0.746332 0.230805 -0.624274
vn -0.487809 0.230805 -0.841886
vn -0.170448 0.230805 -0.957954
vn 0.167471 0.230805 -0.958479
vn 0.485190 0.230805 -0.843398
vn 0.744389 0.230805 -0.626590
vn 0.913803 0.230805 -0.334206
vn 0.966750 0.190620 -0.170464
vn 0.874312 0.460229 0.154165
vn 0.846974 0.435071 0.305530
vn 0.691397 0.435071 0.576787
vn 0.452428 0.435071 0.778474
vn 0.158890 0.435071 0.886266
vn -0.153813 0.435071 0.887161
vn -0.447964 0.435071 0.781051
vn -0.688084 0.435071 0.580736
vn -0.845211 0.435071 0.310374
vn -0.900392 0.435071 0.002577
vn -0.846974 0.435071 -0.305530
vn -0.691397 0.435071 -0.576787
vn -0.452428 0.435071 -0.778474
vn -0.158890 0.435071 -0.886266
vn 0.153813 0.435071 -0.887161
vn 0.447964 0.435071 -0.781051
vn 0.688084 0.435071 -0.580736
vn 0.845211 0.435071 -0.310374
vn 0.903169 0.398652 -0.159253
vn 0.775358 0.616546 0.136716
vn 0.753609 0.598853 0.271014
vn 0.615468 0.598853 0.512420
vn 0.403093 0.598853 0.692020
vn 0.142099 0.598853 0.788152
vn -0.136034 0.598853 0.789221
vn -0.397760 0.598853 0.695099
vn -0.611510 0.598853 0.517137
vn -0.751503 0.598853 0.276801
vn -0.800853 0.598853 0.003079
vn -0.753609 0.598853 -0.271014
vn -0.615468 0.598853 -0.512420
vn -0.403093 0.598853 -0.692020
vn -0.142099 0.598853 -0.788152
vn 0.136034 0.598853 -0.789221
vn 0.397760 0.598853 -0.695099
vn 0.611510 0.598853 -0.517137
vn 0.751503 0.598853 -0.276801
vn 0.809926 0.568880 -0.142812
vn 0.668816 0.734015 0.117930
vn 0.651296 0.721946 0.233683
vn 0.532094 0.721946 0.442347
vn 0.348713 0.721946 0.597656
vn 0.123272 0.721946 0.680880
vn -0.117037 0.721946 0.681980
vn -0.343229 0.721946 0.600822
vn -0.528023 0.721946 0.447197
vn -0.649130 0.721946 0.239633
vn -0.691942 0.721946 0.003166
vn -0.651296 0.721946 -0.233683
vn -0.532094 0.721946 -0.442347
vn -0.348713 0.721946 -0.597656
vn -0.123272 0.721946 -0.680880
vn 0.117037 0.721946 -0.681980
vn 0.343229 0.721946 -0.600822
vn 0.528023 0.721946 -0.447197
vn 0.649130 0.721946 -0.239633
vn 0.704451 0.698799 -0.124214
vn 0.564232 0.819600 0.099489
vn 0.550358 0.811335 0.197082
vn 0.449761 0.811335 0.373430
vn 0.294917 0.811335 0.504737
vn 0.104501 0.811335 0.575165
vn -0.098519 0.811335 0.576220
vn -0.289657 0.811335 0.507774
vn -0.445857 0.811335 0.378083
vn -0.548281 0.811335 0.202790
vn -0.584573 0.811335 0.003037
vn -0.550358 0.811335 -0.197082
vn -0.449761 0.811335 -0.373430
vn -0.294917 0.811335 -0.504737
vn -0.104501 0.811335 -0.575165
vn 0.098519 0.811335 -0.576220
vn 0.289657 0.811335 -0.507774
vn 0.445857 0.811335 -0.378083
vn 0.548281 0.811335 -0.202790
vn 0.598488 0.794151 -0.105530
vn 0.465757 0.881093 0.082126
vn 0.455385 0.875296 0.162734
vn 0.372263 0.875296 0.308671
vn 0.244241 0.875296 0.417377
vn 0.086760 0.875296 0.475742
vn -0.081185 0.875296 0.476725
vn -0.239339 0.875296 0.420208
vn -0.368624 0.875296 0.313008
vn -0.453449 0.875296 0.168054
vn -0.483580 0.875296 0.002831
vn -0.455385 0.875296 -0.162734
vn -0.372263 0.875296 -0.308671
vn -0.244241 0.875296 -0.417377
vn -0.086760 0.875296 -0.475742
vn 0.081185 0.875296 -0.476725
vn 0.239339 0.875296 -0.420208
vn 0.368624 0.875296 -0.313008
vn 0.453449 0.875296 -0.168054
vn 0.497743 0.862873 -0.087765
vn 0.374330 0.924944 0.066004
vn 0.367496 0.920757 0.130969
vn 0.300540 0.920757 0.248761
vn 0.197333 0.920757 0.336550
vn 0.070326 0.920757 0.383745
vn -0.065164 0.920757 0.384656
vn -0.192794 0.920757 0.339171
vn -0.297170 0.920757 0.252777
vn -0.365703 0.920757 0.135894
vn -0.390127 0.920757 0.002621
vn -0.367496 0.920757 -0.130969
vn -0.300540 0.920757 -0.248761
vn -0.197333 0.920757 -0.336550
vn -0.070326 0.920757 -0.383745
vn 0.065164 0.920757 -0.384656
vn 0.192794 0.920757 -0.339171
vn 0.297170 0.920757 -0.252777
vn 0.365703 0.920757 -0.135894
vn 0.403984 0.911989 -0.071233
vn 0.289349 0.955863 0.051020
vn 0.286153 0.952787 0.101555
vn 0.234162 0.952787 0.193301
vn 0.153927 0.952787 0.261731
vn 0.055127 0.952787 0.298593
vn -0.050322 0.952787 0.299440
vn -0.149702 0.952787 0.264171
vn -0.231026 0.952787 0.197038
vn -0.284484 0.952787 0.106140
vn -0.303630 0.952787 0.002440
vn -0.286153 0.952787 -0.101555
vn -0.234162 0.952787 -0.193301
vn -0.153927 0.952787 -0.261731
vn -0.055127 0.952787 -0.298593
vn 0.050322 0.952787 -0.299440
vn 0.149702 0.952787 -0.264171
vn 0.231026 0.952787 -0.197038
vn 0.284484 0.952787 -0.106140
vn 0.316977 0.946785 -0.055892
vn 0.209607 0.977087 0.036959
vn 0.210167 0.974857 0.074049
vn 0.172166 0.974857 0.141465
vn 0.113399 0.974857 0.191818
vn 0.040955 0.974857 0.219035
vn -0.036429 0.974857 0.219833
vn -0.109419 0.974857 0.194116
vn -0.169212 0.974857 0.144985
vn -0.208595 0.974857 0.078368
vn -0.222819 0.974857 0.002298
vn -0.210167 0.974857 -0.074049
vn -0.172166 0.974857 -0.141465
vn -0.113399 0.974857 -0.191818
vn -0.040955 0.974857 -0.219035
vn 0.036429 0.974857 -0.219833
vn 0.109419 0.974857 -0.194116
vn 0.169212 0.974857 -0.144985
vn 0.208595 0.974857 -0.078368
vn 0.235647 0.970950 -0.041551
vn 0.133720 0.990739 0.023578
vn 0.138171 0.989247 0.047951
vn 0.113438 0.989247 0.092317
vn 0.075022 0.989247 0.125548
vn 0.027558 0.989247 0.143635
vn -0.023230 0.989247 0.144398
vn -0.071216 0.989247 0.127745
vn -0.110613 0.989247 0.095684
vn -0.136668 0.989247 0.052082
vn -0.146239 0.989247 0.002198
vn -0.138171 0.989247 -0.047951
vn -0.113438 0.989247 -0.092317
vn -0.075022 0.989247 -0.125548
vn -0.027558 0.989247 -0.143635
vn 0.023230 0.989247 -0.144398
vn 0.071216 0.989247 -0.127745
vn 0.110613 0.989247 -0.095684
vn 0.136668 0.989247 -0.052082
vn 0.158636 0.986941 -0.027972
vn 0.061862 0.998025 0.010908
vn 0.069875 0.997285 0.023230
vn 0.057716 0.997285 0.045728
vn 0.038595 0.997285 0.062710
vn 0.014819 0.997285 0.072129
vn -0.010744 0.997285 0.072848
vn -0.035011 0.997285 0.064780
vn -0.055056 0.997285 0.048898
vn -0.068460 0.997285 0.027119
vn -0.073606 0.997285 0.002069
vn -0.069875 0.997285 -0.023230
vn -0.057716 0.997285 -0.045728
vn -0.038595 0.997285 -0.062710
vn -0.014819 0.997285 -0.072129
vn 0.010744 0.997285 -0.072848
vn 0.035011 0.997285 -0.064780
vn 0.055056 0.997285 -0.048898
vn 0.068460 0.997285 -0.027119
vn 0.085328 0.996239 -0.015046
vn 0.038373 0.999241 0.006766
vn 0.036831 0.999261 0.011005
vn 0.030846 0.999261 0.022939
vn 0.021140 0.999261 0.032105
vn 0.008885 0.999261 0.037400
vn -0.004442 0.999261 0.038183
vn -0.017234 0.999261 0.034361
vn -0.027947 0.999261 0.026394
vn -0.035289 0.999261 0.015244
vn -0.038374 0.999261 0.002255
vn -0.036831 0.999261 -0.011005
vn -0.030846 0.999261 -0.022939
vn -0.021140 0.999261 -0.032105
vn -0.008885 0.999261 -0.037400
vn 0.004442 0.999261 -0.038183
vn 0.017234 0.999261 -0.034361
vn 0.027947 0.999261 -0.026394
vn 0.035289 0.999261 -0.015244
vn 0.038373 0.999241 -0.006766
usemtl steel_dark
f 1764 1783 1784
f 1764 1784 1765
f 1765 1784 1785
f 1765 1785 1766
f 1766 1785 1786
f 1766 1786 1767
f 1767 1786 1787
f 1767 1787 1768
f 1768 1787 1788
f 1768 1788 1769
f 1769 1788 1789
f 1769 1789 1770
f 1770 1789 1790
f 1770 1790 1771
f 1771 1790 1791
f 1771 1791 1772
f 1772 1791 1792
f 1772 1792 1773
f 1773 1792 1793
f 1773 1793 1774
f 1774 1793 1794
f 1774 1794 1775
f 1775 1794 1795
f 1775 1795 1776
f 1776 1795 1796
f 1776 1796 1777
f 1777 1796 1797
f 1777 1797 1778
f 1778 1797 1798
f 1778 1798 1779
f 1779 1798 1799
f 1779 1799 1780
f 1780 1799 1800
f 1780 1800 1781
f 1781 1800 1801
f 1781 1801 1782
f 1783 1802 1803
f 1783 1803 1784
f 1784 1803 1804
f 1784 1804 1785
f 1785 1804 1805
f 1785 1805 1786
f 1786 1805 1806
f 1786 1806 1787
f 1787 1806 1807
f 1787 1807 1788
f 1788 1807 1808
f 1788 1808 1789
f 1789 1808 1809
f 1789 1809 1790
f 1790 1809 1810
f 1790 1810 1791
f 1791 1810 1811
f 1791 1811 1792
f 1792 1811 1812
f 1792 1812 1793
f 1793 1812 1813
f 1793 1813 1794
f 1794 1813 1814
f 1794 1814 1795
f 1795 1814 1815
f 1795 1815 1796
f 1796 1815 1816
f 1796 1816 1797
f 1797 1816 1817
f 1797 1817 1798
f 1798 1817 1818
f 1798 1818 1799
f 1799 1818 1819
f 1799 1819 1800
f 1800 1819 1820
f 1800 1820 1801
f 1802 1821 1822
f 1802 1822 1803
f 1803 1822 1823
f 1803 1823 1804
f 1804 1823 1824
f 1804 1824 1805
f 1805 1824 1825
f 1805 1825 1806
f 1806 1825 1826
f 1806 1826 1807
f 1807 1826 1827
f 1807 1827 1808
f 1808 1827 1828
f 1808 1828 1809
f 1809 1828 1829
f 1809 1829 1810
f 1810 1829 1830
f 1810 1830 1811
f 1811 1830 1831
f 1811 1831 1812
f 1812 1831 1832
f 1812 1832 1813
f 1813 1832 1833
f 1813 1833 1814
f 1814 1833 1834
f 1814 1834 1815
f 1815 1834 1835
f 1815 1835 1816
f 1816 1835 1836
f 1816 1836 1817
f 1817 1836 1837
f 1817 1837 1818
f 1818 1837 1838
f 1818 1838 1819
f 1819 1838 1839
f 1819 1839 1820
f 1821 1840 1841
f 1821 1841 1822
f 1822 1841 1842
f 1822 1842 1823
f 1823 1842 1843
f 1823 1843 1824
f 1824 1843 1844
f 1824 1844 1825
f 1825 1844 1845
f 1825 1845 1826
f 1826 1845 1846
f 1826 1846 1827
f 1827 1846 1847
f 1827 1847 1828
f 1828 1847 1848
f 1828 1848 1829
f 1829 1848 1849
f 1829 1849 1830
f 1830 1849 1850
f 1830 1850 1831
f 1831 1850 1851
f 1831 1851 1832
f 1832 1851 1852
f 1832 1852 1833
f 1833 1852 1853
f 1833 1853 1834
f 1834 1853 1854
f 1834 1854 1835
f 1835 1854 1855
f 1835 1855 1836
f 1836 1855 1856
f 1836 1856 1837
f 1837 1856 1857
f 1837 1857 1838
f 1838 1857 1858
f 1838 1858 1839
f 1840 1859 1860
f 1840 1860 1841
f 1841 1860 1861
f 1841 1861 1842
f 1842 1861 1862
f 1842 1862 1843
f 1843 1862 1863
f 1843 1863 1844
f 1844 1863 1864
f 1844 1864 1845
f 1845 1864 1865
f 1845 1865 1846
f 1846 1865 1866
f 1846 1866 1847
f 1847 1866 1867
f 1847 1867 1848
f 1848 1867 1868
f 1848 1868 1849
f 1849 1868 1869
f 1849 1869 1850
f 1850 1869 1870
f 1850 1870 1851
f 1851 1870 1871
f 1851 1871 1852
f 1852 1871 1872
f 1852 1872 1853
f 1853 1872 1873
f 1853 1873 1854
f 1854 1873 1874
f 1854 1874 1855
f 1855 1874 1875
f 1855 1875 1856
f 1856 1875 1876
f 1856 1876 1857
f 1857 1876 1877
f 1857 1877 1858
f 1859 1878 1879
f 1859 1879 1860
f 1860 1879 1880
f 1860 1880 1861
f 1861 1880 1881
f 1861 1881 1862
f 1862 1881 1882
f 1862 1882 1863
f 1863 1882 1883
f 1863 1883 1864
f 1864 1883 1884
f 1864 1884 1865
f 1865 1884 1885
f 1865 1885 1866
f 1866 1885 1886
f 1866 1886 1867
f 1867 1886 1887
f 1867 1887 1868
f 1868 1887 1888
f 1868 1888 1869
f 1869 1888 1889
f 1869 1889 1870
f 1870 1889 1890
f 1870 1890 1871
f 1871 1890 1891
f 1871 1891 1872
f 1872 1891 1892
f 1872 1892 1873
f 1873 1892 1893
f 1873 1893 1874
f 1874 1893 1894
f 1874 1894 1875
f 1875 1894 1895
f 1875 1895 1876
f 1876 1895 1896
f 1876 1896 1877
f 1878 1897 1898
f 1878 1898 1879
f 1879 1898 1899
f 1879 1899 1880
f 1880 1899 1900
f 1880 1900 1881
f 1881 1900 1901
f 1881 1901 1882
f 1882 1901 1902
f 1882 1902 1883
f 1883 1902 1903
f 1883 1903 1884
f 1884 1903 1904
f 1884 1904 1885
f 1885 1904 1905
f 1885 1905 1886
f 1886 1905 1906
f 1886 1906 1887
f 1887 1906 1907
f 1887 1907 1888
f 1888 1907 1908
f 1888 1908 1889
f 1889 1908 1909
f 1889 1909 1890
f 1890 1909 1910
f 1890 1910 1891
f 1891 1910 1911
f 1891 1911 1892
f 1892 1911 1912
f 1892 1912 1893
f 1893 1912 1913
f 1893 1913 1894
f 1894 1913 1914
f 1894 1914 1895
f 1895 1914 1915
f 1895 1915 1896
f 1897 1916 1917
f 1897 1917 1898
f 1898 1917 1918
f 1898 1918 1899
f 1899 1918 1919
f 1899 1919 1900
f 1900 1919 1920
f 1900 1920 1901
f 1901 1920 1921
f 1901 1921 1902
f 1902 1921 1922
f 1902 1922 1903
f 1903 1922 1923
f 1903 1923 1904
f 1904 1923 1924
f 1904 1924 1905
f 1905 1924 1925
f 1905 1925 1906
f 1906 1925 1926
f 1906 1926 1907
f 1907 1926 1927
f 1907 1927 1908
f 1908 1927 1928
f 1908 1928 1909
f 1909 1928 1929
f 1909 1929 1910
f 1910 1929 1930
f 1910 1930 1911
f 1911 1930 1931
f 1911 1931 1912
f 1912 1931 1932
f 1912 1932 1913
f 1913 1932 1933
f 1913 1933 1914
f 1914 1933 1934
f 1914 1934 1915
f 1916 1935 1936
f 1916 1936 1917
f 1917 1936 1937
f 1917 1937 1918
f 1918 1937 1938
f 1918 1938 1919
f 1919 1938 1939
f 1919 1939 1920
f 1920 1939 1940
f 1920 1940 1921
f 1921 1940 1941
f 1921 1941 1922
f 1922 1941 1942
f 1922 1942 1923
f 1923 1942 1943
f 1923 1943 1924
f 1924 1943 1944
f 1924 1944 1925
f 1925 1944 1945
f 1925 1945 1926
f 1926 1945 1946
f 1926 1946 1927
f 1927 1946 1947
f 1927 1947 1928
f 1928 1947 1948
f 1928 1948 1929
f 1929 1948 1949
f 1929 1949 1930
f 1930 1949 1950
f 1930 1950 1931
f 1931 1950 1951
f 1931 1951 1932
f 1932 1951 1952
f 1932 1952 1933
f 1933 1952 1953
f 1933 1953 1934
f 1935 1954 1955
f 1935 1955 1936
f 1936 1955 1956
f 1936 1956 1937
f 1937 1956 1957
f 1937 1957 1938
f 1938 1957 1958
f 1938 1958 1939
f 1939 1958 1959
f 1939 1959 1940
f 1940 1959 1960
f 1940 1960 1941
f 1941 1960 1961
f 1941 1961 1942
f 1942 1961 1962
f 1942 1962 1943
f 1943 1962 1963
f 1943 1963 1944
f 1944 1963 1964
f 1944 1964 1945
f 1945 1964 1965
f 1945 1965 1946
f 1946 1965 1966
f 1946 1966 1947
f 1947 1966 1967
f 1947 1967 1948
f 1948 1967 1968
f 1948 1968 1949
f 1949 1968 1969
f 1949 1969 1950
f 1950 1969 1970
f 1950 1970 1951
f 1951 1970 1971
f 1951 1971 1952
f 1952 1971 1972
f 1952 1972 1953
f 1954 1973 1974
f 1954 1974 1955
f 1955 1974 1975
f 1955 1975 1956
f 1956 1975 1976
f 1956 1976 1957
f 1957 1976 1977
f 1957 1977 1958
f 1958 1977 1978
f 1958 1978 1959
f 1959 1978 1979
f 1959 1979 1960
f 1960 1979 1980
f 1960 1980 1961
f 1961 1980 1981
f 1961 1981 1962
f 1962 1981 1982
f 1962 1982 1963
f 1963 1982 1983
f 1963 1983 1964
f 1964 1983 1984
f 1964 1984 1965
f 1965 1984 1985
f 1965 1985 1966
f 1966 1985 1986
f 1966 1986 1967
f 1967 1986 1987
f 1967 1987 1968
f 1968 1987 1988
f 1968 1988 1969
f 1969 1988 1989
f 1969 1989 1970
f 1970 1989 1990
f 1970 1990 1971
f 1971 1990 1991
f 1971 1991 1972
f 1973 1992 1993
f 1973 1993 1974
f 1974 1993 1994
f 1974 1994 1975
f 1975 1994 1995
f 1975 1995 1976
f 1976 1995 1996
f 1976 1996 1977
f 1977 1996 1997
f 1977 1997 1978
f 1978 1997 1998
f 1978 1998 1979
f 1979 1998 1999
f 1979 1999 1980
f 1980 1999 2000
f 1980 2000 1981
f 1981 2000 2001
f 1981 2001 1982
f 1982 2001 2002
f 1982 2002 1983
f 1983 2002 2003
f 1983 2003 1984
f 1984 2003 2004
f 1984 2004 1985
f 1985 2004 2005
f 1985 2005 1986
f 1986 2005 2006
f 1986 2006 1987
f 1987 2006 2007
f 1987 2007 1988
f 1988 2007 2008
f 1988 2008 1989
f 1989 2008 2009
f 1989 2009 1990
f 1990 2009 2010
f 1990 2010 1991
o vambrace_L
v 0.560000 -0.900000 0.000000
v 0.520000 -0.050000 0.000000
v 0.532592 -0.900000 0.173050
v 0.494549 -0.050000 0.160689
v 0.453050 -0.900000 0.329160
v 0.420689 -0.050000 0.305648
v 0.329160 -0.900000 0.453050
v 0.305648 -0.050000 0.420689
v 0.173050 -0.900000 0.532592
v 0.160689 -0.050000 0.494549
v 0.000000 -0.900000 0.560000
v 0.000000 -0.050000 0.520000
v -0.173050 -0.900000 0.532592
v -0.160689 -0.050000 0.494549
v -0.329160 -0.900000 0.453050
v -0.305648 -0.050000 0.420689
v -0.453050 -0.900000 0.329160
v -0.420689 -0.050000 0.305648
v -0.532592 -0.900000 0.173050
v -0.494549 -0.050000 0.160689
v -0.560000 -0.900000 0.000000
v -0.520000 -0.050000 0.000000
v -0.532592 -0.900000 -0.173050
v -0.494549 -0.050000 -0.160689
v -0.453050 -0.900000 -0.329160
v -0.420689 -0.050000 -0.305648
v -0.329160 -0.900000 -0.453050
v -0.305648 -0.050000 -0.420689
v -0.173050 -0.900000 -0.532592
v -0.160689 -0.050000 -0.494549
v 0.000000 -0.900000 -0.560000
v 0.000000 -0.050000 -0.520000
v 0.173050 -0.900000 -0.532592
v 0.160689 -0.050000 -0.494549
v 0.329160 -0.900000 -0.453050
v 0.305648 -0.050000 -0.420689
v 0.453050 -0.900000 -0.329160
v 0.420689 -0.050000 -0.305648
v 0.532592 -0.900000 -0.173050
v 0.494549 -0.050000 -0.160689
v 0.560000 -0.900000 -0.000000
v 0.520000 -0.050000 -0.000000
vn 0.986623 0.046429 0.156266
vn 0.986623 0.046429 0.156266
vn 0.932413 0.046942 0.358333
vn 0.964961 0.046942 0.258161
vn 0.776047 0.046942 0.628926
vn 0.837956 0.046942 0.543715
vn 0.543715 0.046942 0.837956
vn 0.628926 0.046942 0.776047
vn 0.258161 0.046942 0.964961
vn 0.358333 0.046942 0.932413
vn -0.052663 0.046942 0.997508
vn 0.052663 0.046942 0.997508
vn -0.358333 0.046942 0.932413
vn -0.258161 0.046942 0.964961
vn -0.628926 0.046942 0.776047
vn -0.543715 0.046942 0.837956
vn -0.837956 0.046942 0.543715
vn -0.776047 0.046942 0.628926
vn -0.964961 0.046942 0.258161
vn -0.932413 0.046942 0.358333
vn -0.997508 0.046942 -0.052663
vn -0.997508 0.046942 0.052663
vn -0.932413 0.046942 -0.358333
vn -0.964961 0.046942 -0.258161
vn -0.776047 0.046942 -0.628926
vn -0.837956 0.046942 -0.543715
vn -0.543715 0.046942 -0.837956
vn -0.628926 0.046942 -0.776047
vn -0.258161 0.046942 -0.964961
vn -0.358333 0.046942 -0.932413
vn 0.052663 0.046942 -0.997508
vn -0.052663 0.046942 -0.997508
vn 0.358333 0.046942 -0.932413
vn 0.258161 0.046942 -0.964961
vn 0.628926 0.046942 -0.776047
vn 0.543715 0.046942 -0.837956
vn 0.837956 0.046942 -0.543715
vn 0.776047 0.046942 -0.628926
vn 0.964961 0.046942 -0.258161
vn 0.932413 0.046942 -0.358333
vn 0.986623 0.046429 -0.156266
vn 0.986623 0.046429 -0.156266
usemtl steel
f 2011 2012 2014
f 2011 2014 2013
f 2013 2014 2016
f 2013 2016 2015
f 2015 2016 2018
f 2015 2018 2017
f 2017 2018 2020
f 2017 2020 2019
f 2019 2020 2022
f 2019 2022 2021
f 2021 2022 2024
f 2021 2024 2023
f 2023 2024 2026
f 2023 2026 2025
f 2025 2026 2028
f 2025 2028 2027
f 2027 2028 2030
f 2027 2030 2029
f 2029 2030 2032
f 2029 2032 2031
f 2031 2032 2034
f 2031 2034 2033
f 2033 2034 2036
f 2033 2036 2035
f 2035 2036 2038
f 2035 2038 2037
f 2037 2038 2040
f 2037 2040 2039
f 2039 2040 2042
f 2039 2042 2041
f 2041 2042 2044
f 2041 2044 2043
f 2043 2044 2046
f 2043 2046 2045
f 2045 2046 2048
f 2045 2048 2047
f 2047 2048 2050
f 2047 2050 2049
f 2049 2050 2052
f 2049 2052 2051
o gauntlet_L
v 0.560000 -0.820000 0.000000
v 0.532592 -0.820000 0.173050
v 0.453050 -0.820000 0.329160
v 0.329160 -0.820000 0.453050
v 0.173050 -0.820000 0.532592
v 0.000000 -0.820000 0.560000
v -0.173050 -0.820000 0.532592
v -0.329160 -0.820000 0.453050
v -0.453050 -0.820000 0.329160
v -0.532592 -0.820000 0.173050
v -0.560000 -0.820000 0.000000
v -0.532592 -0.820000 -0.173050
v -0.453050 -0.820000 -0.329160
v -0.329160 -0.820000 -0.453050
v -0.173050 -0.820000 -0.532592
v 0.000000 -0.820000 -0.560000
v 0.173050 -0.820000 -0.532592
v 0.329160 -0.820000 -0.453050
v 0.453050 -0.820000 -0.329160
v 0.532592 -0.820000 -0.173050
v 0.560000 -0.820000 -0.000000
v 0.550000 -0.920000 0.000000
v 0.523081 -0.920000 0.169959
v 0.444959 -0.920000 0.323282
v 0.323282 -0.920000 0.444959
v 0.169959 -0.920000 0.523081
v 0.000000 -0.920000 0.550000
v -0.169959 -0.920000 0.523081
v -0.323282 -0.920000 0.444959
v -0.444959 -0.920000 0.323282
v -0.523081 -0.920000 0.169959
v -0.550000 -0.920000 0.000000
v -0.523081 -0.920000 -0.169959
v -0.444959 -0.920000 -0.323282
v -0.323282 -0.920000 -0.444959
v -0.169959 -0.920000 -0.523081
v 0.000000 -0.920000 -0.550000
v 0.169959 -0.920000 -0.523081
v 0.323282 -0.920000 -0.444959
v 0.444959 -0.920000 -0.323282
v 0.523081 -0.920000 -0.169959
v 0.550000 -0.920000 -0.000000
v 0.500000 -1.000000 0.000000
v 0.475528 -1.000000 0.154508
v 0.404508 -1.000000 0.293893
v 0.293893 -1.000000 0.404508
v 0.154508 -1.000000 0.475528
v 0.000000 -1.000000 0.500000
v -0.154508 -1.000000 0.475528
v -0.293893 -1.000000 0.404508
v -0.404508 -1.000000 0.293893
v -0.475528 -1.000000 0.154508
v -0.500000 -1.000000 0.000000
v -0.475528 -1.000000 -0.154508
v -0.404508 -1.000000 -0.293893
v -0.293893 -1.000000 -0.404508
v -0.154508 -1.000000 -0.475528
v 0.000000 -1.000000 -0.500000
v 0.154508 -1.000000 -0.475528
v 0.293893 -1.000000 -0.404508
v 0.404508 -1.000000 -0.293893
v 0.475528 -1.000000 -0.154508
v 0.500000 -1.000000 -0.000000
v 0.420000 -1.050000 0.000000
v 0.399444 -1.050000 0.129787
v 0.339787 -1.050000 0.246870
v 0.246870 -1.050000 0.339787
v 0.129787 -1.050000 0.399444
v 0.000000 -1.050000 0.420000
v -0.129787 -1.050000 0.399444
v -0.246870 -1.050000 0.339787
v -0.339787 -1.050000 0.246870
v -0.399444 -1.050000 0.129787
v -0.420000 -1.050000 0.000000
v -0.399444 -1.050000 -0.129787
v -0.339787 -1.050000 -0.246870
v -0.246870 -1.050000 -0.339787
v -0.129787 -1.050000 -0.399444
v 0.000000 -1.050000 -0.420000
v 0.129787 -1.050000 -0.399444
v 0.246870 -1.050000 -0.339787
v 0.339787 -1.050000 -0.246870
v 0.399444 -1.050000 -0.129787
v 0.420000 -1.050000 -0.000000
v 0.300000 -1.080000 0.000000
v 0.285317 -1.080000 0.092705
v 0.242705 -1.080000 0.176336
v 0.176336 -1.080000 0.242705
v 0.092705 -1.080000 0.285317
v 0.000000 -1.080000 0.300000
v -0.092705 -1.080000 0.285317
v -0.176336 -1.080000 0.242705
v -0.242705 -1.080000 0.176336
v -0.285317 -1.080000 0.092705
v -0.300000 -1.080000 0.000000
v -0.285317 -1.080000 -0.092705
v -0.242705 -1.080000 -0.176336
v -0.176336 -1.080000 -0.242705
v -0.092705 -1.080000 -0.285317
v 0.000000 -1.080000 -0.300000
v 0.092705 -1.080000 -0.285317
v 0.176336 -1.080000 -0.242705
v 0.242705 -1.080000 -0.176336
v 0.285317 -1.080000 -0.092705
v 0.300000 -1.080000 -0.000000
v 0.180000 -1.095000 0.000000
v 0.171190 -1.095000 0.055623
v 0.145623 -1.095000 0.105801
v 0.105801 -1.095000 0.145623
v 0.055623 -1.095000 0.171190
v 0.000000 -1.095000 0.180000
v -0.055623 -1.095000 0.171190
v -0.105801 -1.095000 0.145623
v -0.145623 -1.095000 0.105801
v -0.171190 -1.095000 0.055623
v -0.180000 -1.095000 0.000000
v -0.171190 -1.095000 -0.055623
v -0.145623 -1.095000 -0.105801
v -0.105801 -1.095000 -0.145623
v -0.055623 -1.095000 -0.171190
v 0.000000 -1.095000 -0.180000
v 0.055623 -1.095000 -0.171190
v 0.105801 -1.095000 -0.145623
v 0.145623 -1.095000 -0.105801
v 0.171190 -1.095000 -0.055623
v 0.180000 -1.095000 -0.000000
v 0.008000 -1.100000 0.000000
v 0.007608 -1.100000 0.002472
v 0.006472 -1.100000 0.004702
v 0.004702 -1.100000 0.006472
v 0.002472 -1.100000 0.007608
v 0.000000 -1.100000 0.008000
v -0.002472 -1.100000 0.007608
v -0.004702 -1.100000 0.006472
v -0.006472 -1.100000 0.004702
v -0.007608 -1.100000 0.002472
v -0.008000 -1.100000 0.000000
v -0.007608 -1.100000 -0.002472
v -0.006472 -1.100000 -0.004702
v -0.004702 -1.100000 -0.006472
v -0.002472 -1.100000 -0.007608
v 0.000000 -1.100000 -0.008000
v 0.002472 -1.100000 -0.007608
v 0.004702 -1.100000 -0.006472
v 0.006472 -1.100000 -0.004702
v 0.007608 -1.100000 -0.002472
v 0.008000 -1.100000 -0.000000
vn 0.982906 -0.098291 0.155677
vn 0.961245 -0.099367 0.257167
vn 0.834729 -0.099367 0.541621
vn 0.626504 -0.099367 0.773058
vn 0.356953 -0.099367 0.928822
vn 0.052460 -0.099367 0.993667
vn -0.257167 -0.099367 0.961245
vn -0.541621 -0.099367 0.834729
vn -0.773058 -0.099367 0.626504
vn -0.928822 -0.099367 0.356953
vn -0.993667 -0.099367 0.052460
vn -0.961245 -0.099367 -0.257167
vn -0.834729 -0.099367 -0.541621
vn -0.626504 -0.099367 -0.773058
vn -0.356953 -0.099367 -0.928822
vn -0.052460 -0.099367 -0.993667
vn 0.257167 -0.099367 -0.961245
vn 0.541621 -0.099367 -0.834729
vn 0.773058 -0.099367 -0.626504
vn 0.928822 -0.099367 -0.356953
vn 0.982906 -0.098291 -0.155677
vn 0.957276 -0.246243 0.151618
vn 0.898674 -0.323589 0.296100
vn 0.763190 -0.323589 0.559314
vn 0.552999 -0.323589 0.767778
vn 0.288677 -0.323589 0.901086
vn -0.003903 -0.323589 0.946190
vn -0.296100 -0.323589 0.898674
vn -0.559314 -0.323589 0.763190
vn -0.767778 -0.323589 0.552999
vn -0.901086 -0.323589 0.288677
vn -0.946190 -0.323589 -0.003903
vn -0.898674 -0.323589 -0.296100
vn -0.763190 -0.323589 -0.559314
vn -0.552999 -0.323589 -0.767778
vn -0.288677 -0.323589 -0.901086
vn 0.003903 -0.323589 -0.946190
vn 0.296100 -0.323589 -0.898674
vn 0.559314 -0.323589 -0.763190
vn 0.767778 -0.323589 -0.552999
vn 0.901086 -0.323589 -0.288677
vn 0.908682 -0.391899 -0.143921
vn 0.753473 -0.646558 0.119338
vn 0.669422 -0.707524 0.226460
vn 0.566678 -0.707524 0.422239
vn 0.408464 -0.707524 0.576686
vn 0.210267 -0.707524 0.674684
vn -0.008513 -0.707524 0.706638
vn -0.226460 -0.707524 0.669422
vn -0.422239 -0.707524 0.566678
vn -0.576686 -0.707524 0.408464
vn -0.674684 -0.707524 0.210267
vn -0.706638 -0.707524 -0.008513
vn -0.669422 -0.707524 -0.226460
vn -0.566678 -0.707524 -0.422239
vn -0.408464 -0.707524 -0.576686
vn -0.210267 -0.707524 -0.674684
vn 0.008513 -0.707524 -0.706638
vn 0.226460 -0.707524 -0.669422
vn 0.422239 -0.707524 -0.566678
vn 0.576686 -0.707524 -0.408464
vn 0.674684 -0.707524 -0.210267
vn 0.646948 -0.755618 -0.102467
vn 0.437731 -0.896429 0.069330
vn 0.369357 -0.920422 0.128059
vn 0.311707 -0.920422 0.235929
vn 0.223545 -0.920422 0.320705
vn 0.113501 -0.920422 0.374088
vn -0.007654 -0.920422 0.390852
vn -0.128059 -0.920422 0.369357
vn -0.235929 -0.920422 0.311707
vn -0.320705 -0.920422 0.223545
vn -0.374088 -0.920422 0.113501
vn -0.390852 -0.920422 -0.007654
vn -0.369357 -0.920422 -0.128059
vn -0.311707 -0.920422 -0.235929
vn -0.223545 -0.920422 -0.320705
vn -0.113501 -0.920422 -0.374088
vn 0.007654 -0.920422 -0.390852
vn 0.128059 -0.920422 -0.369357
vn 0.235929 -0.920422 -0.311707
vn 0.320705 -0.920422 -0.223545
vn 0.374088 -0.920422 -0.113501
vn 0.341402 -0.938361 -0.054073
vn 0.203244 -0.978599 0.032191
vn 0.173648 -0.982996 0.059714
vn 0.146697 -0.982996 0.110452
vn 0.105385 -0.982996 0.150378
vn 0.053758 -0.982996 0.175583
vn -0.003131 -0.982996 0.183602
vn -0.059714 -0.982996 0.173648
vn -0.110452 -0.982996 0.146697
vn -0.150378 -0.982996 0.105385
vn -0.175583 -0.982996 0.053758
vn -0.183602 -0.982996 -0.003131
vn -0.173648 -0.982996 -0.059714
vn -0.146697 -0.982996 -0.110452
vn -0.105385 -0.982996 -0.150378
vn -0.053758 -0.982996 -0.175583
vn 0.003131 -0.982996 -0.183602
vn 0.059714 -0.982996 -0.173648
vn 0.110452 -0.982996 -0.146697
vn 0.150378 -0.982996 -0.105385
vn 0.175583 -0.982996 -0.053758
vn 0.163730 -0.986164 -0.025932
vn 0.092455 -0.995609 0.014643
vn 0.072103 -0.997057 0.026066
vn 0.060519 -0.997057 0.047071
vn 0.043011 -0.997057 0.063469
vn 0.021293 -0.997057 0.073654
vn -0.002510 -0.997057 0.076629
vn -0.026066 -0.997057 0.072103
vn -0.047071 -0.997057 0.060519
vn -0.063469 -0.997057 0.043011
vn -0.073654 -0.997057 0.021293
vn -0.076629 -0.997057 -0.002510
vn -0.072103 -0.997057 -0.026066
vn -0.060519 -0.997057 -0.047071
vn -0.043011 -0.997057 -0.063469
vn -0.021293 -0.997057 -0.073654
vn 0.002510 -0.997057 -0.076629
vn 0.026066 -0.997057 -0.072103
vn 0.047071 -0.997057 -0.060519
vn 0.063469 -0.997057 -0.043011
vn 0.073654 -0.997057 -0.021293
vn 0.060771 -0.998105 -0.009625
vn 0.029057 -0.999567 0.004602
vn 0.027161 -0.999577 0.010438
vn 0.022606 -0.999577 0.018321
vn 0.015838 -0.999577 0.024410
vn 0.007520 -0.999577 0.028109
vn -0.001534 -0.999577 0.029057
vn -0.010438 -0.999577 0.027161
vn -0.018321 -0.999577 0.022606
vn -0.024410 -0.999577 0.015838
vn -0.028109 -0.999577 0.007520
vn -0.029057 -0.999577 -0.001534
vn -0.027161 -0.999577 -0.010438
vn -0.022606 -0.999577 -0.018321
vn -0.015838 -0.999577 -0.024410
vn -0.007520 -0.999577 -0.028109
vn 0.001534 -0.999577 -0.029057
vn 0.010438 -0.999577 -0.027161
vn 0.018321 -0.999577 -0.022606
vn 0.024410 -0.999577 -0.015838
vn 0.028109 -0.999577 -0.007520
vn 0.029057 -0.999567 -0.004602
usemtl steel_light
f 2054 2075 2074
f 2054 2074 2053
f 2055 2076 2075
f 2055 2075 2054
f 2056 2077 2076
f 2056 2076 2055
f 2057 2078 2077
f 2057 2077 2056
f 2058 2079 2078
f 2058 2078 2057
f 2059 2080 2079
f 2059 2079 2058
f 2060 2081 2080
f 2060 2080 2059
f 2061 2082 2081
f 2061 2081 2060
f 2062 2083 2082
f 2062 2082 2061
f 2063 2084 2083
f 2063 2083 2062
f 2064 2085 2084
f 2064 2084 2063
f 2065 2086 2085
f 2065 2085 2064
f 2066 2087 2086
f 2066 2086 2065
f 2067 2088 2087
f 2067 2087 2066
f 2068 2089 2088
f 2068 2088 2067
f 2069 2090 2089
f 2069 2089 2068
f 2070 2091 2090
f 2070 2090 2069
f 2071 2092 2091
f 2071 2091 2070
f 2072 2093 2092
f 2072 2092 2071
f 2073 2094 2093
f 2073 2093 2072
f 2075 2096 2095
f 2075 2095 2074
f 2076 2097 2096
f 2076 2096 2075
f 2077 2098 2097
f 2077 2097 2076
f 2078 2099 2098
f 2078 2098 2077
f 2079 2100 2099
f 2079 2099 2078
f 2080 2101 2100
f 2080 2100 2079
f 2081 2102 2101
f 2081 2101 2080
f 2082 2103 2102
f 2082 2102 2081
f 2083 2104 2103
f 2083 2103 2082
f 2084 2105 2104
f 2084 2104 2083
f 2085 2106 2105
f 2085 2105 2084
f 2086 2107 2106
f 2086 2106 2085
f 2087 2108 2107
f 2087 2107 2086
f 2088 2109 2108
f 2088 2108 2087
f 2089 2110 2109
f 2089 2109 2088
f 2090 2111 2110
f 2090 2110 2089
f 2091 2112 2111
f 2091 2111 2090
f 2092 2113 2112
f 2092 2112 2091
f 2093 2114 2113
f 2093 2113 2092
f 2094 2115 2114
f 2094 2114 2093
f 2096 2117 2116
f 2096 2116 2095
f 2097 2118 2117
f 2097 2117 2096
f 2098 2119 2118
f 2098 2118 2097
f 2099 2120 2119
f 2099 2119 2098
f 2100 2121 2120
f 2100 2120 2099
f 2101 2122 2121
f 2101 2121 2100
f 2102 2123 2122
f 2102 2122 2101
f 2103 2124 2123
f 2103 2123 2102
f 2104 2125 2124
f 2104 2124 2103
f 2105 2126 2125
f 2105 2125 2104
f 2106 2127 2126
f 2106 2126 2105
f 2107 2128 2127
f 2107 2127 2106
f 2108 2129 2128
f 2108 2128 2107
f 2109 2130 2129
f 2109 2129 2108
f 2110 2131 2130
f 2110 2130 2109
f 2111 2132 2131
f 2111 2131 2110
f 2112 2133 2132
f 2112 2132 2111
f 2113 2134 2133
f 2113 2133 2112
f 2114 2135 2134
f 2114 2134 2113
f 2115 2136 2135
f 2115 2135 2114
f 2117 2138 2137
f 2117 2137 2116
f 2118 2139 2138
f 2118 2138 2117
f 2119 2140 2139
f 2119 2139 2118
f 2120 2141 2140
f 2120 2140 2119
f 2121 2142 2141
f 2121 2141 2120
f 2122 2143 2142
f 2122 2142 2121
f 2123 2144 2143
f 2123 2143 2122
f 2124 2145 2144
f 2124 2144 2123
f 2125 2146 2145
f 2125 2145 2124
f 2126 2147 2146
f 2126 2146 2125
f 2127 2148 2147
f 2127 2147 2126
f 2128 2149 2148
f 2128 2148 2127
f 2129 2150 2149
f 2129 2149 2128
f 2130 2151 2150
f 2130 2150 2129
f 2131 2152 2151
f 2131 2151 2130
f 2132 2153 2152
f 2132 2152 2131
f 2133 2154 2153
f 2133 2153 2132
f 2134 2155 2154
f 2134 2154 2133
f 2135 2156 2155
f 2135 2155 2134
f 2136 2157 2156
f 2136 2156 2135
f 2138 2159 2158
f 2138 2158 2137
f 2139 2160 2159
f 2139 2159 2138
f 2140 2161 2160
f 2140 2160 2139
f 2141 2162 2161
f 2141 2161 2140
f 2142 2163 2162
f 2142 2162 2141
f 2143 2164 2163
f 2143 2163 2142
f 2144 2165 2164
f 2144 2164 2143
f 2145 2166 2165
f 2145 2165 2144
f 2146 2167 2166
f 2146 2166 2145
f 2147 2168 2167
f 2147 2167 2146
f 2148 2169 2168
f 2148 2168 2147
f 2149 2170 2169
f 2149 2169 2148
f 2150 2171 2170
f 2150 2170 2149
f 2151 2172 2171
f 2151 2171 2150
f 2152 2173 2172
f 2152 2172 2151
f 2153 2174 2173
f 2153 2173 2152
f 2154 2175 2174
f 2154 2174 2153
f 2155 2176 2175
f 2155 2175 2154
f 2156 2177 2176
f 2156 2176 2155
f 2157 2178 2177
f 2157 2177 2156
f 2159 2180 2179
f 2159 2179 2158
f 2160 2181 2180
f 2160 2180 2159
f 2161 2182 2181
f 2161 2181 2160
f 2162 2183 2182
f 2162 2182 2161
f 2163 2184 2183
f 2163 2183 2162
f 2164 2185 2184
f 2164 2184 2163
f 2165 2186 2185
f 2165 2185 2164
f 2166 2187 2186
f 2166 2186 2165
f 2167 2188 2187
f 2167 2187 2166
f 2168 2189 2188
f 2168 2188 2167
f 2169 2190 2189
f 2169 2189 2168
f 2170 2191 2190
f 2170 2190 2169
f 2171 2192 2191
f 2171 2191 2170
f 2172 2193 2192
f 2172 2192 2171
f 2173 2194 2193
f 2173 2193 2172
f 2174 2195 2194
f 2174 2194 2173
f 2175 2196 2195
f 2175 2195 2174
f 2176 2197 2196
f 2176 2196 2175
f 2177 2198 2197
f 2177 2197 2176
f 2178 2199 2198
f 2178 2198 2177
o cuisse_L
v 0.620000 0.050000 0.000000
v 0.560000 0.950000 0.000000
v 0.589655 0.050000 0.191591
v 0.532592 0.950000 0.173050
v 0.501591 0.050000 0.364427
v 0.453050 0.950000 0.329160
v 0.364427 0.050000 0.501591
v 0.329160 0.950000 0.453050
v 0.191591 0.050000 0.589655
v 0.173050 0.950000 0.532592
v 0.000000 0.050000 0.620000
v 0.000000 0.950000 0.560000
v -0.191591 0.050000 0.589655
v -0.173050 0.950000 0.532592
v -0.364427 0.050000 0.501591
v -0.329160 0.950000 0.453050
v -0.501591 0.050000 0.364427
v -0.453050 0.950000 0.329160
v -0.589655 0.050000 0.191591
v -0.532592 0.950000 0.173050
v -0.620000 0.050000 0.000000
v -0.560000 0.950000 0.000000
v -0.589655 0.050000 -0.191591
v -0.532592 0.950000 -0.173050
v -0.501591 0.050000 -0.364427
v -0.453050 0.950000 -0.329160
v -0.364427 0.050000 -0.501591
v -0.329160 0.950000 -0.453050
v -0.191591 0.050000 -0.589655
v -0.173050 0.950000 -0.532592
v -0.000000 0.050000 -0.620000
v -0.000000 0.950000 -0.560000
v 0.191591 0.050000 -0.589655
v 0.173050 0.950000 -0.532592
v 0.364427 0.050000 -0.501591
v 0.329160 0.950000 -0.453050
v 0.501591 0.050000 -0.364427
v 0.453050 0.950000 -0.329160
v 0.589655 0.050000 -0.191591
v 0.532592 0.950000 -0.173050
v 0.620000 0.050000 -0.000000
v 0.560000 0.950000 -0.000000
vn 0.985554 0.065704 0.156096
vn 0.985554 0.065704 0.156096
vn 0.931380 0.066427 0.357936
vn 0.963892 0.066427 0.257875
vn 0.775187 0.066427 0.628230
vn 0.837028 0.066427 0.543113
vn 0.543113 0.066427 0.837028
vn 0.628230 0.066427 0.775187
vn 0.257875 0.066427 0.963892
vn 0.357936 0.066427 0.931380
vn -0.052605 0.066427 0.996404
vn 0.052605 0.066427 0.996404
vn -0.357936 0.066427 0.931380
vn -0.257875 0.066427 0.963892
vn -0.628230 0.066427 0.775187
vn -0.543113 0.066427 0.837028
vn -0.837028 0.066427 0.543113
vn -0.775187 0.066427 0.628230
vn -0.963892 0.066427 0.257875
vn -0.931380 0.066427 0.357936
vn -0.996404 0.066427 -0.052605
vn -0.996404 0.066427 0.052605
vn -0.931380 0.066427 -0.357936
vn -0.963892 0.066427 -0.257875
vn -0.775187 0.066427 -0.628230
vn -0.837028 0.066427 -0.543113
vn -0.543113 0.066427 -0.837028
vn -0.628230 0.066427 -0.775187
vn -0.257875 0.066427 -0.963892
vn -0.357936 0.066427 -0.931380
vn 0.052605 0.066427 -0.996404
vn -0.052605 0.066427 -0.996404
vn 0.357936 0.066427 -0.931380
vn 0.257875 0.066427 -0.963892
vn 0.628230 0.066427 -0.775187
vn 0.543113 0.066427 -0.837028
vn 0.837028 0.066427 -0.543113
vn 0.775187 0.066427 -0.628230
vn 0.963892 0.066427 -0.257875
vn 0.931380 0.066427 -0.357936
vn 0.985554 0.065704 -0.156096
vn 0.985554 0.065704 -0.156096
usemtl leather
f 2200 2201 2203
f 2200 2203 2202
f 2202 2203 2205
f 2202 2205 2204
f 2204 2205 2207
f 2204 2207 2206
f 2206 2207 2209
f 2206 2209 2208
f 2208 2209 2211
f 2208 2211 2210
f 2210 2211 2213
f 2210 2213 2212
f 2212 2213 2215
f 2212 2215 2214
f 2214 2215 2217
f 2214 2217 2216
f 2216 2217 2219
f 2216 2219 2218
f 2218 2219 2221
f 2218 2221 2220
f 2220 2221 2223
f 2220 2223 2222
f 2222 2223 2225
f 2222 2225 2224
f 2224 2225 2227
f 2224 2227 2226
f 2226 2227 2229
f 2226 2229 2228
f 2228 2229 2231
f 2228 2231 2230
f 2230 2231 2233
f 2230 2233 2232
f 2232 2233 2235
f 2232 2235 2234
f 2234 2235 2237
f 2234 2237 2236
f 2236 2237 2239
f 2236 2239 2238
f 2238 2239 2241
f 2238 2241 2240
o greave_L
v 0.560000 -0.950000 0.000000
v 0.500000 -0.050000 0.000000
v 0.532592 -0.950000 0.173050
v 0.475528 -0.050000 0.154508
v 0.453050 -0.950000 0.329160
v 0.404508 -0.050000 0.293893
v 0.329160 -0.950000 0.453050
v 0.293893 -0.050000 0.404508
v 0.173050 -0.950000 0.532592
v 0.154508 -0.050000 0.475528
v 0.000000 -0.950000 0.560000
v 0.000000 -0.050000 0.500000
v -0.173050 -0.950000 0.532592
v -0.154508 -0.050000 0.475528
v -0.329160 -0.950000 0.453050
v -0.293893 -0.050000 0.404508
v -0.453050 -0.950000 0.329160
v -0.404508 -0.050000 0.293893
v -0.532592 -0.950000 0.173050
v -0.475528 -0.050000 0.154508
v -0.560000 -0.950000 0.000000
v -0.500000 -0.050000 0.000000
v -0.532592 -0.950000 -0.173050
v -0.475528 -0.050000 -0.154508
v -0.453050 -0.950000 -0.329160
v -0.404508 -0.050000 -0.293893
v -0.329160 -0.950000 -0.453050
v -0.293893 -0.050000 -0.404508
v -0.173050 -0.950000 -0.532592
v -0.154508 -0.050000 -0.475528
v -0.000000 -0.950000 -0.560000
v -0.000000 -0.050000 -0.500000
v 0.173050 -0.950000 -0.532592
v 0.154508 -0.050000 -0.475528
v 0.329160 -0.950000 -0.453050
v 0.293893 -0.050000 -0.404508
v 0.453050 -0.950000 -0.329160
v 0.404508 -0.050000 -0.293893
v 0.532592 -0.950000 -0.173050
v 0.475528 -0.050000 -0.154508
v 0.560000 -0.950000 -0.000000
v 0.500000 -0.050000 -0.000000
vn 0.985554 0.065704 0.156096
vn 0.985554 0.065704 0.156096
vn 0.931380 0.066427 0.357936
vn 0.963892 0.066427 0.257875
vn 0.775187 0.066427 0.628230
vn 0.837028 0.066427 0.543113
vn 0.543113 0.066427 0.837028
vn 0.628230 0.066427 0.775187
vn 0.257875 0.066427 0.963892
vn 0.357936 0.066427 0.931380
vn -0.052605 0.066427 0.996404
vn 0.052605 0.066427 0.996404
vn -0.357936 0.066427 0.931380
vn -0.257875 0.066427 0.963892
vn -0.628230 0.066427 0.775187
vn -0.543113 0.066427 0.837028
vn -0.837028 0.066427 0.543113
vn -0.775187 0.066427 0.628230
vn -0.963892 0.066427 0.257875
vn -0.931380 0.066427 0.357936
vn -0.996404 0.066427 -0.052605
vn -0.996404 0.066427 0.052605
vn -0.931380 0.066427 -0.357936
vn -0.963892 0.066427 -0.257875
vn -0.775187 0.066427 -0.628230
vn -0.837028 0.066427 -0.543113
vn -0.543113 0.066427 -0.837028
vn -0.628230 0.066427 -0.775187
vn -0.257875 0.066427 -0.963892
vn -0.357936 0.066427 -0.931380
vn 0.052605 0.066427 -0.996404
vn -0.052605 0.066427 -0.996404
vn 0.357936 0.066427 -0.931380
vn 0.257875 0.066427 -0.963892
vn 0.628230 0.066427 -0.775187
vn 0.543113 0.066427 -0.837028
vn 0.837028 0.066427 -0.543113
vn 0.775187 0.066427 -0.628230
vn 0.963892 0.066427 -0.257875
vn 0.931380 0.066427 -0.357936
vn 0.985554 0.065704 -0.156096
vn 0.985554 0.065704 -0.156096
usemtl steel
f 2242 2243 2245
f 2242 2245 2244
f 2244 2245 2247
f 2244 2247 2246
f 2246 2247 2249
f 2246 2249 2248
f 2248 2249 2251
f 2248 2251 2250
f 2250 2251 2253
f 2250 2253 2252
f 2252 2253 2255
f 2252 2255 2254
f 2254 2255 2257
f 2254 2257 2256
f 2256 2257 2259
f 2256 2259 2258
f 2258 2259 2261
f 2258 2261 2260
f 2260 2261 2263
f 2260 2263 2262
f 2262 2263 2265
f 2262 2265 2264
f 2264 2265 2267
f 2264 2267 2266
f 2266 2267 2269
f 2266 2269 2268
f 2268 2269 2271
f 2268 2271 2270
f 2270 2271 2273
f 2270 2273 2272
f 2272 2273 2275
f 2272 2275 2274
f 2274 2275 2277
f 2274 2277 2276
f 2276 2277 2279
f 2276 2279 2278
f 2278 2279 2281
f 2278 2281 2280
f 2280 2281 2283
f 2280 2283 2282
o sabaton_L
v 0.175500 -0.840000 -0.200000
v 0.175500 -0.840000 0.400000
v 0.162141 -0.896828 -0.200000
v 0.162141 -0.896828 0.400000
v 0.124097 -0.945005 -0.200000
v 0.124097 -0.945005 0.400000
v 0.067161 -0.977196 -0.200000
v 0.067161 -0.977196 0.400000
v 0.000000 -0.988500 -0.200000
v 0.000000 -0.988500 0.400000
v -0.067161 -0.977196 -0.200000
v -0.067161 -0.977196 0.400000
v -0.124097 -0.945005 -0.200000
v -0.124097 -0.945005 0.400000
v -0.162141 -0.896828 -0.200000
v -0.162141 -0.896828 0.400000
v -0.175500 -0.840000 -0.200000
v -0.175500 -0.840000 0.400000
v -0.162141 -0.783172 -0.200000
v -0.162141 -0.783172 0.400000
v -0.124097 -0.734995 -0.200000
v -0.124097 -0.734995 0.400000
v -0.067161 -0.702804 -0.200000
v -0.067161 -0.702804 0.400000
v 0.000000 -0.691500 -0.200000
v 0.000000 -0.691500 0.400000
v 0.067161 -0.702804 -0.200000
v 0.067161 -0.702804 0.400000
v 0.124097 -0.734995 -0.200000
v 0.124097 -0.734995 0.400000
v 0.162141 -0.783172 -0.200000
v 0.162141 -0.783172 0.400000
v 0.175500 -0.840000 -0.200000
v 0.175500 -0.840000 0.400000
v 0.000000 -0.840000 -0.200000
v 0.000000 -0.840000 0.400000
vn 0.870693 -0.204681 -0.447214
vn 0.688343 -0.161814 0.707107
vn 0.715773 -0.413270 -0.562918
vn 0.768872 -0.303249 0.562918
vn 0.496375 -0.662363 -0.561148
vn 0.578483 -0.592005 0.561148
vn 0.230705 -0.795806 -0.559882
vn 0.322018 -0.763437 0.559882
vn -0.046429 -0.827554 -0.559463
vn 0.046429 -0.827554 0.559463
vn -0.322018 -0.763437 -0.559882
vn -0.230705 -0.795806 0.559882
vn -0.578483 -0.592005 -0.561148
vn -0.496375 -0.662363 0.561148
vn -0.768872 -0.303249 -0.562918
vn -0.715773 -0.413270 0.562918
vn -0.823346 0.064517 -0.563860
vn -0.823346 -0.064517 0.563860
vn -0.715773 0.413270 -0.562918
vn -0.768872 0.303249 0.562918
vn -0.496375 0.662363 -0.561148
vn -0.578483 0.592005 0.561148
vn -0.230705 0.795806 -0.559882
vn -0.322018 0.763437 0.559882
vn 0.046429 0.827554 -0.559463
vn -0.046429 0.827554 0.559463
vn 0.322018 0.763437 -0.559882
vn 0.230705 0.795806 0.559882
vn 0.578483 0.592005 -0.561148
vn 0.496375 0.662363 0.561148
vn 0.768872 0.303249 -0.562918
vn 0.715773 0.413270 0.562918
vn 0.688343 0.161814 -0.707107
vn 0.870693 0.204681 0.447214
vn 0.000000 -0.000000 -1.000000
vn -0.000000 0.000000 1.000000
usemtl steel
f 2284 2285 2287
f 2284 2287 2286
f 2286 2287 2289
f 2286 2289 2288
f 2288 2289 2291
f 2288 2291 2290
f 2290 2291 2293
f 2290 2293 2292
f 2292 2293 2295
f 2292 2295 2294
f 2294 2295 2297
f 2294 2297 2296
f 2296 2297 2299
f 2296 2299 2298
f 2298 2299 2301
f 2298 2301 2300
f 2300 2301 2303
f 2300 2303 2302
f 2302 2303 2305
f 2302 2305 2304
f 2304 2305 2307
f 2304 2307 2306
f 2306 2307 2309
f 2306 2309 2308
f 2308 2309 2311
f 2308 2311 2310
f 2310 2311 2313
f 2310 2313 2312
f 2312 2313 2315
f 2312 2315 2314
f 2314 2315 2317
f 2314 2317 2316
f 2318 2284 2286
f 2318 2286 2288
f 2318 2288 2290
f 2318 2290 2292
f 2318 2292 2294
f 2318 2294 2296
f 2318 2296 2298
f 2318 2298 2300
f 2318 2300 2302
f 2318 2302 2304
f 2318 2304 2306
f 2318 2306 2308
f 2318 2308 2310
f 2318 2310 2312
f 2318 2312 2314
f 2318 2314 2316
f 2319 2287 2285
f 2319 2289 2287
f 2319 2291 2289
f 2319 2293 2291
f 2319 2295 2293
f 2319 2297 2295
f 2319 2299 2297
f 2319 2301 2299
f 2319 2303 2301
f 2319 2305 2303
f 2319 2307 2305
f 2319 2309 2307
f 2319 2311 2309
f 2319 2313 2311
f 2319 2315 2313
f 2319 2317 2315
