# Armadura R6 - motor de modelagem proprio (Python)
mtllib armor.mtl
o under_torso
v 1.120000 1.020000 0.000000
v 1.120000 3.020000 0.000000
v 1.081837 1.020000 0.173926
v 1.081837 3.020000 0.173926
v 0.969948 1.020000 0.336000
v 0.969948 3.020000 0.336000
v 0.791960 1.020000 0.475176
v 0.791960 3.020000 0.475176
v 0.560000 1.020000 0.581969
v 0.560000 3.020000 0.581969
v 0.289877 1.020000 0.649102
v 0.289877 3.020000 0.649102
v 0.000000 1.020000 0.672000
v 0.000000 3.020000 0.672000
v -0.289877 1.020000 0.649102
v -0.289877 3.020000 0.649102
v -0.560000 1.020000 0.581969
v -0.560000 3.020000 0.581969
v -0.791960 1.020000 0.475176
v -0.791960 3.020000 0.475176
v -0.969948 1.020000 0.336000
v -0.969948 3.020000 0.336000
v -1.081837 1.020000 0.173926
v -1.081837 3.020000 0.173926
v -1.120000 1.020000 0.000000
v -1.120000 3.020000 0.000000
v -1.081837 1.020000 -0.173926
v -1.081837 3.020000 -0.173926
v -0.969948 1.020000 -0.336000
v -0.969948 3.020000 -0.336000
v -0.791960 1.020000 -0.475176
v -0.791960 3.020000 -0.475176
v -0.560000 1.020000 -0.581969
v -0.560000 3.020000 -0.581969
v -0.289877 1.020000 -0.649102
v -0.289877 3.020000 -0.649102
v -0.000000 1.020000 -0.672000
v -0.000000 3.020000 -0.672000
v 0.289877 1.020000 -0.649102
v 0.289877 3.020000 -0.649102
v 0.560000 1.020000 -0.581969
v 0.560000 3.020000 -0.581969
v 0.791960 1.020000 -0.475176
v 0.791960 3.020000 -0.475176
v 0.969948 1.020000 -0.336000
v 0.969948 3.020000 -0.336000
v 1.081837 1.020000 -0.173926
v 1.081837 3.020000 -0.173926
v 1.120000 1.020000 -0.000000
v 1.120000 3.020000 -0.000000
vn 0.976763 0.000000 0.214322
vn 0.976763 0.000000 0.214322
vn 0.889042 0.000000 0.457825
vn 0.941185 0.000000 0.337891
vn 0.692006 0.000000 0.721892
vn 0.761703 0.000000 0.647927
vn 0.487041 0.000000 0.873379
vn 0.553363 0.000000 0.832940
vn 0.301376 0.000000 0.953505
vn 0.360612 0.000000 0.932716
vn 0.133296 0.000000 0.991076
vn 0.187608 0.000000 0.982244
vn -0.026321 0.000000 0.999654
vn 0.026321 0.000000 0.999654
vn -0.187608 0.000000 0.982244
vn -0.133296 0.000000 0.991076
vn -0.360612 0.000000 0.932716
vn -0.301376 0.000000 0.953505
vn -0.553363 0.000000 0.832940
vn -0.487041 0.000000 0.873379
vn -0.761703 0.000000 0.647927
vn -0.692006 0.000000 0.721892
vn -0.941185 0.000000 0.337891
vn -0.889042 0.000000 0.457825
vn -0.997336 0.000000 -0.072945
vn -0.997336 0.000000 0.072945
vn -0.889042 0.000000 -0.457825
vn -0.941185 0.000000 -0.337891
vn -0.692006 0.000000 -0.721892
vn -0.761703 0.000000 -0.647927
vn -0.487041 0.000000 -0.873379
vn -0.553363 0.000000 -0.832940
vn -0.301376 0.000000 -0.953505
vn -0.360612 0.000000 -0.932716
vn -0.133296 0.000000 -0.991076
vn -0.187608 0.000000 -0.982244
vn 0.026321 0.000000 -0.999654
vn -0.026321 0.000000 -0.999654
vn 0.187608 0.000000 -0.982244
vn 0.133296 0.000000 -0.991076
vn 0.360612 0.000000 -0.932716
vn 0.301376 0.000000 -0.953505
vn 0.553363 0.000000 -0.832940
vn 0.487041 0.000000 -0.873379
vn 0.761703 0.000000 -0.647927
vn 0.692006 0.000000 -0.721892
vn 0.941185 0.000000 -0.337891
vn 0.889042 0.000000 -0.457825
vn 0.976763 0.000000 -0.214322
vn 0.976763 0.000000 -0.214322
usemtl mail
f 1 2 4
f 1 4 3
f 3 4 6
f 3 6 5
f 5 6 8
f 5 8 7
f 7 8 10
f 7 10 9
f 9 10 12
f 9 12 11
f 11 12 14
f 11 14 13
f 13 14 16
f 13 16 15
f 15 16 18
f 15 18 17
f 17 18 20
f 17 20 19
f 19 20 22
f 19 22 21
f 21 22 24
f 21 24 23
f 23 24 26
f 23 26 25
f 25 26 28
f 25 28 27
f 27 28 30
f 27 30 29
f 29 30 32
f 29 32 31
f 31 32 34
f 31 34 33
f 33 34 36
f 33 36 35
f 35 36 38
f 35 38 37
f 37 38 40
f 37 40 39
f 39 40 42
f 39 42 41
f 41 42 44
f 41 44 43
f 43 44 46
f 43 46 45
f 45 46 48
f 45 48 47
f 47 48 50
f 47 50 49
o under_arm_R
v 2.120000 1.050000 0.000000
v 2.120000 2.950000 0.000000
v 2.089655 1.050000 0.191591
v 2.089655 2.950000 0.191591
v 2.001591 1.050000 0.364427
v 2.001591 2.950000 0.364427
v 1.864427 1.050000 0.501591
v 1.864427 2.950000 0.501591
v 1.691591 1.050000 0.589655
v 1.691591 2.950000 0.589655
v 1.500000 1.050000 0.620000
v 1.500000 2.950000 0.620000
v 1.308409 1.050000 0.589655
v 1.308409 2.950000 0.589655
v 1.135573 1.050000 0.501591
v 1.135573 2.950000 0.501591
v 0.998409 1.050000 0.364427
v 0.998409 2.950000 0.364427
v 0.910345 1.050000 0.191591
v 0.910345 2.950000 0.191591
v 0.880000 1.050000 0.000000
v 0.880000 2.950000 0.000000
v 0.910345 1.050000 -0.191591
v 0.910345 2.950000 -0.191591
v 0.998409 1.050000 -0.364427
v 0.998409 2.950000 -0.364427
v 1.135573 1.050000 -0.501591
v 1.135573 2.950000 -0.501591
v 1.308409 1.050000 -0.589655
v 1.308409 2.950000 -0.589655
v 1.500000 1.050000 -0.620000
v 1.500000 2.950000 -0.620000
v 1.691591 1.050000 -0.589655
v 1.691591 2.950000 -0.589655
v 1.864427 1.050000 -0.501591
v 1.864427 2.950000 -0.501591
v 2.001591 1.050000 -0.364427
v 2.001591 2.950000 -0.364427
v 2.089655 1.050000 -0.191591
v 2.089655 2.950000 -0.191591
v 2.120000 1.050000 -0.000000
v 2.120000 2.950000 -0.000000
vn 0.987688 0.000000 0.156434
vn 0.987688 0.000000 0.156434
vn 0.933442 0.000000 0.358728
vn 0.966026 0.000000 0.258446
vn 0.776903 0.000000 0.629620
vn 0.838881 0.000000 0.544315
vn 0.544315 0.000000 0.838881
vn 0.629620 0.000000 0.776903
vn 0.258446 0.000000 0.966026
vn 0.358728 0.000000 0.933442
vn -0.052721 0.000000 0.998609
vn 0.052721 0.000000 0.998609
vn -0.358728 0.000000 0.933442
vn -0.258446 0.000000 0.966026
vn -0.629620 0.000000 0.776903
vn -0.544315 0.000000 0.838881
vn -0.838881 0.000000 0.544315
vn -0.776903 0.000000 0.629620
vn -0.966026 0.000000 0.258446
vn -0.933442 0.000000 0.358728
vn -0.998609 0.000000 -0.052721
vn -0.998609 0.000000 0.052721
vn -0.933442 0.000000 -0.358728
vn -0.966026 0.000000 -0.258446
vn -0.776903 0.000000 -0.629620
vn -0.838881 0.000000 -0.544315
vn -0.544315 0.000000 -0.838881
vn -0.629620 0.000000 -0.776903
vn -0.258446 0.000000 -0.966026
vn -0.358728 0.000000 -0.933442
vn 0.052721 0.000000 -0.998609
vn -0.052721 0.000000 -0.998609
vn 0.358728 0.000000 -0.933442
vn 0.258446 0.000000 -0.966026
vn 0.629620 0.000000 -0.776903
vn 0.544315 0.000000 -0.838881
vn 0.838881 0.000000 -0.544315
vn 0.776903 0.000000 -0.629620
vn 0.966026 0.000000 -0.258446
vn 0.933442 0.000000 -0.358728
vn 0.987688 0.000000 -0.156434
vn 0.987688 0.000000 -0.156434
usemtl mail
f 51 52 54
f 51 54 53
f 53 54 56
f 53 56 55
f 55 56 58
f 55 58 57
f 57 58 60
f 57 60 59
f 59 60 62
f 59 62 61
f 61 62 64
f 61 64 63
f 63 64 66
f 63 66 65
f 65 66 68
f 65 68 67
f 67 68 70
f 67 70 69
f 69 70 72
f 69 72 71
f 71 72 74
f 71 74 73
f 73 74 76
f 73 76 75
f 75 76 78
f 75 78 77
f 77 78 80
f 77 80 79
f 79 80 82
f 79 82 81
f 81 82 84
f 81 84 83
f 83 84 86
f 83 86 85
f 85 86 88
f 85 88 87
f 87 88 90
f 87 90 89
f 89 90 92
f 89 92 91
o under_leg_R
v 1.120000 0.020000 0.000000
v 1.120000 1.980000 0.000000
v 1.089655 0.020000 0.191591
v 1.089655 1.980000 0.191591
v 1.001591 0.020000 0.364427
v 1.001591 1.980000 0.364427
v 0.864427 0.020000 0.501591
v 0.864427 1.980000 0.501591
v 0.691591 0.020000 0.589655
v 0.691591 1.980000 0.589655
v 0.500000 0.020000 0.620000
v 0.500000 1.980000 0.620000
v 0.308409 0.020000 0.589655
v 0.308409 1.980000 0.589655
v 0.135573 0.020000 0.501591
v 0.135573 1.980000 0.501591
v -0.001591 0.020000 0.364427
v -0.001591 1.980000 0.364427
v -0.089655 0.020000 0.191591
v -0.089655 1.980000 0.191591
v -0.120000 0.020000 0.000000
v -0.120000 1.980000 0.000000
v -0.089655 0.020000 -0.191591
v -0.089655 1.980000 -0.191591
v -0.001591 0.020000 -0.364427
v -0.001591 1.980000 -0.364427
v 0.135573 0.020000 -0.501591
v 0.135573 1.980000 -0.501591
v 0.308409 0.020000 -0.589655
v 0.308409 1.980000 -0.589655
v 0.500000 0.020000 -0.620000
v 0.500000 1.980000 -0.620000
v 0.691591 0.020000 -0.589655
v 0.691591 1.980000 -0.589655
v 0.864427 0.020000 -0.501591
v 0.864427 1.980000 -0.501591
v 1.001591 0.020000 -0.364427
v 1.001591 1.980000 -0.364427
v 1.089655 0.020000 -0.191591
v 1.089655 1.980000 -0.191591
v 1.120000 0.020000 -0.000000
v 1.120000 1.980000 -0.000000
vn 0.987688 0.000000 0.156434
vn 0.987688 0.000000 0.156434
vn 0.933442 0.000000 0.358728
vn 0.966026 0.000000 0.258446
vn 0.776903 0.000000 0.629620
vn 0.838881 0.000000 0.544315
vn 0.544315 0.000000 0.838881
vn 0.629620 0.000000 0.776903
vn 0.258446 0.000000 0.966026
vn 0.358728 0.000000 0.933442
vn -0.052721 0.000000 0.998609
vn 0.052721 0.000000 0.998609
vn -0.358728 0.000000 0.933442
vn -0.258446 0.000000 0.966026
vn -0.629620 0.000000 0.776903
vn -0.544315 0.000000 0.838881
vn -0.838881 0.000000 0.544315
vn -0.776903 0.000000 0.629620
vn -0.966026 0.000000 0.258446
vn -0.933442 0.000000 0.358728
vn -0.998609 0.000000 -0.052721
vn -0.998609 0.000000 0.052721
vn -0.933442 0.000000 -0.358728
vn -0.966026 0.000000 -0.258446
vn -0.776903 0.000000 -0.629620
vn -0.838881 0.000000 -0.544315
vn -0.544315 0.000000 -0.838881
vn -0.629620 0.000000 -0.776903
vn -0.258446 0.000000 -0.966026
vn -0.358728 0.000000 -0.933442
vn 0.052721 0.000000 -0.998609
vn -0.052721 0.000000 -0.998609
vn 0.358728 0.000000 -0.933442
vn 0.258446 0.000000 -0.966026
vn 0.629620 0.000000 -0.776903
vn 0.544315 0.000000 -0.838881
vn 0.838881 0.000000 -0.544315
vn 0.776903 0.000000 -0.629620
vn 0.966026 0.000000 -0.258446
vn 0.933442 0.000000 -0.358728
vn 0.987688 0.000000 -0.156434
vn 0.987688 0.000000 -0.156434
usemtl mail
f 93 94 96
f 93 96 95
f 95 96 98
f 95 98 97
f 97 98 100
f 97 100 99
f 99 100 102
f 99 102 101
f 101 102 104
f 101 104 103
f 103 104 106
f 103 106 105
f 105 106 108
f 105 108 107
f 107 108 110
f 107 110 109
f 109 110 112
f 109 112 111
f 111 112 114
f 111 114 113
f 113 114 116
f 113 116 115
f 115 116 118
f 115 118 117
f 117 118 120
f 117 120 119
f 119 120 122
f 119 122 121
f 121 122 124
f 121 124 123
f 123 124 126
f 123 126 125
f 125 126 128
f 125 128 127
f 127 128 130
f 127 130 129
f 129 130 132
f 129 132 131
f 131 132 134
f 131 134 133
o under_arm_L
v -0.880000 1.050000 0.000000
v -0.880000 2.950000 0.000000
v -0.910345 1.050000 0.191591
v -0.910345 2.950000 0.191591
v -0.998409 1.050000 0.364427
v -0.998409 2.950000 0.364427
v -1.135573 1.050000 0.501591
v -1.135573 2.950000 0.501591
v -1.308409 1.050000 0.589655
v -1.308409 2.950000 0.589655
v -1.500000 1.050000 0.620000
v -1.500000 2.950000 0.620000
v -1.691591 1.050000 0.589655
v -1.691591 2.950000 0.589655
v -1.864427 1.050000 0.501591
v -1.864427 2.950000 0.501591
v -2.001591 1.050000 0.364427
v -2.001591 2.950000 0.364427
v -2.089655 1.050000 0.191591
v -2.089655 2.950000 0.191591
v -2.120000 1.050000 0.000000
v -2.120000 2.950000 0.000000
v -2.089655 1.050000 -0.191591
v -2.089655 2.950000 -0.191591
v -2.001591 1.050000 -0.364427
v -2.001591 2.950000 -0.364427
v -1.864427 1.050000 -0.501591
v -1.864427 2.950000 -0.501591
v -1.691591 1.050000 -0.589655
v -1.691591 2.950000 -0.589655
v -1.500000 1.050000 -0.620000
v -1.500000 2.950000 -0.620000
v -1.308409 1.050000 -0.589655
v -1.308409 2.950000 -0.589655
v -1.135573 1.050000 -0.501591
v -1.135573 2.950000 -0.501591
v -0.998409 1.050000 -0.364427
v -0.998409 2.950000 -0.364427
v -0.910345 1.050000 -0.191591
v -0.910345 2.950000 -0.191591
v -0.880000 1.050000 -0.000000
v -0.880000 2.950000 -0.000000
vn 0.987688 0.000000 0.156434
vn 0.987688 0.000000 0.156434
vn 0.933442 0.000000 0.358728
vn 0.966026 0.000000 0.258446
vn 0.776903 0.000000 0.629620
vn 0.838881 0.000000 0.544315
vn 0.544315 0.000000 0.838881
vn 0.629620 0.000000 0.776903
vn 0.258446 0.000000 0.966026
vn 0.358728 0.000000 0.933442
vn -0.052721 0.000000 0.998609
vn 0.052721 0.000000 0.998609
vn -0.358728 0.000000 0.933442
vn -0.258446 0.000000 0.966026
vn -0.629620 0.000000 0.776903
vn -0.544315 0.000000 0.838881
vn -0.838881 0.000000 0.544315
vn -0.776903 0.000000 0.629620
vn -0.966026 0.000000 0.258446
vn -0.933442 0.000000 0.358728
vn -0.998609 0.000000 -0.052721
vn -0.998609 0.000000 0.052721
vn -0.933442 0.000000 -0.358728
vn -0.966026 0.000000 -0.258446
vn -0.776903 0.000000 -0.629620
vn -0.838881 0.000000 -0.544315
vn -0.544315 0.000000 -0.838881
vn -0.629620 0.000000 -0.776903
vn -0.258446 0.000000 -0.966026
vn -0.358728 0.000000 -0.933442
vn 0.052721 0.000000 -0.998609
vn -0.052721 0.000000 -0.998609
vn 0.358728 0.000000 -0.933442
vn 0.258446 0.000000 -0.966026
vn 0.629620 0.000000 -0.776903
vn 0.544315 0.000000 -0.838881
vn 0.838881 0.000000 -0.544315
vn 0.776903 0.000000 -0.629620
vn 0.966026 0.000000 -0.258446
vn 0.933442 0.000000 -0.358728
vn 0.987688 0.000000 -0.156434
vn 0.987688 0.000000 -0.156434
usemtl mail
f 135 136 138
f 135 138 137
f 137 138 140
f 137 140 139
f 139 140 142
f 139 142 141
f 141 142 144
f 141 144 143
f 143 144 146
f 143 146 145
f 145 146 148
f 145 148 147
f 147 148 150
f 147 150 149
f 149 150 152
f 149 152 151
f 151 152 154
f 151 154 153
f 153 154 156
f 153 156 155
f 155 156 158
f 155 158 157
f 157 158 160
f 157 160 159
f 159 160 162
f 159 162 161
f 161 162 164
f 161 164 163
f 163 164 166
f 163 166 165
f 165 166 168
f 165 168 167
f 167 168 170
f 167 170 169
f 169 170 172
f 169 172 171
f 171 172 174
f 171 174 173
f 173 174 176
f 173 176 175
o under_leg_L
v 0.120000 0.020000 0.000000
v 0.120000 1.980000 0.000000
v 0.089655 0.020000 0.191591
v 0.089655 1.980000 0.191591
v 0.001591 0.020000 0.364427
v 0.001591 1.980000 0.364427
v -0.135573 0.020000 0.501591
v -0.135573 1.980000 0.501591
v -0.308409 0.020000 0.589655
v -0.308409 1.980000 0.589655
v -0.500000 0.020000 0.620000
v -0.500000 1.980000 0.620000
v -0.691591 0.020000 0.589655
v -0.691591 1.980000 0.589655
v -0.864427 0.020000 0.501591
v -0.864427 1.980000 0.501591
v -1.001591 0.020000 0.364427
v -1.001591 1.980000 0.364427
v -1.089655 0.020000 0.191591
v -1.089655 1.980000 0.191591
v -1.120000 0.020000 0.000000
v -1.120000 1.980000 0.000000
v -1.089655 0.020000 -0.191591
v -1.089655 1.980000 -0.191591
v -1.001591 0.020000 -0.364427
v -1.001591 1.980000 -0.364427
v -0.864427 0.020000 -0.501591
v -0.864427 1.980000 -0.501591
v -0.691591 0.020000 -0.589655
v -0.691591 1.980000 -0.589655
v -0.500000 0.020000 -0.620000
v -0.500000 1.980000 -0.620000
v -0.308409 0.020000 -0.589655
v -0.308409 1.980000 -0.589655
v -0.135573 0.020000 -0.501591
v -0.135573 1.980000 -0.501591
v 0.001591 0.020000 -0.364427
v 0.001591 1.980000 -0.364427
v 0.089655 0.020000 -0.191591
v 0.089655 1.980000 -0.191591
v 0.120000 0.020000 -0.000000
v 0.120000 1.980000 -0.000000
vn 0.987688 0.000000 0.156434
vn 0.987688 0.000000 0.156434
vn 0.933442 0.000000 0.358728
vn 0.966026 0.000000 0.258446
vn 0.776903 0.000000 0.629620
vn 0.838881 0.000000 0.544315
vn 0.544315 0.000000 0.838881
vn 0.629620 0.000000 0.776903
vn 0.258446 0.000000 0.966026
vn 0.358728 0.000000 0.933442
vn -0.052721 0.000000 0.998609
vn 0.052721 0.000000 0.998609
vn -0.358728 0.000000 0.933442
vn -0.258446 0.000000 0.966026
vn -0.629620 0.000000 0.776903
vn -0.544315 0.000000 0.838881
vn -0.838881 0.000000 0.544315
vn -0.776903 0.000000 0.629620
vn -0.966026 0.000000 0.258446
vn -0.933442 0.000000 0.358728
vn -0.998609 0.000000 -0.052721
vn -0.998609 0.000000 0.052721
vn -0.933442 0.000000 -0.358728
vn -0.966026 0.000000 -0.258446
vn -0.776903 0.000000 -0.629620
vn -0.838881 0.000000 -0.544315
vn -0.544315 0.000000 -0.838881
vn -0.629620 0.000000 -0.776903
vn -0.258446 0.000000 -0.966026
vn -0.358728 0.000000 -0.933442
vn 0.052721 0.000000 -0.998609
vn -0.052721 0.000000 -0.998609
vn 0.358728 0.000000 -0.933442
vn 0.258446 0.000000 -0.966026
vn 0.629620 0.000000 -0.776903
vn 0.544315 0.000000 -0.838881
vn 0.838881 0.000000 -0.544315
vn 0.776903 0.000000 -0.629620
vn 0.966026 0.000000 -0.258446
vn 0.933442 0.000000 -0.358728
vn 0.987688 0.000000 -0.156434
vn 0.987688 0.000000 -0.156434
usemtl mail
f 177 178 180
f 177 180 179
f 179 180 182
f 179 182 181
f 181 182 184
f 181 184 183
f 183 184 186
f 183 186 185
f 185 186 188
f 185 188 187
f 187 188 190
f 187 190 189
f 189 190 192
f 189 192 191
f 191 192 194
f 191 194 193
f 193 194 196
f 193 196 195
f 195 196 198
f 195 198 197
f 197 198 200
f 197 200 199
f 199 200 202
f 199 202 201
f 201 202 204
f 201 204 203
f 203 204 206
f 203 206 205
f 205 206 208
f 205 208 207
f 207 208 210
f 207 210 209
f 209 210 212
f 209 212 211
f 211 212 214
f 211 214 213
f 213 214 216
f 213 216 215
f 215 216 218
f 215 218 217
o mirror_front
v -0.317279 1.582721 0.565361
v -0.288880 1.559591 0.556713
v -0.244051 1.538307 0.548362
v -0.185000 1.530000 0.545000
v -0.123333 1.530000 0.545000
v -0.061667 1.530000 0.545000
v 0.000000 1.530000 0.545000
v 0.061667 1.530000 0.545000
v 0.123333 1.530000 0.545000
v 0.185000 1.530000 0.545000
v 0.244051 1.538307 0.548362
v 0.288880 1.559591 0.556713
v 0.317279 1.582721 0.565361
v -0.347965 1.623704 0.556556
v -0.308333 1.611667 0.575556
v -0.246667 1.611667 0.575556
v -0.185000 1.611667 0.575556
v -0.123333 1.611667 0.575556
v -0.061667 1.611667 0.575556
v 0.000000 1.611667 0.575556
v 0.061667 1.611667 0.575556
v 0.123333 1.611667 0.575556
v 0.185000 1.611667 0.575556
v 0.246667 1.611667 0.575556
v 0.308333 1.611667 0.575556
v 0.347965 1.623704 0.556556
v -0.369233 1.693404 0.545414
v -0.308333 1.693333 0.575556
v -0.246667 1.693333 0.600556
v -0.185000 1.693333 0.600556
v -0.123333 1.693333 0.600556
v -0.061667 1.693333 0.600556
v 0.000000 1.693333 0.600556
v 0.061667 1.693333 0.600556
v 0.123333 1.693333 0.600556
v 0.185000 1.693333 0.600556
v 0.246667 1.693333 0.600556
v 0.308333 1.693333 0.575556
v 0.369233 1.693404 0.545414
v -0.370000 1.775000 0.545000
v -0.308333 1.775000 0.575556
v -0.246667 1.775000 0.600556
v -0.185000 1.775000 0.620000
v -0.123333 1.775000 0.620000
v -0.061667 1.775000 0.620000
v 0.000000 1.775000 0.620000
v 0.061667 1.775000 0.620000
v 0.123333 1.775000 0.620000
v 0.185000 1.775000 0.620000
v 0.246667 1.775000 0.600556
v 0.308333 1.775000 0.575556
v 0.370000 1.775000 0.545000
v -0.370000 1.856667 0.545000
v -0.308333 1.856667 0.575556
v -0.246667 1.856667 0.600556
v -0.185000 1.856667 0.620000
v -0.123333 1.856667 0.633889
v -0.061667 1.856667 0.633889
v 0.000000 1.856667 0.633889
v 0.061667 1.856667 0.633889
v 0.123333 1.856667 0.633889
v 0.185000 1.856667 0.620000
v 0.246667 1.856667 0.600556
v 0.308333 1.856667 0.575556
v 0.370000 1.856667 0.545000
v -0.370000 1.938333 0.545000
v -0.308333 1.938333 0.575556
v -0.246667 1.938333 0.600556
v -0.185000 1.938333 0.620000
v -0.123333 1.938333 0.633889
v -0.061667 1.938333 0.642222
v 0.000000 1.938333 0.642222
v 0.061667 1.938333 0.642222
v 0.123333 1.938333 0.633889
v 0.185000 1.938333 0.620000
v 0.246667 1.938333 0.600556
v 0.308333 1.938333 0.575556
v 0.370000 1.938333 0.545000
v -0.370000 2.020000 0.545000
v -0.308333 2.020000 0.575556
v -0.246667 2.020000 0.600556
v -0.185000 2.020000 0.620000
v -0.123333 2.020000 0.633889
v -0.061667 2.020000 0.642222
v 0.000000 2.020000 0.645000
v 0.061667 2.020000 0.642222
v 0.123333 2.020000 0.633889
v 0.185000 2.020000 0.620000
v 0.246667 2.020000 0.600556
v 0.308333 2.020000 0.575556
v 0.370000 2.020000 0.545000
v -0.370000 2.101667 0.545000
v -0.308333 2.101667 0.575556
v -0.246667 2.101667 0.600556
v -0.185000 2.101667 0.620000
v -0.123333 2.101667 0.633889
v -0.061667 2.101667 0.642222
v 0.000000 2.101667 0.642222
v 0.061667 2.101667 0.642222
v 0.123333 2.101667 0.633889
v 0.185000 2.101667 0.620000
v 0.246667 2.101667 0.600556
v 0.308333 2.101667 0.575556
v 0.370000 2.101667 0.545000
v -0.370000 2.183333 0.545000
v -0.308333 2.183333 0.575556
v -0.246667 2.183333 0.600556
v -0.185000 2.183333 0.620000
v -0.123333 2.183333 0.633889
v -0.061667 2.183333 0.633889
v 0.000000 2.183333 0.633889
v 0.061667 2.183333 0.633889
v 0.123333 2.183333 0.633889
v 0.185000 2.183333 0.620000
v 0.246667 2.183333 0.600556
v 0.308333 2.183333 0.575556
v 0.370000 2.183333 0.545000
v -0.370000 2.265000 0.545000
v -0.308333 2.265000 0.575556
v -0.246667 2.265000 0.600556
v -0.185000 2.265000 0.620000
v -0.123333 2.265000 0.620000
v -0.061667 2.265000 0.620000
v 0.000000 2.265000 0.620000
v 0.061667 2.265000 0.620000
v 0.123333 2.265000 0.620000
v 0.185000 2.265000 0.620000
v 0.246667 2.265000 0.600556
v 0.308333 2.265000 0.575556
v 0.370000 2.265000 0.545000
v -0.369233 2.346596 0.545414
v -0.308333 2.346667 0.575556
v -0.246667 2.346667 0.600556
v -0.185000 2.346667 0.600556
v -0.123333 2.346667 0.600556
v -0.061667 2.346667 0.600556
v 0.000000 2.346667 0.600556
v 0.061667 2.346667 0.600556
v 0.123333 2.346667 0.600556
v 0.185000 2.346667 0.600556
v 0.246667 2.346667 0.600556
v 0.308333 2.346667 0.575556
v 0.369233 2.346596 0.545414
v -0.347965 2.416296 0.556556
v -0.308333 2.428333 0.575556
v -0.246667 2.428333 0.575556
v -0.185000 2.428333 0.575556
v -0.123333 2.428333 0.575556
v -0.061667 2.428333 0.575556
v 0.000000 2.428333 0.575556
v 0.061667 2.428333 0.575556
v 0.123333 2.428333 0.575556
v 0.185000 2.428333 0.575556
v 0.246667 2.428333 0.575556
v 0.308333 2.428333 0.575556
v 0.347965 2.416296 0.556556
v -0.317279 2.457279 0.565361
v -0.288880 2.480409 0.556713
v -0.244051 2.501693 0.548362
v -0.185000 2.510000 0.545000
v -0.123333 2.510000 0.545000
v -0.061667 2.510000 0.545000
v 0.000000 2.510000 0.545000
v 0.061667 2.510000 0.545000
v 0.123333 2.510000 0.545000
v 0.185000 2.510000 0.545000
v 0.244051 2.501693 0.548362
v 0.288880 2.480409 0.556713
v 0.317279 2.457279 0.565361
v -0.348806 1.553603 0.539705
v -0.289653 1.576346 0.509610
v -0.244391 1.555675 0.501477
v -0.185098 1.547521 0.498171
v -0.123333 1.547521 0.498170
v -0.061667 1.547521 0.498170
v 0.000000 1.547521 0.498170
v 0.061667 1.547521 0.498170
v 0.123333 1.547521 0.498170
v 0.185098 1.547521 0.498171
v 0.244391 1.555675 0.501477
v 0.289653 1.576346 0.509610
v 0.348806 1.553603 0.539705
v -0.325798 1.626043 0.511799
v -0.298296 1.619929 0.527275
v -0.246667 1.627621 0.528169
v -0.185000 1.627768 0.528219
v -0.123333 1.627768 0.528219
v -0.061667 1.627768 0.528219
v 0.000000 1.627768 0.528219
v 0.061667 1.627768 0.528219
v 0.123333 1.627768 0.528219
v 0.185000 1.627768 0.528219
v 0.246667 1.627621 0.528169
v 0.298296 1.619929 0.527275
v 0.325798 1.626043 0.511799
v -0.347055 1.693212 0.500602
v -0.287819 1.693333 0.529958
v -0.236843 1.700751 0.552094
v -0.185000 1.706461 0.552310
v -0.123333 1.706461 0.552310
v -0.061667 1.706461 0.552310
v 0.000000 1.706461 0.552310
v 0.061667 1.706461 0.552310
v 0.123333 1.706461 0.552310
v 0.185000 1.706461 0.552310
v 0.236843 1.700751 0.552094
v 0.287819 1.693333 0.529958
v 0.347055 1.693212 0.500602
v -0.347801 1.774991 0.500198
v -0.287798 1.775000 0.529967
v -0.229716 1.775000 0.553517
v -0.177267 1.780840 0.570948
v -0.123333 1.784998 0.571010
v -0.061667 1.784998 0.571010
v 0.000000 1.784998 0.571010
v 0.061667 1.784998 0.571010
v 0.123333 1.784998 0.571010
v 0.177267 1.780840 0.570948
v 0.229716 1.775000 0.553517
v 0.287798 1.775000 0.529967
v 0.347801 1.774991 0.500198
v -0.347801 1.856667 0.500198
v -0.287798 1.856667 0.529967
v -0.229716 1.856667 0.553517
v -0.171955 1.856667 0.571732
v -0.117758 1.860877 0.584379
v -0.061667 1.863407 0.584345
v 0.000000 1.863407 0.584345
v 0.061667 1.863407 0.584345
v 0.117758 1.860877 0.584379
v 0.171955 1.856667 0.571732
v 0.229716 1.856667 0.553517
v 0.287798 1.856667 0.529967
v 0.347801 1.856667 0.500198
v -0.347801 1.938333 0.500198
v -0.287798 1.938333 0.529967
v -0.229716 1.938333 0.553517
v -0.171955 1.938333 0.571732
v -0.114467 1.938333 0.584681
v -0.058300 1.940875 0.592400
v 0.000000 1.941727 0.592338
v 0.058300 1.940875 0.592400
v 0.114467 1.938333 0.584681
v 0.171955 1.938333 0.571732
v 0.229716 1.938333 0.553517
v 0.287798 1.938333 0.529967
v 0.347801 1.938333 0.500198
v -0.347801 2.020000 0.500198
v -0.287798 2.020000 0.529967
v -0.229716 2.020000 0.553517
v -0.171955 2.020000 0.571732
v -0.114467 2.020000 0.584681
v -0.057180 2.020000 0.592424
v 0.000000 2.020000 0.595000
v 0.057180 2.020000 0.592424
v 0.114467 2.020000 0.584681
v 0.171955 2.020000 0.571732
v 0.229716 2.020000 0.553517
v 0.287798 2.020000 0.529967
v 0.347801 2.020000 0.500198
v -0.347801 2.101667 0.500198
v -0.287798 2.101667 0.529967
v -0.229716 2.101667 0.553517
v -0.171955 2.101667 0.571732
v -0.114467 2.101667 0.584681
v -0.058300 2.099125 0.592400
v 0.000000 2.098273 0.592338
v 0.058300 2.099125 0.592400
v 0.114467 2.101667 0.584681
v 0.171955 2.101667 0.571732
v 0.229716 2.101667 0.553517
v 0.287798 2.101667 0.529967
v 0.347801 2.101667 0.500198
v -0.347801 2.183333 0.500198
v -0.287798 2.183333 0.529967
v -0.229716 2.183333 0.553517
v -0.171955 2.183333 0.571732
v -0.117758 2.179123 0.584379
v -0.061667 2.176593 0.584345
v 0.000000 2.176593 0.584345
v 0.061667 2.176593 0.584345
v 0.117758 2.179123 0.584379
v 0.171955 2.183333 0.571732
v 0.229716 2.183333 0.553517
v 0.287798 2.183333 0.529967
v 0.347801 2.183333 0.500198
v -0.347801 2.265009 0.500198
v -0.287798 2.265000 0.529967
v -0.229716 2.265000 0.553517
v -0.177267 2.259160 0.570948
v -0.123333 2.255002 0.571010
v -0.061667 2.255002 0.571010
v 0.000000 2.255002 0.571010
v 0.061667 2.255002 0.571010
v 0.123333 2.255002 0.571010
v 0.177267 2.259160 0.570948
v 0.229716 2.265000 0.553517
v 0.287798 2.265000 0.529967
v 0.347801 2.265009 0.500198
v -0.347055 2.346788 0.500602
v -0.287819 2.346667 0.529958
v -0.236843 2.339249 0.552094
v -0.185000 2.333539 0.552310
v -0.123333 2.333539 0.552310
v -0.061667 2.333539 0.552310
v 0.000000 2.333539 0.552310
v 0.061667 2.333539 0.552310
v 0.123333 2.333539 0.552310
v 0.185000 2.333539 0.552310
v 0.236843 2.339249 0.552094
v 0.287819 2.346667 0.529958
v 0.347055 2.346788 0.500602
v -0.325798 2.413957 0.511799
v -0.298296 2.420071 0.527275
v -0.246667 2.412379 0.528169
v -0.185000 2.412232 0.528219
v -0.123333 2.412232 0.528219
v -0.061667 2.412232 0.528219
v 0.000000 2.412232 0.528219
v 0.061667 2.412232 0.528219
v 0.123333 2.412232 0.528219
v 0.185000 2.412232 0.528219
v 0.246667 2.412379 0.528169
v 0.298296 2.420071 0.527275
v 0.325798 2.413957 0.511799
v -0.348806 2.486397 0.539705
v -0.289653 2.463654 0.509610
v -0.244391 2.484325 0.501477
v -0.185098 2.492479 0.498171
v -0.123333 2.492479 0.498170
v -0.061667 2.492479 0.498170
v 0.000000 2.492479 0.498170
v 0.061667 2.492479 0.498170
v 0.123333 2.492479 0.498170
v 0.185098 2.492479 0.498171
v 0.244391 2.484325 0.501477
v 0.289653 2.463654 0.509610
v 0.348806 2.486397 0.539705
vn -0.578024 -0.605847 0.546661
vn -0.360531 -0.807829 0.466294
vn -0.174718 -0.885483 0.430573
vn -0.034447 -0.908714 0.415997
vn 0.000000 -0.910058 0.414482
vn 0.000000 -0.910058 0.414482
vn 0.000000 -0.910058 0.414482
vn 0.000000 -0.910058 0.414482
vn -0.000000 -0.910058 0.414482
vn 0.068945 -0.905816 0.418023
vn 0.242414 -0.862659 0.443908
vn 0.189724 -0.978012 0.086590
vn 0.794293 -0.140922 -0.590965
vn -0.878845 -0.335379 0.339340
vn -0.217778 -0.195339 0.956251
vn 0.001638 -0.318993 0.947756
vn 0.000671 -0.321239 0.946998
vn 0.000000 -0.321719 0.946835
vn 0.000000 -0.321719 0.946835
vn 0.000000 -0.321719 0.946835
vn 0.000000 -0.321719 0.946835
vn 0.000000 -0.321719 0.946835
vn 0.000000 -0.321719 0.946835
vn 0.060545 -0.273279 0.960027
vn 0.138908 -0.058853 0.988555
vn 0.823206 -0.383002 -0.419094
vn -0.941349 -0.080203 0.327764
vn -0.408014 0.001321 0.912975
vn -0.179969 -0.139758 0.973694
vn 0.000000 -0.262299 0.964987
vn 0.000000 -0.262299 0.964987
vn 0.000000 -0.262299 0.964987
vn 0.000000 -0.262299 0.964987
vn 0.000000 -0.262299 0.964987
vn 0.000000 -0.262299 0.964987
vn 0.049451 -0.224477 0.973224
vn 0.190904 -0.147246 0.970502
vn 0.351229 -0.046283 0.935145
vn 0.940508 -0.079105 0.330436
vn -0.947530 -0.002427 0.319659
vn -0.410062 0.000062 0.912057
vn -0.338481 0.000000 0.940973
vn -0.139040 -0.106825 0.984508
vn 0.000000 -0.199747 0.979848
vn 0.000000 -0.199747 0.979848
vn 0.000000 -0.199747 0.979848
vn 0.000000 -0.199747 0.979848
vn 0.036371 -0.172190 0.984392
vn 0.151854 -0.116209 0.981548
vn 0.290537 -0.037381 0.956133
vn 0.410131 0.000000 0.912027
vn 0.947506 -0.002426 0.319730
vn -0.947536 0.000000 0.319651
vn -0.410131 0.000000 0.912027
vn -0.338481 0.000000 0.940973
vn -0.260450 0.000000 0.965487
vn -0.096324 -0.073387 0.992641
vn 0.000000 -0.134662 0.990892
vn 0.000000 -0.134662 0.990892
vn 0.022275 -0.117880 0.992778
vn 0.110422 -0.083968 0.990331
vn 0.224836 -0.027491 0.974009
vn 0.338481 0.000000 0.940973
vn 0.410131 0.000000 0.912027
vn 0.947536 0.000000 0.319651
vn -0.947536 0.000000 0.319651
vn -0.410131 0.000000 0.912027
vn -0.338481 0.000000 0.940973
vn -0.260450 0.000000 0.965487
vn -0.176988 0.000000 0.984213
vn -0.052288 -0.039616 0.997846
vn 0.007503 -0.062144 0.998039
vn 0.067083 -0.050785 0.996454
vn 0.154988 -0.016833 0.987773
vn 0.260450 0.000000 0.965487
vn 0.338481 0.000000 0.940973
vn 0.410131 0.000000 0.912027
vn 0.947536 0.000000 0.319651
vn -0.947536 0.000000 0.319651
vn -0.410131 0.000000 0.912027
vn -0.338481 0.000000 0.940973
vn -0.260450 0.000000 0.965487
vn -0.176988 0.000000 0.984213
vn -0.082082 0.005669 0.996609
vn -0.000000 -0.000000 1.000000
vn 0.082082 -0.005669 0.996609
vn 0.176988 0.000000 0.984213
vn 0.260450 0.000000 0.965487
vn 0.338481 0.000000 0.940973
vn 0.410131 0.000000 0.912027
vn 0.947536 0.000000 0.319651
vn -0.947536 0.000000 0.319651
vn -0.410131 0.000000 0.912027
vn -0.338481 0.000000 0.940973
vn -0.260450 0.000000 0.965487
vn -0.154988 0.016833 0.987773
vn -0.067083 0.050785 0.996454
vn -0.007503 0.062144 0.998039
vn 0.052288 0.039616 0.997846
vn 0.176988 0.000000 0.984213
vn 0.260450 0.000000 0.965487
vn 0.338481 0.000000 0.940973
vn 0.410131 0.000000 0.912027
vn 0.947536 0.000000 0.319651
vn -0.947536 -0.000000 0.319651
vn -0.410131 0.000000 0.912027
vn -0.338481 0.000000 0.940973
vn -0.224836 0.027491 0.974009
vn -0.110422 0.083968 0.990331
vn -0.022275 0.117880 0.992778
vn 0.000000 0.134662 0.990892
vn 0.000000 0.134662 0.990892
vn 0.096324 0.073387 0.992641
vn 0.260450 0.000000 0.965487
vn 0.338481 0.000000 0.940973
vn 0.410131 0.000000 0.912027
vn 0.947536 -0.000000 0.319651
vn -0.947468 0.004870 0.319814
vn -0.410131 0.000000 0.912027
vn -0.290537 0.037381 0.956133
vn -0.151854 0.116209 0.981548
vn -0.036371 0.172190 0.984392
vn 0.000000 0.199747 0.979848
vn 0.000000 0.199747 0.979848
vn 0.000000 0.199747 0.979848
vn 0.000000 0.199747 0.979848
vn 0.139040 0.106825 0.984508
vn 0.338481 0.000000 0.940973
vn 0.410062 -0.000062 0.912057
vn 0.947492 0.004871 0.319743
vn -0.929234 0.157166 0.334400
vn -0.351229 0.046283 0.935145
vn -0.190904 0.147246 0.970502
vn -0.049451 0.224477 0.973224
vn 0.000000 0.262299 0.964987
vn 0.000000 0.262299 0.964987
vn 0.000000 0.262299 0.964987
vn 0.000000 0.262299 0.964987
vn 0.000000 0.262299 0.964987
vn 0.000000 0.262299 0.964987
vn 0.179969 0.139758 0.973694
vn 0.408014 -0.001321 0.912975
vn 0.930058 0.158032 0.331690
vn -0.762209 0.079449 0.642437
vn -0.236792 0.196846 0.951410
vn -0.060545 0.273279 0.960027
vn 0.000000 0.321719 0.946835
vn 0.000000 0.321719 0.946835
vn 0.000000 0.321719 0.946835
vn 0.000000 0.321719 0.946835
vn 0.000000 0.321719 0.946835
vn 0.000000 0.321719 0.946835
vn -0.000671 0.321239 0.946998
vn -0.001638 0.318993 0.947756
vn 0.217778 0.195339 0.956251
vn 0.798404 0.125100 0.588982
vn -0.026285 0.620038 0.784131
vn -0.429742 0.801237 0.416342
vn -0.173512 0.884444 0.433189
vn -0.034351 0.908495 0.416482
vn 0.000000 0.910058 0.414482
vn 0.000000 0.910058 0.414482
vn -0.000000 0.910058 0.414482
vn 0.000000 0.910058 0.414482
vn -0.000000 0.910058 0.414482
vn 0.069022 0.906035 0.417536
vn 0.243404 0.863739 0.441259
vn 0.094398 0.736294 0.670045
vn 0.294718 0.317613 0.901257
vn -0.390045 -0.521720 -0.758731
vn -0.409809 -0.911338 -0.038985
vn -0.237109 -0.867425 0.437440
vn -0.068928 -0.905877 0.417895
vn 0.000000 -0.910113 0.414361
vn 0.000000 -0.910113 0.414361
vn 0.000000 -0.910113 0.414361
vn 0.000000 -0.910113 0.414361
vn -0.000000 -0.910113 0.414361
vn 0.033679 -0.908827 0.415811
vn 0.171339 -0.886603 0.429626
vn 0.037365 -0.895726 0.443034
vn 0.222288 -0.295476 0.929130
vn -0.924483 -0.364397 -0.112011
vn -0.322053 -0.284251 0.903041
vn -0.055502 -0.277433 0.959141
vn 0.004721 -0.324862 0.945750
vn 0.000000 -0.321850 0.946791
vn 0.000000 -0.321850 0.946791
vn 0.000000 -0.321850 0.946791
vn 0.000000 -0.321850 0.946791
vn -0.000000 -0.321850 0.946791
vn -0.000665 -0.321373 0.946952
vn -0.018301 -0.331139 0.943404
vn 0.124903 -0.078622 0.989049
vn 0.848242 -0.008620 0.529539
vn -0.933944 -0.153831 0.322620
vn -0.355819 -0.042552 0.933586
vn -0.189554 -0.146264 0.970915
vn -0.044146 -0.226591 0.972989
vn 0.002792 -0.264203 0.964463
vn 0.000000 -0.262309 0.964984
vn 0.000000 -0.262309 0.964984
vn 0.000000 -0.262309 0.964984
vn 0.000000 -0.262309 0.964984
vn -0.011904 -0.270432 0.962666
vn 0.178384 -0.140949 0.973814
vn 0.425296 0.015122 0.904928
vn 0.930224 -0.157726 0.331371
vn -0.947549 -0.004867 0.319574
vn -0.414098 0.003056 0.910227
vn -0.292352 -0.034605 0.955684
vn -0.150802 -0.115195 0.981829
vn -0.033006 -0.173288 0.984318
vn 0.001361 -0.200726 0.979646
vn 0.000000 -0.199756 0.979846
vn 0.000000 -0.199756 0.979846
vn -0.006426 -0.204151 0.978918
vn 0.137286 -0.107735 0.984655
vn 0.347998 0.007593 0.937465
vn 0.410310 0.000062 0.911946
vn 0.947573 -0.004870 0.319503
vn -0.947616 0.000000 0.319411
vn -0.410378 -0.000000 0.911915
vn -0.340927 0.001870 0.940088
vn -0.225524 -0.025764 0.973897
vn -0.109608 -0.083132 0.990492
vn -0.020438 -0.118229 0.992776
vn 0.000426 -0.134985 0.990848
vn -0.002722 -0.136438 0.990645
vn 0.095129 -0.073751 0.992729
vn 0.265782 0.004027 0.964025
vn 0.338516 0.000000 0.940961
vn 0.410378 0.000000 0.911915
vn 0.947616 0.000000 0.319411
vn -0.947616 0.000000 0.319411
vn -0.410378 0.000000 0.911915
vn -0.338516 0.000000 0.940961
vn -0.261721 0.000923 0.965143
vn -0.154902 -0.015942 0.987801
vn -0.066514 -0.050269 0.996518
vn -0.007591 -0.062535 0.998014
vn 0.051496 -0.039667 0.997885
vn 0.179108 0.001575 0.983828
vn 0.260482 0.000000 0.965479
vn 0.338516 0.000000 0.940961
vn 0.410378 0.000000 0.911915
vn 0.947616 0.000000 0.319411
vn -0.947616 0.000000 0.319411
vn -0.410378 -0.000000 0.911915
vn -0.338516 -0.000000 0.940961
vn -0.260482 0.000000 0.965479
vn -0.177379 0.000267 0.984143
vn -0.082298 -0.005784 0.996591
vn 0.000000 0.000000 1.000000
vn 0.082298 0.005784 0.996591
vn 0.177379 -0.000267 0.984143
vn 0.260482 0.000000 0.965479
vn 0.338516 0.000000 0.940961
vn 0.410378 0.000000 0.911915
vn 0.947616 0.000000 0.319411
vn -0.947616 -0.000000 0.319411
vn -0.410378 -0.000000 0.911915
vn -0.338516 0.000000 0.940961
vn -0.260482 0.000000 0.965479
vn -0.179108 -0.001575 0.983828
vn -0.051496 0.039667 0.997885
vn 0.007591 0.062535 0.998014
vn 0.066514 0.050269 0.996518
vn 0.154902 0.015942 0.987801
vn 0.261721 -0.000923 0.965143
vn 0.338516 0.000000 0.940961
vn 0.410378 0.000000 0.911915
vn 0.947616 0.000000 0.319411
vn -0.947616 -0.000000 0.319411
vn -0.410378 -0.000000 0.911915
vn -0.338516 0.000000 0.940961
vn -0.265782 -0.004027 0.964025
vn -0.095129 0.073751 0.992729
vn 0.002722 0.136438 0.990645
vn -0.000426 0.134985 0.990848
vn 0.020438 0.118229 0.992776
vn 0.109608 0.083132 0.990492
vn 0.225524 0.025764 0.973897
vn 0.340927 -0.001870 0.940088
vn 0.410378 0.000000 0.911915
vn 0.947616 -0.000000 0.319411
vn -0.947611 0.002356 0.319419
vn -0.410310 -0.000062 0.911946
vn -0.473998 -0.082250 0.876676
vn -0.076477 0.066454 0.994854
vn 0.006426 0.204151 0.978918
vn 0.000000 0.199756 0.979846
vn 0.000000 0.199756 0.979846
vn -0.001361 0.200726 0.979646
vn 0.033006 0.173288 0.984318
vn 0.150802 0.115195 0.981829
vn 0.292352 0.034605 0.955684
vn 0.414098 -0.003056 0.910227
vn 0.947587 0.002352 0.319490
vn -0.941030 0.082624 0.328078
vn -0.560447 -0.109777 0.820882
vn -0.264555 0.579528 -0.770816
vn 0.108891 0.370771 0.922319
vn 0.000000 0.262309 0.964984
vn 0.000000 0.262309 0.964984
vn 0.000000 0.262309 0.964984
vn 0.000000 0.262309 0.964984
vn -0.002792 0.264203 0.964463
vn 0.044146 0.226591 0.972989
vn 0.189554 0.146264 0.970915
vn 0.355819 0.042552 0.933586
vn 0.944339 0.079316 0.319271
vn -0.940552 0.090282 -0.327432
vn 0.559865 -0.755947 0.339257
vn 0.141220 0.439028 0.887306
vn 0.000665 0.321373 0.946952
vn 0.000000 0.321850 0.946791
vn 0.000000 0.321850 0.946791
vn 0.000000 0.321850 0.946791
vn 0.000000 0.321850 0.946791
vn 0.000000 0.321850 0.946791
vn -0.004721 0.324862 0.945750
vn 0.055502 0.277433 0.959141
vn 0.322053 0.284251 0.903041
vn 0.862450 0.316252 -0.395178
vn -0.749845 0.654668 -0.095616
vn -0.143372 0.989667 0.001751
vn -0.242634 0.864022 0.441129
vn -0.069021 0.906092 0.417413
vn 0.000000 0.910113 0.414361
vn 0.000000 0.910113 0.414361
vn 0.000000 0.910113 0.414361
vn 0.000000 0.910113 0.414361
vn -0.000000 0.910113 0.414361
vn 0.033567 0.908611 0.416292
vn 0.165916 0.889503 0.425743
vn 0.391731 0.880546 -0.266807
vn 0.630032 0.712969 -0.307790
usemtl steel
f 219 220 233
f 219 233 232
f 220 221 234
f 220 234 233
f 221 222 235
f 221 235 234
f 222 223 236
f 222 236 235
f 223 224 237
f 223 237 236
f 224 225 238
f 224 238 237
f 225 226 239
f 225 239 238
f 226 227 240
f 226 240 239
f 227 228 241
f 227 241 240
f 228 229 242
f 228 242 241
f 229 230 243
f 229 243 242
f 243 244 231
f 243 231 230
f 232 233 246
f 232 246 245
f 233 234 247
f 233 247 246
f 234 235 248
f 234 248 247
f 235 236 249
f 235 249 248
f 236 237 250
f 236 250 249
f 237 238 251
f 237 251 250
f 238 239 252
f 238 252 251
f 239 240 253
f 239 253 252
f 240 241 254
f 240 254 253
f 241 242 255
f 241 255 254
f 242 243 256
f 242 256 255
f 243 244 257
f 243 257 256
f 245 246 259
f 245 259 258
f 246 247 260
f 246 260 259
f 247 248 261
f 247 261 260
f 248 249 262
f 248 262 261
f 249 250 263
f 249 263 262
f 250 251 264
f 250 264 263
f 251 252 265
f 251 265 264
f 252 253 266
f 252 266 265
f 253 254 267
f 253 267 266
f 254 255 268
f 254 268 267
f 255 256 269
f 255 269 268
f 256 257 270
f 256 270 269
f 258 259 272
f 258 272 271
f 259 260 273
f 259 273 272
f 260 261 274
f 260 274 273
f 261 262 275
f 261 275 274
f 262 263 276
f 262 276 275
f 263 264 277
f 263 277 276
f 264 265 278
f 264 278 277
f 265 266 279
f 265 279 278
f 266 267 280
f 266 280 279
f 267 268 281
f 267 281 280
f 268 269 282
f 268 282 281
f 269 270 283
f 269 283 282
f 271 272 285
f 271 285 284
f 272 273 286
f 272 286 285
f 273 274 287
f 273 287 286
f 274 275 288
f 274 288 287
f 275 276 289
f 275 289 288
f 276 277 290
f 276 290 289
f 277 278 291
f 277 291 290
f 278 279 292
f 278 292 291
f 279 280 293
f 279 293 292
f 280 281 294
f 280 294 293
f 281 282 295
f 281 295 294
f 282 283 296
f 282 296 295
f 284 285 298
f 284 298 297
f 285 286 299
f 285 299 298
f 286 287 300
f 286 300 299
f 287 288 301
f 287 301 300
f 288 289 302
f 288 302 301
f 289 290 303
f 289 303 302
f 290 291 304
f 290 304 303
f 291 292 305
f 291 305 304
f 292 293 306
f 292 306 305
f 293 294 307
f 293 307 306
f 294 295 308
f 294 308 307
f 295 296 309
f 295 309 308
f 297 298 311
f 297 311 310
f 298 299 312
f 298 312 311
f 299 300 313
f 299 313 312
f 300 301 314
f 300 314 313
f 301 302 315
f 301 315 314
f 302 303 316
f 302 316 315
f 303 304 317
f 303 317 316
f 304 305 318
f 304 318 317
f 305 306 319
f 305 319 318
f 306 307 320
f 306 320 319
f 307 308 321
f 307 321 320
f 308 309 322
f 308 322 321
f 310 311 324
f 310 324 323
f 311 312 325
f 311 325 324
f 312 313 326
f 312 326 325
f 313 314 327
f 313 327 326
f 314 315 328
f 314 328 327
f 315 316 329
f 315 329 328
f 316 317 330
f 316 330 329
f 317 318 331
f 317 331 330
f 318 319 332
f 318 332 331
f 319 320 333
f 319 333 332
f 320 321 334
f 320 334 333
f 321 322 335
f 321 335 334
f 323 324 337
f 323 337 336
f 324 325 338
f 324 338 337
f 325 326 339
f 325 339 338
f 326 327 340
f 326 340 339
f 327 328 341
f 327 341 340
f 328 329 342
f 328 342 341
f 329 330 343
f 329 343 342
f 330 331 344
f 330 344 343
f 331 332 345
f 331 345 344
f 332 333 346
f 332 346 345
f 333 334 347
f 333 347 346
f 334 335 348
f 334 348 347
f 336 337 350
f 336 350 349
f 337 338 351
f 337 351 350
f 338 339 352
f 338 352 351
f 339 340 353
f 339 353 352
f 340 341 354
f 340 354 353
f 341 342 355
f 341 355 354
f 342 343 356
f 342 356 355
f 343 344 357
f 343 357 356
f 344 345 358
f 344 358 357
f 345 346 359
f 345 359 358
f 346 347 360
f 346 360 359
f 347 348 361
f 347 361 360
f 349 350 363
f 349 363 362
f 350 351 364
f 350 364 363
f 351 352 365
f 351 365 364
f 352 353 366
f 352 366 365
f 353 354 367
f 353 367 366
f 354 355 368
f 354 368 367
f 355 356 369
f 355 369 368
f 356 357 370
f 356 370 369
f 357 358 371
f 357 371 370
f 358 359 372
f 358 372 371
f 359 360 373
f 359 373 372
f 360 361 374
f 360 374 373
f 362 363 376
f 362 376 375
f 363 364 377
f 363 377 376
f 364 365 378
f 364 378 377
f 365 366 379
f 365 379 378
f 366 367 380
f 366 380 379
f 367 368 381
f 367 381 380
f 368 369 382
f 368 382 381
f 369 370 383
f 369 383 382
f 370 371 384
f 370 384 383
f 371 372 385
f 371 385 384
f 372 373 386
f 372 386 385
f 373 374 387
f 373 387 386
f 388 401 402
f 388 402 389
f 390 403 402
f 390 402 389
f 391 404 403
f 391 403 390
f 392 405 404
f 392 404 391
f 393 406 405
f 393 405 392
f 394 407 406
f 394 406 393
f 395 408 407
f 395 407 394
f 396 409 408
f 396 408 395
f 397 410 409
f 397 409 396
f 398 411 410
f 398 410 397
f 399 412 411
f 399 411 398
f 400 413 412
f 400 412 399
f 402 415 414
f 402 414 401
f 403 416 415
f 403 415 402
f 404 417 416
f 404 416 403
f 405 418 417
f 405 417 404
f 406 419 418
f 406 418 405
f 407 420 419
f 407 419 406
f 408 421 420
f 408 420 407
f 409 422 421
f 409 421 408
f 410 423 422
f 410 422 409
f 411 424 423
f 411 423 410
f 412 425 424
f 412 424 411
f 413 426 425
f 413 425 412
f 415 428 427
f 415 427 414
f 416 429 428
f 416 428 415
f 417 430 429
f 417 429 416
f 418 431 430
f 418 430 417
f 419 432 431
f 419 431 418
f 420 433 432
f 420 432 419
f 421 434 433
f 421 433 420
f 422 435 434
f 422 434 421
f 423 436 435
f 423 435 422
f 424 437 436
f 424 436 423
f 425 438 437
f 425 437 424
f 426 439 438
f 426 438 425
f 428 441 440
f 428 440 427
f 429 442 441
f 429 441 428
f 430 443 442
f 430 442 429
f 431 444 443
f 431 443 430
f 432 445 444
f 432 444 431
f 433 446 445
f 433 445 432
f 434 447 446
f 434 446 433
f 435 448 447
f 435 447 434
f 436 449 448
f 436 448 435
f 437 450 449
f 437 449 436
f 438 451 450
f 438 450 437
f 439 452 451
f 439 451 438
f 441 454 453
f 441 453 440
f 442 455 454
f 442 454 441
f 443 456 455
f 443 455 442
f 444 457 456
f 444 456 443
f 445 458 457
f 445 457 444
f 446 459 458
f 446 458 445
f 447 460 459
f 447 459 446
f 448 461 460
f 448 460 447
f 449 462 461
f 449 461 448
f 450 463 462
f 450 462 449
f 451 464 463
f 451 463 450
f 452 465 464
f 452 464 451
f 454 467 466
f 454 466 453
f 455 468 467
f 455 467 454
f 456 469 468
f 456 468 455
f 457 470 469
f 457 469 456
f 458 471 470
f 458 470 457
f 459 472 471
f 459 471 458
f 460 473 472
f 460 472 459
f 461 474 473
f 461 473 460
f 462 475 474
f 462 474 461
f 463 476 475
f 463 475 462
f 464 477 476
f 464 476 463
f 465 478 477
f 465 477 464
f 467 480 479
f 467 479 466
f 468 481 480
f 468 480 467
f 469 482 481
f 469 481 468
f 470 483 482
f 470 482 469
f 471 484 483
f 471 483 470
f 472 485 484
f 472 484 471
f 473 486 485
f 473 485 472
f 474 487 486
f 474 486 473
f 475 488 487
f 475 487 474
f 476 489 488
f 476 488 475
f 477 490 489
f 477 489 476
f 478 491 490
f 478 490 477
f 480 493 492
f 480 492 479
f 481 494 493
f 481 493 480
f 482 495 494
f 482 494 481
f 483 496 495
f 483 495 482
f 484 497 496
f 484 496 483
f 485 498 497
f 485 497 484
f 486 499 498
f 486 498 485
f 487 500 499
f 487 499 486
f 488 501 500
f 488 500 487
f 489 502 501
f 489 501 488
f 490 503 502
f 490 502 489
f 491 504 503
f 491 503 490
f 493 506 505
f 493 505 492
f 494 507 506
f 494 506 493
f 495 508 507
f 495 507 494
f 496 509 508
f 496 508 495
f 497 510 509
f 497 509 496
f 498 511 510
f 498 510 497
f 499 512 511
f 499 511 498
f 500 513 512
f 500 512 499
f 501 514 513
f 501 513 500
f 502 515 514
f 502 514 501
f 503 516 515
f 503 515 502
f 504 517 516
f 504 516 503
f 506 519 518
f 506 518 505
f 507 520 519
f 507 519 506
f 507 520 521
f 507 521 508
f 509 522 521
f 509 521 508
f 510 523 522
f 510 522 509
f 511 524 523
f 511 523 510
f 512 525 524
f 512 524 511
f 513 526 525
f 513 525 512
f 514 527 526
f 514 526 513
f 515 528 527
f 515 527 514
f 516 529 528
f 516 528 515
f 517 530 529
f 517 529 516
f 519 532 531
f 519 531 518
f 519 532 533
f 519 533 520
f 521 534 533
f 521 533 520
f 522 535 534
f 522 534 521
f 523 536 535
f 523 535 522
f 524 537 536
f 524 536 523
f 525 538 537
f 525 537 524
f 526 539 538
f 526 538 525
f 527 540 539
f 527 539 526
f 528 541 540
f 528 540 527
f 529 542 541
f 529 541 528
f 530 543 542
f 530 542 529
f 531 544 545
f 531 545 532
f 533 546 545
f 533 545 532
f 534 547 546
f 534 546 533
f 535 548 547
f 535 547 534
f 536 549 548
f 536 548 535
f 537 550 549
f 537 549 536
f 538 551 550
f 538 550 537
f 539 552 551
f 539 551 538
f 540 553 552
f 540 552 539
f 541 554 553
f 541 553 540
f 542 555 554
f 542 554 541
f 542 555 556
f 542 556 543
f 219 232 401
f 219 401 388
f 231 400 413
f 231 413 244
f 232 245 414
f 232 414 401
f 244 413 426
f 244 426 257
f 245 258 427
f 245 427 414
f 257 426 439
f 257 439 270
f 258 271 440
f 258 440 427
f 270 439 452
f 270 452 283
f 271 284 453
f 271 453 440
f 283 452 465
f 283 465 296
f 284 297 466
f 284 466 453
f 296 465 478
f 296 478 309
f 297 310 479
f 297 479 466
f 309 478 491
f 309 491 322
f 310 323 492
f 310 492 479
f 322 491 504
f 322 504 335
f 323 336 505
f 323 505 492
f 335 504 517
f 335 517 348
f 336 349 518
f 336 518 505
f 348 517 530
f 348 530 361
f 349 362 531
f 349 531 518
f 361 530 543
f 361 543 374
f 362 375 544
f 362 544 531
f 374 543 556
f 374 556 387
f 219 388 389
f 219 389 220
f 375 376 545
f 375 545 544
f 220 389 390
f 220 390 221
f 376 377 546
f 376 546 545
f 221 390 391
f 221 391 222
f 377 378 547
f 377 547 546
f 222 391 392
f 222 392 223
f 378 379 548
f 378 548 547
f 223 392 393
f 223 393 224
f 379 380 549
f 379 549 548
f 224 393 394
f 224 394 225
f 380 381 550
f 380 550 549
f 225 394 395
f 225 395 226
f 381 382 551
f 381 551 550
f 226 395 396
f 226 396 227
f 382 383 552
f 382 552 551
f 227 396 397
f 227 397 228
f 383 384 553
f 383 553 552
f 228 397 398
f 228 398 229
f 384 385 554
f 384 554 553
f 229 398 399
f 229 399 230
f 385 386 555
f 385 555 554
f 230 399 400
f 230 400 231
f 386 387 556
f 386 556 555
o mirror_back
v 0.317279 1.582721 -0.565361
v 0.288880 1.559591 -0.556713
v 0.244051 1.538307 -0.548362
v 0.185000 1.530000 -0.545000
v 0.123333 1.530000 -0.545000
v 0.061667 1.530000 -0.545000
v -0.000000 1.530000 -0.545000
v -0.061667 1.530000 -0.545000
v -0.123333 1.530000 -0.545000
v -0.185000 1.530000 -0.545000
v -0.244051 1.538307 -0.548362
v -0.288880 1.559591 -0.556713
v -0.317279 1.582721 -0.565361
v 0.347965 1.623704 -0.556556
v 0.308333 1.611667 -0.575556
v 0.246667 1.611667 -0.575556
v 0.185000 1.611667 -0.575556
v 0.123333 1.611667 -0.575556
v 0.061667 1.611667 -0.575556
v 0.000000 1.611667 -0.575556
v -0.061667 1.611667 -0.575556
v -0.123333 1.611667 -0.575556
v -0.185000 1.611667 -0.575556
v -0.246667 1.611667 -0.575556
v -0.308333 1.611667 -0.575556
v -0.347965 1.623704 -0.556556
v 0.369233 1.693404 -0.545414
v 0.308333 1.693333 -0.575556
v 0.246667 1.693333 -0.600556
v 0.185000 1.693333 -0.600556
v 0.123333 1.693333 -0.600556
v 0.061667 1.693333 -0.600556
v 0.000000 1.693333 -0.600556
v -0.061667 1.693333 -0.600556
v -0.123333 1.693333 -0.600556
v -0.185000 1.693333 -0.600556
v -0.246667 1.693333 -0.600556
v -0.308333 1.693333 -0.575556
v -0.369233 1.693404 -0.545414
v 0.370000 1.775000 -0.545000
v 0.308333 1.775000 -0.575556
v 0.246667 1.775000 -0.600556
v 0.185000 1.775000 -0.620000
v 0.123333 1.775000 -0.620000
v 0.061667 1.775000 -0.620000
v 0.000000 1.775000 -0.620000
v -0.061667 1.775000 -0.620000
v -0.123333 1.775000 -0.620000
v -0.185000 1.775000 -0.620000
v -0.246667 1.775000 -0.600556
v -0.308333 1.775000 -0.575556
v -0.370000 1.775000 -0.545000
v 0.370000 1.856667 -0.545000
v 0.308333 1.856667 -0.575556
v 0.246667 1.856667 -0.600556
v 0.185000 1.856667 -0.620000
v 0.123333 1.856667 -0.633889
v 0.061667 1.856667 -0.633889
v 0.000000 1.856667 -0.633889
v -0.061667 1.856667 -0.633889
v -0.123333 1.856667 -0.633889
v -0.185000 1.856667 -0.620000
v -0.246667 1.856667 -0.600556
v -0.308333 1.856667 -0.575556
v -0.370000 1.856667 -0.545000
v 0.370000 1.938333 -0.545000
v 0.308333 1.938333 -0.575556
v 0.246667 1.938333 -0.600556
v 0.185000 1.938333 -0.620000
v 0.123333 1.938333 -0.633889
v 0.061667 1.938333 -0.642222
v 0.000000 1.938333 -0.642222
v -0.061667 1.938333 -0.642222
v -0.123333 1.938333 -0.633889
v -0.185000 1.938333 -0.620000
v -0.246667 1.938333 -0.600556
v -0.308333 1.938333 -0.575556
v -0.370000 1.938333 -0.545000
v 0.370000 2.020000 -0.545000
v 0.308333 2.020000 -0.575556
v 0.246667 2.020000 -0.600556
v 0.185000 2.020000 -0.620000
v 0.123333 2.020000 -0.633889
v 0.061667 2.020000 -0.642222
v 0.000000 2.020000 -0.645000
v -0.061667 2.020000 -0.642222
v -0.123333 2.020000 -0.633889
v -0.185000 2.020000 -0.620000
v -0.246667 2.020000 -0.600556
v -0.308333 2.020000 -0.575556
v -0.370000 2.020000 -0.545000
v 0.370000 2.101667 -0.545000
v 0.308333 2.101667 -0.575556
v 0.246667 2.101667 -0.600556
v 0.185000 2.101667 -0.620000
v 0.123333 2.101667 -0.633889
v 0.061667 2.101667 -0.642222
v 0.000000 2.101667 -0.642222
v -0.061667 2.101667 -0.642222
v -0.123333 2.101667 -0.633889
v -0.185000 2.101667 -0.620000
v -0.246667 2.101667 -0.600556
v -0.308333 2.101667 -0.575556
v -0.370000 2.101667 -0.545000
v 0.370000 2.183333 -0.545000
v 0.308333 2.183333 -0.575556
v 0.246667 2.183333 -0.600556
v 0.185000 2.183333 -0.620000
v 0.123333 2.183333 -0.633889
v 0.061667 2.183333 -0.633889
v 0.000000 2.183333 -0.633889
v -0.061667 2.183333 -0.633889
v -0.123333 2.183333 -0.633889
v -0.185000 2.183333 -0.620000
v -0.246667 2.183333 -0.600556
v -0.308333 2.183333 -0.575556
v -0.370000 2.183333 -0.545000
v 0.370000 2.265000 -0.545000
v 0.308333 2.265000 -0.575556
v 0.246667 2.265000 -0.600556
v 0.185000 2.265000 -0.620000
v 0.123333 2.265000 -0.620000
v 0.061667 2.265000 -0.620000
v 0.000000 2.265000 -0.620000
v -0.061667 2.265000 -0.620000
v -0.123333 2.265000 -0.620000
v -0.185000 2.265000 -0.620000
v -0.246667 2.265000 -0.600556
v -0.308333 2.265000 -0.575556
v -0.370000 2.265000 -0.545000
v 0.369233 2.346596 -0.545414
v 0.308333 2.346667 -0.575556
v 0.246667 2.346667 -0.600556
v 0.185000 2.346667 -0.600556
v 0.123333 2.346667 -0.600556
v 0.061667 2.346667 -0.600556
v 0.000000 2.346667 -0.600556
v -0.061667 2.346667 -0.600556
v -0.123333 2.346667 -0.600556
v -0.185000 2.346667 -0.600556
v -0.246667 2.346667 -0.600556
v -0.308333 2.346667 -0.575556
v -0.369233 2.346596 -0.545414
v 0.347965 2.416296 -0.556556
v 0.308333 2.428333 -0.575556
v 0.246667 2.428333 -0.575556
v 0.185000 2.428333 -0.575556
v 0.123333 2.428333 -0.575556
v 0.061667 2.428333 -0.575556
v 0.000000 2.428333 -0.575556
v -0.061667 2.428333 -0.575556
v -0.123333 2.428333 -0.575556
v -0.185000 2.428333 -0.575556
v -0.246667 2.428333 -0.575556
v -0.308333 2.428333 -0.575556
v -0.347965 2.416296 -0.556556
v 0.317279 2.457279 -0.565361
v 0.288880 2.480409 -0.556713
v 0.244051 2.501693 -0.548362
v 0.185000 2.510000 -0.545000
v 0.123333 2.510000 -0.545000
v 0.061667 2.510000 -0.545000
v -0.000000 2.510000 -0.545000
v -0.061667 2.510000 -0.545000
v -0.123333 2.510000 -0.545000
v -0.185000 2.510000 -0.545000
v -0.244051 2.501693 -0.548362
v -0.288880 2.480409 -0.556713
v -0.317279 2.457279 -0.565361
v 0.348806 1.553603 -0.539705
v 0.289653 1.576346 -0.509610
v 0.244391 1.555675 -0.501477
v 0.185098 1.547521 -0.498171
v 0.123333 1.547521 -0.498170
v 0.061667 1.547521 -0.498170
v -0.000000 1.547521 -0.498170
v -0.061667 1.547521 -0.498170
v -0.123333 1.547521 -0.498170
v -0.185098 1.547521 -0.498171
v -0.244391 1.555675 -0.501477
v -0.289653 1.576346 -0.509610
v -0.348806 1.553603 -0.539705
v 0.325798 1.626043 -0.511799
v 0.298296 1.619929 -0.527275
v 0.246667 1.627621 -0.528169
v 0.185000 1.627768 -0.528219
v 0.123333 1.627768 -0.528219
v 0.061667 1.627768 -0.528219
v -0.000000 1.627768 -0.528219
v -0.061667 1.627768 -0.528219
v -0.123333 1.627768 -0.528219
v -0.185000 1.627768 -0.528219
v -0.246667 1.627621 -0.528169
v -0.298296 1.619929 -0.527275
v -0.325798 1.626043 -0.511799
v 0.347055 1.693212 -0.500602
v 0.287819 1.693333 -0.529958
v 0.236843 1.700751 -0.552094
v 0.185000 1.706461 -0.552310
v 0.123333 1.706461 -0.552310
v 0.061667 1.706461 -0.552310
v -0.000000 1.706461 -0.552310
v -0.061667 1.706461 -0.552310
v -0.123333 1.706461 -0.552310
v -0.185000 1.706461 -0.552310
v -0.236843 1.700751 -0.552094
v -0.287819 1.693333 -0.529958
v -0.347055 1.693212 -0.500602
v 0.347801 1.774991 -0.500198
v 0.287798 1.775000 -0.529967
v 0.229716 1.775000 -0.553517
v 0.177267 1.780840 -0.570948
v 0.123333 1.784998 -0.571010
v 0.061667 1.784998 -0.571010
v 0.000000 1.784998 -0.571010
v -0.061667 1.784998 -0.571010
v -0.123333 1.784998 -0.571010
v -0.177267 1.780840 -0.570948
v -0.229716 1.775000 -0.553517
v -0.287798 1.775000 -0.529967
v -0.347801 1.774991 -0.500198
v 0.347801 1.856667 -0.500198
v 0.287798 1.856667 -0.529967
v 0.229716 1.856667 -0.553517
v 0.171955 1.856667 -0.571732
v 0.117758 1.860877 -0.584379
v 0.061667 1.863407 -0.584345
v 0.000000 1.863407 -0.584345
v -0.061667 1.863407 -0.584345
v -0.117758 1.860877 -0.584379
v -0.171955 1.856667 -0.571732
v -0.229716 1.856667 -0.553517
v -0.287798 1.856667 -0.529967
v -0.347801 1.856667 -0.500198
v 0.347801 1.938333 -0.500198
v 0.287798 1.938333 -0.529967
v 0.229716 1.938333 -0.553517
v 0.171955 1.938333 -0.571732
v 0.114467 1.938333 -0.584681
v 0.058300 1.940875 -0.592400
v 0.000000 1.941727 -0.592338
v -0.058300 1.940875 -0.592400
v -0.114467 1.938333 -0.584681
v -0.171955 1.938333 -0.571732
v -0.229716 1.938333 -0.553517
v -0.287798 1.938333 -0.529967
v -0.347801 1.938333 -0.500198
v 0.347801 2.020000 -0.500198
v 0.287798 2.020000 -0.529967
v 0.229716 2.020000 -0.553517
v 0.171955 2.020000 -0.571732
v 0.114467 2.020000 -0.584681
v 0.057180 2.020000 -0.592424
v 0.000000 2.020000 -0.595000
v -0.057180 2.020000 -0.592424
v -0.114467 2.020000 -0.584681
v -0.171955 2.020000 -0.571732
v -0.229716 2.020000 -0.553517
v -0.287798 2.020000 -0.529967
v -0.347801 2.020000 -0.500198
v 0.347801 2.101667 -0.500198
v 0.287798 2.101667 -0.529967
v 0.229716 2.101667 -0.553517
v 0.171955 2.101667 -0.571732
v 0.114467 2.101667 -0.584681
v 0.058300 2.099125 -0.592400
v 0.000000 2.098273 -0.592338
v -0.058300 2.099125 -0.592400
v -0.114467 2.101667 -0.584681
v -0.171955 2.101667 -0.571732
v -0.229716 2.101667 -0.553517
v -0.287798 2.101667 -0.529967
v -0.347801 2.101667 -0.500198
v 0.347801 2.183333 -0.500198
v 0.287798 2.183333 -0.529967
v 0.229716 2.183333 -0.553517
v 0.171955 2.183333 -0.571732
v 0.117758 2.179123 -0.584379
v 0.061667 2.176593 -0.584345
v 0.000000 2.176593 -0.584345
v -0.061667 2.176593 -0.584345
v -0.117758 2.179123 -0.584379
v -0.171955 2.183333 -0.571732
v -0.229716 2.183333 -0.553517
v -0.287798 2.183333 -0.529967
v -0.347801 2.183333 -0.500198
v 0.347801 2.265009 -0.500198
v 0.287798 2.265000 -0.529967
v 0.229716 2.265000 -0.553517
v 0.177267 2.259160 -0.570948
v 0.123333 2.255002 -0.571010
v 0.061667 2.255002 -0.571010
v 0.000000 2.255002 -0.571010
v -0.061667 2.255002 -0.571010
v -0.123333 2.255002 -0.571010
v -0.177267 2.259160 -0.570948
v -0.229716 2.265000 -0.553517
v -0.287798 2.265000 -0.529967
v -0.347801 2.265009 -0.500198
v 0.347055 2.346788 -0.500602
v 0.287819 2.346667 -0.529958
v 0.236843 2.339249 -0.552094
v 0.185000 2.333539 -0.552310
v 0.123333 2.333539 -0.552310
v 0.061667 2.333539 -0.552310
v -0.000000 2.333539 -0.552310
v -0.061667 2.333539 -0.552310
v -0.123333 2.333539 -0.552310
v -0.185000 2.333539 -0.552310
v -0.236843 2.339249 -0.552094
v -0.287819 2.346667 -0.529958
v -0.347055 2.346788 -0.500602
v 0.325798 2.413957 -0.511799
v 0.298296 2.420071 -0.527275
v 0.246667 2.412379 -0.528169
v 0.185000 2.412232 -0.528219
v 0.123333 2.412232 -0.528219
v 0.061667 2.412232 -0.528219
v -0.000000 2.412232 -0.528219
v -0.061667 2.412232 -0.528219
v -0.123333 2.412232 -0.528219
v -0.185000 2.412232 -0.528219
v -0.246667 2.412379 -0.528169
v -0.298296 2.420071 -0.527275
v -0.325798 2.413957 -0.511799
v 0.348806 2.486397 -0.539705
v 0.289653 2.463654 -0.509610
v 0.244391 2.484325 -0.501477
v 0.185098 2.492479 -0.498171
v 0.123333 2.492479 -0.498170
v 0.061667 2.492479 -0.498170
v -0.000000 2.492479 -0.498170
v -0.061667 2.492479 -0.498170
v -0.123333 2.492479 -0.498170
v -0.185098 2.492479 -0.498171
v -0.244391 2.484325 -0.501477
v -0.289653 2.463654 -0.509610
v -0.348806 2.486397 -0.539705
vn 0.578024 -0.605847 -0.546661
vn 0.360531 -0.807829 -0.466294
vn 0.174718 -0.885483 -0.430573
vn 0.034447 -0.908714 -0.415997
vn 0.000000 -0.910058 -0.414482
vn 0.000000 -0.910058 -0.414482
vn -0.000000 -0.910058 -0.414482
vn 0.000000 -0.910058 -0.414482
vn 0.000000 -0.910058 -0.414482
vn -0.068945 -0.905816 -0.418023
vn -0.242414 -0.862659 -0.443908
vn -0.189724 -0.978012 -0.086590
vn -0.794293 -0.140922 0.590965
vn 0.878845 -0.335379 -0.339340
vn 0.217778 -0.195339 -0.956251
vn -0.001638 -0.318993 -0.947756
vn -0.000671 -0.321239 -0.946998
vn 0.000000 -0.321719 -0.946835
vn 0.000000 -0.321719 -0.946835
vn 0.000000 -0.321719 -0.946835
vn 0.000000 -0.321719 -0.946835
vn 0.000000 -0.321719 -0.946835
vn 0.000000 -0.321719 -0.946835
vn -0.060545 -0.273279 -0.960027
vn -0.138908 -0.058853 -0.988555
vn -0.823206 -0.383002 0.419094
vn 0.941349 -0.080203 -0.327764
vn 0.408014 0.001321 -0.912975
vn 0.179969 -0.139758 -0.973694
vn 0.000000 -0.262299 -0.964987
vn 0.000000 -0.262299 -0.964987
vn 0.000000 -0.262299 -0.964987
vn 0.000000 -0.262299 -0.964987
vn 0.000000 -0.262299 -0.964987
vn 0.000000 -0.262299 -0.964987
vn -0.049451 -0.224477 -0.973224
vn -0.190904 -0.147246 -0.970502
vn -0.351229 -0.046283 -0.935145
vn -0.940508 -0.079105 -0.330436
vn 0.947530 -0.002427 -0.319659
vn 0.410062 0.000062 -0.912057
vn 0.338481 0.000000 -0.940973
vn 0.139040 -0.106825 -0.984508
vn 0.000000 -0.199747 -0.979848
vn 0.000000 -0.199747 -0.979848
vn 0.000000 -0.199747 -0.979848
vn 0.000000 -0.199747 -0.979848
vn -0.036371 -0.172190 -0.984392
vn -0.151854 -0.116209 -0.981548
vn -0.290537 -0.037381 -0.956133
vn -0.410131 0.000000 -0.912027
vn -0.947506 -0.002426 -0.319730
vn 0.947536 0.000000 -0.319651
vn 0.410131 0.000000 -0.912027
vn 0.338481 0.000000 -0.940973
vn 0.260450 0.000000 -0.965487
vn 0.096324 -0.073387 -0.992641
vn 0.000000 -0.134662 -0.990892
vn 0.000000 -0.134662 -0.990892
vn -0.022275 -0.117880 -0.992778
vn -0.110422 -0.083968 -0.990331
vn -0.224836 -0.027491 -0.974009
vn -0.338481 0.000000 -0.940973
vn -0.410131 0.000000 -0.912027
vn -0.947536 0.000000 -0.319651
vn 0.947536 0.000000 -0.319651
vn 0.410131 0.000000 -0.912027
vn 0.338481 0.000000 -0.940973
vn 0.260450 0.000000 -0.965487
vn 0.176988 0.000000 -0.984213
vn 0.052288 -0.039616 -0.997846
vn -0.007503 -0.062144 -0.998039
vn -0.067083 -0.050785 -0.996454
vn -0.154988 -0.016833 -0.987773
vn -0.260450 0.000000 -0.965487
vn -0.338481 0.000000 -0.940973
vn -0.410131 0.000000 -0.912027
vn -0.947536 0.000000 -0.319651
vn 0.947536 0.000000 -0.319651
vn 0.410131 0.000000 -0.912027
vn 0.338481 0.000000 -0.940973
vn 0.260450 0.000000 -0.965487
vn 0.176988 0.000000 -0.984213
vn 0.082082 0.005669 -0.996609
vn 0.000000 -0.000000 -1.000000
vn -0.082082 -0.005669 -0.996609
vn -0.176988 0.000000 -0.984213
vn -0.260450 0.000000 -0.965487
vn -0.338481 0.000000 -0.940973
vn -0.410131 0.000000 -0.912027
vn -0.947536 0.000000 -0.319651
vn 0.947536 0.000000 -0.319651
vn 0.410131 0.000000 -0.912027
vn 0.338481 0.000000 -0.940973
vn 0.260450 0.000000 -0.965487
vn 0.154988 0.016833 -0.987773
vn 0.067083 0.050785 -0.996454
vn 0.007503 0.062144 -0.998039
vn -0.052288 0.039616 -0.997846
vn -0.176988 0.000000 -0.984213
vn -0.260450 0.000000 -0.965487
vn -0.338481 0.000000 -0.940973
vn -0.410131 0.000000 -0.912027
vn -0.947536 0.000000 -0.319651
vn 0.947536 -0.000000 -0.319651
vn 0.410131 0.000000 -0.912027
vn 0.338481 0.000000 -0.940973
vn 0.224836 0.027491 -0.974009
vn 0.110422 0.083968 -0.990331
vn 0.022275 0.117880 -0.992778
vn 0.000000 0.134662 -0.990892
vn 0.000000 0.134662 -0.990892
vn -0.096324 0.073387 -0.992641
vn -0.260450 0.000000 -0.965487
vn -0.338481 0.000000 -0.940973
vn -0.410131 0.000000 -0.912027
vn -0.947536 -0.000000 -0.319651
vn 0.947468 0.004870 -0.319814
vn 0.410131 0.000000 -0.912027
vn 0.290537 0.037381 -0.956133
vn 0.151854 0.116209 -0.981548
vn 0.036371 0.172190 -0.984392
vn 0.000000 0.199747 -0.979848
vn 0.000000 0.199747 -0.979848
vn 0.000000 0.199747 -0.979848
vn 0.000000 0.199747 -0.979848
vn -0.139040 0.106825 -0.984508
vn -0.338481 0.000000 -0.940973
vn -0.410062 -0.000062 -0.912057
vn -0.947492 0.004871 -0.319743
vn 0.929234 0.157166 -0.334400
vn 0.351229 0.046283 -0.935145
vn 0.190904 0.147246 -0.970502
vn 0.049451 0.224477 -0.973224
vn 0.000000 0.262299 -0.964987
vn 0.000000 0.262299 -0.964987
vn 0.000000 0.262299 -0.964987
vn 0.000000 0.262299 -0.964987
vn 0.000000 0.262299 -0.964987
vn 0.000000 0.262299 -0.964987
vn -0.179969 0.139758 -0.973694
vn -0.408014 -0.001321 -0.912975
vn -0.930058 0.158032 -0.331690
vn 0.762209 0.079449 -0.642437
vn 0.236792 0.196846 -0.951410
vn 0.060545 0.273279 -0.960027
vn 0.000000 0.321719 -0.946835
vn 0.000000 0.321719 -0.946835
vn 0.000000 0.321719 -0.946835
vn 0.000000 0.321719 -0.946835
vn 0.000000 0.321719 -0.946835
vn 0.000000 0.321719 -0.946835
vn 0.000671 0.321239 -0.946998
vn 0.001638 0.318993 -0.947756
vn -0.217778 0.195339 -0.956251
vn -0.798404 0.125100 -0.588982
vn 0.026285 0.620038 -0.784131
vn 0.429742 0.801237 -0.416342
vn 0.173512 0.884444 -0.433189
vn 0.034351 0.908495 -0.416482
vn 0.000000 0.910058 -0.414482
vn -0.000000 0.910058 -0.414482
vn 0.000000 0.910058 -0.414482
vn 0.000000 0.910058 -0.414482
vn 0.000000 0.910058 -0.414482
vn -0.069022 0.906035 -0.417536
vn -0.243404 0.863739 -0.441259
vn -0.094398 0.736294 -0.670045
vn -0.294718 0.317613 -0.901257
vn 0.390045 -0.521720 0.758731
vn 0.409809 -0.911338 0.038985
vn 0.237109 -0.867425 -0.437440
vn 0.068928 -0.905877 -0.417895
vn -0.000000 -0.910113 -0.414361
vn 0.000000 -0.910113 -0.414361
vn 0.000000 -0.910113 -0.414361
vn 0.000000 -0.910113 -0.414361
vn 0.000000 -0.910113 -0.414361
vn -0.033679 -0.908827 -0.415811
vn -0.171339 -0.886603 -0.429626
vn -0.037365 -0.895726 -0.443034
vn -0.222288 -0.295476 -0.929130
vn 0.924483 -0.364397 0.112011
vn 0.322053 -0.284251 -0.903041
vn 0.055502 -0.277433 -0.959141
vn -0.004721 -0.324862 -0.945750
vn 0.000000 -0.321850 -0.946791
vn 0.000000 -0.321850 -0.946791
vn 0.000000 -0.321850 -0.946791
vn 0.000000 -0.321850 -0.946791
vn 0.000000 -0.321850 -0.946791
vn 0.000665 -0.321373 -0.946952
vn 0.018301 -0.331139 -0.943404
vn -0.124903 -0.078622 -0.989049
vn -0.848242 -0.008620 -0.529539
vn 0.933944 -0.153831 -0.322620
vn 0.355819 -0.042552 -0.933586
vn 0.189554 -0.146264 -0.970915
vn 0.044146 -0.226591 -0.972989
vn -0.002792 -0.264203 -0.964463
vn 0.000000 -0.262309 -0.964984
vn 0.000000 -0.262309 -0.964984
vn 0.000000 -0.262309 -0.964984
vn 0.000000 -0.262309 -0.964984
vn 0.011904 -0.270432 -0.962666
vn -0.178384 -0.140949 -0.973814
vn -0.425296 0.015122 -0.904928
vn -0.930224 -0.157726 -0.331371
vn 0.947549 -0.004867 -0.319574
vn 0.414098 0.003056 -0.910227
vn 0.292352 -0.034605 -0.955684
vn 0.150802 -0.115195 -0.981829
vn 0.033006 -0.173288 -0.984318
vn -0.001361 -0.200726 -0.979646
vn 0.000000 -0.199756 -0.979846
vn 0.000000 -0.199756 -0.979846
vn 0.006426 -0.204151 -0.978918
vn -0.137286 -0.107735 -0.984655
vn -0.347998 0.007593 -0.937465
vn -0.410310 0.000062 -0.911946
vn -0.947573 -0.004870 -0.319503
vn 0.947616 0.000000 -0.319411
vn 0.410378 -0.000000 -0.911915
vn 0.340927 0.001870 -0.940088
vn 0.225524 -0.025764 -0.973897
vn 0.109608 -0.083132 -0.990492
vn 0.020438 -0.118229 -0.992776
vn -0.000426 -0.134985 -0.990848
vn 0.002722 -0.136438 -0.990645
vn -0.095129 -0.073751 -0.992729
vn -0.265782 0.004027 -0.964025
vn -0.338516 0.000000 -0.940961
vn -0.410378 0.000000 -0.911915
vn -0.947616 0.000000 -0.319411
vn 0.947616 0.000000 -0.319411
vn 0.410378 0.000000 -0.911915
vn 0.338516 0.000000 -0.940961
vn 0.261721 0.000923 -0.965143
vn 0.154902 -0.015942 -0.987801
vn 0.066514 -0.050269 -0.996518
vn 0.007591 -0.062535 -0.998014
vn -0.051496 -0.039667 -0.997885
vn -0.179108 0.001575 -0.983828
vn -0.260482 0.000000 -0.965479
vn -0.338516 0.000000 -0.940961
vn -0.410378 0.000000 -0.911915
vn -0.947616 0.000000 -0.319411
vn 0.947616 0.000000 -0.319411
vn 0.410378 -0.000000 -0.911915
vn 0.338516 -0.000000 -0.940961
vn 0.260482 0.000000 -0.965479
vn 0.177379 0.000267 -0.984143
vn 0.082298 -0.005784 -0.996591
vn 0.000000 0.000000 -1.000000
vn -0.082298 0.005784 -0.996591
vn -0.177379 -0.000267 -0.984143
vn -0.260482 0.000000 -0.965479
vn -0.338516 0.000000 -0.940961
vn -0.410378 0.000000 -0.911915
vn -0.947616 0.000000 -0.319411
vn 0.947616 -0.000000 -0.319411
vn 0.410378 -0.000000 -0.911915
vn 0.338516 0.000000 -0.940961
vn 0.260482 0.000000 -0.965479
vn 0.179108 -0.001575 -0.983828
vn 0.051496 0.039667 -0.997885
vn -0.007591 0.062535 -0.998014
vn -0.066514 0.050269 -0.996518
vn -0.154902 0.015942 -0.987801
vn -0.261721 -0.000923 -0.965143
vn -0.338516 0.000000 -0.940961
vn -0.410378 0.000000 -0.911915
vn -0.947616 0.000000 -0.319411
vn 0.947616 -0.000000 -0.319411
vn 0.410378 -0.000000 -0.911915
vn 0.338516 0.000000 -0.940961
vn 0.265782 -0.004027 -0.964025
vn 0.095129 0.073751 -0.992729
vn -0.002722 0.136438 -0.990645
vn 0.000426 0.134985 -0.990848
vn -0.020438 0.118229 -0.992776
vn -0.109608 0.083132 -0.990492
vn -0.225524 0.025764 -0.973897
vn -0.340927 -0.001870 -0.940088
vn -0.410378 0.000000 -0.911915
vn -0.947616 -0.000000 -0.319411
vn 0.947611 0.002356 -0.319419
vn 0.410310 -0.000062 -0.911946
vn 0.473998 -0.082250 -0.876676
vn 0.076477 0.066454 -0.994854
vn -0.006426 0.204151 -0.978918
vn 0.000000 0.199756 -0.979846
vn 0.000000 0.199756 -0.979846
vn 0.001361 0.200726 -0.979646
vn -0.033006 0.173288 -0.984318
vn -0.150802 0.115195 -0.981829
vn -0.292352 0.034605 -0.955684
vn -0.414098 -0.003056 -0.910227
vn -0.947587 0.002352 -0.319490
vn 0.941030 0.082624 -0.328078
vn 0.560447 -0.109777 -0.820882
vn 0.264555 0.579528 0.770816
vn -0.108891 0.370771 -0.922319
vn 0.000000 0.262309 -0.964984
vn 0.000000 0.262309 -0.964984
vn 0.000000 0.262309 -0.964984
vn 0.000000 0.262309 -0.964984
vn 0.002792 0.264203 -0.964463
vn -0.044146 0.226591 -0.972989
vn -0.189554 0.146264 -0.970915
vn -0.355819 0.042552 -0.933586
vn -0.944339 0.079316 -0.319271
vn 0.940552 0.090282 0.327432
vn -0.559865 -0.755947 -0.339257
vn -0.141220 0.439028 -0.887306
vn -0.000665 0.321373 -0.946952
vn -0.000000 0.321850 -0.946791
vn 0.000000 0.321850 -0.946791
vn 0.000000 0.321850 -0.946791
vn 0.000000 0.321850 -0.946791
vn 0.000000 0.321850 -0.946791
vn 0.004721 0.324862 -0.945750
vn -0.055502 0.277433 -0.959141
vn -0.322053 0.284251 -0.903041
vn -0.862450 0.316252 0.395178
vn 0.749845 0.654668 0.095616
vn 0.143372 0.989667 -0.001751
vn 0.242634 0.864022 -0.441129
vn 0.069021 0.906092 -0.417413
vn -0.000000 0.910113 -0.414361
vn 0.000000 0.910113 -0.414361
vn 0.000000 0.910113 -0.414361
vn 0.000000 0.910113 -0.414361
vn 0.000000 0.910113 -0.414361
vn -0.033567 0.908611 -0.416292
vn -0.165916 0.889503 -0.425743
vn -0.391731 0.880546 0.266807
vn -0.630032 0.712969 0.307790
usemtl steel
f 557 558 571
f 557 571 570
f 558 559 572
f 558 572 571
f 559 560 573
f 559 573 572
f 560 561 574
f 560 574 573
f 561 562 575
f 561 575 574
f 562 563 576
f 562 576 575
f 563 564 577
f 563 577 576
f 564 565 578
f 564 578 577
f 565 566 579
f 565 579 578
f 566 567 580
f 566 580 579
f 567 568 581
f 567 581 580
f 581 582 569
f 581 569 568
f 570 571 584
f 570 584 583
f 571 572 585
f 571 585 584
f 572 573 586
f 572 586 585
f 573 574 587
f 573 587 586
f 574 575 588
f 574 588 587
f 575 576 589
f 575 589 588
f 576 577 590
f 576 590 589
f 577 578 591
f 577 591 590
f 578 579 592
f 578 592 591
f 579 580 593
f 579 593 592
f 580 581 594
f 580 594 593
f 581 582 595
f 581 595 594
f 583 584 597
f 583 597 596
f 584 585 598
f 584 598 597
f 585 586 599
f 585 599 598
f 586 587 600
f 586 600 599
f 587 588 601
f 587 601 600
f 588 589 602
f 588 602 601
f 589 590 603
f 589 603 602
f 590 591 604
f 590 604 603
f 591 592 605
f 591 605 604
f 592 593 606
f 592 606 605
f 593 594 607
f 593 607 606
f 594 595 608
f 594 608 607
f 596 597 610
f 596 610 609
f 597 598 611
f 597 611 610
f 598 599 612
f 598 612 611
f 599 600 613
f 599 613 612
f 600 601 614
f 600 614 613
f 601 602 615
f 601 615 614
f 602 603 616
f 602 616 615
f 603 604 617
f 603 617 616
f 604 605 618
f 604 618 617
f 605 606 619
f 605 619 618
f 606 607 620
f 606 620 619
f 607 608 621
f 607 621 620
f 609 610 623
f 609 623 622
f 610 611 624
f 610 624 623
f 611 612 625
f 611 625 624
f 612 613 626
f 612 626 625
f 613 614 627
f 613 627 626
f 614 615 628
f 614 628 627
f 615 616 629
f 615 629 628
f 616 617 630
f 616 630 629
f 617 618 631
f 617 631 630
f 618 619 632
f 618 632 631
f 619 620 633
f 619 633 632
f 620 621 634
f 620 634 633
f 622 623 636
f 622 636 635
f 623 624 637
f 623 637 636
f 624 625 638
f 624 638 637
f 625 626 639
f 625 639 638
f 626 627 640
f 626 640 639
f 627 628 641
f 627 641 640
f 628 629 642
f 628 642 641
f 629 630 643
f 629 643 642
f 630 631 644
f 630 644 643
f 631 632 645
f 631 645 644
f 632 633 646
f 632 646 645
f 633 634 647
f 633 647 646
f 635 636 649
f 635 649 648
f 636 637 650
f 636 650 649
f 637 638 651
f 637 651 650
f 638 639 652
f 638 652 651
f 639 640 653
f 639 653 652
f 640 641 654
f 640 654 653
f 641 642 655
f 641 655 654
f 642 643 656
f 642 656 655
f 643 644 657
f 643 657 656
f 644 645 658
f 644 658 657
f 645 646 659
f 645 659 658
f 646 647 660
f 646 660 659
f 648 649 662
f 648 662 661
f 649 650 663
f 649 663 662
f 650 651 664
f 650 664 663
f 651 652 665
f 651 665 664
f 652 653 666
f 652 666 665
f 653 654 667
f 653 667 666
f 654 655 668
f 654 668 667
f 655 656 669
f 655 669 668
f 656 657 670
f 656 670 669
f 657 658 671
f 657 671 670
f 658 659 672
f 658 672 671
f 659 660 673
f 659 673 672
f 661 662 675
f 661 675 674
f 662 663 676
f 662 676 675
f 663 664 677
f 663 677 676
f 664 665 678
f 664 678 677
f 665 666 679
f 665 679 678
f 666 667 680
f 666 680 679
f 667 668 681
f 667 681 680
f 668 669 682
f 668 682 681
f 669 670 683
f 669 683 682
f 670 671 684
f 670 684 683
f 671 672 685
f 671 685 684
f 672 673 686
f 672 686 685
f 674 675 688
f 674 688 687
f 675 676 689
f 675 689 688
f 676 677 690
f 676 690 689
f 677 678 691
f 677 691 690
f 678 679 692
f 678 692 691
f 679 680 693
f 679 693 692
f 680 681 694
f 680 694 693
f 681 682 695
f 681 695 694
f 682 683 696
f 682 696 695
f 683 684 697
f 683 697 696
f 684 685 698
f 684 698 697
f 685 686 699
f 685 699 698
f 687 688 701
f 687 701 700
f 688 689 702
f 688 702 701
f 689 690 703
f 689 703 702
f 690 691 704
f 690 704 703
f 691 692 705
f 691 705 704
f 692 693 706
f 692 706 705
f 693 694 707
f 693 707 706
f 694 695 708
f 694 708 707
f 695 696 709
f 695 709 708
f 696 697 710
f 696 710 709
f 697 698 711
f 697 711 710
f 698 699 712
f 698 712 711
f 700 701 714
f 700 714 713
f 701 702 715
f 701 715 714
f 702 703 716
f 702 716 715
f 703 704 717
f 703 717 716
f 704 705 718
f 704 718 717
f 705 706 719
f 705 719 718
f 706 707 720
f 706 720 719
f 707 708 721
f 707 721 720
f 708 709 722
f 708 722 721
f 709 710 723
f 709 723 722
f 710 711 724
f 710 724 723
f 711 712 725
f 711 725 724
f 726 739 740
f 726 740 727
f 728 741 740
f 728 740 727
f 729 742 741
f 729 741 728
f 730 743 742
f 730 742 729
f 731 744 743
f 731 743 730
f 732 745 744
f 732 744 731
f 733 746 745
f 733 745 732
f 734 747 746
f 734 746 733
f 735 748 747
f 735 747 734
f 736 749 748
f 736 748 735
f 737 750 749
f 737 749 736
f 738 751 750
f 738 750 737
f 740 753 752
f 740 752 739
f 741 754 753
f 741 753 740
f 742 755 754
f 742 754 741
f 743 756 755
f 743 755 742
f 744 757 756
f 744 756 743
f 745 758 757
f 745 757 744
f 746 759 758
f 746 758 745
f 747 760 759
f 747 759 746
f 748 761 760
f 748 760 747
f 749 762 761
f 749 761 748
f 750 763 762
f 750 762 749
f 751 764 763
f 751 763 750
f 753 766 765
f 753 765 752
f 754 767 766
f 754 766 753
f 755 768 767
f 755 767 754
f 756 769 768
f 756 768 755
f 757 770 769
f 757 769 756
f 758 771 770
f 758 770 757
f 759 772 771
f 759 771 758
f 760 773 772
f 760 772 759
f 761 774 773
f 761 773 760
f 762 775 774
f 762 774 761
f 763 776 775
f 763 775 762
f 764 777 776
f 764 776 763
f 766 779 778
f 766 778 765
f 767 780 779
f 767 779 766
f 768 781 780
f 768 780 767
f 769 782 781
f 769 781 768
f 770 783 782
f 770 782 769
f 771 784 783
f 771 783 770
f 772 785 784
f 772 784 771
f 773 786 785
f 773 785 772
f 774 787 786
f 774 786 773
f 775 788 787
f 775 787 774
f 776 789 788
f 776 788 775
f 777 790 789
f 777 789 776
f 779 792 791
f 779 791 778
f 780 793 792
f 780 792 779
f 781 794 793
f 781 793 780
f 782 795 794
f 782 794 781
f 783 796 795
f 783 795 782
f 784 797 796
f 784 796 783
f 785 798 797
f 785 797 784
f 786 799 798
f 786 798 785
f 787 800 799
f 787 799 786
f 788 801 800
f 788 800 787
f 789 802 801
f 789 801 788
f 790 803 802
f 790 802 789
f 792 805 804
f 792 804 791
f 793 806 805
f 793 805 792
f 794 807 806
f 794 806 793
f 795 808 807
f 795 807 794
f 796 809 808
f 796 808 795
f 797 810 809
f 797 809 796
f 798 811 810
f 798 810 797
f 799 812 811
f 799 811 798
f 800 813 812
f 800 812 799
f 801 814 813
f 801 813 800
f 802 815 814
f 802 814 801
f 803 816 815
f 803 815 802
f 805 818 817
f 805 817 804
f 806 819 818
f 806 818 805
f 807 820 819
f 807 819 806
f 808 821 820
f 808 820 807
f 809 822 821
f 809 821 808
f 810 823 822
f 810 822 809
f 811 824 823
f 811 823 810
f 812 825 824
f 812 824 811
f 813 826 825
f 813 825 812
f 814 827 826
f 814 826 813
f 815 828 827
f 815 827 814
f 816 829 828
f 816 828 815
f 818 831 830
f 818 830 817
f 819 832 831
f 819 831 818
f 820 833 832
f 820 832 819
f 821 834 833
f 821 833 820
f 822 835 834
f 822 834 821
f 823 836 835
f 823 835 822
f 824 837 836
f 824 836 823
f 825 838 837
f 825 837 824
f 826 839 838
f 826 838 825
f 827 840 839
f 827 839 826
f 828 841 840
f 828 840 827
f 829 842 841
f 829 841 828
f 831 844 843
f 831 843 830
f 832 845 844
f 832 844 831
f 833 846 845
f 833 845 832
f 834 847 846
f 834 846 833
f 835 848 847
f 835 847 834
f 836 849 848
f 836 848 835
f 837 850 849
f 837 849 836
f 838 851 850
f 838 850 837
f 839 852 851
f 839 851 838
f 840 853 852
f 840 852 839
f 841 854 853
f 841 853 840
f 842 855 854
f 842 854 841
f 844 857 856
f 844 856 843
f 845 858 857
f 845 857 844
f 845 858 859
f 845 859 846
f 847 860 859
f 847 859 846
f 848 861 860
f 848 860 847
f 849 862 861
f 849 861 848
f 850 863 862
f 850 862 849
f 851 864 863
f 851 863 850
f 852 865 864
f 852 864 851
f 853 866 865
f 853 865 852
f 854 867 866
f 854 866 853
f 855 868 867
f 855 867 854
f 857 870 869
f 857 869 856
f 857 870 871
f 857 871 858
f 859 872 871
f 859 871 858
f 860 873 872
f 860 872 859
f 861 874 873
f 861 873 860
f 862 875 874
f 862 874 861
f 863 876 875
f 863 875 862
f 864 877 876
f 864 876 863
f 865 878 877
f 865 877 864
f 866 879 878
f 866 878 865
f 867 880 879
f 867 879 866
f 868 881 880
f 868 880 867
f 869 882 883
f 869 883 870
f 871 884 883
f 871 883 870
f 872 885 884
f 872 884 871
f 873 886 885
f 873 885 872
f 874 887 886
f 874 886 873
f 875 888 887
f 875 887 874
f 876 889 888
f 876 888 875
f 877 890 889
f 877 889 876
f 878 891 890
f 878 890 877
f 879 892 891
f 879 891 878
f 880 893 892
f 880 892 879
f 880 893 894
f 880 894 881
f 557 570 739
f 557 739 726
f 569 738 751
f 569 751 582
f 570 583 752
f 570 752 739
f 582 751 764
f 582 764 595
f 583 596 765
f 583 765 752
f 595 764 777
f 595 777 608
f 596 609 778
f 596 778 765
f 608 777 790
f 608 790 621
f 609 622 791
f 609 791 778
f 621 790 803
f 621 803 634
f 622 635 804
f 622 804 791
f 634 803 816
f 634 816 647
f 635 648 817
f 635 817 804
f 647 816 829
f 647 829 660
f 648 661 830
f 648 830 817
f 660 829 842
f 660 842 673
f 661 674 843
f 661 843 830
f 673 842 855
f 673 855 686
f 674 687 856
f 674 856 843
f 686 855 868
f 686 868 699
f 687 700 869
f 687 869 856
f 699 868 881
f 699 881 712
f 700 713 882
f 700 882 869
f 712 881 894
f 712 894 725
f 557 726 727
f 557 727 558
f 713 714 883
f 713 883 882
f 558 727 728
f 558 728 559
f 714 715 884
f 714 884 883
f 559 728 729
f 559 729 560
f 715 716 885
f 715 885 884
f 560 729 730
f 560 730 561
f 716 717 886
f 716 886 885
f 561 730 731
f 561 731 562
f 717 718 887
f 717 887 886
f 562 731 732
f 562 732 563
f 718 719 888
f 718 888 887
f 563 732 733
f 563 733 564
f 719 720 889
f 719 889 888
f 564 733 734
f 564 734 565
f 720 721 890
f 720 890 889
f 565 734 735
f 565 735 566
f 721 722 891
f 721 891 890
f 566 735 736
f 566 736 567
f 722 723 892
f 722 892 891
f 567 736 737
f 567 737 568
f 723 724 893
f 723 893 892
f 568 737 738
f 568 738 569
f 724 725 894
f 724 894 893
o mirror_side_R
v 1.066144 1.725147 0.134853
v 1.061228 1.709195 0.115103
v 1.056589 1.694800 0.083600
v 1.055000 1.690000 0.042500
v 1.055000 1.690000 -0.000000
v 1.055000 1.690000 -0.042500
v 1.056589 1.694800 -0.083600
v 1.061228 1.709195 -0.115103
v 1.066144 1.725147 -0.134853
v 1.057502 1.780896 0.166417
v 1.081250 1.780000 0.127500
v 1.081250 1.780000 0.085000
v 1.081250 1.780000 0.042500
v 1.081250 1.780000 0.000000
v 1.081250 1.780000 -0.042500
v 1.081250 1.780000 -0.085000
v 1.081250 1.780000 -0.127500
v 1.057502 1.780896 -0.166417
v 1.055000 1.870000 0.170000
v 1.081250 1.870000 0.127500
v 1.100000 1.870000 0.085000
v 1.100000 1.870000 0.042500
v 1.100000 1.870000 0.000000
v 1.100000 1.870000 -0.042500
v 1.100000 1.870000 -0.085000
v 1.081250 1.870000 -0.127500
v 1.055000 1.870000 -0.170000
v 1.055000 1.960000 0.170000
v 1.081250 1.960000 0.127500
v 1.100000 1.960000 0.085000
v 1.111250 1.960000 0.042500
v 1.111250 1.960000 0.000000
v 1.111250 1.960000 -0.042500
v 1.100000 1.960000 -0.085000
v 1.081250 1.960000 -0.127500
v 1.055000 1.960000 -0.170000
v 1.055000 2.050000 0.170000
v 1.081250 2.050000 0.127500
v 1.100000 2.050000 0.085000
v 1.111250 2.050000 0.042500
v 1.115000 2.050000 0.000000
v 1.111250 2.050000 -0.042500
v 1.100000 2.050000 -0.085000
v 1.081250 2.050000 -0.127500
v 1.055000 2.050000 -0.170000
v 1.055000 2.140000 0.170000
v 1.081250 2.140000 0.127500
v 1.100000 2.140000 0.085000
v 1.111250 2.140000 0.042500
v 1.111250 2.140000 0.000000
v 1.111250 2.140000 -0.042500
v 1.100000 2.140000 -0.085000
v 1.081250 2.140000 -0.127500
v 1.055000 2.140000 -0.170000
v 1.055000 2.230000 0.170000
v 1.081250 2.230000 0.127500
v 1.100000 2.230000 0.085000
v 1.100000 2.230000 0.042500
v 1.100000 2.230000 0.000000
v 1.100000 2.230000 -0.042500
v 1.100000 2.230000 -0.085000
v 1.081250 2.230000 -0.127500
v 1.055000 2.230000 -0.170000
v 1.057502 2.319104 0.166417
v 1.081250 2.320000 0.127500
v 1.081250 2.320000 0.085000
v 1.081250 2.320000 0.042500
v 1.081250 2.320000 0.000000
v 1.081250 2.320000 -0.042500
v 1.081250 2.320000 -0.085000
v 1.081250 2.320000 -0.127500
v 1.057502 2.319104 -0.166417
v 1.066144 2.374853 0.134853
v 1.061228 2.390805 0.115103
v 1.056589 2.405200 0.083600
v 1.055000 2.410000 0.042500
v 1.055000 2.410000 -0.000000
v 1.055000 2.410000 -0.042500
v 1.056589 2.405200 -0.083600
v 1.061228 2.390805 -0.115103
v 1.066144 2.374853 -0.134853
v 1.028589 1.704668 0.160742
v 1.013078 1.722633 0.116123
v 1.008561 1.708694 0.084046
v 1.007000 1.704000 0.042609
v 1.007000 1.704000 -0.000000
v 1.007000 1.704000 -0.042609
v 1.008561 1.708694 -0.084046
v 1.013078 1.722633 -0.116123
v 1.028589 1.704668 -0.160742
v 1.014932 1.783941 0.140370
v 1.033742 1.786990 0.113566
v 1.032718 1.792025 0.085000
v 1.032743 1.792127 0.042500
v 1.032743 1.792127 -0.000000
v 1.032743 1.792127 -0.042500
v 1.032718 1.792025 -0.085000
v 1.033742 1.786990 -0.113566
v 1.014932 1.783941 -0.140370
v 1.012460 1.869931 0.143725
v 1.037061 1.870000 0.104106
v 1.051424 1.875060 0.074285
v 1.050680 1.878220 0.042500
v 1.050680 1.878220 -0.000000
v 1.050680 1.878220 -0.042500
v 1.051424 1.875060 -0.074285
v 1.037061 1.870000 -0.104106
v 1.012460 1.869931 -0.143725
v 1.012460 1.960000 0.143725
v 1.037061 1.960000 0.104106
v 1.052850 1.960000 0.068359
v 1.061777 1.963092 0.035952
v 1.061423 1.964152 -0.000000
v 1.061777 1.963092 -0.035952
v 1.052850 1.960000 -0.068359
v 1.037061 1.960000 -0.104106
v 1.012460 1.960000 -0.143725
v 1.012460 2.050000 0.143725
v 1.037061 2.050000 0.104106
v 1.052850 2.050000 0.068359
v 1.062011 2.050000 0.033811
v 1.065000 2.050000 -0.000000
v 1.062011 2.050000 -0.033811
v 1.052850 2.050000 -0.068359
v 1.037061 2.050000 -0.104106
v 1.012460 2.050000 -0.143725
v 1.012460 2.140000 0.143725
v 1.037061 2.140000 0.104106
v 1.052850 2.140000 0.068359
v 1.061777 2.136908 0.035952
v 1.061423 2.135848 -0.000000
v 1.061777 2.136908 -0.035952
v 1.052850 2.140000 -0.068359
v 1.037061 2.140000 -0.104106
v 1.012460 2.140000 -0.143725
v 1.012460 2.230069 0.143725
v 1.037061 2.230000 0.104106
v 1.051424 2.224940 0.074285
v 1.050680 2.221780 0.042500
v 1.050680 2.221780 -0.000000
v 1.050680 2.221780 -0.042500
v 1.051424 2.224940 -0.074285
v 1.037061 2.230000 -0.104106
v 1.012460 2.230069 -0.143725
v 1.014932 2.316059 0.140370
v 1.033742 2.313010 0.113566
v 1.032718 2.307975 0.085000
v 1.032743 2.307873 0.042500
v 1.032743 2.307873 -0.000000
v 1.032743 2.307873 -0.042500
v 1.032718 2.307975 -0.085000
v 1.033742 2.313010 -0.113566
v 1.014932 2.316059 -0.140370
v 1.028589 2.395332 0.160742
v 1.013078 2.377367 0.116123
v 1.008561 2.391306 0.084046
v 1.007000 2.396000 0.042609
v 1.007000 2.396000 -0.000000
v 1.007000 2.396000 -0.042609
v 1.008561 2.391306 -0.084046
v 1.013078 2.377367 -0.116123
v 1.028589 2.395332 -0.160742
vn 0.478011 -0.614273 0.627833
vn 0.522152 -0.780468 0.343842
vn 0.493497 -0.855811 0.155074
vn 0.481777 -0.875854 0.027742
vn 0.480833 -0.876812 0.000000
vn 0.483032 -0.873835 -0.055611
vn 0.503430 -0.834493 -0.224009
vn 0.053265 -0.975320 -0.214275
vn -0.622532 -0.221521 -0.750588
vn 0.242611 -0.177706 0.953709
vn 0.956421 -0.157270 0.246019
vn 0.970737 -0.240134 -0.002418
vn 0.970318 -0.241832 -0.000738
vn 0.970236 -0.242163 0.000000
vn 0.970236 -0.242163 0.000000
vn 0.975882 -0.207955 -0.066396
vn 0.981841 -0.039440 -0.185560
vn -0.523341 -0.144642 -0.839758
vn 0.230216 -0.010878 0.973079
vn 0.885377 0.000462 0.464874
vn 0.979266 -0.090644 0.181167
vn 0.986439 -0.164129 0.000000
vn 0.986439 -0.164129 0.000000
vn 0.988703 -0.143692 -0.042652
vn 0.973231 -0.101857 -0.206023
vn 0.913870 -0.031888 -0.404753
vn 0.231101 -0.010825 -0.972870
vn 0.230025 0.000000 0.973185
vn 0.884958 0.000000 0.465671
vn 0.943707 0.000000 0.330781
vn 0.993717 -0.048684 0.100776
vn 0.997000 -0.076004 -0.014663
vn 0.989712 -0.061971 -0.128954
vn 0.956720 -0.020238 -0.290306
vn 0.884958 0.000000 -0.465671
vn 0.230025 0.000000 -0.973185
vn 0.230025 0.000000 0.973185
vn 0.884958 0.000000 0.465671
vn 0.943707 0.000000 0.330781
vn 0.987397 0.006950 0.158109
vn 1.000000 0.000000 0.000000
vn 0.987397 -0.006950 -0.158109
vn 0.943707 0.000000 -0.330781
vn 0.884958 0.000000 -0.465671
vn 0.230025 0.000000 -0.973185
vn 0.230025 0.000000 0.973185
vn 0.884958 0.000000 0.465671
vn 0.956720 0.020238 0.290306
vn 0.989712 0.061971 0.128954
vn 0.997000 0.076004 0.014663
vn 0.993717 0.048684 -0.100776
vn 0.943707 0.000000 -0.330781
vn 0.884958 0.000000 -0.465671
vn 0.230025 0.000000 -0.973185
vn 0.231443 0.022203 0.972595
vn 0.913870 0.031888 0.404753
vn 0.973231 0.101857 0.206023
vn 0.988703 0.143692 0.042652
vn 0.986439 0.164129 0.000000
vn 0.986439 0.164129 0.000000
vn 0.979266 0.090644 -0.181167
vn 0.885377 -0.000462 -0.464874
vn 0.230559 0.022246 -0.972804
vn 0.571203 0.033590 0.820121
vn 0.951750 0.150536 0.267416
vn 0.975882 0.207955 0.066396
vn 0.970236 0.242163 0.000000
vn 0.970236 0.242163 0.000000
vn 0.970318 0.241832 0.000738
vn 0.970737 0.240134 0.002418
vn 0.956421 0.157270 -0.246019
vn 0.476171 0.082890 -0.875437
vn 0.665329 0.720950 0.193827
vn 0.519769 0.749431 0.410115
vn 0.495207 0.854965 0.154286
vn 0.482088 0.875685 0.027690
vn 0.480833 0.876812 -0.000000
vn 0.482721 0.874004 -0.055652
vn 0.501700 0.835362 -0.224650
vn 0.672743 0.731438 -0.111420
vn 0.824894 0.374696 -0.423265
vn -0.844299 -0.483879 0.230263
vn -0.053475 -0.921189 0.385424
vn 0.499053 -0.841416 0.207278
vn 0.482846 -0.873939 0.055587
vn 0.480653 -0.876911 -0.000000
vn 0.481544 -0.876009 -0.026902
vn 0.492412 -0.857189 -0.150857
vn 0.495063 -0.868778 -0.011755
vn 0.815425 -0.441407 -0.374489
vn -0.207309 -0.204571 0.956647
vn 0.946183 -0.188652 0.262960
vn 0.976105 -0.212164 0.046966
vn 0.969500 -0.244984 -0.007207
vn 0.970184 -0.242369 0.000000
vn 0.970266 -0.242039 0.000731
vn 0.966495 -0.253976 0.037184
vn 0.977993 -0.093284 -0.186623
vn 0.412328 0.016572 -0.910885
vn 0.220053 -0.016307 0.975352
vn 0.913174 -0.028842 0.406548
vn 0.974225 -0.099575 0.202412
vn 0.988875 -0.145424 0.031278
vn 0.986279 -0.165070 -0.002242
vn 0.985283 -0.170192 0.015858
vn 0.981003 -0.095449 -0.168886
vn 0.873962 0.011016 -0.485870
vn 0.229416 -0.021968 -0.973081
vn 0.228876 0.000000 0.973456
vn 0.881721 0.002143 0.471766
vn 0.957357 -0.018870 0.288291
vn 0.990069 -0.060481 0.126905
vn 0.996872 -0.077608 0.014913
vn 0.994293 -0.050312 -0.094074
vn 0.940481 0.003617 -0.339826
vn 0.884302 0.000000 -0.466916
vn 0.228876 0.000000 -0.973456
vn 0.228876 0.000000 0.973456
vn 0.884302 0.000000 0.466916
vn 0.943033 0.000621 0.332700
vn 0.987350 -0.007401 0.158386
vn 1.000000 -0.000000 0.000000
vn 0.987350 0.007401 -0.158386
vn 0.943033 -0.000621 -0.332700
vn 0.884302 0.000000 -0.466916
vn 0.228876 0.000000 -0.973456
vn 0.228876 -0.000000 0.973456
vn 0.884302 -0.000000 0.466916
vn 0.868069 -0.046261 0.494284
vn 0.999468 0.021003 0.024951
vn 0.996872 0.077608 -0.014913
vn 0.990069 0.060481 -0.126905
vn 0.957357 0.018870 -0.288291
vn 0.881721 -0.002143 -0.471766
vn 0.228876 -0.000000 -0.973456
vn 0.229061 0.010457 0.973356
vn 0.753484 -0.076631 0.652986
vn -0.540336 0.826466 0.158089
vn 0.963925 0.249022 -0.094008
vn 0.986279 0.165070 0.002242
vn 0.988875 0.145424 -0.031278
vn 0.974225 0.099575 -0.202412
vn 0.913174 0.028842 -0.406548
vn 0.219685 0.004897 -0.975559
vn -0.435346 -0.057970 0.898395
vn -0.966685 -0.187520 -0.174231
vn 0.923699 0.347215 -0.161933
vn 0.970266 0.242039 -0.000731
vn 0.970184 0.242369 -0.000000
vn 0.969500 0.244984 0.007207
vn 0.976105 0.212164 -0.046966
vn 0.952041 0.148183 -0.267693
vn 0.289117 0.032790 -0.956732
vn -0.323608 0.591453 0.738554
vn -0.030077 0.994715 0.098174
vn 0.501520 0.835694 0.223816
vn 0.482537 0.874106 0.055649
vn 0.480653 0.876911 0.000000
vn 0.481852 0.875842 -0.026829
vn 0.489275 0.861760 -0.134086
vn 0.519861 0.826865 -0.214565
vn 0.559171 0.643040 -0.523285
usemtl steel
f 895 896 905
f 895 905 904
f 896 897 906
f 896 906 905
f 897 898 907
f 897 907 906
f 898 899 908
f 898 908 907
f 899 900 909
f 899 909 908
f 900 901 910
f 900 910 909
f 901 902 911
f 901 911 910
f 911 912 903
f 911 903 902
f 904 905 914
f 904 914 913
f 905 906 915
f 905 915 914
f 906 907 916
f 906 916 915
f 907 908 917
f 907 917 916
f 908 909 918
f 908 918 917
f 909 910 919
f 909 919 918
f 910 911 920
f 910 920 919
f 911 912 921
f 911 921 920
f 913 914 923
f 913 923 922
f 914 915 924
f 914 924 923
f 915 916 925
f 915 925 924
f 916 917 926
f 916 926 925
f 917 918 927
f 917 927 926
f 918 919 928
f 918 928 927
f 919 920 929
f 919 929 928
f 920 921 930
f 920 930 929
f 922 923 932
f 922 932 931
f 923 924 933
f 923 933 932
f 924 925 934
f 924 934 933
f 925 926 935
f 925 935 934
f 926 927 936
f 926 936 935
f 927 928 937
f 927 937 936
f 928 929 938
f 928 938 937
f 929 930 939
f 929 939 938
f 931 932 941
f 931 941 940
f 932 933 942
f 932 942 941
f 933 934 943
f 933 943 942
f 934 935 944
f 934 944 943
f 935 936 945
f 935 945 944
f 936 937 946
f 936 946 945
f 937 938 947
f 937 947 946
f 938 939 948
f 938 948 947
f 940 941 950
f 940 950 949
f 941 942 951
f 941 951 950
f 942 943 952
f 942 952 951
f 943 944 953
f 943 953 952
f 944 945 954
f 944 954 953
f 945 946 955
f 945 955 954
f 946 947 956
f 946 956 955
f 947 948 957
f 947 957 956
f 949 950 959
f 949 959 958
f 950 951 960
f 950 960 959
f 951 952 961
f 951 961 960
f 952 953 962
f 952 962 961
f 953 954 963
f 953 963 962
f 954 955 964
f 954 964 963
f 955 956 965
f 955 965 964
f 956 957 966
f 956 966 965
f 958 959 968
f 958 968 967
f 959 960 969
f 959 969 968
f 960 961 970
f 960 970 969
f 961 962 971
f 961 971 970
f 962 963 972
f 962 972 971
f 963 964 973
f 963 973 972
f 964 965 974
f 964 974 973
f 965 966 975
f 965 975 974
f 976 985 986
f 976 986 977
f 978 987 986
f 978 986 977
f 979 988 987
f 979 987 978
f 980 989 988
f 980 988 979
f 981 990 989
f 981 989 980
f 982 991 990
f 982 990 981
f 983 992 991
f 983 991 982
f 984 993 992
f 984 992 983
f 986 995 994
f 986 994 985
f 987 996 995
f 987 995 986
f 988 997 996
f 988 996 987
f 989 998 997
f 989 997 988
f 990 999 998
f 990 998 989
f 991 1000 999
f 991 999 990
f 992 1001 1000
f 992 1000 991
f 993 1002 1001
f 993 1001 992
f 995 1004 1003
f 995 1003 994
f 996 1005 1004
f 996 1004 995
f 997 1006 1005
f 997 1005 996
f 998 1007 1006
f 998 1006 997
f 999 1008 1007
f 999 1007 998
f 1000 1009 1008
f 1000 1008 999
f 1001 1010 1009
f 1001 1009 1000
f 1002 1011 1010
f 1002 1010 1001
f 1004 1013 1012
f 1004 1012 1003
f 1005 1014 1013
f 1005 1013 1004
f 1006 1015 1014
f 1006 1014 1005
f 1007 1016 1015
f 1007 1015 1006
f 1008 1017 1016
f 1008 1016 1007
f 1009 1018 1017
f 1009 1017 1008
f 1010 1019 1018
f 1010 1018 1009
f 1011 1020 1019
f 1011 1019 1010
f 1013 1022 1021
f 1013 1021 1012
f 1014 1023 1022
f 1014 1022 1013
f 1015 1024 1023
f 1015 1023 1014
f 1016 1025 1024
f 1016 1024 1015
f 1017 1026 1025
f 1017 1025 1016
f 1018 1027 1026
f 1018 1026 1017
f 1019 1028 1027
f 1019 1027 1018
f 1020 1029 1028
f 1020 1028 1019
f 1022 1031 1030
f 1022 1030 1021
f 1023 1032 1031
f 1023 1031 1022
f 1023 1032 1033
f 1023 1033 1024
f 1025 1034 1033
f 1025 1033 1024
f 1026 1035 1034
f 1026 1034 1025
f 1027 1036 1035
f 1027 1035 1026
f 1028 1037 1036
f 1028 1036 1027
f 1029 1038 1037
f 1029 1037 1028
f 1031 1040 1039
f 1031 1039 1030
f 1031 1040 1041
f 1031 1041 1032
f 1033 1042 1041
f 1033 1041 1032
f 1034 1043 1042
f 1034 1042 1033
f 1035 1044 1043
f 1035 1043 1034
f 1036 1045 1044
f 1036 1044 1035
f 1037 1046 1045
f 1037 1045 1036
f 1038 1047 1046
f 1038 1046 1037
f 1039 1048 1049
f 1039 1049 1040
f 1041 1050 1049
f 1041 1049 1040
f 1042 1051 1050
f 1042 1050 1041
f 1043 1052 1051
f 1043 1051 1042
f 1044 1053 1052
f 1044 1052 1043
f 1045 1054 1053
f 1045 1053 1044
f 1046 1055 1054
f 1046 1054 1045
f 1047 1056 1055
f 1047 1055 1046
f 895 904 985
f 895 985 976
f 903 984 993
f 903 993 912
f 904 913 994
f 904 994 985
f 912 993 1002
f 912 1002 921
f 913 922 1003
f 913 1003 994
f 921 1002 1011
f 921 1011 930
f 922 931 1012
f 922 1012 1003
f 930 1011 1020
f 930 1020 939
f 931 940 1021
f 931 1021 1012
f 939 1020 1029
f 939 1029 948
f 940 949 1030
f 940 1030 1021
f 948 1029 1038
f 948 1038 957
f 949 958 1039
f 949 1039 1030
f 957 1038 1047
f 957 1047 966
f 958 967 1048
f 958 1048 1039
f 966 1047 1056
f 966 1056 975
f 895 976 977
f 895 977 896
f 967 968 1049
f 967 1049 1048
f 896 977 978
f 896 978 897
f 968 969 1050
f 968 1050 1049
f 897 978 979
f 897 979 898
f 969 970 1051
f 969 1051 1050
f 898 979 980
f 898 980 899
f 970 971 1052
f 970 1052 1051
f 899 980 981
f 899 981 900
f 971 972 1053
f 971 1053 1052
f 900 981 982
f 900 982 901
f 972 973 1054
f 972 1054 1053
f 901 982 983
f 901 983 902
f 973 974 1055
f 973 1055 1054
f 902 983 984
f 902 984 903
f 974 975 1056
f 974 1056 1055
o mirror_side_L
v -1.066144 1.725147 -0.134853
v -1.061228 1.709195 -0.115103
v -1.056589 1.694800 -0.083600
v -1.055000 1.690000 -0.042500
v -1.055000 1.690000 -0.000000
v -1.055000 1.690000 0.042500
v -1.056589 1.694800 0.083600
v -1.061228 1.709195 0.115103
v -1.066144 1.725147 0.134853
v -1.057502 1.780896 -0.166417
v -1.081250 1.780000 -0.127500
v -1.081250 1.780000 -0.085000
v -1.081250 1.780000 -0.042500
v -1.081250 1.780000 0.000000
v -1.081250 1.780000 0.042500
v -1.081250 1.780000 0.085000
v -1.081250 1.780000 0.127500
v -1.057502 1.780896 0.166417
v -1.055000 1.870000 -0.170000
v -1.081250 1.870000 -0.127500
v -1.100000 1.870000 -0.085000
v -1.100000 1.870000 -0.042500
v -1.100000 1.870000 0.000000
v -1.100000 1.870000 0.042500
v -1.100000 1.870000 0.085000
v -1.081250 1.870000 0.127500
v -1.055000 1.870000 0.170000
v -1.055000 1.960000 -0.170000
v -1.081250 1.960000 -0.127500
v -1.100000 1.960000 -0.085000
v -1.111250 1.960000 -0.042500
v -1.111250 1.960000 0.000000
v -1.111250 1.960000 0.042500
v -1.100000 1.960000 0.085000
v -1.081250 1.960000 0.127500
v -1.055000 1.960000 0.170000
v -1.055000 2.050000 -0.170000
v -1.081250 2.050000 -0.127500
v -1.100000 2.050000 -0.085000
v -1.111250 2.050000 -0.042500
v -1.115000 2.050000 0.000000
v -1.111250 2.050000 0.042500
v -1.100000 2.050000 0.085000
v -1.081250 2.050000 0.127500
v -1.055000 2.050000 0.170000
v -1.055000 2.140000 -0.170000
v -1.081250 2.140000 -0.127500
v -1.100000 2.140000 -0.085000
v -1.111250 2.140000 -0.042500
v -1.111250 2.140000 0.000000
v -1.111250 2.140000 0.042500
v -1.100000 2.140000 0.085000
v -1.081250 2.140000 0.127500
v -1.055000 2.140000 0.170000
v -1.055000 2.230000 -0.170000
v -1.081250 2.230000 -0.127500
v -1.100000 2.230000 -0.085000
v -1.100000 2.230000 -0.042500
v -1.100000 2.230000 0.000000
v -1.100000 2.230000 0.042500
v -1.100000 2.230000 0.085000
v -1.081250 2.230000 0.127500
v -1.055000 2.230000 0.170000
v -1.057502 2.319104 -0.166417
v -1.081250 2.320000 -0.127500
v -1.081250 2.320000 -0.085000
v -1.081250 2.320000 -0.042500
v -1.081250 2.320000 0.000000
v -1.081250 2.320000 0.042500
v -1.081250 2.320000 0.085000
v -1.081250 2.320000 0.127500
v -1.057502 2.319104 0.166417
v -1.066144 2.374853 -0.134853
v -1.061228 2.390805 -0.115103
v -1.056589 2.405200 -0.083600
v -1.055000 2.410000 -0.042500
v -1.055000 2.410000 -0.000000
v -1.055000 2.410000 0.042500
v -1.056589 2.405200 0.083600
v -1.061228 2.390805 0.115103
v -1.066144 2.374853 0.134853
v -1.028589 1.704668 -0.160742
v -1.013078 1.722633 -0.116123
v -1.008561 1.708694 -0.084046
v -1.007000 1.704000 -0.042609
v -1.007000 1.704000 -0.000000
v -1.007000 1.704000 0.042609
v -1.008561 1.708694 0.084046
v -1.013078 1.722633 0.116123
v -1.028589 1.704668 0.160742
v -1.014932 1.783941 -0.140370
v -1.033742 1.786990 -0.113566
v -1.032718 1.792025 -0.085000
v -1.032743 1.792127 -0.042500
v -1.032743 1.792127 -0.000000
v -1.032743 1.792127 0.042500
v -1.032718 1.792025 0.085000
v -1.033742 1.786990 0.113566
v -1.014932 1.783941 0.140370
v -1.012460 1.869931 -0.143725
v -1.037061 1.870000 -0.104106
v -1.051424 1.875060 -0.074285
v -1.050680 1.878220 -0.042500
v -1.050680 1.878220 -0.000000
v -1.050680 1.878220 0.042500
v -1.051424 1.875060 0.074285
v -1.037061 1.870000 0.104106
v -1.012460 1.869931 0.143725
v -1.012460 1.960000 -0.143725
v -1.037061 1.960000 -0.104106
v -1.052850 1.960000 -0.068359
v -1.061777 1.963092 -0.035952
v -1.061423 1.964152 -0.000000
v -1.061777 1.963092 0.035952
v -1.052850 1.960000 0.068359
v -1.037061 1.960000 0.104106
v -1.012460 1.960000 0.143725
v -1.012460 2.050000 -0.143725
v -1.037061 2.050000 -0.104106
v -1.052850 2.050000 -0.068359
v -1.062011 2.050000 -0.033811
v -1.065000 2.050000 -0.000000
v -1.062011 2.050000 0.033811
v -1.052850 2.050000 0.068359
v -1.037061 2.050000 0.104106
v -1.012460 2.050000 0.143725
v -1.012460 2.140000 -0.143725
v -1.037061 2.140000 -0.104106
v -1.052850 2.140000 -0.068359
v -1.061777 2.136908 -0.035952
v -1.061423 2.135848 -0.000000
v -1.061777 2.136908 0.035952
v -1.052850 2.140000 0.068359
v -1.037061 2.140000 0.104106
v -1.012460 2.140000 0.143725
v -1.012460 2.230069 -0.143725
v -1.037061 2.230000 -0.104106
v -1.051424 2.224940 -0.074285
v -1.050680 2.221780 -0.042500
v -1.050680 2.221780 -0.000000
v -1.050680 2.221780 0.042500
v -1.051424 2.224940 0.074285
v -1.037061 2.230000 0.104106
v -1.012460 2.230069 0.143725
v -1.014932 2.316059 -0.140370
v -1.033742 2.313010 -0.113566
v -1.032718 2.307975 -0.085000
v -1.032743 2.307873 -0.042500
v -1.032743 2.307873 -0.000000
v -1.032743 2.307873 0.042500
v -1.032718 2.307975 0.085000
v -1.033742 2.313010 0.113566
v -1.014932 2.316059 0.140370
v -1.028589 2.395332 -0.160742
v -1.013078 2.377367 -0.116123
v -1.008561 2.391306 -0.084046
v -1.007000 2.396000 -0.042609
v -1.007000 2.396000 -0.000000
v -1.007000 2.396000 0.042609
v -1.008561 2.391306 0.084046
v -1.013078 2.377367 0.116123
v -1.028589 2.395332 0.160742
vn -0.478011 -0.614273 -0.627833
vn -0.522152 -0.780468 -0.343842
vn -0.493497 -0.855811 -0.155074
vn -0.481777 -0.875854 -0.027742
vn -0.480833 -0.876812 0.000000
vn -0.483032 -0.873835 0.055611
vn -0.503430 -0.834493 0.224009
vn -0.053265 -0.975320 0.214275
vn 0.622532 -0.221521 0.750588
vn -0.242611 -0.177706 -0.953709
vn -0.956421 -0.157270 -0.246019
vn -0.970737 -0.240134 0.002418
vn -0.970318 -0.241832 0.000738
vn -0.970236 -0.242163 0.000000
vn -0.970236 -0.242163 0.000000
vn -0.975882 -0.207955 0.066396
vn -0.981841 -0.039440 0.185560
vn 0.523341 -0.144642 0.839758
vn -0.230216 -0.010878 -0.973079
vn -0.885377 0.000462 -0.464874
vn -0.979266 -0.090644 -0.181167
vn -0.986439 -0.164129 0.000000
vn -0.986439 -0.164129 0.000000
vn -0.988703 -0.143692 0.042652
vn -0.973231 -0.101857 0.206023
vn -0.913870 -0.031888 0.404753
vn -0.231101 -0.010825 0.972870
vn -0.230025 0.000000 -0.973185
vn -0.884958 0.000000 -0.465671
vn -0.943707 0.000000 -0.330781
vn -0.993717 -0.048684 -0.100776
vn -0.997000 -0.076004 0.014663
vn -0.989712 -0.061971 0.128954
vn -0.956720 -0.020238 0.290306
vn -0.884958 0.000000 0.465671
vn -0.230025 0.000000 0.973185
vn -0.230025 0.000000 -0.973185
vn -0.884958 0.000000 -0.465671
vn -0.943707 0.000000 -0.330781
vn -0.987397 0.006950 -0.158109
vn -1.000000 0.000000 -0.000000
vn -0.987397 -0.006950 0.158109
vn -0.943707 0.000000 0.330781
vn -0.884958 0.000000 0.465671
vn -0.230025 0.000000 0.973185
vn -0.230025 0.000000 -0.973185
vn -0.884958 0.000000 -0.465671
vn -0.956720 0.020238 -0.290306
vn -0.989712 0.061971 -0.128954
vn -0.997000 0.076004 -0.014663
vn -0.993717 0.048684 0.100776
vn -0.943707 0.000000 0.330781
vn -0.884958 0.000000 0.465671
vn -0.230025 0.000000 0.973185
vn -0.231443 0.022203 -0.972595
vn -0.913870 0.031888 -0.404753
vn -0.973231 0.101857 -0.206023
vn -0.988703 0.143692 -0.042652
vn -0.986439 0.164129 0.000000
vn -0.986439 0.164129 0.000000
vn -0.979266 0.090644 0.181167
vn -0.885377 -0.000462 0.464874
vn -0.230559 0.022246 0.972804
vn -0.571203 0.033590 -0.820121
vn -0.951750 0.150536 -0.267416
vn -0.975882 0.207955 -0.066396
vn -0.970236 0.242163 0.000000
vn -0.970236 0.242163 0.000000
vn -0.970318 0.241832 -0.000738
vn -0.970737 0.240134 -0.002418
vn -0.956421 0.157270 0.246019
vn -0.476171 0.082890 0.875437
vn -0.665329 0.720950 -0.193827
vn -0.519769 0.749431 -0.410115
vn -0.495207 0.854965 -0.154286
vn -0.482088 0.875685 -0.027690
vn -0.480833 0.876812 0.000000
vn -0.482721 0.874004 0.055652
vn -0.501700 0.835362 0.224650
vn -0.672743 0.731438 0.111420
vn -0.824894 0.374696 0.423265
vn 0.844299 -0.483879 -0.230263
vn 0.053475 -0.921189 -0.385424
vn -0.499053 -0.841416 -0.207278
vn -0.482846 -0.873939 -0.055587
vn -0.480653 -0.876911 0.000000
vn -0.481544 -0.876009 0.026902
vn -0.492412 -0.857189 0.150857
vn -0.495063 -0.868778 0.011755
vn -0.815425 -0.441407 0.374489
vn 0.207309 -0.204571 -0.956647
vn -0.946183 -0.188652 -0.262960
vn -0.976105 -0.212164 -0.046966
vn -0.969500 -0.244984 0.007207
vn -0.970184 -0.242369 -0.000000
vn -0.970266 -0.242039 -0.000731
vn -0.966495 -0.253976 -0.037184
vn -0.977993 -0.093284 0.186623
vn -0.412328 0.016572 0.910885
vn -0.220053 -0.016307 -0.975352
vn -0.913174 -0.028842 -0.406548
vn -0.974225 -0.099575 -0.202412
vn -0.988875 -0.145424 -0.031278
vn -0.986279 -0.165070 0.002242
vn -0.985283 -0.170192 -0.015858
vn -0.981003 -0.095449 0.168886
vn -0.873962 0.011016 0.485870
vn -0.229416 -0.021968 0.973081
vn -0.228876 0.000000 -0.973456
vn -0.881721 0.002143 -0.471766
vn -0.957357 -0.018870 -0.288291
vn -0.990069 -0.060481 -0.126905
vn -0.996872 -0.077608 -0.014913
vn -0.994293 -0.050312 0.094074
vn -0.940481 0.003617 0.339826
vn -0.884302 0.000000 0.466916
vn -0.228876 0.000000 0.973456
vn -0.228876 0.000000 -0.973456
vn -0.884302 0.000000 -0.466916
vn -0.943033 0.000621 -0.332700
vn -0.987350 -0.007401 -0.158386
vn -1.000000 -0.000000 -0.000000
vn -0.987350 0.007401 0.158386
vn -0.943033 -0.000621 0.332700
vn -0.884302 0.000000 0.466916
vn -0.228876 0.000000 0.973456
vn -0.228876 -0.000000 -0.973456
vn -0.884302 -0.000000 -0.466916
vn -0.868069 -0.046261 -0.494284
vn -0.999468 0.021003 -0.024951
vn -0.996872 0.077608 0.014913
vn -0.990069 0.060481 0.126905
vn -0.957357 0.018870 0.288291
vn -0.881721 -0.002143 0.471766
vn -0.228876 -0.000000 0.973456
vn -0.229061 0.010457 -0.973356
vn -0.753484 -0.076631 -0.652986
vn 0.540336 0.826466 -0.158089
vn -0.963925 0.249022 0.094008
vn -0.986279 0.165070 -0.002242
vn -0.988875 0.145424 0.031278
vn -0.974225 0.099575 0.202412
vn -0.913174 0.028842 0.406548
vn -0.219685 0.004897 0.975559
vn 0.435346 -0.057970 -0.898395
vn 0.966685 -0.187520 0.174231
vn -0.923699 0.347215 0.161933
vn -0.970266 0.242039 0.000731
vn -0.970184 0.242369 0.000000
vn -0.969500 0.244984 -0.007207
vn -0.976105 0.212164 0.046966
vn -0.952041 0.148183 0.267693
vn -0.289117 0.032790 0.956732
vn 0.323608 0.591453 -0.738554
vn 0.030077 0.994715 -0.098174
vn -0.501520 0.835694 -0.223816
vn -0.482537 0.874106 -0.055649
vn -0.480653 0.876911 -0.000000
vn -0.481852 0.875842 0.026829
vn -0.489275 0.861760 0.134086
vn -0.519861 0.826865 0.214565
vn -0.559171 0.643040 0.523285
usemtl steel
f 1057 1058 1067
f 1057 1067 1066
f 1058 1059 1068
f 1058 1068 1067
f 1059 1060 1069
f 1059 1069 1068
f 1060 1061 1070
f 1060 1070 1069
f 1061 1062 1071
f 1061 1071 1070
f 1062 1063 1072
f 1062 1072 1071
f 1063 1064 1073
f 1063 1073 1072
f 1073 1074 1065
f 1073 1065 1064
f 1066 1067 1076
f 1066 1076 1075
f 1067 1068 1077
f 1067 1077 1076
f 1068 1069 1078
f 1068 1078 1077
f 1069 1070 1079
f 1069 1079 1078
f 1070 1071 1080
f 1070 1080 1079
f 1071 1072 1081
f 1071 1081 1080
f 1072 1073 1082
f 1072 1082 1081
f 1073 1074 1083
f 1073 1083 1082
f 1075 1076 1085
f 1075 1085 1084
f 1076 1077 1086
f 1076 1086 1085
f 1077 1078 1087
f 1077 1087 1086
f 1078 1079 1088
f 1078 1088 1087
f 1079 1080 1089
f 1079 1089 1088
f 1080 1081 1090
f 1080 1090 1089
f 1081 1082 1091
f 1081 1091 1090
f 1082 1083 1092
f 1082 1092 1091
f 1084 1085 1094
f 1084 1094 1093
f 1085 1086 1095
f 1085 1095 1094
f 1086 1087 1096
f 1086 1096 1095
f 1087 1088 1097
f 1087 1097 1096
f 1088 1089 1098
f 1088 1098 1097
f 1089 1090 1099
f 1089 1099 1098
f 1090 1091 1100
f 1090 1100 1099
f 1091 1092 1101
f 1091 1101 1100
f 1093 1094 1103
f 1093 1103 1102
f 1094 1095 1104
f 1094 1104 1103
f 1095 1096 1105
f 1095 1105 1104
f 1096 1097 1106
f 1096 1106 1105
f 1097 1098 1107
f 1097 1107 1106
f 1098 1099 1108
f 1098 1108 1107
f 1099 1100 1109
f 1099 1109 1108
f 1100 1101 1110
f 1100 1110 1109
f 1102 1103 1112
f 1102 1112 1111
f 1103 1104 1113
f 1103 1113 1112
f 1104 1105 1114
f 1104 1114 1113
f 1105 1106 1115
f 1105 1115 1114
f 1106 1107 1116
f 1106 1116 1115
f 1107 1108 1117
f 1107 1117 1116
f 1108 1109 1118
f 1108 1118 1117
f 1109 1110 1119
f 1109 1119 1118
f 1111 1112 1121
f 1111 1121 1120
f 1112 1113 1122
f 1112 1122 1121
f 1113 1114 1123
f 1113 1123 1122
f 1114 1115 1124
f 1114 1124 1123
f 1115 1116 1125
f 1115 1125 1124
f 1116 1117 1126
f 1116 1126 1125
f 1117 1118 1127
f 1117 1127 1126
f 1118 1119 1128
f 1118 1128 1127
f 1120 1121 1130
f 1120 1130 1129
f 1121 1122 1131
f 1121 1131 1130
f 1122 1123 1132
f 1122 1132 1131
f 1123 1124 1133
f 1123 1133 1132
f 1124 1125 1134
f 1124 1134 1133
f 1125 1126 1135
f 1125 1135 1134
f 1126 1127 1136
f 1126 1136 1135
f 1127 1128 1137
f 1127 1137 1136
f 1138 1147 1148
f 1138 1148 1139
f 1140 1149 1148
f 1140 1148 1139
f 1141 1150 1149
f 1141 1149 1140
f 1142 1151 1150
f 1142 1150 1141
f 1143 1152 1151
f 1143 1151 1142
f 1144 1153 1152
f 1144 1152 1143
f 1145 1154 1153
f 1145 1153 1144
f 1146 1155 1154
f 1146 1154 1145
f 1148 1157 1156
f 1148 1156 1147
f 1149 1158 1157
f 1149 1157 1148
f 1150 1159 1158
f 1150 1158 1149
f 1151 1160 1159
f 1151 1159 1150
f 1152 1161 1160
f 1152 1160 1151
f 1153 1162 1161
f 1153 1161 1152
f 1154 1163 1162
f 1154 1162 1153
f 1155 1164 1163
f 1155 1163 1154
f 1157 1166 1165
f 1157 1165 1156
f 1158 1167 1166
f 1158 1166 1157
f 1159 1168 1167
f 1159 1167 1158
f 1160 1169 1168
f 1160 1168 1159
f 1161 1170 1169
f 1161 1169 1160
f 1162 1171 1170
f 1162 1170 1161
f 1163 1172 1171
f 1163 1171 1162
f 1164 1173 1172
f 1164 1172 1163
f 1166 1175 1174
f 1166 1174 1165
f 1167 1176 1175
f 1167 1175 1166
f 1168 1177 1176
f 1168 1176 1167
f 1169 1178 1177
f 1169 1177 1168
f 1170 1179 1178
f 1170 1178 1169
f 1171 1180 1179
f 1171 1179 1170
f 1172 1181 1180
f 1172 1180 1171
f 1173 1182 1181
f 1173 1181 1172
f 1175 1184 1183
f 1175 1183 1174
f 1176 1185 1184
f 1176 1184 1175
f 1177 1186 1185
f 1177 1185 1176
f 1178 1187 1186
f 1178 1186 1177
f 1179 1188 1187
f 1179 1187 1178
f 1180 1189 1188
f 1180 1188 1179
f 1181 1190 1189
f 1181 1189 1180
f 1182 1191 1190
f 1182 1190 1181
f 1184 1193 1192
f 1184 1192 1183
f 1185 1194 1193
f 1185 1193 1184
f 1185 1194 1195
f 1185 1195 1186
f 1187 1196 1195
f 1187 1195 1186
f 1188 1197 1196
f 1188 1196 1187
f 1189 1198 1197
f 1189 1197 1188
f 1190 1199 1198
f 1190 1198 1189
f 1191 1200 1199
f 1191 1199 1190
f 1193 1202 1201
f 1193 1201 1192
f 1193 1202 1203
f 1193 1203 1194
f 1195 1204 1203
f 1195 1203 1194
f 1196 1205 1204
f 1196 1204 1195
f 1197 1206 1205
f 1197 1205 1196
f 1198 1207 1206
f 1198 1206 1197
f 1199 1208 1207
f 1199 1207 1198
f 1200 1209 1208
f 1200 1208 1199
f 1201 1210 1211
f 1201 1211 1202
f 1203 1212 1211
f 1203 1211 1202
f 1204 1213 1212
f 1204 1212 1203
f 1205 1214 1213
f 1205 1213 1204
f 1206 1215 1214
f 1206 1214 1205
f 1207 1216 1215
f 1207 1215 1206
f 1208 1217 1216
f 1208 1216 1207
f 1209 1218 1217
f 1209 1217 1208
f 1057 1066 1147
f 1057 1147 1138
f 1065 1146 1155
f 1065 1155 1074
f 1066 1075 1156
f 1066 1156 1147
f 1074 1155 1164
f 1074 1164 1083
f 1075 1084 1165
f 1075 1165 1156
f 1083 1164 1173
f 1083 1173 1092
f 1084 1093 1174
f 1084 1174 1165
f 1092 1173 1182
f 1092 1182 1101
f 1093 1102 1183
f 1093 1183 1174
f 1101 1182 1191
f 1101 1191 1110
f 1102 1111 1192
f 1102 1192 1183
f 1110 1191 1200
f 1110 1200 1119
f 1111 1120 1201
f 1111 1201 1192
f 1119 1200 1209
f 1119 1209 1128
f 1120 1129 1210
f 1120 1210 1201
f 1128 1209 1218
f 1128 1218 1137
f 1057 1138 1139
f 1057 1139 1058
f 1129 1130 1211
f 1129 1211 1210
f 1058 1139 1140
f 1058 1140 1059
f 1130 1131 1212
f 1130 1212 1211
f 1059 1140 1141
f 1059 1141 1060
f 1131 1132 1213
f 1131 1213 1212
f 1060 1141 1142
f 1060 1142 1061
f 1132 1133 1214
f 1132 1214 1213
f 1061 1142 1143
f 1061 1143 1062
f 1133 1134 1215
f 1133 1215 1214
f 1062 1143 1144
f 1062 1144 1063
f 1134 1135 1216
f 1134 1216 1215
f 1063 1144 1145
f 1063 1145 1064
f 1135 1136 1217
f 1135 1217 1216
f 1064 1145 1146
f 1064 1146 1065
f 1136 1137 1218
f 1136 1218 1217
o fauld_front_0
v 0.969948 1.850000 0.403200
v 0.883346 2.020000 0.367200
v 0.917450 1.850000 0.462532
v 0.835535 2.020000 0.421235
v 0.857970 1.850000 0.518344
v 0.781365 2.020000 0.472063
v 0.791960 1.850000 0.570211
v 0.721249 2.020000 0.519299
v 0.719922 1.850000 0.617738
v 0.655643 2.020000 0.562583
v 0.642406 1.850000 0.660564
v 0.585048 2.020000 0.601585
v 0.560000 1.850000 0.698363
v 0.510000 2.020000 0.636009
v 0.473332 1.850000 0.730847
v 0.431071 2.020000 0.665592
v 0.383063 1.850000 0.757768
v 0.348861 2.020000 0.690110
v 0.289877 1.850000 0.778923
v 0.263995 2.020000 0.709376
v 0.194486 1.850000 0.794149
v 0.177121 2.020000 0.723243
v 0.097614 1.850000 0.803331
v 0.088899 2.020000 0.731605
v 0.000000 1.850000 0.806400
v 0.000000 2.020000 0.734400
v -0.097614 1.850000 0.803331
v -0.088899 2.020000 0.731605
v -0.194486 1.850000 0.794149
v -0.177121 2.020000 0.723243
v -0.289877 1.850000 0.778923
v -0.263995 2.020000 0.709376
v -0.383063 1.850000 0.757768
v -0.348861 2.020000 0.690110
v -0.473332 1.850000 0.730847
v -0.431071 2.020000 0.665592
v -0.560000 1.850000 0.698363
v -0.510000 2.020000 0.636009
v -0.642406 1.850000 0.660564
v -0.585048 2.020000 0.601585
v -0.719922 1.850000 0.617738
v -0.655643 2.020000 0.562583
v -0.791960 1.850000 0.570211
v -0.721249 2.020000 0.519299
v -0.857970 1.850000 0.518344
v -0.781365 2.020000 0.472063
v -0.917450 1.850000 0.462532
v -0.835535 2.020000 0.421235
v -0.969948 1.850000 0.403200
v -0.883346 2.020000 0.367200
vn 0.663952 0.462642 0.587478
vn 0.663952 0.462642 0.587478
vn 0.628694 0.455970 0.629949
vn 0.646580 0.459485 0.608941
vn 0.573357 0.445546 0.687569
vn 0.592059 0.448983 0.669238
vn 0.516185 0.435558 0.737456
vn 0.535401 0.438819 0.721654
vn 0.457937 0.426257 0.780127
vn 0.477438 0.429265 0.766671
vn 0.399165 0.417826 0.816143
vn 0.418789 0.420527 0.804843
vn 0.340244 0.410394 0.846056
vn 0.359884 0.412751 0.836732
vn 0.281408 0.404050 0.870375
vn 0.301000 0.406037 0.862863
vn 0.222780 0.398848 0.889544
vn 0.242294 0.400450 0.883704
vn 0.164400 0.394825 0.903928
vn 0.183831 0.396031 0.899647
vn 0.106246 0.391998 0.913810
vn 0.125606 0.392805 0.911003
vn 0.048259 0.390380 0.919388
vn 0.067572 0.390784 0.917999
vn -0.009648 0.389975 0.920775
vn 0.009648 0.389975 0.920775
vn -0.067572 0.390784 0.917999
vn -0.048259 0.390380 0.919388
vn -0.125606 0.392805 0.911003
vn -0.106246 0.391998 0.913810
vn -0.183831 0.396031 0.899647
vn -0.164400 0.394825 0.903928
vn -0.242294 0.400450 0.883704
vn -0.222780 0.398848 0.889544
vn -0.301000 0.406037 0.862863
vn -0.281408 0.404050 0.870375
vn -0.359884 0.412751 0.836732
vn -0.340244 0.410394 0.846056
vn -0.418789 0.420527 0.804843
vn -0.399165 0.417826 0.816143
vn -0.477438 0.429265 0.766671
vn -0.457937 0.426257 0.780127
vn -0.535401 0.438819 0.721654
vn -0.516185 0.435558 0.737456
vn -0.592059 0.448983 0.669238
vn -0.573357 0.445546 0.687569
vn -0.646580 0.459485 0.608941
vn -0.628694 0.455970 0.629949
vn -0.663952 0.462642 0.587478
vn -0.663952 0.462642 0.587478
usemtl mail
f 1219 1220 1222
f 1219 1222 1221
f 1221 1222 1224
f 1221 1224 1223
f 1223 1224 1226
f 1223 1226 1225
f 1225 1226 1228
f 1225 1228 1227
f 1227 1228 1230
f 1227 1230 1229
f 1229 1230 1232
f 1229 1232 1231
f 1231 1232 1234
f 1231 1234 1233
f 1233 1234 1236
f 1233 1236 1235
f 1235 1236 1238
f 1235 1238 1237
f 1237 1238 1240
f 1237 1240 1239
f 1239 1240 1242
f 1239 1242 1241
f 1241 1242 1244
f 1241 1244 1243
f 1243 1244 1246
f 1243 1246 1245
f 1245 1246 1248
f 1245 1248 1247
f 1247 1248 1250
f 1247 1250 1249
f 1249 1250 1252
f 1249 1252 1251
f 1251 1252 1254
f 1251 1254 1253
f 1253 1254 1256
f 1253 1256 1255
f 1255 1256 1258
f 1255 1258 1257
f 1257 1258 1260
f 1257 1260 1259
f 1259 1260 1262
f 1259 1262 1261
f 1261 1262 1264
f 1261 1264 1263
f 1263 1264 1266
f 1263 1266 1265
f 1265 1266 1268
f 1265 1268 1267
o fauld_front_1
v 1.056551 1.650000 0.439200
v 0.969948 1.820000 0.403200
v 0.999365 1.650000 0.503830
v 0.917450 1.820000 0.462532
v 0.934574 1.650000 0.564625
v 0.857970 1.820000 0.518344
v 0.862670 1.650000 0.621123
v 0.791960 1.820000 0.570211
v 0.784201 1.650000 0.672893
v 0.719922 1.820000 0.617738
v 0.699763 1.650000 0.719543
v 0.642406 1.820000 0.660564
v 0.610000 1.650000 0.760717
v 0.560000 1.820000 0.698363
v 0.515594 1.650000 0.796101
v 0.473332 1.820000 0.730847
v 0.417265 1.650000 0.825426
v 0.383063 1.820000 0.757768
v 0.315759 1.650000 0.848469
v 0.289877 1.820000 0.778923
v 0.211851 1.650000 0.865055
v 0.194486 1.820000 0.794149
v 0.106330 1.650000 0.875057
v 0.097614 1.820000 0.803331
v 0.000000 1.650000 0.878400
v 0.000000 1.820000 0.806400
v -0.106330 1.650000 0.875057
v -0.097614 1.820000 0.803331
v -0.211851 1.650000 0.865055
v -0.194486 1.820000 0.794149
v -0.315759 1.650000 0.848469
v -0.289877 1.820000 0.778923
v -0.417265 1.650000 0.825426
v -0.383063 1.820000 0.757768
v -0.515594 1.650000 0.796101
v -0.473332 1.820000 0.730847
v -0.610000 1.650000 0.760717
v -0.560000 1.820000 0.698363
v -0.699763 1.650000 0.719543
v -0.642406 1.820000 0.660564
v -0.784201 1.650000 0.672893
v -0.719922 1.820000 0.617738
v -0.862670 1.650000 0.621123
v -0.791960 1.820000 0.570211
v -0.934574 1.650000 0.564625
v -0.857970 1.820000 0.518344
v -0.999365 1.650000 0.503830
v -0.917450 1.820000 0.462532
v -1.056551 1.650000 0.439200
v -0.969948 1.820000 0.403200
vn 0.663952 0.462642 0.587478
vn 0.663952 0.462642 0.587478
vn 0.628694 0.455970 0.629949
vn 0.646580 0.459485 0.608941
vn 0.573357 0.445546 0.687569
vn 0.592059 0.448983 0.669238
vn 0.516185 0.435558 0.737456
vn 0.535401 0.438819 0.721654
vn 0.457937 0.426257 0.780127
vn 0.477438 0.429265 0.766671
vn 0.399165 0.417826 0.816143
vn 0.418789 0.420527 0.804843
vn 0.340244 0.410394 0.846056
vn 0.359884 0.412751 0.836732
vn 0.281408 0.404050 0.870375
vn 0.301000 0.406037 0.862863
vn 0.222780 0.398848 0.889544
vn 0.242294 0.400450 0.883704
vn 0.164400 0.394825 0.903928
vn 0.183831 0.396031 0.899647
vn 0.106246 0.391998 0.913810
vn 0.125606 0.392805 0.911003
vn 0.048259 0.390380 0.919388
vn 0.067572 0.390784 0.917999
vn -0.009648 0.389975 0.920775
vn 0.009648 0.389975 0.920775
vn -0.067572 0.390784 0.917999
vn -0.048259 0.390380 0.919388
vn -0.125606 0.392805 0.911003
vn -0.106246 0.391998 0.913810
vn -0.183831 0.396031 0.899647
vn -0.164400 0.394825 0.903928
vn -0.242294 0.400450 0.883704
vn -0.222780 0.398848 0.889544
vn -0.301000 0.406037 0.862863
vn -0.281408 0.404050 0.870375
vn -0.359884 0.412751 0.836732
vn -0.340244 0.410394 0.846056
vn -0.418789 0.420527 0.804843
vn -0.399165 0.417826 0.816143
vn -0.477438 0.429265 0.766671
vn -0.457937 0.426257 0.780127
vn -0.535401 0.438819 0.721654
vn -0.516185 0.435558 0.737456
vn -0.592059 0.448983 0.669238
vn -0.573357 0.445546 0.687569
vn -0.646580 0.459485 0.608941
vn -0.628694 0.455970 0.629949
vn -0.663952 0.462642 0.587478
vn -0.663952 0.462642 0.587478
usemtl mail
f 1269 1270 1272
f 1269 1272 1271
f 1271 1272 1274
f 1271 1274 1273
f 1273 1274 1276
f 1273 1276 1275
f 1275 1276 1278
f 1275 1278 1277
f 1277 1278 1280
f 1277 1280 1279
f 1279 1280 1282
f 1279 1282 1281
f 1281 1282 1284
f 1281 1284 1283
f 1283 1284 1286
f 1283 1286 1285
f 1285 1286 1288
f 1285 1288 1287
f 1287 1288 1290
f 1287 1290 1289
f 1289 1290 1292
f 1289 1292 1291
f 1291 1292 1294
f 1291 1294 1293
f 1293 1294 1296
f 1293 1296 1295
f 1295 1296 1298
f 1295 1298 1297
f 1297 1298 1300
f 1297 1300 1299
f 1299 1300 1302
f 1299 1302 1301
f 1301 1302 1304
f 1301 1304 1303
f 1303 1304 1306
f 1303 1306 1305
f 1305 1306 1308
f 1305 1308 1307
f 1307 1308 1310
f 1307 1310 1309
f 1309 1310 1312
f 1309 1312 1311
f 1311 1312 1314
f 1311 1314 1313
f 1313 1314 1316
f 1313 1316 1315
f 1315 1316 1318
f 1315 1318 1317
o fauld_front_2
v 1.143154 1.450000 0.475200
v 1.056551 1.620000 0.439200
v 1.081281 1.450000 0.545127
v 0.999365 1.620000 0.503830
v 1.011179 1.450000 0.610905
v 0.934574 1.620000 0.564625
v 0.933381 1.450000 0.672034
v 0.862670 1.620000 0.621123
v 0.848480 1.450000 0.728049
v 0.784201 1.620000 0.672893
v 0.757121 1.450000 0.778522
v 0.699763 1.620000 0.719543
v 0.660000 1.450000 0.823071
v 0.610000 1.620000 0.760717
v 0.557856 1.450000 0.861355
v 0.515594 1.620000 0.796101
v 0.451467 1.450000 0.893084
v 0.417265 1.620000 0.825426
v 0.341641 1.450000 0.918016
v 0.315759 1.620000 0.848469
v 0.229216 1.450000 0.935961
v 0.211851 1.620000 0.865055
v 0.115046 1.450000 0.946783
v 0.106330 1.620000 0.875057
v 0.000000 1.450000 0.950400
v 0.000000 1.620000 0.878400
v -0.115046 1.450000 0.946783
v -0.106330 1.620000 0.875057
v -0.229216 1.450000 0.935961
v -0.211851 1.620000 0.865055
v -0.341641 1.450000 0.918016
v -0.315759 1.620000 0.848469
v -0.451467 1.450000 0.893084
v -0.417265 1.620000 0.825426
v -0.557856 1.450000 0.861355
v -0.515594 1.620000 0.796101
v -0.660000 1.450000 0.823071
v -0.610000 1.620000 0.760717
v -0.757121 1.450000 0.778522
v -0.699763 1.620000 0.719543
v -0.848480 1.450000 0.728049
v -0.784201 1.620000 0.672893
v -0.933381 1.450000 0.672034
v -0.862670 1.620000 0.621123
v -1.011179 1.450000 0.610905
v -0.934574 1.620000 0.564625
v -1.081281 1.450000 0.545127
v -0.999365 1.620000 0.503830
v -1.143154 1.450000 0.475200
v -1.056551 1.620000 0.439200
vn 0.663952 0.462642 0.587478
vn 0.663952 0.462642 0.587478
vn 0.628694 0.455970 0.629949
vn 0.646580 0.459485 0.608941
vn 0.573357 0.445546 0.687569
vn 0.592059 0.448983 0.669238
vn 0.516185 0.435558 0.737456
vn 0.535401 0.438819 0.721654
vn 0.457937 0.426257 0.780127
vn 0.477438 0.429265 0.766671
vn 0.399165 0.417826 0.816143
vn 0.418789 0.420527 0.804843
vn 0.340244 0.410394 0.846056
vn 0.359884 0.412751 0.836732
vn 0.281408 0.404050 0.870375
vn 0.301000 0.406037 0.862863
vn 0.222780 0.398848 0.889544
vn 0.242294 0.400450 0.883704
vn 0.164400 0.394825 0.903928
vn 0.183831 0.396031 0.899647
vn 0.106246 0.391998 0.913810
vn 0.125606 0.392805 0.911003
vn 0.048259 0.390380 0.919388
vn 0.067572 0.390784 0.917999
vn -0.009648 0.389975 0.920775
vn 0.009648 0.389975 0.920775
vn -0.067572 0.390784 0.917999
vn -0.048259 0.390380 0.919388
vn -0.125606 0.392805 0.911003
vn -0.106246 0.391998 0.913810
vn -0.183831 0.396031 0.899647
vn -0.164400 0.394825 0.903928
vn -0.242294 0.400450 0.883704
vn -0.222780 0.398848 0.889544
vn -0.301000 0.406037 0.862863
vn -0.281408 0.404050 0.870375
vn -0.359884 0.412751 0.836732
vn -0.340244 0.410394 0.846056
vn -0.418789 0.420527 0.804843
vn -0.399165 0.417826 0.816143
vn -0.477438 0.429265 0.766671
vn -0.457937 0.426257 0.780127
vn -0.535401 0.438819 0.721654
vn -0.516185 0.435558 0.737456
vn -0.592059 0.448983 0.669238
vn -0.573357 0.445546 0.687569
vn -0.646580 0.459485 0.608941
vn -0.628694 0.455970 0.629949
vn -0.663952 0.462642 0.587478
vn -0.663952 0.462642 0.587478
usemtl mail
f 1319 1320 1322
f 1319 1322 1321
f 1321 1322 1324
f 1321 1324 1323
f 1323 1324 1326
f 1323 1326 1325
f 1325 1326 1328
f 1325 1328 1327
f 1327 1328 1330
f 1327 1330 1329
f 1329 1330 1332
f 1329 1332 1331
f 1331 1332 1334
f 1331 1334 1333
f 1333 1334 1336
f 1333 1336 1335
f 1335 1336 1338
f 1335 1338 1337
f 1337 1338 1340
f 1337 1340 1339
f 1339 1340 1342
f 1339 1342 1341
f 1341 1342 1344
f 1341 1344 1343
f 1343 1344 1346
f 1343 1346 1345
f 1345 1346 1348
f 1345 1348 1347
f 1347 1348 1350
f 1347 1350 1349
f 1349 1350 1352
f 1349 1352 1351
f 1351 1352 1354
f 1351 1354 1353
f 1353 1354 1356
f 1353 1356 1355
f 1355 1356 1358
f 1355 1358 1357
f 1357 1358 1360
f 1357 1360 1359
f 1359 1360 1362
f 1359 1362 1361
f 1361 1362 1364
f 1361 1364 1363
f 1363 1364 1366
f 1363 1366 1365
f 1365 1366 1368
f 1365 1368 1367
o fauld_back_0
v -0.935307 1.830000 -0.388800
v -0.866025 1.980000 -0.360000
v -0.884684 1.830000 -0.446013
v -0.819152 1.980000 -0.412975
v -0.827328 1.830000 -0.499832
v -0.766044 1.980000 -0.462807
v -0.763675 1.830000 -0.549846
v -0.707107 1.980000 -0.509117
v -0.694211 1.830000 -0.595676
v -0.642788 1.980000 -0.551552
v -0.619463 1.830000 -0.636973
v -0.573576 1.980000 -0.589789
v -0.540000 1.830000 -0.673421
v -0.500000 1.980000 -0.623538
v -0.456428 1.830000 -0.704745
v -0.422618 1.980000 -0.652542
v -0.369382 1.830000 -0.730705
v -0.342020 1.980000 -0.676579
v -0.279525 1.830000 -0.751104
v -0.258819 1.980000 -0.695467
v -0.187540 1.830000 -0.765787
v -0.173648 1.980000 -0.709062
v -0.094128 1.830000 -0.774641
v -0.087156 1.980000 -0.717260
v -0.000000 1.830000 -0.777600
v -0.000000 1.980000 -0.720000
v 0.094128 1.830000 -0.774641
v 0.087156 1.980000 -0.717260
v 0.187540 1.830000 -0.765787
v 0.173648 1.980000 -0.709062
v 0.279525 1.830000 -0.751104
v 0.258819 1.980000 -0.695467
v 0.369382 1.830000 -0.730705
v 0.342020 1.980000 -0.676579
v 0.456428 1.830000 -0.704745
v 0.422618 1.980000 -0.652542
v 0.540000 1.830000 -0.673421
v 0.500000 1.980000 -0.623538
v 0.619463 1.830000 -0.636973
v 0.573576 1.980000 -0.589789
v 0.694211 1.830000 -0.595676
v 0.642788 1.980000 -0.551552
v 0.763675 1.830000 -0.549846
v 0.707107 1.980000 -0.509117
v 0.827328 1.830000 -0.499832
v 0.766044 1.980000 -0.462807
v 0.884684 1.830000 -0.446013
v 0.819152 1.980000 -0.412975
v 0.935307 1.830000 -0.388800
v 0.866025 1.980000 -0.360000
vn -0.676970 0.427686 -0.598996
vn -0.676970 0.427686 -0.598996
vn -0.640668 0.421282 -0.641924
vn -0.659090 0.424655 -0.620700
vn -0.583772 0.411294 -0.700034
vn -0.602984 0.414584 -0.681565
vn -0.525136 0.401748 -0.750221
vn -0.544827 0.404861 -0.734337
vn -0.465534 0.392878 -0.793048
vn -0.485474 0.395744 -0.779552
vn -0.405522 0.384855 -0.829119
vn -0.425547 0.387424 -0.817810
vn -0.345467 0.377796 -0.859024
vn -0.365474 0.380033 -0.849708
vn -0.285593 0.371779 -0.883299
vn -0.305521 0.373663 -0.875804
vn -0.226007 0.366853 -0.902408
vn -0.245832 0.368369 -0.896588
vn -0.166732 0.363045 -0.916733
vn -0.186454 0.364187 -0.912471
vn -0.107732 0.360373 -0.926566
vn -0.127369 0.361136 -0.923774
vn -0.048928 0.358844 -0.932114
vn -0.068510 0.359226 -0.930733
vn 0.009782 0.358461 -0.933493
vn -0.009782 0.358461 -0.933493
vn 0.068510 0.359226 -0.930733
vn 0.048928 0.358844 -0.932114
vn 0.127369 0.361136 -0.923774
vn 0.107732 0.360373 -0.926566
vn 0.186454 0.364187 -0.912471
vn 0.166732 0.363045 -0.916733
vn 0.245832 0.368369 -0.896588
vn 0.226007 0.366853 -0.902408
vn 0.305521 0.373663 -0.875804
vn 0.285593 0.371779 -0.883299
vn 0.365474 0.380033 -0.849708
vn 0.345467 0.377796 -0.859024
vn 0.425547 0.387424 -0.817810
vn 0.405522 0.384855 -0.829119
vn 0.485474 0.395744 -0.779552
vn 0.465534 0.392878 -0.793048
vn 0.544827 0.404861 -0.734337
vn 0.525136 0.401748 -0.750221
vn 0.602984 0.414584 -0.681565
vn 0.583772 0.411294 -0.700034
vn 0.659090 0.424655 -0.620700
vn 0.640668 0.421282 -0.641924
vn 0.676970 0.427686 -0.598996
vn 0.676970 0.427686 -0.598996
usemtl mail
f 1369 1370 1372
f 1369 1372 1371
f 1371 1372 1374
f 1371 1374 1373
f 1373 1374 1376
f 1373 1376 1375
f 1375 1376 1378
f 1375 1378 1377
f 1377 1378 1380
f 1377 1380 1379
f 1379 1380 1382
f 1379 1382 1381
f 1381 1382 1384
f 1381 1384 1383
f 1383 1384 1386
f 1383 1386 1385
f 1385 1386 1388
f 1385 1388 1387
f 1387 1388 1390
f 1387 1390 1389
f 1389 1390 1392
f 1389 1392 1391
f 1391 1392 1394
f 1391 1394 1393
f 1393 1394 1396
f 1393 1396 1395
f 1395 1396 1398
f 1395 1398 1397
f 1397 1398 1400
f 1397 1400 1399
f 1399 1400 1402
f 1399 1402 1401
f 1401 1402 1404
f 1401 1404 1403
f 1403 1404 1406
f 1403 1406 1405
f 1405 1406 1408
f 1405 1408 1407
f 1407 1408 1410
f 1407 1410 1409
f 1409 1410 1412
f 1409 1412 1411
f 1411 1412 1414
f 1411 1414 1413
f 1413 1414 1416
f 1413 1416 1415
f 1415 1416 1418
f 1415 1418 1417
o fauld_back_1
v -1.004589 1.650000 -0.417600
v -0.935307 1.800000 -0.388800
v -0.950216 1.650000 -0.479051
v -0.884684 1.800000 -0.446013
v -0.888612 1.650000 -0.536856
v -0.827328 1.800000 -0.499832
v -0.820244 1.650000 -0.590576
v -0.763675 1.800000 -0.549846
v -0.745634 1.650000 -0.639800
v -0.694211 1.800000 -0.595676
v -0.665349 1.650000 -0.684156
v -0.619463 1.800000 -0.636973
v -0.580000 1.650000 -0.723304
v -0.540000 1.800000 -0.673421
v -0.490237 1.650000 -0.756948
v -0.456428 1.800000 -0.704745
v -0.396743 1.650000 -0.784831
v -0.369382 1.800000 -0.730705
v -0.300230 1.650000 -0.806741
v -0.279525 1.800000 -0.751104
v -0.201432 1.650000 -0.822511
v -0.187540 1.800000 -0.765787
v -0.101101 1.650000 -0.832022
v -0.094128 1.800000 -0.774641
v -0.000000 1.650000 -0.835200
v -0.000000 1.800000 -0.777600
v 0.101101 1.650000 -0.832022
v 0.094128 1.800000 -0.774641
v 0.201432 1.650000 -0.822511
v 0.187540 1.800000 -0.765787
v 0.300230 1.650000 -0.806741
v 0.279525 1.800000 -0.751104
v 0.396743 1.650000 -0.784831
v 0.369382 1.800000 -0.730705
v 0.490237 1.650000 -0.756948
v 0.456428 1.800000 -0.704745
v 0.580000 1.650000 -0.723304
v 0.540000 1.800000 -0.673421
v 0.665349 1.650000 -0.684156
v 0.619463 1.800000 -0.636973
v 0.745634 1.650000 -0.639800
v 0.694211 1.800000 -0.595676
v 0.820244 1.650000 -0.590576
v 0.763675 1.800000 -0.549846
v 0.888612 1.650000 -0.536856
v 0.827328 1.800000 -0.499832
v 0.950216 1.650000 -0.479051
v 0.884684 1.800000 -0.446013
v 1.004589 1.650000 -0.417600
v 0.935307 1.800000 -0.388800
vn -0.676970 0.427686 -0.598996
vn -0.676970 0.427686 -0.598996
vn -0.640668 0.421282 -0.641924
vn -0.659090 0.424655 -0.620700
vn -0.583772 0.411294 -0.700034
vn -0.602984 0.414584 -0.681565
vn -0.525136 0.401748 -0.750221
vn -0.544827 0.404861 -0.734337
vn -0.465534 0.392878 -0.793048
vn -0.485474 0.395744 -0.779552
vn -0.405522 0.384855 -0.829119
vn -0.425547 0.387424 -0.817810
vn -0.345467 0.377796 -0.859024
vn -0.365474 0.380033 -0.849708
vn -0.285593 0.371779 -0.883299
vn -0.305521 0.373663 -0.875804
vn -0.226007 0.366853 -0.902408
vn -0.245832 0.368369 -0.896588
vn -0.166732 0.363045 -0.916733
vn -0.186454 0.364187 -0.912471
vn -0.107732 0.360373 -0.926566
vn -0.127369 0.361136 -0.923774
vn -0.048928 0.358844 -0.932114
vn -0.068510 0.359226 -0.930733
vn 0.009782 0.358461 -0.933493
vn -0.009782 0.358461 -0.933493
vn 0.068510 0.359226 -0.930733
vn 0.048928 0.358844 -0.932114
vn 0.127369 0.361136 -0.923774
vn 0.107732 0.360373 -0.926566
vn 0.186454 0.364187 -0.912471
vn 0.166732 0.363045 -0.916733
vn 0.245832 0.368369 -0.896588
vn 0.226007 0.366853 -0.902408
vn 0.305521 0.373663 -0.875804
vn 0.285593 0.371779 -0.883299
vn 0.365474 0.380033 -0.849708
vn 0.345467 0.377796 -0.859024
vn 0.425547 0.387424 -0.817810
vn 0.405522 0.384855 -0.829119
vn 0.485474 0.395744 -0.779552
vn 0.465534 0.392878 -0.793048
vn 0.544827 0.404861 -0.734337
vn 0.525136 0.401748 -0.750221
vn 0.602984 0.414584 -0.681565
vn 0.583772 0.411294 -0.700034
vn 0.659090 0.424655 -0.620700
vn 0.640668 0.421282 -0.641924
vn 0.676970 0.427686 -0.598996
vn 0.676970 0.427686 -0.598996
usemtl mail
f 1419 1420 1422
f 1419 1422 1421
f 1421 1422 1424
f 1421 1424 1423
f 1423 1424 1426
f 1423 1426 1425
f 1425 1426 1428
f 1425 1428 1427
f 1427 1428 1430
f 1427 1430 1429
f 1429 1430 1432
f 1429 1432 1431
f 1431 1432 1434
f 1431 1434 1433
f 1433 1434 1436
f 1433 1436 1435
f 1435 1436 1438
f 1435 1438 1437
f 1437 1438 1440
f 1437 1440 1439
f 1439 1440 1442
f 1439 1442 1441
f 1441 1442 1444
f 1441 1444 1443
f 1443 1444 1446
f 1443 1446 1445
f 1445 1446 1448
f 1445 1448 1447
f 1447 1448 1450
f 1447 1450 1449
f 1449 1450 1452
f 1449 1452 1451
f 1451 1452 1454
f 1451 1454 1453
f 1453 1454 1456
f 1453 1456 1455
f 1455 1456 1458
f 1455 1458 1457
f 1457 1458 1460
f 1457 1460 1459
f 1459 1460 1462
f 1459 1462 1461
f 1461 1462 1464
f 1461 1464 1463
f 1463 1464 1466
f 1463 1466 1465
f 1465 1466 1468
f 1465 1468 1467
o kulah_skull
v 0.700000 3.240000 0.000000
v 0.676148 3.240000 0.181173
v 0.606218 3.240000 0.350000
v 0.494975 3.240000 0.494975
v 0.350000 3.240000 0.606218
v 0.181173 3.240000 0.676148
v 0.000000 3.240000 0.700000
v -0.181173 3.240000 0.676148
v -0.350000 3.240000 0.606218
v -0.494975 3.240000 0.494975
v -0.606218 3.240000 0.350000
v -0.676148 3.240000 0.181173
v -0.700000 3.240000 0.000000
v -0.676148 3.240000 -0.181173
v -0.606218 3.240000 -0.350000
v -0.494975 3.240000 -0.494975
v -0.350000 3.240000 -0.606218
v -0.181173 3.240000 -0.676148
v -0.000000 3.240000 -0.700000
v 0.181173 3.240000 -0.676148
v 0.350000 3.240000 -0.606218
v 0.494975 3.240000 -0.494975
v 0.606218 3.240000 -0.350000
v 0.676148 3.240000 -0.181173
v 0.700000 3.240000 -0.000000
v 0.694011 3.307874 0.000000
v 0.670364 3.307874 0.179623
v 0.601032 3.307874 0.347006
v 0.490740 3.307874 0.490740
v 0.347006 3.307874 0.601032
v 0.179623 3.307874 0.670364
v 0.000000 3.307874 0.694011
v -0.179623 3.307874 0.670364
v -0.347006 3.307874 0.601032
v -0.490740 3.307874 0.490740
v -0.601032 3.307874 0.347006
v -0.670364 3.307874 0.179623
v -0.694011 3.307874 0.000000
v -0.670364 3.307874 -0.179623
v -0.601032 3.307874 -0.347006
v -0.490740 3.307874 -0.490740
v -0.347006 3.307874 -0.601032
v -0.179623 3.307874 -0.670364
v -0.000000 3.307874 -0.694011
v 0.179623 3.307874 -0.670364
v 0.347006 3.307874 -0.601032
v 0.490740 3.307874 -0.490740
v 0.601032 3.307874 -0.347006
v 0.670364 3.307874 -0.179623
v 0.694011 3.307874 -0.000000
v 0.676148 3.374586 0.000000
v 0.653109 3.374586 0.175000
v 0.585561 3.374586 0.338074
v 0.478109 3.374586 0.478109
v 0.338074 3.374586 0.585561
v 0.175000 3.374586 0.653109
v 0.000000 3.374586 0.676148
v -0.175000 3.374586 0.653109
v -0.338074 3.374586 0.585561
v -0.478109 3.374586 0.478109
v -0.585561 3.374586 0.338074
v -0.653109 3.374586 0.175000
v -0.676148 3.374586 0.000000
v -0.653109 3.374586 -0.175000
v -0.585561 3.374586 -0.338074
v -0.478109 3.374586 -0.478109
v -0.338074 3.374586 -0.585561
v -0.175000 3.374586 -0.653109
v -0.000000 3.374586 -0.676148
v 0.175000 3.374586 -0.653109
v 0.338074 3.374586 -0.585561
v 0.478109 3.374586 -0.478109
v 0.585561 3.374586 -0.338074
v 0.653109 3.374586 -0.175000
v 0.676148 3.374586 -0.000000
v 0.646716 3.438995 0.000000
v 0.624679 3.438995 0.167382
v 0.560072 3.438995 0.323358
v 0.457297 3.438995 0.457297
v 0.323358 3.438995 0.560072
v 0.167382 3.438995 0.624679
v 0.000000 3.438995 0.646716
v -0.167382 3.438995 0.624679
v -0.323358 3.438995 0.560072
v -0.457297 3.438995 0.457297
v -0.560072 3.438995 0.323358
v -0.624679 3.438995 0.167382
v -0.646716 3.438995 0.000000
v -0.624679 3.438995 -0.167382
v -0.560072 3.438995 -0.323358
v -0.457297 3.438995 -0.457297
v -0.323358 3.438995 -0.560072
v -0.167382 3.438995 -0.624679
v -0.000000 3.438995 -0.646716
v 0.167382 3.438995 -0.624679
v 0.323358 3.438995 -0.560072
v 0.457297 3.438995 -0.457297
v 0.560072 3.438995 -0.323358
v 0.624679 3.438995 -0.167382
v 0.646716 3.438995 -0.000000
v 0.606218 3.500000 0.000000
v 0.585561 3.500000 0.156901
v 0.525000 3.500000 0.303109
v 0.428661 3.500000 0.428661
v 0.303109 3.500000 0.525000
v 0.156901 3.500000 0.585561
v 0.000000 3.500000 0.606218
v -0.156901 3.500000 0.585561
v -0.303109 3.500000 0.525000
v -0.428661 3.500000 0.428661
v -0.525000 3.500000 0.303109
v -0.585561 3.500000 0.156901
v -0.606218 3.500000 0.000000
v -0.585561 3.500000 -0.156901
v -0.525000 3.500000 -0.303109
v -0.428661 3.500000 -0.428661
v -0.303109 3.500000 -0.525000
v -0.156901 3.500000 -0.585561
v -0.000000 3.500000 -0.606218
v 0.156901 3.500000 -0.585561
v 0.303109 3.500000 -0.525000
v 0.428661 3.500000 -0.428661
v 0.525000 3.500000 -0.303109
v 0.585561 3.500000 -0.156901
v 0.606218 3.500000 -0.000000
v 0.555347 3.556556 0.000000
v 0.536424 3.556556 0.143734
v 0.480945 3.556556 0.277674
v 0.392690 3.556556 0.392690
v 0.277674 3.556556 0.480945
v 0.143734 3.556556 0.536424
v 0.000000 3.556556 0.555347
v -0.143734 3.556556 0.536424
v -0.277674 3.556556 0.480945
v -0.392690 3.556556 0.392690
v -0.480945 3.556556 0.277674
v -0.536424 3.556556 0.143734
v -0.555347 3.556556 0.000000
v -0.536424 3.556556 -0.143734
v -0.480945 3.556556 -0.277674
v -0.392690 3.556556 -0.392690
v -0.277674 3.556556 -0.480945
v -0.143734 3.556556 -0.536424
v -0.000000 3.556556 -0.555347
v 0.143734 3.556556 -0.536424
v 0.277674 3.556556 -0.480945
v 0.392690 3.556556 -0.392690
v 0.480945 3.556556 -0.277674
v 0.536424 3.556556 -0.143734
v 0.555347 3.556556 -0.000000
v 0.494975 3.607696 0.000000
v 0.478109 3.607696 0.128109
v 0.428661 3.607696 0.247487
v 0.350000 3.607696 0.350000
v 0.247487 3.607696 0.428661
v 0.128109 3.607696 0.478109
v 0.000000 3.607696 0.494975
v -0.128109 3.607696 0.478109
v -0.247487 3.607696 0.428661
v -0.350000 3.607696 0.350000
v -0.428661 3.607696 0.247487
v -0.478109 3.607696 0.128109
v -0.494975 3.607696 0.000000
v -0.478109 3.607696 -0.128109
v -0.428661 3.607696 -0.247487
v -0.350000 3.607696 -0.350000
v -0.247487 3.607696 -0.428661
v -0.128109 3.607696 -0.478109
v -0.000000 3.607696 -0.494975
v 0.128109 3.607696 -0.478109
v 0.247487 3.607696 -0.428661
v 0.350000 3.607696 -0.350000
v 0.428661 3.607696 -0.247487
v 0.478109 3.607696 -0.128109
v 0.494975 3.607696 -0.000000
v 0.426133 3.652544 0.000000
v 0.411613 3.652544 0.110291
v 0.369042 3.652544 0.213067
v 0.301322 3.652544 0.301322
v 0.213067 3.652544 0.369042
v 0.110291 3.652544 0.411613
v 0.000000 3.652544 0.426133
v -0.110291 3.652544 0.411613
v -0.213067 3.652544 0.369042
v -0.301322 3.652544 0.301322
v -0.369042 3.652544 0.213067
v -0.411613 3.652544 0.110291
v -0.426133 3.652544 0.000000
v -0.411613 3.652544 -0.110291
v -0.369042 3.652544 -0.213067
v -0.301322 3.652544 -0.301322
v -0.213067 3.652544 -0.369042
v -0.110291 3.652544 -0.411613
v -0.000000 3.652544 -0.426133
v 0.110291 3.652544 -0.411613
v 0.213067 3.652544 -0.369042
v 0.301322 3.652544 -0.301322
v 0.369042 3.652544 -0.213067
v 0.411613 3.652544 -0.110291
v 0.426133 3.652544 -0.000000
v 0.350000 3.690333 0.000000
v 0.338074 3.690333 0.090587
v 0.303109 3.690333 0.175000
v 0.247487 3.690333 0.247487
v 0.175000 3.690333 0.303109
v 0.090587 3.690333 0.338074
v 0.000000 3.690333 0.350000
v -0.090587 3.690333 0.338074
v -0.175000 3.690333 0.303109
v -0.247487 3.690333 0.247487
v -0.303109 3.690333 0.175000
v -0.338074 3.690333 0.090587
v -0.350000 3.690333 0.000000
v -0.338074 3.690333 -0.090587
v -0.303109 3.690333 -0.175000
v -0.247487 3.690333 -0.247487
v -0.175000 3.690333 -0.303109
v -0.090587 3.690333 -0.338074
v -0.000000 3.690333 -0.350000
v 0.090587 3.690333 -0.338074
v 0.175000 3.690333 -0.303109
v 0.247487 3.690333 -0.247487
v 0.303109 3.690333 -0.175000
v 0.338074 3.690333 -0.090587
v 0.350000 3.690333 -0.000000
v 0.267878 3.720417 0.000000
v 0.258751 3.720417 0.069332
v 0.231990 3.720417 0.133939
v 0.189419 3.720417 0.189419
v 0.133939 3.720417 0.231990
v 0.069332 3.720417 0.258751
v 0.000000 3.720417 0.267878
v -0.069332 3.720417 0.258751
v -0.133939 3.720417 0.231990
v -0.189419 3.720417 0.189419
v -0.231990 3.720417 0.133939
v -0.258751 3.720417 0.069332
v -0.267878 3.720417 0.000000
v -0.258751 3.720417 -0.069332
v -0.231990 3.720417 -0.133939
v -0.189419 3.720417 -0.189419
v -0.133939 3.720417 -0.231990
v -0.069332 3.720417 -0.258751
v -0.000000 3.720417 -0.267878
v 0.069332 3.720417 -0.258751
v 0.133939 3.720417 -0.231990
v 0.189419 3.720417 -0.189419
v 0.231990 3.720417 -0.133939
v 0.258751 3.720417 -0.069332
v 0.267878 3.720417 -0.000000
v 0.181173 3.742281 0.000000
v 0.175000 3.742281 0.046891
v 0.156901 3.742281 0.090587
v 0.128109 3.742281 0.128109
v 0.090587 3.742281 0.156901
v 0.046891 3.742281 0.175000
v 0.000000 3.742281 0.181173
v -0.046891 3.742281 0.175000
v -0.090587 3.742281 0.156901
v -0.128109 3.742281 0.128109
v -0.156901 3.742281 0.090587
v -0.175000 3.742281 0.046891
v -0.181173 3.742281 0.000000
v -0.175000 3.742281 -0.046891
v -0.156901 3.742281 -0.090587
v -0.128109 3.742281 -0.128109
v -0.090587 3.742281 -0.156901
v -0.046891 3.742281 -0.175000
v -0.000000 3.742281 -0.181173
v 0.046891 3.742281 -0.175000
v 0.090587 3.742281 -0.156901
v 0.128109 3.742281 -0.128109
v 0.156901 3.742281 -0.090587
v 0.175000 3.742281 -0.046891
v 0.181173 3.742281 -0.000000
v 0.091368 3.755551 0.000000
v 0.088255 3.755551 0.023648
v 0.079127 3.755551 0.045684
v 0.064607 3.755551 0.064607
v 0.045684 3.755551 0.079127
v 0.023648 3.755551 0.088255
v 0.000000 3.755551 0.091368
v -0.023648 3.755551 0.088255
v -0.045684 3.755551 0.079127
v -0.064607 3.755551 0.064607
v -0.079127 3.755551 0.045684
v -0.088255 3.755551 0.023648
v -0.091368 3.755551 0.000000
v -0.088255 3.755551 -0.023648
v -0.079127 3.755551 -0.045684
v -0.064607 3.755551 -0.064607
v -0.045684 3.755551 -0.079127
v -0.023648 3.755551 -0.088255
v -0.000000 3.755551 -0.091368
v 0.023648 3.755551 -0.088255
v 0.045684 3.755551 -0.079127
v 0.064607 3.755551 -0.064607
v 0.079127 3.755551 -0.045684
v 0.088255 3.755551 -0.023648
v 0.091368 3.755551 -0.000000
v 0.005600 3.760000 0.000000
v 0.005409 3.760000 0.001449
v 0.004850 3.760000 0.002800
v 0.003960 3.760000 0.003960
v 0.002800 3.760000 0.004850
v 0.001449 3.760000 0.005409
v 0.000000 3.760000 0.005600
v -0.001449 3.760000 0.005409
v -0.002800 3.760000 0.004850
v -0.003960 3.760000 0.003960
v -0.004850 3.760000 0.002800
v -0.005409 3.760000 0.001449
v -0.005600 3.760000 0.000000
v -0.005409 3.760000 -0.001449
v -0.004850 3.760000 -0.002800
v -0.003960 3.760000 -0.003960
v -0.002800 3.760000 -0.004850
v -0.001449 3.760000 -0.005409
v -0.000000 3.760000 -0.005600
v 0.001449 3.760000 -0.005409
v 0.002800 3.760000 -0.004850
v 0.003960 3.760000 -0.003960
v 0.004850 3.760000 -0.002800
v 0.005409 3.760000 -0.001449
v 0.005600 3.760000 -0.000000
vn 0.987673 0.087144 0.130030
vn 0.949967 0.087806 0.299756
vn 0.840015 0.087806 0.535411
vn 0.672817 0.087806 0.734580
vn 0.459768 0.087806 0.883687
vn 0.215387 0.087806 0.972573
vn -0.043673 0.087806 0.995180
vn -0.299756 0.087806 0.949967
vn -0.535411 0.087806 0.840015
vn -0.734580 0.087806 0.672817
vn -0.883687 0.087806 0.459768
vn -0.972573 0.087806 0.215387
vn -0.995180 0.087806 -0.043673
vn -0.949967 0.087806 -0.299756
vn -0.840015 0.087806 -0.535411
vn -0.672817 0.087806 -0.734580
vn -0.459768 0.087806 -0.883687
vn -0.215387 0.087806 -0.972573
vn 0.043673 0.087806 -0.995180
vn 0.299756 0.087806 -0.949967
vn 0.535411 0.087806 -0.840015
vn 0.734580 0.087806 -0.672817
vn 0.883687 0.087806 -0.459768
vn 0.972573 0.087806 -0.215387
vn 0.987673 0.087144 -0.130030
vn 0.971258 0.200768 0.127869
vn 0.951369 0.173949 0.254242
vn 0.853149 0.173949 0.491811
vn 0.696789 0.173949 0.695865
vn 0.492943 0.173949 0.852496
vn 0.255504 0.173949 0.951031
vn 0.000653 0.173949 0.984754
vn -0.254242 0.173949 0.951369
vn -0.491811 0.173949 0.853149
vn -0.695865 0.173949 0.696789
vn -0.852496 0.173949 0.492943
vn -0.951031 0.173949 0.255504
vn -0.984754 0.173949 0.000653
vn -0.951369 0.173949 -0.254242
vn -0.853149 0.173949 -0.491811
vn -0.696789 0.173949 -0.695865
vn -0.492943 0.173949 -0.852496
vn -0.255504 0.173949 -0.951031
vn -0.000653 0.173949 -0.984754
vn 0.254242 0.173949 -0.951369
vn 0.491811 0.173949 -0.853149
vn 0.695865 0.173949 -0.696789
vn 0.852496 0.173949 -0.492943
vn 0.951031 0.173949 -0.255504
vn 0.981097 0.144100 -0.129164
vn 0.924300 0.361750 0.121686
vn 0.909271 0.338351 0.242371
vn 0.815558 0.338351 0.469450
vn 0.666266 0.338351 0.664535
vn 0.471569 0.338351 0.814334
vn 0.244736 0.338351 0.908638
vn 0.001224 0.338351 0.941019
vn -0.242371 0.338351 0.909271
vn -0.469450 0.338351 0.815558
vn -0.664535 0.338351 0.666266
vn -0.814334 0.338351 0.471569
vn -0.908638 0.338351 0.244736
vn -0.941019 0.338351 0.001224
vn -0.909271 0.338351 -0.242371
vn -0.815558 0.338351 -0.469450
vn -0.666266 0.338351 -0.664535
vn -0.471569 0.338351 -0.814334
vn -0.244736 0.338351 -0.908638
vn -0.001224 0.338351 -0.941019
vn 0.242371 0.338351 -0.909271
vn 0.469450 0.338351 -0.815558
vn 0.664535 0.338351 -0.666266
vn 0.814334 0.338351 -0.471569
vn 0.908638 0.338351 -0.244736
vn 0.942744 0.309562 -0.124115
vn 0.855472 0.505454 0.112625
vn 0.844666 0.485890 0.224609
vn 0.757752 0.485890 0.435572
vn 0.619198 0.485890 0.616851
vn 0.438447 0.485890 0.756092
vn 0.227816 0.485890 0.843807
vn 0.001660 0.485890 0.874018
vn -0.224609 0.485890 0.844666
vn -0.435572 0.485890 0.757752
vn -0.616851 0.485890 0.619198
vn -0.756092 0.485890 0.438447
vn -0.843807 0.485890 0.227816
vn -0.874018 0.485890 0.001660
vn -0.844666 0.485890 -0.224609
vn -0.757752 0.485890 -0.435572
vn -0.619198 0.485890 -0.616851
vn -0.438447 0.485890 -0.756092
vn -0.227816 0.485890 -0.843807
vn -0.001660 0.485890 -0.874018
vn 0.224609 0.485890 -0.844666
vn 0.435572 0.485890 -0.757752
vn 0.616851 0.485890 -0.619198
vn 0.756092 0.485890 -0.438447
vn 0.843807 0.485890 -0.227816
vn 0.880514 0.459627 -0.115922
vn 0.771187 0.628461 0.101529
vn 0.763974 0.612587 0.202686
vn 0.685483 0.612587 0.393511
vn 0.560278 0.612587 0.557518
vn 0.396890 0.612587 0.683532
vn 0.206456 0.612587 0.762964
vn 0.001951 0.612587 0.790401
vn -0.202686 0.612587 0.763974
vn -0.393511 0.612587 0.685483
vn -0.557518 0.612587 0.560278
vn -0.683532 0.612587 0.396890
vn -0.762964 0.612587 0.206456
vn -0.790401 0.612587 0.001951
vn -0.763974 0.612587 -0.202686
vn -0.685483 0.612587 -0.393511
vn -0.560278 0.612587 -0.557518
vn -0.396890 0.612587 -0.683532
vn -0.206456 0.612587 -0.762964
vn -0.001951 0.612587 -0.790401
vn 0.202686 0.612587 -0.763974
vn 0.393511 0.612587 -0.685483
vn 0.557518 0.612587 -0.560278
vn 0.683532 0.612587 -0.396890
vn 0.762964 0.612587 -0.206456
vn 0.800660 0.589773 -0.105409
vn 0.677380 0.730208 0.089179
vn 0.673303 0.717567 0.178218
vn 0.604234 0.717567 0.346408
vn 0.493988 0.717567 0.490992
vn 0.350078 0.717567 0.602116
vn 0.182310 0.717567 0.672206
vn 0.002119 0.717567 0.696486
vn -0.178218 0.717567 0.673303
vn -0.346408 0.717567 0.604234
vn -0.490992 0.717567 0.493988
vn -0.602116 0.717567 0.350078
vn -0.672206 0.717567 0.182310
vn -0.696486 0.717567 0.002119
vn -0.673303 0.717567 -0.178218
vn -0.604234 0.717567 -0.346408
vn -0.493988 0.717567 -0.490992
vn -0.350078 0.717567 -0.602116
vn -0.182310 0.717567 -0.672206
vn -0.002119 0.717567 -0.696486
vn 0.178218 0.717567 -0.673303
vn 0.346408 0.717567 -0.604234
vn 0.490992 0.717567 -0.493988
vn 0.602116 0.717567 -0.350078
vn 0.672206 0.717567 -0.182310
vn 0.709423 0.698568 -0.093397
vn 0.578655 0.812007 0.076181
vn 0.577464 0.802055 0.152458
vn 0.518328 0.802055 0.296721
vn 0.423870 0.802055 0.420764
vn 0.300525 0.802055 0.516132
vn 0.156700 0.802055 0.576327
vn 0.002196 0.802055 0.597246
vn -0.152458 0.802055 0.577464
vn -0.296721 0.802055 0.518328
vn -0.420764 0.802055 0.423870
vn -0.516132 0.802055 0.300525
vn -0.576327 0.802055 0.156700
vn -0.597246 0.802055 0.002196
vn -0.577464 0.802055 -0.152458
vn -0.518328 0.802055 -0.296721
vn -0.423870 0.802055 -0.420764
vn -0.300525 0.802055 -0.516132
vn -0.156700 0.802055 -0.576327
vn -0.002196 0.802055 -0.597246
vn 0.152458 0.802055 -0.577464
vn 0.296721 0.802055 -0.518328
vn 0.420764 0.802055 -0.423870
vn 0.516132 0.802055 -0.300525
vn 0.576327 0.802055 -0.156700
vn 0.611903 0.786819 -0.080559
vn 0.478108 0.876042 0.062944
vn 0.479720 0.868292 0.126247
vn 0.430699 0.868292 0.246106
vn 0.352327 0.868292 0.349193
vn 0.249944 0.868292 0.428483
vn 0.130527 0.868292 0.478573
vn 0.002216 0.868292 0.496049
vn -0.126247 0.868292 0.479720
vn -0.246106 0.868292 0.430699
vn -0.349193 0.868292 0.352327
vn -0.428483 0.868292 0.249944
vn -0.478573 0.868292 0.130527
vn -0.496049 0.868292 0.002216
vn -0.479720 0.868292 -0.126247
vn -0.430699 0.868292 -0.246106
vn -0.352327 0.868292 -0.349193
vn -0.249944 0.868292 -0.428483
vn -0.130527 0.868292 -0.478573
vn -0.002216 0.868292 -0.496049
vn 0.126247 0.868292 -0.479720
vn 0.246106 0.868292 -0.430699
vn 0.349193 0.868292 -0.352327
vn 0.428483 0.868292 -0.249944
vn 0.478573 0.868292 -0.130527
vn 0.511694 0.856522 -0.067366
vn 0.377544 0.924657 0.049705
vn 0.381983 0.918736 0.100069
vn 0.343068 0.918736 0.195524
vn 0.280773 0.918736 0.277654
vn 0.199343 0.918736 0.340862
vn 0.104329 0.918736 0.380842
vn 0.002205 0.918736 0.394867
vn -0.100069 0.918736 0.381983
vn -0.195524 0.918736 0.343068
vn -0.277654 0.918736 0.280773
vn -0.340862 0.918736 0.199343
vn -0.380842 0.918736 0.104329
vn -0.394867 0.918736 0.002205
vn -0.381983 0.918736 -0.100069
vn -0.343068 0.918736 -0.195524
vn -0.280773 0.918736 -0.277654
vn -0.199343 0.918736 -0.340862
vn -0.104329 0.918736 -0.380842
vn -0.002205 0.918736 -0.394867
vn 0.100069 0.918736 -0.381983
vn 0.195524 0.918736 -0.343068
vn 0.277654 0.918736 -0.280773
vn 0.340862 0.918736 -0.199343
vn 0.380842 0.918736 -0.104329
vn 0.410994 0.910031 -0.054108
vn 0.277806 0.959941 0.036574
vn 0.285158 0.955608 0.074149
vn 0.256250 0.955608 0.145426
vn 0.209880 0.955608 0.206794
vn 0.149206 0.955608 0.254068
vn 0.078364 0.955608 0.284028
vn 0.002182 0.955608 0.294633
vn -0.074149 0.955608 0.285158
vn -0.145426 0.955608 0.256250
vn -0.206794 0.955608 0.209880
vn -0.254068 0.955608 0.149206
vn -0.284028 0.955608 0.078364
vn -0.294633 0.955608 0.002182
vn -0.285158 0.955608 -0.074149
vn -0.256250 0.955608 -0.145426
vn -0.209880 0.955608 -0.206794
vn -0.149206 0.955608 -0.254068
vn -0.078364 0.955608 -0.284028
vn -0.002182 0.955608 -0.294633
vn 0.074149 0.955608 -0.285158
vn 0.145426 0.955608 -0.256250
vn 0.206794 0.955608 -0.209880
vn 0.254068 0.955608 -0.149206
vn 0.284028 0.955608 -0.078364
vn 0.310928 0.949552 -0.040934
vn 0.179098 0.983549 0.023579
vn 0.189476 0.980685 0.048535
vn 0.170458 0.980685 0.095921
vn 0.139824 0.980685 0.136770
vn 0.099660 0.980685 0.168299
vn 0.052706 0.980685 0.188358
vn 0.002159 0.980685 0.195581
vn -0.048535 0.980685 0.189476
vn -0.095921 0.980685 0.170458
vn -0.136770 0.980685 0.139824
vn -0.168299 0.980685 0.099660
vn -0.188358 0.980685 0.052706
vn -0.195581 0.980685 0.002159
vn -0.189476 0.980685 -0.048535
vn -0.170458 0.980685 -0.095921
vn -0.139824 0.980685 -0.136770
vn -0.099660 0.980685 -0.168299
vn -0.052706 0.980685 -0.188358
vn -0.002159 0.980685 -0.195581
vn 0.048535 0.980685 -0.189476
vn 0.095921 0.980685 -0.170458
vn 0.136770 0.980685 -0.139824
vn 0.168299 0.980685 -0.099660
vn 0.188358 0.980685 -0.052706
vn 0.211881 0.976897 -0.027895
vn 0.083333 0.996461 0.010971
vn 0.096255 0.995076 0.023645
vn 0.086855 0.995076 0.047752
vn 0.071536 0.995076 0.068605
vn 0.051343 0.995076 0.084782
vn 0.027650 0.995076 0.095182
vn 0.002073 0.995076 0.099095
vn -0.023645 0.995076 0.096255
vn -0.047752 0.995076 0.086855
vn -0.068605 0.995076 0.071536
vn -0.084782 0.995076 0.051343
vn -0.095182 0.995076 0.027650
vn -0.099095 0.995076 0.002073
vn -0.096255 0.995076 -0.023645
vn -0.086855 0.995076 -0.047752
vn -0.071536 0.995076 -0.068605
vn -0.051343 0.995076 -0.084782
vn -0.027650 0.995076 -0.095182
vn -0.002073 0.995076 -0.099095
vn 0.023645 0.995076 -0.096255
vn 0.047752 0.995076 -0.086855
vn 0.068605 0.995076 -0.071536
vn 0.084782 0.995076 -0.051343
vn 0.095182 0.995076 -0.027650
vn 0.114815 0.993272 -0.015116
vn 0.051798 0.998634 0.006819
vn 0.050622 0.998655 0.011211
vn 0.045996 0.998655 0.023931
vn 0.038235 0.998655 0.035020
vn 0.027868 0.998655 0.043722
vn 0.015602 0.998655 0.049445
vn 0.002273 0.998655 0.051799
vn -0.011211 0.998655 0.050622
vn -0.023931 0.998655 0.045996
vn -0.035020 0.998655 0.038235
vn -0.043722 0.998655 0.027868
vn -0.049445 0.998655 0.015602
vn -0.051799 0.998655 0.002273
vn -0.050622 0.998655 -0.011211
vn -0.045996 0.998655 -0.023931
vn -0.038235 0.998655 -0.035020
vn -0.027868 0.998655 -0.043722
vn -0.015602 0.998655 -0.049445
vn -0.002273 0.998655 -0.051799
vn 0.011211 0.998655 -0.050622
vn 0.023931 0.998655 -0.045996
vn 0.035020 0.998655 -0.038235
vn 0.043722 0.998655 -0.027868
vn 0.049445 0.998655 -0.015602
vn 0.051798 0.998634 -0.006819
usemtl steel
f 1469 1494 1495
f 1469 1495 1470
f 1470 1495 1496
f 1470 1496 1471
f 1471 1496 1497
f 1471 1497 1472
f 1472 1497 1498
f 1472 1498 1473
f 1473 1498 1499
f 1473 1499 1474
f 1474 1499 1500
f 1474 1500 1475
f 1475 1500 1501
f 1475 1501 1476
f 1476 1501 1502
f 1476 1502 1477
f 1477 1502 1503
f 1477 1503 1478
f 1478 1503 1504
f 1478 1504 1479
f 1479 1504 1505
f 1479 1505 1480
f 1480 1505 1506
f 1480 1506 1481
f 1481 1506 1507
f 1481 1507 1482
f 1482 1507 1508
f 1482 1508 1483
f 1483 1508 1509
f 1483 1509 1484
f 1484 1509 1510
f 1484 1510 1485
f 1485 1510 1511
f 1485 1511 1486
f 1486 1511 1512
f 1486 1512 1487
f 1487 1512 1513
f 1487 1513 1488
f 1488 1513 1514
f 1488 1514 1489
f 1489 1514 1515
f 1489 1515 1490
f 1490 1515 1516
f 1490 1516 1491
f 1491 1516 1517
f 1491 1517 1492
f 1492 1517 1518
f 1492 1518 1493
f 1494 1519 1520
f 1494 1520 1495
f 1495 1520 1521
f 1495 1521 1496
f 1496 1521 1522
f 1496 1522 1497
f 1497 1522 1523
f 1497 1523 1498
f 1498 1523 1524
f 1498 1524 1499
f 1499 1524 1525
f 1499 1525 1500
f 1500 1525 1526
f 1500 1526 1501
f 1501 1526 1527
f 1501 1527 1502
f 1502 1527 1528
f 1502 1528 1503
f 1503 1528 1529
f 1503 1529 1504
f 1504 1529 1530
f 1504 1530 1505
f 1505 1530 1531
f 1505 1531 1506
f 1506 1531 1532
f 1506 1532 1507
f 1507 1532 1533
f 1507 1533 1508
f 1508 1533 1534
f 1508 1534 1509
f 1509 1534 1535
f 1509 1535 1510
f 1510 1535 1536
f 1510 1536 1511
f 1511 1536 1537
f 1511 1537 1512
f 1512 1537 1538
f 1512 1538 1513
f 1513 1538 1539
f 1513 1539 1514
f 1514 1539 1540
f 1514 1540 1515
f 1515 1540 1541
f 1515 1541 1516
f 1516 1541 1542
f 1516 1542 1517
f 1517 1542 1543
f 1517 1543 1518
f 1519 1544 1545
f 1519 1545 1520
f 1520 1545 1546
f 1520 1546 1521
f 1521 1546 1547
f 1521 1547 1522
f 1522 1547 1548
f 1522 1548 1523
f 1523 1548 1549
f 1523 1549 1524
f 1524 1549 1550
f 1524 1550 1525
f 1525 1550 1551
f 1525 1551 1526
f 1526 1551 1552
f 1526 1552 1527
f 1527 1552 1553
f 1527 1553 1528
f 1528 1553 1554
f 1528 1554 1529
f 1529 1554 1555
f 1529 1555 1530
f 1530 1555 1556
f 1530 1556 1531
f 1531 1556 1557
f 1531 1557 1532
f 1532 1557 1558
f 1532 1558 1533
f 1533 1558 1559
f 1533 1559 1534
f 1534 1559 1560
f 1534 1560 1535
f 1535 1560 1561
f 1535 1561 1536
f 1536 1561 1562
f 1536 1562 1537
f 1537 1562 1563
f 1537 1563 1538
f 1538 1563 1564
f 1538 1564 1539
f 1539 1564 1565
f 1539 1565 1540
f 1540 1565 1566
f 1540 1566 1541
f 1541 1566 1567
f 1541 1567 1542
f 1542 1567 1568
f 1542 1568 1543
f 1544 1569 1570
f 1544 1570 1545
f 1545 1570 1571
f 1545 1571 1546
f 1546 1571 1572
f 1546 1572 1547
f 1547 1572 1573
f 1547 1573 1548
f 1548 1573 1574
f 1548 1574 1549
f 1549 1574 1575
f 1549 1575 1550
f 1550 1575 1576
f 1550 1576 1551
f 1551 1576 1577
f 1551 1577 1552
f 1552 1577 1578
f 1552 1578 1553
f 1553 1578 1579
f 1553 1579 1554
f 1554 1579 1580
f 1554 1580 1555
f 1555 1580 1581
f 1555 1581 1556
f 1556 1581 1582
f 1556 1582 1557
f 1557 1582 1583
f 1557 1583 1558
f 1558 1583 1584
f 1558 1584 1559
f 1559 1584 1585
f 1559 1585 1560
f 1560 1585 1586
f 1560 1586 1561
f 1561 1586 1587
f 1561 1587 1562
f 1562 1587 1588
f 1562 1588 1563
f 1563 1588 1589
f 1563 1589 1564
f 1564 1589 1590
f 1564 1590 1565
f 1565 1590 1591
f 1565 1591 1566
f 1566 1591 1592
f 1566 1592 1567
f 1567 1592 1593
f 1567 1593 1568
f 1569 1594 1595
f 1569 1595 1570
f 1570 1595 1596
f 1570 1596 1571
f 1571 1596 1597
f 1571 1597 1572
f 1572 1597 1598
f 1572 1598 1573
f 1573 1598 1599
f 1573 1599 1574
f 1574 1599 1600
f 1574 1600 1575
f 1575 1600 1601
f 1575 1601 1576
f 1576 1601 1602
f 1576 1602 1577
f 1577 1602 1603
f 1577 1603 1578
f 1578 1603 1604
f 1578 1604 1579
f 1579 1604 1605
f 1579 1605 1580
f 1580 1605 1606
f 1580 1606 1581
f 1581 1606 1607
f 1581 1607 1582
f 1582 1607 1608
f 1582 1608 1583
f 1583 1608 1609
f 1583 1609 1584
f 1584 1609 1610
f 1584 1610 1585
f 1585 1610 1611
f 1585 1611 1586
f 1586 1611 1612
f 1586 1612 1587
f 1587 1612 1613
f 1587 1613 1588
f 1588 1613 1614
f 1588 1614 1589
f 1589 1614 1615
f 1589 1615 1590
f 1590 1615 1616
f 1590 1616 1591
f 1591 1616 1617
f 1591 1617 1592
f 1592 1617 1618
f 1592 1618 1593
f 1594 1619 1620
f 1594 1620 1595
f 1595 1620 1621
f 1595 1621 1596
f 1596 1621 1622
f 1596 1622 1597
f 1597 1622 1623
f 1597 1623 1598
f 1598 1623 1624
f 1598 1624 1599
f 1599 1624 1625
f 1599 1625 1600
f 1600 1625 1626
f 1600 1626 1601
f 1601 1626 1627
f 1601 1627 1602
f 1602 1627 1628
f 1602 1628 1603
f 1603 1628 1629
f 1603 1629 1604
f 1604 1629 1630
f 1604 1630 1605
f 1605 1630 1631
f 1605 1631 1606
f 1606 1631 1632
f 1606 1632 1607
f 1607 1632 1633
f 1607 1633 1608
f 1608 1633 1634
f 1608 1634 1609
f 1609 1634 1635
f 1609 1635 1610
f 1610 1635 1636
f 1610 1636 1611
f 1611 1636 1637
f 1611 1637 1612
f 1612 1637 1638
f 1612 1638 1613
f 1613 1638 1639
f 1613 1639 1614
f 1614 1639 1640
f 1614 1640 1615
f 1615 1640 1641
f 1615 1641 1616
f 1616 1641 1642
f 1616 1642 1617
f 1617 1642 1643
f 1617 1643 1618
f 1619 1644 1645
f 1619 1645 1620
f 1620 1645 1646
f 1620 1646 1621
f 1621 1646 1647
f 1621 1647 1622
f 1622 1647 1648
f 1622 1648 1623
f 1623 1648 1649
f 1623 1649 1624
f 1624 1649 1650
f 1624 1650 1625
f 1625 1650 1651
f 1625 1651 1626
f 1626 1651 1652
f 1626 1652 1627
f 1627 1652 1653
f 1627 1653 1628
f 1628 1653 1654
f 1628 1654 1629
f 1629 1654 1655
f 1629 1655 1630
f 1630 1655 1656
f 1630 1656 1631
f 1631 1656 1657
f 1631 1657 1632
f 1632 1657 1658
f 1632 1658 1633
f 1633 1658 1659
f 1633 1659 1634
f 1634 1659 1660
f 1634 1660 1635
f 1635 1660 1661
f 1635 1661 1636
f 1636 1661 1662
f 1636 1662 1637
f 1637 1662 1663
f 1637 1663 1638
f 1638 1663 1664
f 1638 1664 1639
f 1639 1664 1665
f 1639 1665 1640
f 1640 1665 1666
f 1640 1666 1641
f 1641 1666 1667
f 1641 1667 1642
f 1642 1667 1668
f 1642 1668 1643
f 1644 1669 1670
f 1644 1670 1645
f 1645 1670 1671
f 1645 1671 1646
f 1646 1671 1672
f 1646 1672 1647
f 1647 1672 1673
f 1647 1673 1648
f 1648 1673 1674
f 1648 1674 1649
f 1649 1674 1675
f 1649 1675 1650
f 1650 1675 1676
f 1650 1676 1651
f 1651 1676 1677
f 1651 1677 1652
f 1652 1677 1678
f 1652 1678 1653
f 1653 1678 1679
f 1653 1679 1654
f 1654 1679 1680
f 1654 1680 1655
f 1655 1680 1681
f 1655 1681 1656
f 1656 1681 1682
f 1656 1682 1657
f 1657 1682 1683
f 1657 1683 1658
f 1658 1683 1684
f 1658 1684 1659
f 1659 1684 1685
f 1659 1685 1660
f 1660 1685 1686
f 1660 1686 1661
f 1661 1686 1687
f 1661 1687 1662
f 1662 1687 1688
f 1662 1688 1663
f 1663 1688 1689
f 1663 1689 1664
f 1664 1689 1690
f 1664 1690 1665
f 1665 1690 1691
f 1665 1691 1666
f 1666 1691 1692
f 1666 1692 1667
f 1667 1692 1693
f 1667 1693 1668
f 1669 1694 1695
f 1669 1695 1670
f 1670 1695 1696
f 1670 1696 1671
f 1671 1696 1697
f 1671 1697 1672
f 1672 1697 1698
f 1672 1698 1673
f 1673 1698 1699
f 1673 1699 1674
f 1674 1699 1700
f 1674 1700 1675
f 1675 1700 1701
f 1675 1701 1676
f 1676 1701 1702
f 1676 1702 1677
f 1677 1702 1703
f 1677 1703 1678
f 1678 1703 1704
f 1678 1704 1679
f 1679 1704 1705
f 1679 1705 1680
f 1680 1705 1706
f 1680 1706 1681
f 1681 1706 1707
f 1681 1707 1682
f 1682 1707 1708
f 1682 1708 1683
f 1683 1708 1709
f 1683 1709 1684
f 1684 1709 1710
f 1684 1710 1685
f 1685 1710 1711
f 1685 1711 1686
f 1686 1711 1712
f 1686 1712 1687
f 1687 1712 1713
f 1687 1713 1688
f 1688 1713 1714
f 1688 1714 1689
f 1689 1714 1715
f 1689 1715 1690
f 1690 1715 1716
f 1690 1716 1691
f 1691 1716 1717
f 1691 1717 1692
f 1692 1717 1718
f 1692 1718 1693
f 1694 1719 1720
f 1694 1720 1695
f 1695 1720 1721
f 1695 1721 1696
f 1696 1721 1722
f 1696 1722 1697
f 1697 1722 1723
f 1697 1723 1698
f 1698 1723 1724
f 1698 1724 1699
f 1699 1724 1725
f 1699 1725 1700
f 1700 1725 1726
f 1700 1726 1701
f 1701 1726 1727
f 1701 1727 1702
f 1702 1727 1728
f 1702 1728 1703
f 1703 1728 1729
f 1703 1729 1704
f 1704 1729 1730
f 1704 1730 1705
f 1705 1730 1731
f 1705 1731 1706
f 1706 1731 1732
f 1706 1732 1707
f 1707 1732 1733
f 1707 1733 1708
f 1708 1733 1734
f 1708 1734 1709
f 1709 1734 1735
f 1709 1735 1710
f 1710 1735 1736
f 1710 1736 1711
f 1711 1736 1737
f 1711 1737 1712
f 1712 1737 1738
f 1712 1738 1713
f 1713 1738 1739
f 1713 1739 1714
f 1714 1739 1740
f 1714 1740 1715
f 1715 1740 1741
f 1715 1741 1716
f 1716 1741 1742
f 1716 1742 1717
f 1717 1742 1743
f 1717 1743 1718
f 1719 1744 1745
f 1719 1745 1720
f 1720 1745 1746
f 1720 1746 1721
f 1721 1746 1747
f 1721 1747 1722
f 1722 1747 1748
f 1722 1748 1723
f 1723 1748 1749
f 1723 1749 1724
f 1724 1749 1750
f 1724 1750 1725
f 1725 1750 1751
f 1725 1751 1726
f 1726 1751 1752
f 1726 1752 1727
f 1727 1752 1753
f 1727 1753 1728
f 1728 1753 1754
f 1728 1754 1729
f 1729 1754 1755
f 1729 1755 1730
f 1730 1755 1756
f 1730 1756 1731
f 1731 1756 1757
f 1731 1757 1732
f 1732 1757 1758
f 1732 1758 1733
f 1733 1758 1759
f 1733 1759 1734
f 1734 1759 1760
f 1734 1760 1735
f 1735 1760 1761
f 1735 1761 1736
f 1736 1761 1762
f 1736 1762 1737
f 1737 1762 1763
f 1737 1763 1738
f 1738 1763 1764
f 1738 1764 1739
f 1739 1764 1765
f 1739 1765 1740
f 1740 1765 1766
f 1740 1766 1741
f 1741 1766 1767
f 1741 1767 1742
f 1742 1767 1768
f 1742 1768 1743
f 1744 1769 1770
f 1744 1770 1745
f 1745 1770 1771
f 1745 1771 1746
f 1746 1771 1772
f 1746 1772 1747
f 1747 1772 1773
f 1747 1773 1748
f 1748 1773 1774
f 1748 1774 1749
f 1749 1774 1775
f 1749 1775 1750
f 1750 1775 1776
f 1750 1776 1751
f 1751 1776 1777
f 1751 1777 1752
f 1752 1777 1778
f 1752 1778 1753
f 1753 1778 1779
f 1753 1779 1754
f 1754 1779 1780
f 1754 1780 1755
f 1755 1780 1781
f 1755 1781 1756
f 1756 1781 1782
f 1756 1782 1757
f 1757 1782 1783
f 1757 1783 1758
f 1758 1783 1784
f 1758 1784 1759
f 1759 1784 1785
f 1759 1785 1760
f 1760 1785 1786
f 1760 1786 1761
f 1761 1786 1787
f 1761 1787 1762
f 1762 1787 1788
f 1762 1788 1763
f 1763 1788 1789
f 1763 1789 1764
f 1764 1789 1790
f 1764 1790 1765
f 1765 1790 1791
f 1765 1791 1766
f 1766 1791 1792
f 1766 1792 1767
f 1767 1792 1793
f 1767 1793 1768
o kulah_spike
v 0.030000 3.740000 0.000000
v 0.027716 3.740000 0.011481
v 0.021213 3.740000 0.021213
v 0.011481 3.740000 0.027716
v 0.000000 3.740000 0.030000
v -0.011481 3.740000 0.027716
v -0.021213 3.740000 0.021213
v -0.027716 3.740000 0.011481
v -0.030000 3.740000 0.000000
v -0.027716 3.740000 -0.011481
v -0.021213 3.740000 -0.021213
v -0.011481 3.740000 -0.027716
v -0.000000 3.740000 -0.030000
v 0.011481 3.740000 -0.027716
v 0.021213 3.740000 -0.021213
v 0.027716 3.740000 -0.011481
v 0.030000 3.740000 -0.000000
v 0.008000 3.940000 0.000000
v 0.007391 3.940000 0.003061
v 0.005657 3.940000 0.005657
v 0.003061 3.940000 0.007391
v 0.000000 3.940000 0.008000
v -0.003061 3.940000 0.007391
v -0.005657 3.940000 0.005657
v -0.007391 3.940000 0.003061
v -0.008000 3.940000 0.000000
v -0.007391 3.940000 -0.003061
v -0.005657 3.940000 -0.005657
v -0.003061 3.940000 -0.007391
v -0.000000 3.940000 -0.008000
v 0.003061 3.940000 -0.007391
v 0.005657 3.940000 -0.005657
v 0.007391 3.940000 -0.003061
v 0.008000 3.940000 -0.000000
vn 0.975127 0.107264 0.193965
vn 0.891186 0.109104 0.440323
vn 0.654844 0.109104 0.747848
vn 0.318808 0.109104 0.941519
vn -0.065764 0.109104 0.991853
vn -0.440323 0.109104 0.891186
vn -0.747848 0.109104 0.654844
vn -0.941519 0.109104 0.318808
vn -0.991853 0.109104 -0.065764
vn -0.891186 0.109104 -0.440323
vn -0.654844 0.109104 -0.747848
vn -0.318808 0.109104 -0.941519
vn 0.065764 0.109104 -0.991853
vn 0.440323 0.109104 -0.891186
vn 0.747848 0.109104 -0.654844
vn 0.941519 0.109104 -0.318808
vn 0.975127 0.107264 -0.193965
vn 0.975127 0.107264 0.193965
vn 0.941519 0.109104 0.318808
vn 0.747848 0.109104 0.654844
vn 0.440323 0.109104 0.891186
vn 0.065764 0.109104 0.991853
vn -0.318808 0.109104 0.941519
vn -0.654844 0.109104 0.747848
vn -0.891186 0.109104 0.440323
vn -0.991853 0.109104 0.065764
vn -0.941519 0.109104 -0.318808
vn -0.747848 0.109104 -0.654844
vn -0.440323 0.109104 -0.891186
vn -0.065764 0.109104 -0.991853
vn 0.318808 0.109104 -0.941519
vn 0.654844 0.109104 -0.747848
vn 0.891186 0.109104 -0.440323
vn 0.975127 0.107264 -0.193965
usemtl steel
f 1794 1811 1812
f 1794 1812 1795
f 1795 1812 1813
f 1795 1813 1796
f 1796 1813 1814
f 1796 1814 1797
f 1797 1814 1815
f 1797 1815 1798
f 1798 1815 1816
f 1798 1816 1799
f 1799 1816 1817
f 1799 1817 1800
f 1800 1817 1818
f 1800 1818 1801
f 1801 1818 1819
f 1801 1819 1802
f 1802 1819 1820
f 1802 1820 1803
f 1803 1820 1821
f 1803 1821 1804
f 1804 1821 1822
f 1804 1822 1805
f 1805 1822 1823
f 1805 1823 1806
f 1806 1823 1824
f 1806 1824 1807
f 1807 1824 1825
f 1807 1825 1808
f 1808 1825 1826
f 1808 1826 1809
f 1809 1826 1827
f 1809 1827 1810
o kulah_nasal
v -0.020000 3.100000 0.520000
v 0.020000 3.100000 0.520000
v 0.020000 3.440000 0.520000
v -0.020000 3.440000 0.520000
v -0.020000 3.100000 0.600000
v 0.020000 3.100000 0.600000
v 0.020000 3.440000 0.600000
v -0.020000 3.440000 0.600000
vn -0.666667 -0.666667 -0.333333
vn 0.408248 -0.408248 -0.816497
vn 0.816497 0.408248 -0.408248
vn -0.333333 0.666667 -0.666667
vn -0.408248 -0.408248 0.816497
vn 0.666667 -0.666667 0.333333
vn 0.333333 0.666667 0.666667
vn -0.816497 0.408248 0.408248
usemtl steel
f 1832 1833 1834
f 1832 1834 1835
f 1829 1828 1831
f 1829 1831 1830
f 1828 1832 1835
f 1828 1835 1831
f 1833 1829 1830
f 1833 1830 1834
f 1831 1835 1834
f 1831 1834 1830
f 1828 1829 1833
f 1828 1833 1832
o kulah_aventail
v 0.680000 3.060000 0.000000
v 0.860000 3.280000 0.000000
v 0.656830 3.060000 0.175997
v 0.830696 3.280000 0.222584
v 0.588897 3.060000 0.340000
v 0.744782 3.280000 0.430000
v 0.480833 3.060000 0.480833
v 0.608112 3.280000 0.608112
v 0.340000 3.060000 0.588897
v 0.430000 3.280000 0.744782
v 0.175997 3.060000 0.656830
v 0.222584 3.280000 0.830696
v 0.000000 3.060000 0.680000
v 0.000000 3.280000 0.860000
v -0.175997 3.060000 0.656830
v -0.222584 3.280000 0.830696
v -0.340000 3.060000 0.588897
v -0.430000 3.280000 0.744782
v -0.480833 3.060000 0.480833
v -0.608112 3.280000 0.608112
v -0.588897 3.060000 0.340000
v -0.744782 3.280000 0.430000
v -0.656830 3.060000 0.175997
v -0.830696 3.280000 0.222584
v -0.680000 3.060000 0.000000
v -0.860000 3.280000 0.000000
v -0.656830 3.060000 -0.175997
v -0.830696 3.280000 -0.222584
v -0.588897 3.060000 -0.340000
v -0.744782 3.280000 -0.430000
v -0.480833 3.060000 -0.480833
v -0.608112 3.280000 -0.608112
v -0.340000 3.060000 -0.588897
v -0.430000 3.280000 -0.744782
v -0.175997 3.060000 -0.656830
v -0.222584 3.280000 -0.830696
v -0.000000 3.060000 -0.680000
v -0.000000 3.280000 -0.860000
v 0.175997 3.060000 -0.656830
v 0.222584 3.280000 -0.830696
v 0.340000 3.060000 -0.588897
v 0.430000 3.280000 -0.744782
v 0.480833 3.060000 -0.480833
v 0.608112 3.280000 -0.608112
v 0.588897 3.060000 -0.340000
v 0.744782 3.280000 -0.430000
v 0.656830 3.060000 -0.175997
v 0.830696 3.280000 -0.222584
v 0.680000 3.060000 -0.000000
v 0.860000 3.280000 -0.000000
vn 0.769971 -0.629976 0.101369
vn 0.769971 -0.629976 0.101369
vn 0.738369 -0.632873 0.232988
vn 0.755940 -0.632873 0.167411
vn 0.652908 -0.632873 0.416153
vn 0.686853 -0.632873 0.357358
vn 0.522952 -0.632873 0.570958
vn 0.570958 -0.632873 0.522952
vn 0.357358 -0.632873 0.686853
vn 0.416153 -0.632873 0.652908
vn 0.167411 -0.632873 0.755940
vn 0.232988 -0.632873 0.738369
vn -0.033945 -0.632873 0.773511
vn 0.033945 -0.632873 0.773511
vn -0.232988 -0.632873 0.738369
vn -0.167411 -0.632873 0.755940
vn -0.416153 -0.632873 0.652908
vn -0.357358 -0.632873 0.686853
vn -0.570958 -0.632873 0.522952
vn -0.522952 -0.632873 0.570958
vn -0.686853 -0.632873 0.357358
vn -0.652908 -0.632873 0.416153
vn -0.755940 -0.632873 0.167411
vn -0.738369 -0.632873 0.232988
vn -0.773511 -0.632873 -0.033945
vn -0.773511 -0.632873 0.033945
vn -0.738369 -0.632873 -0.232988
vn -0.755940 -0.632873 -0.167411
vn -0.652908 -0.632873 -0.416153
vn -0.686853 -0.632873 -0.357358
vn -0.522952 -0.632873 -0.570958
vn -0.570958 -0.632873 -0.522952
vn -0.357358 -0.632873 -0.686853
vn -0.416153 -0.632873 -0.652908
vn -0.167411 -0.632873 -0.755940
vn -0.232988 -0.632873 -0.738369
vn 0.033945 -0.632873 -0.773511
vn -0.033945 -0.632873 -0.773511
vn 0.232988 -0.632873 -0.738369
vn 0.167411 -0.632873 -0.755940
vn 0.416153 -0.632873 -0.652908
vn 0.357358 -0.632873 -0.686853
vn 0.570958 -0.632873 -0.522952
vn 0.522952 -0.632873 -0.570958
vn 0.686853 -0.632873 -0.357358
vn 0.652908 -0.632873 -0.416153
vn 0.755940 -0.632873 -0.167411
vn 0.738369 -0.632873 -0.232988
vn 0.769971 -0.629976 -0.101369
vn 0.769971 -0.629976 -0.101369
usemtl mail
f 1836 1837 1839
f 1836 1839 1838
f 1838 1839 1841
f 1838 1841 1840
f 1840 1841 1843
f 1840 1843 1842
f 1842 1843 1845
f 1842 1845 1844
f 1844 1845 1847
f 1844 1847 1846
f 1846 1847 1849
f 1846 1849 1848
f 1848 1849 1851
f 1848 1851 1850
f 1850 1851 1853
f 1850 1853 1852
f 1852 1853 1855
f 1852 1855 1854
f 1854 1855 1857
f 1854 1857 1856
f 1856 1857 1859
f 1856 1859 1858
f 1858 1859 1861
f 1858 1861 1860
f 1860 1861 1863
f 1860 1863 1862
f 1862 1863 1865
f 1862 1865 1864
f 1864 1865 1867
f 1864 1867 1866
f 1866 1867 1869
f 1866 1869 1868
f 1868 1869 1871
f 1868 1871 1870
f 1870 1871 1873
f 1870 1873 1872
f 1872 1873 1875
f 1872 1875 1874
f 1874 1875 1877
f 1874 1877 1876
f 1876 1877 1879
f 1876 1879 1878
f 1878 1879 1881
f 1878 1881 1880
f 1880 1881 1883
f 1880 1883 1882
f 1882 1883 1885
f 1882 1885 1884
o mailsleeve_R
v 2.120000 1.120000 0.000000
v 2.080000 2.900000 0.000000
v 2.089655 1.120000 0.191591
v 2.051613 2.900000 0.179230
v 2.001591 1.120000 0.364427
v 1.969230 2.900000 0.340915
v 1.864427 1.120000 0.501591
v 1.840915 2.900000 0.469230
v 1.691591 1.120000 0.589655
v 1.679230 2.900000 0.551613
v 1.500000 1.120000 0.620000
v 1.500000 2.900000 0.580000
v 1.308409 1.120000 0.589655
v 1.320770 2.900000 0.551613
v 1.135573 1.120000 0.501591
v 1.159085 2.900000 0.469230
v 0.998409 1.120000 0.364427
v 1.030770 2.900000 0.340915
v 0.910345 1.120000 0.191591
v 0.948387 2.900000 0.179230
v 0.880000 1.120000 0.000000
v 0.920000 2.900000 0.000000
v 0.910345 1.120000 -0.191591
v 0.948387 2.900000 -0.179230
v 0.998409 1.120000 -0.364427
v 1.030770 2.900000 -0.340915
v 1.135573 1.120000 -0.501591
v 1.159085 2.900000 -0.469230
v 1.308409 1.120000 -0.589655
v 1.320770 2.900000 -0.551613
v 1.500000 1.120000 -0.620000
v 1.500000 2.900000 -0.580000
v 1.691591 1.120000 -0.589655
v 1.679230 2.900000 -0.551613
v 1.864427 1.120000 -0.501591
v 1.840915 2.900000 -0.469230
v 2.001591 1.120000 -0.364427
v 1.969230 2.900000 -0.340915
v 2.089655 1.120000 -0.191591
v 2.051613 2.900000 -0.179230
v 2.120000 1.120000 -0.000000
v 2.080000 2.900000 -0.000000
vn 0.987445 0.022190 0.156396
vn 0.987445 0.022190 0.156396
vn 0.933207 0.022435 0.358638
vn 0.965783 0.022435 0.258381
vn 0.776707 0.022435 0.629462
vn 0.838670 0.022435 0.544178
vn 0.544178 0.022435 0.838670
vn 0.629462 0.022435 0.776707
vn 0.258381 0.022435 0.965783
vn 0.358638 0.022435 0.933207
vn -0.052708 0.022435 0.998358
vn 0.052708 0.022435 0.998358
vn -0.358638 0.022435 0.933207
vn -0.258381 0.022435 0.965783
vn -0.629462 0.022435 0.776707
vn -0.544178 0.022435 0.838670
vn -0.838670 0.022435 0.544178
vn -0.776707 0.022435 0.629462
vn -0.965783 0.022435 0.258381
vn -0.933207 0.022435 0.358638
vn -0.998358 0.022435 -0.052708
vn -0.998358 0.022435 0.052708
vn -0.933207 0.022435 -0.358638
vn -0.965783 0.022435 -0.258381
vn -0.776707 0.022435 -0.629462
vn -0.838670 0.022435 -0.544178
vn -0.544178 0.022435 -0.838670
vn -0.629462 0.022435 -0.776707
vn -0.258381 0.022435 -0.965783
vn -0.358638 0.022435 -0.933207
vn 0.052708 0.022435 -0.998358
vn -0.052708 0.022435 -0.998358
vn 0.358638 0.022435 -0.933207
vn 0.258381 0.022435 -0.965783
vn 0.629462 0.022435 -0.776707
vn 0.544178 0.022435 -0.838670
vn 0.838670 0.022435 -0.544178
vn 0.776707 0.022435 -0.629462
vn 0.965783 0.022435 -0.258381
vn 0.933207 0.022435 -0.358638
vn 0.987445 0.022190 -0.156396
vn 0.987445 0.022190 -0.156396
usemtl mail
f 1886 1887 1889
f 1886 1889 1888
f 1888 1889 1891
f 1888 1891 1890
f 1890 1891 1893
f 1890 1893 1892
f 1892 1893 1895
f 1892 1895 1894
f 1894 1895 1897
f 1894 1897 1896
f 1896 1897 1899
f 1896 1899 1898
f 1898 1899 1901
f 1898 1901 1900
f 1900 1901 1903
f 1900 1903 1902
f 1902 1903 1905
f 1902 1905 1904
f 1904 1905 1907
f 1904 1907 1906
f 1906 1907 1909
f 1906 1909 1908
f 1908 1909 1911
f 1908 1911 1910
f 1910 1911 1913
f 1910 1913 1912
f 1912 1913 1915
f 1912 1915 1914
f 1914 1915 1917
f 1914 1917 1916
f 1916 1917 1919
f 1916 1919 1918
f 1918 1919 1921
f 1918 1921 1920
f 1920 1921 1923
f 1920 1923 1922
f 1922 1923 1925
f 1922 1925 1924
f 1924 1925 1927
f 1924 1927 1926
o gauntlet_R
v 2.060000 1.180000 0.000000
v 2.032592 1.180000 0.173050
v 1.953050 1.180000 0.329160
v 1.829160 1.180000 0.453050
v 1.673050 1.180000 0.532592
v 1.500000 1.180000 0.560000
v 1.326950 1.180000 0.532592
v 1.170840 1.180000 0.453050
v 1.046950 1.180000 0.329160
v 0.967408 1.180000 0.173050
v 0.940000 1.180000 0.000000
v 0.967408 1.180000 -0.173050
v 1.046950 1.180000 -0.329160
v 1.170840 1.180000 -0.453050
v 1.326950 1.180000 -0.532592
v 1.500000 1.180000 -0.560000
v 1.673050 1.180000 -0.532592
v 1.829160 1.180000 -0.453050
v 1.953050 1.180000 -0.329160
v 2.032592 1.180000 -0.173050
v 2.060000 1.180000 -0.000000
v 2.050000 1.080000 0.000000
v 2.023081 1.080000 0.169959
v 1.944959 1.080000 0.323282
v 1.823282 1.080000 0.444959
v 1.669959 1.080000 0.523081
v 1.500000 1.080000 0.550000
v 1.330041 1.080000 0.523081
v 1.176718 1.080000 0.444959
v 1.055041 1.080000 0.323282
v 0.976919 1.080000 0.169959
v 0.950000 1.080000 0.000000
v 0.976919 1.080000 -0.169959
v 1.055041 1.080000 -0.323282
v 1.176718 1.080000 -0.444959
v 1.330041 1.080000 -0.523081
v 1.500000 1.080000 -0.550000
v 1.669959 1.080000 -0.523081
v 1.823282 1.080000 -0.444959
v 1.944959 1.080000 -0.323282
v 2.023081 1.080000 -0.169959
v 2.050000 1.080000 -0.000000
v 2.000000 1.000000 0.000000
v 1.975528 1.000000 0.154508
v 1.904508 1.000000 0.293893
v 1.793893 1.000000 0.404508
v 1.654508 1.000000 0.475528
v 1.500000 1.000000 0.500000
v 1.345492 1.000000 0.475528
v 1.206107 1.000000 0.404508
v 1.095492 1.000000 0.293893
v 1.024472 1.000000 0.154508
v 1.000000 1.000000 0.000000
v 1.024472 1.000000 -0.154508
v 1.095492 1.000000 -0.293893
v 1.206107 1.000000 -0.404508
v 1.345492 1.000000 -0.475528
v 1.500000 1.000000 -0.500000
v 1.654508 1.000000 -0.475528
v 1.793893 1.000000 -0.404508
v 1.904508 1.000000 -0.293893
v 1.975528 1.000000 -0.154508
v 2.000000 1.000000 -0.000000
v 1.920000 0.950000 0.000000
v 1.899444 0.950000 0.129787
v 1.839787 0.950000 0.246870
v 1.746870 0.950000 0.339787
v 1.629787 0.950000 0.399444
v 1.500000 0.950000 0.420000
v 1.370213 0.950000 0.399444
v 1.253130 0.950000 0.339787
v 1.160213 0.950000 0.246870
v 1.100556 0.950000 0.129787
v 1.080000 0.950000 0.000000
v 1.100556 0.950000 -0.129787
v 1.160213 0.950000 -0.246870
v 1.253130 0.950000 -0.339787
v 1.370213 0.950000 -0.399444
v 1.500000 0.950000 -0.420000
v 1.629787 0.950000 -0.399444
v 1.746870 0.950000 -0.339787
v 1.839787 0.950000 -0.246870
v 1.899444 0.950000 -0.129787
v 1.920000 0.950000 -0.000000
v 1.800000 0.920000 0.000000
v 1.785317 0.920000 0.092705
v 1.742705 0.920000 0.176336
v 1.676336 0.920000 0.242705
v 1.592705 0.920000 0.285317
v 1.500000 0.920000 0.300000
v 1.407295 0.920000 0.285317
v 1.323664 0.920000 0.242705
v 1.257295 0.920000 0.176336
v 1.214683 0.920000 0.092705
v 1.200000 0.920000 0.000000
v 1.214683 0.920000 -0.092705
v 1.257295 0.920000 -0.176336
v 1.323664 0.920000 -0.242705
v 1.407295 0.920000 -0.285317
v 1.500000 0.920000 -0.300000
v 1.592705 0.920000 -0.285317
v 1.676336 0.920000 -0.242705
v 1.742705 0.920000 -0.176336
v 1.785317 0.920000 -0.092705
v 1.800000 0.920000 -0.000000
v 1.680000 0.905000 0.000000
v 1.671190 0.905000 0.055623
v 1.645623 0.905000 0.105801
v 1.605801 0.905000 0.145623
v 1.555623 0.905000 0.171190
v 1.500000 0.905000 0.180000
v 1.444377 0.905000 0.171190
v 1.394199 0.905000 0.145623
v 1.354377 0.905000 0.105801
v 1.328810 0.905000 0.055623
v 1.320000 0.905000 0.000000
v 1.328810 0.905000 -0.055623
v 1.354377 0.905000 -0.105801
v 1.394199 0.905000 -0.145623
v 1.444377 0.905000 -0.171190
v 1.500000 0.905000 -0.180000
v 1.555623 0.905000 -0.171190
v 1.605801 0.905000 -0.145623
v 1.645623 0.905000 -0.105801
v 1.671190 0.905000 -0.055623
v 1.680000 0.905000 -0.000000
v 1.508000 0.900000 0.000000
v 1.507608 0.900000 0.002472
v 1.506472 0.900000 0.004702
v 1.504702 0.900000 0.006472
v 1.502472 0.900000 0.007608
v 1.500000 0.900000 0.008000
v 1.497528 0.900000 0.007608
v 1.495298 0.900000 0.006472
v 1.493528 0.900000 0.004702
v 1.492392 0.900000 0.002472
v 1.492000 0.900000 0.000000
v 1.492392 0.900000 -0.002472
v 1.493528 0.900000 -0.004702
v 1.495298 0.900000 -0.006472
v 1.497528 0.900000 -0.007608
v 1.500000 0.900000 -0.008000
v 1.502472 0.900000 -0.007608
v 1.504702 0.900000 -0.006472
v 1.506472 0.900000 -0.004702
v 1.507608 0.900000 -0.002472
v 1.508000 0.900000 -0.000000
vn 0.982906 -0.098291 0.155677
vn 0.961245 -0.099367 0.257167
vn 0.834729 -0.099367 0.541621
vn 0.626504 -0.099367 0.773058
vn 0.356953 -0.099367 0.928822
vn 0.052460 -0.099367 0.993667
vn -0.257167 -0.099367 0.961245
vn -0.541621 -0.099367 0.834729
vn -0.773058 -0.099367 0.626504
vn -0.928822 -0.099367 0.356953
vn -0.993667 -0.099367 0.052460
vn -0.961245 -0.099367 -0.257167
vn -0.834729 -0.099367 -0.541621
vn -0.626504 -0.099367 -0.773058
vn -0.356953 -0.099367 -0.928822
vn -0.052460 -0.099367 -0.993667
vn 0.257167 -0.099367 -0.961245
vn 0.541621 -0.099367 -0.834729
vn 0.773058 -0.099367 -0.626504
vn 0.928822 -0.099367 -0.356953
vn 0.982906 -0.098291 -0.155677
vn 0.957276 -0.246243 0.151618
vn 0.898674 -0.323589 0.296100
vn 0.763190 -0.323589 0.559314
vn 0.552999 -0.323589 0.767778
vn 0.288677 -0.323589 0.901086
vn -0.003903 -0.323589 0.946190
vn -0.296100 -0.323589 0.898674
vn -0.559314 -0.323589 0.763190
vn -0.767778 -0.323589 0.552999
vn -0.901086 -0.323589 0.288677
vn -0.946190 -0.323589 -0.003903
vn -0.898674 -0.323589 -0.296100
vn -0.763190 -0.323589 -0.559314
vn -0.552999 -0.323589 -0.767778
vn -0.288677 -0.323589 -0.901086
vn 0.003903 -0.323589 -0.946190
vn 0.296100 -0.323589 -0.898674
vn 0.559314 -0.323589 -0.763190
vn 0.767778 -0.323589 -0.552999
vn 0.901086 -0.323589 -0.288677
vn 0.908682 -0.391899 -0.143921
vn 0.753473 -0.646558 0.119338
vn 0.669422 -0.707524 0.226460
vn 0.566678 -0.707524 0.422239
vn 0.408464 -0.707524 0.576686
vn 0.210267 -0.707524 0.674684
vn -0.008513 -0.707524 0.706638
vn -0.226460 -0.707524 0.669422
vn -0.422239 -0.707524 0.566678
vn -0.576686 -0.707524 0.408464
vn -0.674684 -0.707524 0.210267
vn -0.706638 -0.707524 -0.008513
vn -0.669422 -0.707524 -0.226460
vn -0.566678 -0.707524 -0.422239
vn -0.408464 -0.707524 -0.576686
vn -0.210267 -0.707524 -0.674684
vn 0.008513 -0.707524 -0.706638
vn 0.226460 -0.707524 -0.669422
vn 0.422239 -0.707524 -0.566678
vn 0.576686 -0.707524 -0.408464
vn 0.674684 -0.707524 -0.210267
vn 0.646948 -0.755618 -0.102467
vn 0.437731 -0.896429 0.069330
vn 0.369357 -0.920422 0.128059
vn 0.311707 -0.920422 0.235929
vn 0.223545 -0.920422 0.320705
vn 0.113501 -0.920422 0.374088
vn -0.007654 -0.920422 0.390852
vn -0.128059 -0.920422 0.369357
vn -0.235929 -0.920422 0.311707
vn -0.320705 -0.920422 0.223545
vn -0.374088 -0.920422 0.113501
vn -0.390852 -0.920422 -0.007654
vn -0.369357 -0.920422 -0.128059
vn -0.311707 -0.920422 -0.235929
vn -0.223545 -0.920422 -0.320705
vn -0.113501 -0.920422 -0.374088
vn 0.007654 -0.920422 -0.390852
vn 0.128059 -0.920422 -0.369357
vn 0.235929 -0.920422 -0.311707
vn 0.320705 -0.920422 -0.223545
vn 0.374088 -0.920422 -0.113501
vn 0.341402 -0.938361 -0.054073
vn 0.203244 -0.978599 0.032191
vn 0.173648 -0.982996 0.059714
vn 0.146697 -0.982996 0.110452
vn 0.105385 -0.982996 0.150378
vn 0.053758 -0.982996 0.175583
vn -0.003131 -0.982996 0.183602
vn -0.059714 -0.982996 0.173648
vn -0.110452 -0.982996 0.146697
vn -0.150378 -0.982996 0.105385
vn -0.175583 -0.982996 0.053758
vn -0.183602 -0.982996 -0.003131
vn -0.173648 -0.982996 -0.059714
vn -0.146697 -0.982996 -0.110452
vn -0.105385 -0.982996 -0.150378
vn -0.053758 -0.982996 -0.175583
vn 0.003131 -0.982996 -0.183602
vn 0.059714 -0.982996 -0.173648
vn 0.110452 -0.982996 -0.146697
vn 0.150378 -0.982996 -0.105385
vn 0.175583 -0.982996 -0.053758
vn 0.163730 -0.986164 -0.025932
vn 0.092455 -0.995609 0.014643
vn 0.072103 -0.997057 0.026066
vn 0.060519 -0.997057 0.047071
vn 0.043011 -0.997057 0.063469
vn 0.021293 -0.997057 0.073654
vn -0.002510 -0.997057 0.076629
vn -0.026066 -0.997057 0.072103
vn -0.047071 -0.997057 0.060519
vn -0.063469 -0.997057 0.043011
vn -0.073654 -0.997057 0.021293
vn -0.076629 -0.997057 -0.002510
vn -0.072103 -0.997057 -0.026066
vn -0.060519 -0.997057 -0.047071
vn -0.043011 -0.997057 -0.063469
vn -0.021293 -0.997057 -0.073654
vn 0.002510 -0.997057 -0.076629
vn 0.026066 -0.997057 -0.072103
vn 0.047071 -0.997057 -0.060519
vn 0.063469 -0.997057 -0.043011
vn 0.073654 -0.997057 -0.021293
vn 0.060771 -0.998105 -0.009625
vn 0.029057 -0.999567 0.004602
vn 0.027161 -0.999577 0.010438
vn 0.022606 -0.999577 0.018321
vn 0.015838 -0.999577 0.024410
vn 0.007520 -0.999577 0.028109
vn -0.001534 -0.999577 0.029057
vn -0.010438 -0.999577 0.027161
vn -0.018321 -0.999577 0.022606
vn -0.024410 -0.999577 0.015838
vn -0.028109 -0.999577 0.007520
vn -0.029057 -0.999577 -0.001534
vn -0.027161 -0.999577 -0.010438
vn -0.022606 -0.999577 -0.018321
vn -0.015838 -0.999577 -0.024410
vn -0.007520 -0.999577 -0.028109
vn 0.001534 -0.999577 -0.029057
vn 0.010438 -0.999577 -0.027161
vn 0.018321 -0.999577 -0.022606
vn 0.024410 -0.999577 -0.015838
vn 0.028109 -0.999577 -0.007520
vn 0.029057 -0.999567 -0.004602
usemtl steel
f 1929 1950 1949
f 1929 1949 1928
f 1930 1951 1950
f 1930 1950 1929
f 1931 1952 1951
f 1931 1951 1930
f 1932 1953 1952
f 1932 1952 1931
f 1933 1954 1953
f 1933 1953 1932
f 1934 1955 1954
f 1934 1954 1933
f 1935 1956 1955
f 1935 1955 1934
f 1936 1957 1956
f 1936 1956 1935
f 1937 1958 1957
f 1937 1957 1936
f 1938 1959 1958
f 1938 1958 1937
f 1939 1960 1959
f 1939 1959 1938
f 1940 1961 1960
f 1940 1960 1939
f 1941 1962 1961
f 1941 1961 1940
f 1942 1963 1962
f 1942 1962 1941
f 1943 1964 1963
f 1943 1963 1942
f 1944 1965 1964
f 1944 1964 1943
f 1945 1966 1965
f 1945 1965 1944
f 1946 1967 1966
f 1946 1966 1945
f 1947 1968 1967
f 1947 1967 1946
f 1948 1969 1968
f 1948 1968 1947
f 1950 1971 1970
f 1950 1970 1949
f 1951 1972 1971
f 1951 1971 1950
f 1952 1973 1972
f 1952 1972 1951
f 1953 1974 1973
f 1953 1973 1952
f 1954 1975 1974
f 1954 1974 1953
f 1955 1976 1975
f 1955 1975 1954
f 1956 1977 1976
f 1956 1976 1955
f 1957 1978 1977
f 1957 1977 1956
f 1958 1979 1978
f 1958 1978 1957
f 1959 1980 1979
f 1959 1979 1958
f 1960 1981 1980
f 1960 1980 1959
f 1961 1982 1981
f 1961 1981 1960
f 1962 1983 1982
f 1962 1982 1961
f 1963 1984 1983
f 1963 1983 1962
f 1964 1985 1984
f 1964 1984 1963
f 1965 1986 1985
f 1965 1985 1964
f 1966 1987 1986
f 1966 1986 1965
f 1967 1988 1987
f 1967 1987 1966
f 1968 1989 1988
f 1968 1988 1967
f 1969 1990 1989
f 1969 1989 1968
f 1971 1992 1991
f 1971 1991 1970
f 1972 1993 1992
f 1972 1992 1971
f 1973 1994 1993
f 1973 1993 1972
f 1974 1995 1994
f 1974 1994 1973
f 1975 1996 1995
f 1975 1995 1974
f 1976 1997 1996
f 1976 1996 1975
f 1977 1998 1997
f 1977 1997 1976
f 1978 1999 1998
f 1978 1998 1977
f 1979 2000 1999
f 1979 1999 1978
f 1980 2001 2000
f 1980 2000 1979
f 1981 2002 2001
f 1981 2001 1980
f 1982 2003 2002
f 1982 2002 1981
f 1983 2004 2003
f 1983 2003 1982
f 1984 2005 2004
f 1984 2004 1983
f 1985 2006 2005
f 1985 2005 1984
f 1986 2007 2006
f 1986 2006 1985
f 1987 2008 2007
f 1987 2007 1986
f 1988 2009 2008
f 1988 2008 1987
f 1989 2010 2009
f 1989 2009 1988
f 1990 2011 2010
f 1990 2010 1989
f 1992 2013 2012
f 1992 2012 1991
f 1993 2014 2013
f 1993 2013 1992
f 1994 2015 2014
f 1994 2014 1993
f 1995 2016 2015
f 1995 2015 1994
f 1996 2017 2016
f 1996 2016 1995
f 1997 2018 2017
f 1997 2017 1996
f 1998 2019 2018
f 1998 2018 1997
f 1999 2020 2019
f 1999 2019 1998
f 2000 2021 2020
f 2000 2020 1999
f 2001 2022 2021
f 2001 2021 2000
f 2002 2023 2022
f 2002 2022 2001
f 2003 2024 2023
f 2003 2023 2002
f 2004 2025 2024
f 2004 2024 2003
f 2005 2026 2025
f 2005 2025 2004
f 2006 2027 2026
f 2006 2026 2005
f 2007 2028 2027
f 2007 2027 2006
f 2008 2029 2028
f 2008 2028 2007
f 2009 2030 2029
f 2009 2029 2008
f 2010 2031 2030
f 2010 2030 2009
f 2011 2032 2031
f 2011 2031 2010
f 2013 2034 2033
f 2013 2033 2012
f 2014 2035 2034
f 2014 2034 2013
f 2015 2036 2035
f 2015 2035 2014
f 2016 2037 2036
f 2016 2036 2015
f 2017 2038 2037
f 2017 2037 2016
f 2018 2039 2038
f 2018 2038 2017
f 2019 2040 2039
f 2019 2039 2018
f 2020 2041 2040
f 2020 2040 2019
f 2021 2042 2041
f 2021 2041 2020
f 2022 2043 2042
f 2022 2042 2021
f 2023 2044 2043
f 2023 2043 2022
f 2024 2045 2044
f 2024 2044 2023
f 2025 2046 2045
f 2025 2045 2024
f 2026 2047 2046
f 2026 2046 2025
f 2027 2048 2047
f 2027 2047 2026
f 2028 2049 2048
f 2028 2048 2027
f 2029 2050 2049
f 2029 2049 2028
f 2030 2051 2050
f 2030 2050 2029
f 2031 2052 2051
f 2031 2051 2030
f 2032 2053 2052
f 2032 2052 2031
f 2034 2055 2054
f 2034 2054 2033
f 2035 2056 2055
f 2035 2055 2034
f 2036 2057 2056
f 2036 2056 2035
f 2037 2058 2057
f 2037 2057 2036
f 2038 2059 2058
f 2038 2058 2037
f 2039 2060 2059
f 2039 2059 2038
f 2040 2061 2060
f 2040 2060 2039
f 2041 2062 2061
f 2041 2061 2040
f 2042 2063 2062
f 2042 2062 2041
f 2043 2064 2063
f 2043 2063 2042
f 2044 2065 2064
f 2044 2064 2043
f 2045 2066 2065
f 2045 2065 2044
f 2046 2067 2066
f 2046 2066 2045
f 2047 2068 2067
f 2047 2067 2046
f 2048 2069 2068
f 2048 2068 2047
f 2049 2070 2069
f 2049 2069 2048
f 2050 2071 2070
f 2050 2070 2049
f 2051 2072 2071
f 2051 2071 2050
f 2052 2073 2072
f 2052 2072 2051
f 2053 2074 2073
f 2053 2073 2052
o greave_R
v 1.060000 0.050000 0.000000
v 1.000000 0.950000 0.000000
v 1.032592 0.050000 0.173050
v 0.975528 0.950000 0.154508
v 0.953050 0.050000 0.329160
v 0.904508 0.950000 0.293893
v 0.829160 0.050000 0.453050
v 0.793893 0.950000 0.404508
v 0.673050 0.050000 0.532592
v 0.654508 0.950000 0.475528
v 0.500000 0.050000 0.560000
v 0.500000 0.950000 0.500000
v 0.326950 0.050000 0.532592
v 0.345492 0.950000 0.475528
v 0.170840 0.050000 0.453050
v 0.206107 0.950000 0.404508
v 0.046950 0.050000 0.329160
v 0.095492 0.950000 0.293893
v -0.032592 0.050000 0.173050
v 0.024472 0.950000 0.154508
v -0.060000 0.050000 0.000000
v 0.000000 0.950000 0.000000
v -0.032592 0.050000 -0.173050
v 0.024472 0.950000 -0.154508
v 0.046950 0.050000 -0.329160
v 0.095492 0.950000 -0.293893
v 0.170840 0.050000 -0.453050
v 0.206107 0.950000 -0.404508
v 0.326950 0.050000 -0.532592
v 0.345492 0.950000 -0.475528
v 0.500000 0.050000 -0.560000
v 0.500000 0.950000 -0.500000
v 0.673050 0.050000 -0.532592
v 0.654508 0.950000 -0.475528
v 0.829160 0.050000 -0.453050
v 0.793893 0.950000 -0.404508
v 0.953050 0.050000 -0.329160
v 0.904508 0.950000 -0.293893
v 1.032592 0.050000 -0.173050
v 0.975528 0.950000 -0.154508
v 1.060000 0.050000 -0.000000
v 1.000000 0.950000 -0.000000
vn 0.985554 0.065704 0.156096
vn 0.985554 0.065704 0.156096
vn 0.931380 0.066427 0.357936
vn 0.963892 0.066427 0.257875
vn 0.775187 0.066427 0.628230
vn 0.837028 0.066427 0.543113
vn 0.543113 0.066427 0.837028
vn 0.628230 0.066427 0.775187
vn 0.257875 0.066427 0.963892
vn 0.357936 0.066427 0.931380
vn -0.052605 0.066427 0.996404
vn 0.052605 0.066427 0.996404
vn -0.357936 0.066427 0.931380
vn -0.257875 0.066427 0.963892
vn -0.628230 0.066427 0.775187
vn -0.543113 0.066427 0.837028
vn -0.837028 0.066427 0.543113
vn -0.775187 0.066427 0.628230
vn -0.963892 0.066427 0.257875
vn -0.931380 0.066427 0.357936
vn -0.996404 0.066427 -0.052605
vn -0.996404 0.066427 0.052605
vn -0.931380 0.066427 -0.357936
vn -0.963892 0.066427 -0.257875
vn -0.775187 0.066427 -0.628230
vn -0.837028 0.066427 -0.543113
vn -0.543113 0.066427 -0.837028
vn -0.628230 0.066427 -0.775187
vn -0.257875 0.066427 -0.963892
vn -0.357936 0.066427 -0.931380
vn 0.052605 0.066427 -0.996404
vn -0.052605 0.066427 -0.996404
vn 0.357936 0.066427 -0.931380
vn 0.257875 0.066427 -0.963892
vn 0.628230 0.066427 -0.775187
vn 0.543113 0.066427 -0.837028
vn 0.837028 0.066427 -0.543113
vn 0.775187 0.066427 -0.628230
vn 0.963892 0.066427 -0.257875
vn 0.931380 0.066427 -0.357936
vn 0.985554 0.065704 -0.156096
vn 0.985554 0.065704 -0.156096
usemtl steel
f 2075 2076 2078
f 2075 2078 2077
f 2077 2078 2080
f 2077 2080 2079
f 2079 2080 2082
f 2079 2082 2081
f 2081 2082 2084
f 2081 2084 2083
f 2083 2084 2086
f 2083 2086 2085
f 2085 2086 2088
f 2085 2088 2087
f 2087 2088 2090
f 2087 2090 2089
f 2089 2090 2092
f 2089 2092 2091
f 2091 2092 2094
f 2091 2094 2093
f 2093 2094 2096
f 2093 2096 2095
f 2095 2096 2098
f 2095 2098 2097
f 2097 2098 2100
f 2097 2100 2099
f 2099 2100 2102
f 2099 2102 2101
f 2101 2102 2104
f 2101 2104 2103
f 2103 2104 2106
f 2103 2106 2105
f 2105 2106 2108
f 2105 2108 2107
f 2107 2108 2110
f 2107 2110 2109
f 2109 2110 2112
f 2109 2112 2111
f 2111 2112 2114
f 2111 2114 2113
f 2113 2114 2116
f 2113 2116 2115
o sabaton_R
v 0.675500 0.160000 -0.200000
v 0.675500 0.160000 0.400000
v 0.662141 0.103172 -0.200000
v 0.662141 0.103172 0.400000
v 0.624097 0.054995 -0.200000
v 0.624097 0.054995 0.400000
v 0.567161 0.022804 -0.200000
v 0.567161 0.022804 0.400000
v 0.500000 0.011500 -0.200000
v 0.500000 0.011500 0.400000
v 0.432839 0.022804 -0.200000
v 0.432839 0.022804 0.400000
v 0.375903 0.054995 -0.200000
v 0.375903 0.054995 0.400000
v 0.337859 0.103172 -0.200000
v 0.337859 0.103172 0.400000
v 0.324500 0.160000 -0.200000
v 0.324500 0.160000 0.400000
v 0.337859 0.216828 -0.200000
v 0.337859 0.216828 0.400000
v 0.375903 0.265005 -0.200000
v 0.375903 0.265005 0.400000
v 0.432839 0.297196 -0.200000
v 0.432839 0.297196 0.400000
v 0.500000 0.308500 -0.200000
v 0.500000 0.308500 0.400000
v 0.567161 0.297196 -0.200000
v 0.567161 0.297196 0.400000
v 0.624097 0.265005 -0.200000
v 0.624097 0.265005 0.400000
v 0.662141 0.216828 -0.200000
v 0.662141 0.216828 0.400000
v 0.675500 0.160000 -0.200000
v 0.675500 0.160000 0.400000
v 0.500000 0.160000 -0.200000
v 0.500000 0.160000 0.400000
vn 0.870693 -0.204681 -0.447214
vn 0.688343 -0.161814 0.707107
vn 0.715773 -0.413270 -0.562918
vn 0.768872 -0.303249 0.562918
vn 0.496375 -0.662363 -0.561148
vn 0.578483 -0.592005 0.561148
vn 0.230705 -0.795806 -0.559882
vn 0.322018 -0.763437 0.559882
vn -0.046429 -0.827554 -0.559463
vn 0.046429 -0.827554 0.559463
vn -0.322018 -0.763437 -0.559882
vn -0.230705 -0.795806 0.559882
vn -0.578483 -0.592005 -0.561148
vn -0.496375 -0.662363 0.561148
vn -0.768872 -0.303249 -0.562918
vn -0.715773 -0.413270 0.562918
vn -0.823346 0.064517 -0.563860
vn -0.823346 -0.064517 0.563860
vn -0.715773 0.413270 -0.562918
vn -0.768872 0.303249 0.562918
vn -0.496375 0.662363 -0.561148
vn -0.578483 0.592005 0.561148
vn -0.230705 0.795806 -0.559882
vn -0.322018 0.763437 0.559882
vn 0.046429 0.827554 -0.559463
vn -0.046429 0.827554 0.559463
vn 0.322018 0.763437 -0.559882
vn 0.230705 0.795806 0.559882
vn 0.578483 0.592005 -0.561148
vn 0.496375 0.662363 0.561148
vn 0.768872 0.303249 -0.562918
vn 0.715773 0.413270 0.562918
vn 0.688343 0.161814 -0.707107
vn 0.870693 0.204681 0.447214
vn 0.000000 -0.000000 -1.000000
vn -0.000000 0.000000 1.000000
usemtl steel
f 2117 2118 2120
f 2117 2120 2119
f 2119 2120 2122
f 2119 2122 2121
f 2121 2122 2124
f 2121 2124 2123
f 2123 2124 2126
f 2123 2126 2125
f 2125 2126 2128
f 2125 2128 2127
f 2127 2128 2130
f 2127 2130 2129
f 2129 2130 2132
f 2129 2132 2131
f 2131 2132 2134
f 2131 2134 2133
f 2133 2134 2136
f 2133 2136 2135
f 2135 2136 2138
f 2135 2138 2137
f 2137 2138 2140
f 2137 2140 2139
f 2139 2140 2142
f 2139 2142 2141
f 2141 2142 2144
f 2141 2144 2143
f 2143 2144 2146
f 2143 2146 2145
f 2145 2146 2148
f 2145 2148 2147
f 2147 2148 2150
f 2147 2150 2149
f 2151 2117 2119
f 2151 2119 2121
f 2151 2121 2123
f 2151 2123 2125
f 2151 2125 2127
f 2151 2127 2129
f 2151 2129 2131
f 2151 2131 2133
f 2151 2133 2135
f 2151 2135 2137
f 2151 2137 2139
f 2151 2139 2141
f 2151 2141 2143
f 2151 2143 2145
f 2151 2145 2147
f 2151 2147 2149
f 2152 2120 2118
f 2152 2122 2120
f 2152 2124 2122
f 2152 2126 2124
f 2152 2128 2126
f 2152 2130 2128
f 2152 2132 2130
f 2152 2134 2132
f 2152 2136 2134
f 2152 2138 2136
f 2152 2140 2138
f 2152 2142 2140
f 2152 2144 2142
f 2152 2146 2144
f 2152 2148 2146
f 2152 2150 2148
o mailsleeve_L
v -0.880000 1.120000 0.000000
v -0.920000 2.900000 0.000000
v -0.910345 1.120000 0.191591
v -0.948387 2.900000 0.179230
v -0.998409 1.120000 0.364427
v -1.030770 2.900000 0.340915
v -1.135573 1.120000 0.501591
v -1.159085 2.900000 0.469230
v -1.308409 1.120000 0.589655
v -1.320770 2.900000 0.551613
v -1.500000 1.120000 0.620000
v -1.500000 2.900000 0.580000
v -1.691591 1.120000 0.589655
v -1.679230 2.900000 0.551613
v -1.864427 1.120000 0.501591
v -1.840915 2.900000 0.469230
v -2.001591 1.120000 0.364427
v -1.969230 2.900000 0.340915
v -2.089655 1.120000 0.191591
v -2.051613 2.900000 0.179230
v -2.120000 1.120000 0.000000
v -2.080000 2.900000 0.000000
v -2.089655 1.120000 -0.191591
v -2.051613 2.900000 -0.179230
v -2.001591 1.120000 -0.364427
v -1.969230 2.900000 -0.340915
v -1.864427 1.120000 -0.501591
v -1.840915 2.900000 -0.469230
v -1.691591 1.120000 -0.589655
v -1.679230 2.900000 -0.551613
v -1.500000 1.120000 -0.620000
v -1.500000 2.900000 -0.580000
v -1.308409 1.120000 -0.589655
v -1.320770 2.900000 -0.551613
v -1.135573 1.120000 -0.501591
v -1.159085 2.900000 -0.469230
v -0.998409 1.120000 -0.364427
v -1.030770 2.900000 -0.340915
v -0.910345 1.120000 -0.191591
v -0.948387 2.900000 -0.179230
v -0.880000 1.120000 -0.000000
v -0.920000 2.900000 -0.000000
vn 0.987445 0.022190 0.156396
vn 0.987445 0.022190 0.156396
vn 0.933207 0.022435 0.358638
vn 0.965783 0.022435 0.258381
vn 0.776707 0.022435 0.629462
vn 0.838670 0.022435 0.544178
vn 0.544178 0.022435 0.838670
vn 0.629462 0.022435 0.776707
vn 0.258381 0.022435 0.965783
vn 0.358638 0.022435 0.933207
vn -0.052708 0.022435 0.998358
vn 0.052708 0.022435 0.998358
vn -0.358638 0.022435 0.933207
vn -0.258381 0.022435 0.965783
vn -0.629462 0.022435 0.776707
vn -0.544178 0.022435 0.838670
vn -0.838670 0.022435 0.544178
vn -0.776707 0.022435 0.629462
vn -0.965783 0.022435 0.258381
vn -0.933207 0.022435 0.358638
vn -0.998358 0.022435 -0.052708
vn -0.998358 0.022435 0.052708
vn -0.933207 0.022435 -0.358638
vn -0.965783 0.022435 -0.258381
vn -0.776707 0.022435 -0.629462
vn -0.838670 0.022435 -0.544178
vn -0.544178 0.022435 -0.838670
vn -0.629462 0.022435 -0.776707
vn -0.258381 0.022435 -0.965783
vn -0.358638 0.022435 -0.933207
vn 0.052708 0.022435 -0.998358
vn -0.052708 0.022435 -0.998358
vn 0.358638 0.022435 -0.933207
vn 0.258381 0.022435 -0.965783
vn 0.629462 0.022435 -0.776707
vn 0.544178 0.022435 -0.838670
vn 0.838670 0.022435 -0.544178
vn 0.776707 0.022435 -0.629462
vn 0.965783 0.022435 -0.258381
vn 0.933207 0.022435 -0.358638
vn 0.987445 0.022190 -0.156396
vn 0.987445 0.022190 -0.156396
usemtl mail
f 2153 2154 2156
f 2153 2156 2155
f 2155 2156 2158
f 2155 2158 2157
f 2157 2158 2160
f 2157 2160 2159
f 2159 2160 2162
f 2159 2162 2161
f 2161 2162 2164
f 2161 2164 2163
f 2163 2164 2166
f 2163 2166 2165
f 2165 2166 2168
f 2165 2168 2167
f 2167 2168 2170
f 2167 2170 2169
f 2169 2170 2172
f 2169 2172 2171
f 2171 2172 2174
f 2171 2174 2173
f 2173 2174 2176
f 2173 2176 2175
f 2175 2176 2178
f 2175 2178 2177
f 2177 2178 2180
f 2177 2180 2179
f 2179 2180 2182
f 2179 2182 2181
f 2181 2182 2184
f 2181 2184 2183
f 2183 2184 2186
f 2183 2186 2185
f 2185 2186 2188
f 2185 2188 2187
f 2187 2188 2190
f 2187 2190 2189
f 2189 2190 2192
f 2189 2192 2191
f 2191 2192 2194
f 2191 2194 2193
o gauntlet_L
v -0.940000 1.180000 0.000000
v -0.967408 1.180000 0.173050
v -1.046950 1.180000 0.329160
v -1.170840 1.180000 0.453050
v -1.326950 1.180000 0.532592
v -1.500000 1.180000 0.560000
v -1.673050 1.180000 0.532592
v -1.829160 1.180000 0.453050
v -1.953050 1.180000 0.329160
v -2.032592 1.180000 0.173050
v -2.060000 1.180000 0.000000
v -2.032592 1.180000 -0.173050
v -1.953050 1.180000 -0.329160
v -1.829160 1.180000 -0.453050
v -1.673050 1.180000 -0.532592
v -1.500000 1.180000 -0.560000
v -1.326950 1.180000 -0.532592
v -1.170840 1.180000 -0.453050
v -1.046950 1.180000 -0.329160
v -0.967408 1.180000 -0.173050
v -0.940000 1.180000 -0.000000
v -0.950000 1.080000 0.000000
v -0.976919 1.080000 0.169959
v -1.055041 1.080000 0.323282
v -1.176718 1.080000 0.444959
v -1.330041 1.080000 0.523081
v -1.500000 1.080000 0.550000
v -1.669959 1.080000 0.523081
v -1.823282 1.080000 0.444959
v -1.944959 1.080000 0.323282
v -2.023081 1.080000 0.169959
v -2.050000 1.080000 0.000000
v -2.023081 1.080000 -0.169959
v -1.944959 1.080000 -0.323282
v -1.823282 1.080000 -0.444959
v -1.669959 1.080000 -0.523081
v -1.500000 1.080000 -0.550000
v -1.330041 1.080000 -0.523081
v -1.176718 1.080000 -0.444959
v -1.055041 1.080000 -0.323282
v -0.976919 1.080000 -0.169959
v -0.950000 1.080000 -0.000000
v -1.000000 1.000000 0.000000
v -1.024472 1.000000 0.154508
v -1.095492 1.000000 0.293893
v -1.206107 1.000000 0.404508
v -1.345492 1.000000 0.475528
v -1.500000 1.000000 0.500000
v -1.654508 1.000000 0.475528
v -1.793893 1.000000 0.404508
v -1.904508 1.000000 0.293893
v -1.975528 1.000000 0.154508
v -2.000000 1.000000 0.000000
v -1.975528 1.000000 -0.154508
v -1.904508 1.000000 -0.293893
v -1.793893 1.000000 -0.404508
v -1.654508 1.000000 -0.475528
v -1.500000 1.000000 -0.500000
v -1.345492 1.000000 -0.475528
v -1.206107 1.000000 -0.404508
v -1.095492 1.000000 -0.293893
v -1.024472 1.000000 -0.154508
v -1.000000 1.000000 -0.000000
v -1.080000 0.950000 0.000000
v -1.100556 0.950000 0.129787
v -1.160213 0.950000 0.246870
v -1.253130 0.950000 0.339787
v -1.370213 0.950000 0.399444
v -1.500000 0.950000 0.420000
v -1.629787 0.950000 0.399444
v -1.746870 0.950000 0.339787
v -1.839787 0.950000 0.246870
v -1.899444 0.950000 0.129787
v -1.920000 0.950000 0.000000
v -1.899444 0.950000 -0.129787
v -1.839787 0.950000 -0.246870
v -1.746870 0.950000 -0.339787
v -1.629787 0.950000 -0.399444
v -1.500000 0.950000 -0.420000
v -1.370213 0.950000 -0.399444
v -1.253130 0.950000 -0.339787
v -1.160213 0.950000 -0.246870
v -1.100556 0.950000 -0.129787
v -1.080000 0.950000 -0.000000
v -1.200000 0.920000 0.000000
v -1.214683 0.920000 0.092705
v -1.257295 0.920000 0.176336
v -1.323664 0.920000 0.242705
v -1.407295 0.920000 0.285317
v -1.500000 0.920000 0.300000
v -1.592705 0.920000 0.285317
v -1.676336 0.920000 0.242705
v -1.742705 0.920000 0.176336
v -1.785317 0.920000 0.092705
v -1.800000 0.920000 0.000000
v -1.785317 0.920000 -0.092705
v -1.742705 0.920000 -0.176336
v -1.676336 0.920000 -0.242705
v -1.592705 0.920000 -0.285317
v -1.500000 0.920000 -0.300000
v -1.407295 0.920000 -0.285317
v -1.323664 0.920000 -0.242705
v -1.257295 0.920000 -0.176336
v -1.214683 0.920000 -0.092705
v -1.200000 0.920000 -0.000000
v -1.320000 0.905000 0.000000
v -1.328810 0.905000 0.055623
v -1.354377 0.905000 0.105801
v -1.394199 0.905000 0.145623
v -1.444377 0.905000 0.171190
v -1.500000 0.905000 0.180000
v -1.555623 0.905000 0.171190
v -1.605801 0.905000 0.145623
v -1.645623 0.905000 0.105801
v -1.671190 0.905000 0.055623
v -1.680000 0.905000 0.000000
v -1.671190 0.905000 -0.055623
v -1.645623 0.905000 -0.105801
v -1.605801 0.905000 -0.145623
v -1.555623 0.905000 -0.171190
v -1.500000 0.905000 -0.180000
v -1.444377 0.905000 -0.171190
v -1.394199 0.905000 -0.145623
v -1.354377 0.905000 -0.105801
v -1.328810 0.905000 -0.055623
v -1.320000 0.905000 -0.000000
v -1.492000 0.900000 0.000000
v -1.492392 0.900000 0.002472
v -1.493528 0.900000 0.004702
v -1.495298 0.900000 0.006472
v -1.497528 0.900000 0.007608
v -1.500000 0.900000 0.008000
v -1.502472 0.900000 0.007608
v -1.504702 0.900000 0.006472
v -1.506472 0.900000 0.004702
v -1.507608 0.900000 0.002472
v -1.508000 0.900000 0.000000
v -1.507608 0.900000 -0.002472
v -1.506472 0.900000 -0.004702
v -1.504702 0.900000 -0.006472
v -1.502472 0.900000 -0.007608
v -1.500000 0.900000 -0.008000
v -1.497528 0.900000 -0.007608
v -1.495298 0.900000 -0.006472
v -1.493528 0.900000 -0.004702
v -1.492392 0.900000 -0.002472
v -1.492000 0.900000 -0.000000
vn 0.982906 -0.098291 0.155677
vn 0.961245 -0.099367 0.257167
vn 0.834729 -0.099367 0.541621
vn 0.626504 -0.099367 0.773058
vn 0.356953 -0.099367 0.928822
vn 0.052460 -0.099367 0.993667
vn -0.257167 -0.099367 0.961245
vn -0.541621 -0.099367 0.834729
vn -0.773058 -0.099367 0.626504
vn -0.928822 -0.099367 0.356953
vn -0.993667 -0.099367 0.052460
vn -0.961245 -0.099367 -0.257167
vn -0.834729 -0.099367 -0.541621
vn -0.626504 -0.099367 -0.773058
vn -0.356953 -0.099367 -0.928822
vn -0.052460 -0.099367 -0.993667
vn 0.257167 -0.099367 -0.961245
vn 0.541621 -0.099367 -0.834729
vn 0.773058 -0.099367 -0.626504
vn 0.928822 -0.099367 -0.356953
vn 0.982906 -0.098291 -0.155677
vn 0.957276 -0.246243 0.151618
vn 0.898674 -0.323589 0.296100
vn 0.763190 -0.323589 0.559314
vn 0.552999 -0.323589 0.767778
vn 0.288677 -0.323589 0.901086
vn -0.003903 -0.323589 0.946190
vn -0.296100 -0.323589 0.898674
vn -0.559314 -0.323589 0.763190
vn -0.767778 -0.323589 0.552999
vn -0.901086 -0.323589 0.288677
vn -0.946190 -0.323589 -0.003903
vn -0.898674 -0.323589 -0.296100
vn -0.763190 -0.323589 -0.559314
vn -0.552999 -0.323589 -0.767778
vn -0.288677 -0.323589 -0.901086
vn 0.003903 -0.323589 -0.946190
vn 0.296100 -0.323589 -0.898674
vn 0.559314 -0.323589 -0.763190
vn 0.767778 -0.323589 -0.552999
vn 0.901086 -0.323589 -0.288677
vn 0.908682 -0.391899 -0.143921
vn 0.753473 -0.646558 0.119338
vn 0.669422 -0.707524 0.226460
vn 0.566678 -0.707524 0.422239
vn 0.408464 -0.707524 0.576686
vn 0.210267 -0.707524 0.674684
vn -0.008513 -0.707524 0.706638
vn -0.226460 -0.707524 0.669422
vn -0.422239 -0.707524 0.566678
vn -0.576686 -0.707524 0.408464
vn -0.674684 -0.707524 0.210267
vn -0.706638 -0.707524 -0.008513
vn -0.669422 -0.707524 -0.226460
vn -0.566678 -0.707524 -0.422239
vn -0.408464 -0.707524 -0.576686
vn -0.210267 -0.707524 -0.674684
vn 0.008513 -0.707524 -0.706638
vn 0.226460 -0.707524 -0.669422
vn 0.422239 -0.707524 -0.566678
vn 0.576686 -0.707524 -0.408464
vn 0.674684 -0.707524 -0.210267
vn 0.646948 -0.755618 -0.102467
vn 0.437731 -0.896429 0.069330
vn 0.369357 -0.920422 0.128059
vn 0.311707 -0.920422 0.235929
vn 0.223545 -0.920422 0.320705
vn 0.113501 -0.920422 0.374088
vn -0.007654 -0.920422 0.390852
vn -0.128059 -0.920422 0.369357
vn -0.235929 -0.920422 0.311707
vn -0.320705 -0.920422 0.223545
vn -0.374088 -0.920422 0.113501
vn -0.390852 -0.920422 -0.007654
vn -0.369357 -0.920422 -0.128059
vn -0.311707 -0.920422 -0.235929
vn -0.223545 -0.920422 -0.320705
vn -0.113501 -0.920422 -0.374088
vn 0.007654 -0.920422 -0.390852
vn 0.128059 -0.920422 -0.369357
vn 0.235929 -0.920422 -0.311707
vn 0.320705 -0.920422 -0.223545
vn 0.374088 -0.920422 -0.113501
vn 0.341402 -0.938361 -0.054073
vn 0.203244 -0.978599 0.032191
vn 0.173648 -0.982996 0.059714
vn 0.146697 -0.982996 0.110452
vn 0.105385 -0.982996 0.150378
vn 0.053758 -0.982996 0.175583
vn -0.003131 -0.982996 0.183602
vn -0.059714 -0.982996 0.173648
vn -0.110452 -0.982996 0.146697
vn -0.150378 -0.982996 0.105385
vn -0.175583 -0.982996 0.053758
vn -0.183602 -0.982996 -0.003131
vn -0.173648 -0.982996 -0.059714
vn -0.146697 -0.982996 -0.110452
vn -0.105385 -0.982996 -0.150378
vn -0.053758 -0.982996 -0.175583
vn 0.003131 -0.982996 -0.183602
vn 0.059714 -0.982996 -0.173648
vn 0.110452 -0.982996 -0.146697
vn 0.150378 -0.982996 -0.105385
vn 0.175583 -0.982996 -0.053758
vn 0.163730 -0.986164 -0.025932
vn 0.092455 -0.995609 0.014643
vn 0.072103 -0.997057 0.026066
vn 0.060519 -0.997057 0.047071
vn 0.043011 -0.997057 0.063469
vn 0.021293 -0.997057 0.073654
vn -0.002510 -0.997057 0.076629
vn -0.026066 -0.997057 0.072103
vn -0.047071 -0.997057 0.060519
vn -0.063469 -0.997057 0.043011
vn -0.073654 -0.997057 0.021293
vn -0.076629 -0.997057 -0.002510
vn -0.072103 -0.997057 -0.026066
vn -0.060519 -0.997057 -0.047071
vn -0.043011 -0.997057 -0.063469
vn -0.021293 -0.997057 -0.073654
vn 0.002510 -0.997057 -0.076629
vn 0.026066 -0.997057 -0.072103
vn 0.047071 -0.997057 -0.060519
vn 0.063469 -0.997057 -0.043011
vn 0.073654 -0.997057 -0.021293
vn 0.060771 -0.998105 -0.009625
vn 0.029057 -0.999567 0.004602
vn 0.027161 -0.999577 0.010438
vn 0.022606 -0.999577 0.018321
vn 0.015838 -0.999577 0.024410
vn 0.007520 -0.999577 0.028109
vn -0.001534 -0.999577 0.029057
vn -0.010438 -0.999577 0.027161
vn -0.018321 -0.999577 0.022606
vn -0.024410 -0.999577 0.015838
vn -0.028109 -0.999577 0.007520
vn -0.029057 -0.999577 -0.001534
vn -0.027161 -0.999577 -0.010438
vn -0.022606 -0.999577 -0.018321
vn -0.015838 -0.999577 -0.024410
vn -0.007520 -0.999577 -0.028109
vn 0.001534 -0.999577 -0.029057
vn 0.010438 -0.999577 -0.027161
vn 0.018321 -0.999577 -0.022606
vn 0.024410 -0.999577 -0.015838
vn 0.028109 -0.999577 -0.007520
vn 0.029057 -0.999567 -0.004602
usemtl steel
f 2196 2217 2216
f 2196 2216 2195
f 2197 2218 2217
f 2197 2217 2196
f 2198 2219 2218
f 2198 2218 2197
f 2199 2220 2219
f 2199 2219 2198
f 2200 2221 2220
f 2200 2220 2199
f 2201 2222 2221
f 2201 2221 2200
f 2202 2223 2222
f 2202 2222 2201
f 2203 2224 2223
f 2203 2223 2202
f 2204 2225 2224
f 2204 2224 2203
f 2205 2226 2225
f 2205 2225 2204
f 2206 2227 2226
f 2206 2226 2205
f 2207 2228 2227
f 2207 2227 2206
f 2208 2229 2228
f 2208 2228 2207
f 2209 2230 2229
f 2209 2229 2208
f 2210 2231 2230
f 2210 2230 2209
f 2211 2232 2231
f 2211 2231 2210
f 2212 2233 2232
f 2212 2232 2211
f 2213 2234 2233
f 2213 2233 2212
f 2214 2235 2234
f 2214 2234 2213
f 2215 2236 2235
f 2215 2235 2214
f 2217 2238 2237
f 2217 2237 2216
f 2218 2239 2238
f 2218 2238 2217
f 2219 2240 2239
f 2219 2239 2218
f 2220 2241 2240
f 2220 2240 2219
f 2221 2242 2241
f 2221 2241 2220
f 2222 2243 2242
f 2222 2242 2221
f 2223 2244 2243
f 2223 2243 2222
f 2224 2245 2244
f 2224 2244 2223
f 2225 2246 2245
f 2225 2245 2224
f 2226 2247 2246
f 2226 2246 2225
f 2227 2248 2247
f 2227 2247 2226
f 2228 2249 2248
f 2228 2248 2227
f 2229 2250 2249
f 2229 2249 2228
f 2230 2251 2250
f 2230 2250 2229
f 2231 2252 2251
f 2231 2251 2230
f 2232 2253 2252
f 2232 2252 2231
f 2233 2254 2253
f 2233 2253 2232
f 2234 2255 2254
f 2234 2254 2233
f 2235 2256 2255
f 2235 2255 2234
f 2236 2257 2256
f 2236 2256 2235
f 2238 2259 2258
f 2238 2258 2237
f 2239 2260 2259
f 2239 2259 2238
f 2240 2261 2260
f 2240 2260 2239
f 2241 2262 2261
f 2241 2261 2240
f 2242 2263 2262
f 2242 2262 2241
f 2243 2264 2263
f 2243 2263 2242
f 2244 2265 2264
f 2244 2264 2243
f 2245 2266 2265
f 2245 2265 2244
f 2246 2267 2266
f 2246 2266 2245
f 2247 2268 2267
f 2247 2267 2246
f 2248 2269 2268
f 2248 2268 2247
f 2249 2270 2269
f 2249 2269 2248
f 2250 2271 2270
f 2250 2270 2249
f 2251 2272 2271
f 2251 2271 2250
f 2252 2273 2272
f 2252 2272 2251
f 2253 2274 2273
f 2253 2273 2252
f 2254 2275 2274
f 2254 2274 2253
f 2255 2276 2275
f 2255 2275 2254
f 2256 2277 2276
f 2256 2276 2255
f 2257 2278 2277
f 2257 2277 2256
f 2259 2280 2279
f 2259 2279 2258
f 2260 2281 2280
f 2260 2280 2259
f 2261 2282 2281
f 2261 2281 2260
f 2262 2283 2282
f 2262 2282 2261
f 2263 2284 2283
f 2263 2283 2262
f 2264 2285 2284
f 2264 2284 2263
f 2265 2286 2285
f 2265 2285 2264
f 2266 2287 2286
f 2266 2286 2265
f 2267 2288 2287
f 2267 2287 2266
f 2268 2289 2288
f 2268 2288 2267
f 2269 2290 2289
f 2269 2289 2268
f 2270 2291 2290
f 2270 2290 2269
f 2271 2292 2291
f 2271 2291 2270
f 2272 2293 2292
f 2272 2292 2271
f 2273 2294 2293
f 2273 2293 2272
f 2274 2295 2294
f 2274 2294 2273
f 2275 2296 2295
f 2275 2295 2274
f 2276 2297 2296
f 2276 2296 2275
f 2277 2298 2297
f 2277 2297 2276
f 2278 2299 2298
f 2278 2298 2277
f 2280 2301 2300
f 2280 2300 2279
f 2281 2302 2301
f 2281 2301 2280
f 2282 2303 2302
f 2282 2302 2281
f 2283 2304 2303
f 2283 2303 2282
f 2284 2305 2304
f 2284 2304 2283
f 2285 2306 2305
f 2285 2305 2284
f 2286 2307 2306
f 2286 2306 2285
f 2287 2308 2307
f 2287 2307 2286
f 2288 2309 2308
f 2288 2308 2287
f 2289 2310 2309
f 2289 2309 2288
f 2290 2311 2310
f 2290 2310 2289
f 2291 2312 2311
f 2291 2311 2290
f 2292 2313 2312
f 2292 2312 2291
f 2293 2314 2313
f 2293 2313 2292
f 2294 2315 2314
f 2294 2314 2293
f 2295 2316 2315
f 2295 2315 2294
f 2296 2317 2316
f 2296 2316 2295
f 2297 2318 2317
f 2297 2317 2296
f 2298 2319 2318
f 2298 2318 2297
f 2299 2320 2319
f 2299 2319 2298
f 2301 2322 2321
f 2301 2321 2300
f 2302 2323 2322
f 2302 2322 2301
f 2303 2324 2323
f 2303 2323 2302
f 2304 2325 2324
f 2304 2324 2303
f 2305 2326 2325
f 2305 2325 2304
f 2306 2327 2326
f 2306 2326 2305
f 2307 2328 2327
f 2307 2327 2306
f 2308 2329 2328
f 2308 2328 2307
f 2309 2330 2329
f 2309 2329 2308
f 2310 2331 2330
f 2310 2330 2309
f 2311 2332 2331
f 2311 2331 2310
f 2312 2333 2332
f 2312 2332 2311
f 2313 2334 2333
f 2313 2333 2312
f 2314 2335 2334
f 2314 2334 2313
f 2315 2336 2335
f 2315 2335 2314
f 2316 2337 2336
f 2316 2336 2315
f 2317 2338 2337
f 2317 2337 2316
f 2318 2339 2338
f 2318 2338 2317
f 2319 2340 2339
f 2319 2339 2318
f 2320 2341 2340
f 2320 2340 2319
o greave_L
v 0.060000 0.050000 0.000000
v 0.000000 0.950000 0.000000
v 0.032592 0.050000 0.173050
v -0.024472 0.950000 0.154508
v -0.046950 0.050000 0.329160
v -0.095492 0.950000 0.293893
v -0.170840 0.050000 0.453050
v -0.206107 0.950000 0.404508
v -0.326950 0.050000 0.532592
v -0.345492 0.950000 0.475528
v -0.500000 0.050000 0.560000
v -0.500000 0.950000 0.500000
v -0.673050 0.050000 0.532592
v -0.654508 0.950000 0.475528
v -0.829160 0.050000 0.453050
v -0.793893 0.950000 0.404508
v -0.953050 0.050000 0.329160
v -0.904508 0.950000 0.293893
v -1.032592 0.050000 0.173050
v -0.975528 0.950000 0.154508
v -1.060000 0.050000 0.000000
v -1.000000 0.950000 0.000000
v -1.032592 0.050000 -0.173050
v -0.975528 0.950000 -0.154508
v -0.953050 0.050000 -0.329160
v -0.904508 0.950000 -0.293893
v -0.829160 0.050000 -0.453050
v -0.793893 0.950000 -0.404508
v -0.673050 0.050000 -0.532592
v -0.654508 0.950000 -0.475528
v -0.500000 0.050000 -0.560000
v -0.500000 0.950000 -0.500000
v -0.326950 0.050000 -0.532592
v -0.345492 0.950000 -0.475528
v -0.170840 0.050000 -0.453050
v -0.206107 0.950000 -0.404508
v -0.046950 0.050000 -0.329160
v -0.095492 0.950000 -0.293893
v 0.032592 0.050000 -0.173050
v -0.024472 0.950000 -0.154508
v 0.060000 0.050000 -0.000000
v 0.000000 0.950000 -0.000000
vn 0.985554 0.065704 0.156096
vn 0.985554 0.065704 0.156096
vn 0.931380 0.066427 0.357936
vn 0.963892 0.066427 0.257875
vn 0.775187 0.066427 0.628230
vn 0.837028 0.066427 0.543113
vn 0.543113 0.066427 0.837028
vn 0.628230 0.066427 0.775187
vn 0.257875 0.066427 0.963892
vn 0.357936 0.066427 0.931380
vn -0.052605 0.066427 0.996404
vn 0.052605 0.066427 0.996404
vn -0.357936 0.066427 0.931380
vn -0.257875 0.066427 0.963892
vn -0.628230 0.066427 0.775187
vn -0.543113 0.066427 0.837028
vn -0.837028 0.066427 0.543113
vn -0.775187 0.066427 0.628230
vn -0.963892 0.066427 0.257875
vn -0.931380 0.066427 0.357936
vn -0.996404 0.066427 -0.052605
vn -0.996404 0.066427 0.052605
vn -0.931380 0.066427 -0.357936
vn -0.963892 0.066427 -0.257875
vn -0.775187 0.066427 -0.628230
vn -0.837028 0.066427 -0.543113
vn -0.543113 0.066427 -0.837028
vn -0.628230 0.066427 -0.775187
vn -0.257875 0.066427 -0.963892
vn -0.357936 0.066427 -0.931380
vn 0.052605 0.066427 -0.996404
vn -0.052605 0.066427 -0.996404
vn 0.357936 0.066427 -0.931380
vn 0.257875 0.066427 -0.963892
vn 0.628230 0.066427 -0.775187
vn 0.543113 0.066427 -0.837028
vn 0.837028 0.066427 -0.543113
vn 0.775187 0.066427 -0.628230
vn 0.963892 0.066427 -0.257875
vn 0.931380 0.066427 -0.357936
vn 0.985554 0.065704 -0.156096
vn 0.985554 0.065704 -0.156096
usemtl steel
f 2342 2343 2345
f 2342 2345 2344
f 2344 2345 2347
f 2344 2347 2346
f 2346 2347 2349
f 2346 2349 2348
f 2348 2349 2351
f 2348 2351 2350
f 2350 2351 2353
f 2350 2353 2352
f 2352 2353 2355
f 2352 2355 2354
f 2354 2355 2357
f 2354 2357 2356
f 2356 2357 2359
f 2356 2359 2358
f 2358 2359 2361
f 2358 2361 2360
f 2360 2361 2363
f 2360 2363 2362
f 2362 2363 2365
f 2362 2365 2364
f 2364 2365 2367
f 2364 2367 2366
f 2366 2367 2369
f 2366 2369 2368
f 2368 2369 2371
f 2368 2371 2370
f 2370 2371 2373
f 2370 2373 2372
f 2372 2373 2375
f 2372 2375 2374
f 2374 2375 2377
f 2374 2377 2376
f 2376 2377 2379
f 2376 2379 2378
f 2378 2379 2381
f 2378 2381 2380
f 2380 2381 2383
f 2380 2383 2382
o sabaton_L
v -0.324500 0.160000 -0.200000
v -0.324500 0.160000 0.400000
v -0.337859 0.103172 -0.200000
v -0.337859 0.103172 0.400000
v -0.375903 0.054995 -0.200000
v -0.375903 0.054995 0.400000
v -0.432839 0.022804 -0.200000
v -0.432839 0.022804 0.400000
v -0.500000 0.011500 -0.200000
v -0.500000 0.011500 0.400000
v -0.567161 0.022804 -0.200000
v -0.567161 0.022804 0.400000
v -0.624097 0.054995 -0.200000
v -0.624097 0.054995 0.400000
v -0.662141 0.103172 -0.200000
v -0.662141 0.103172 0.400000
v -0.675500 0.160000 -0.200000
v -0.675500 0.160000 0.400000
v -0.662141 0.216828 -0.200000
v -0.662141 0.216828 0.400000
v -0.624097 0.265005 -0.200000
v -0.624097 0.265005 0.400000
v -0.567161 0.297196 -0.200000
v -0.567161 0.297196 0.400000
v -0.500000 0.308500 -0.200000
v -0.500000 0.308500 0.400000
v -0.432839 0.297196 -0.200000
v -0.432839 0.297196 0.400000
v -0.375903 0.265005 -0.200000
v -0.375903 0.265005 0.400000
v -0.337859 0.216828 -0.200000
v -0.337859 0.216828 0.400000
v -0.324500 0.160000 -0.200000
v -0.324500 0.160000 0.400000
v -0.500000 0.160000 -0.200000
v -0.500000 0.160000 0.400000
vn 0.870693 -0.204681 -0.447214
vn 0.688343 -0.161814 0.707107
vn 0.715773 -0.413270 -0.562918
vn 0.768872 -0.303249 0.562918
vn 0.496375 -0.662363 -0.561148
vn 0.578483 -0.592005 0.561148
vn 0.230705 -0.795806 -0.559882
vn 0.322018 -0.763437 0.559882
vn -0.046429 -0.827554 -0.559463
vn 0.046429 -0.827554 0.559463
vn -0.322018 -0.763437 -0.559882
vn -0.230705 -0.795806 0.559882
vn -0.578483 -0.592005 -0.561148
vn -0.496375 -0.662363 0.561148
vn -0.768872 -0.303249 -0.562918
vn -0.715773 -0.413270 0.562918
vn -0.823346 0.064517 -0.563860
vn -0.823346 -0.064517 0.563860
vn -0.715773 0.413270 -0.562918
vn -0.768872 0.303249 0.562918
vn -0.496375 0.662363 -0.561148
vn -0.578483 0.592005 0.561148
vn -0.230705 0.795806 -0.559882
vn -0.322018 0.763437 0.559882
vn 0.046429 0.827554 -0.559463
vn -0.046429 0.827554 0.559463
vn 0.322018 0.763437 -0.559882
vn 0.230705 0.795806 0.559882
vn 0.578483 0.592005 -0.561148
vn 0.496375 0.662363 0.561148
vn 0.768872 0.303249 -0.562918
vn 0.715773 0.413270 0.562918
vn 0.688343 0.161814 -0.707107
vn 0.870693 0.204681 0.447214
vn 0.000000 -0.000000 -1.000000
vn -0.000000 0.000000 1.000000
usemtl steel
f 2384 2385 2387
f 2384 2387 2386
f 2386 2387 2389
f 2386 2389 2388
f 2388 2389 2391
f 2388 2391 2390
f 2390 2391 2393
f 2390 2393 2392
f 2392 2393 2395
f 2392 2395 2394
f 2394 2395 2397
f 2394 2397 2396
f 2396 2397 2399
f 2396 2399 2398
f 2398 2399 2401
f 2398 2401 2400
f 2400 2401 2403
f 2400 2403 2402
f 2402 2403 2405
f 2402 2405 2404
f 2404 2405 2407
f 2404 2407 2406
f 2406 2407 2409
f 2406 2409 2408
f 2408 2409 2411
f 2408 2411 2410
f 2410 2411 2413
f 2410 2413 2412
f 2412 2413 2415
f 2412 2415 2414
f 2414 2415 2417
f 2414 2417 2416
f 2418 2384 2386
f 2418 2386 2388
f 2418 2388 2390
f 2418 2390 2392
f 2418 2392 2394
f 2418 2394 2396
f 2418 2396 2398
f 2418 2398 2400
f 2418 2400 2402
f 2418 2402 2404
f 2418 2404 2406
f 2418 2406 2408
f 2418 2408 2410
f 2418 2410 2412
f 2418 2412 2414
f 2418 2414 2416
f 2419 2387 2385
f 2419 2389 2387
f 2419 2391 2389
f 2419 2393 2391
f 2419 2395 2393
f 2419 2397 2395
f 2419 2399 2397
f 2419 2401 2399
f 2419 2403 2401
f 2419 2405 2403
f 2419 2407 2405
f 2419 2409 2407
f 2419 2411 2409
f 2419 2413 2411
f 2419 2415 2413
f 2419 2417 2415
